curs,any,nom_estudis,nom_ensenyament,nivell,alumnes,alumnes_dones,alumnes_homes,unitats,n_centres
2015/2016,2015,ART DRAMÀTIC SUPERIOR,ADRL -  INTERPRETACIÓ,NA,286,183,103,0,2
2015/2016,2015,ART DRAMÀTIC SUPERIOR,ADRL - DIRECCIÓ D'ESCENA I DRAMATÚRGIA,NA,84,39,45,0,2
2015/2016,2015,ART DRAMÀTIC SUPERIOR,ADRL - ESCENOGRAFIA,NA,33,24,9,0,1
2015/2016,2015,ARTS PLÀSTIQUES I DISSENY,CFAM - ARTESANIA EN CUIR,1,13,9,4,1,1
2015/2016,2015,ARTS PLÀSTIQUES I DISSENY,CFAM - ARTESANIA EN CUIR,2,6,4,2,1,1
2015/2016,2015,ARTS PLÀSTIQUES I DISSENY,CFAM - ARTFINAL DE DISSENY GRÀFIC,P,1,1,0,0,1
2015/2016,2015,ARTS PLÀSTIQUES I DISSENY,CFAM - ASSISTÈNCIA AL PRODUCTE GRÀFIC IMPRÈS,1,263,118,145,11,11
2015/2016,2015,ARTS PLÀSTIQUES I DISSENY,CFAM - ASSISTÈNCIA AL PRODUCTE GRÀFIC IMPRÈS,2,204,109,95,11,11
2015/2016,2015,ARTS PLÀSTIQUES I DISSENY,CFAM - ASSISTÈNCIA AL PRODUCTE GRÀFIC IMPRÈS,P,1,0,1,0,1
2015/2016,2015,ARTS PLÀSTIQUES I DISSENY,CFAM - ASSISTÈNCIA AL PRODUCTE GRÀFIC INTERACTIU,1,226,93,133,6,9
2015/2016,2015,ARTS PLÀSTIQUES I DISSENY,CFAM - ASSISTÈNCIA AL PRODUCTE GRÀFIC INTERACTIU,2,154,51,103,6,9
2015/2016,2015,ARTS PLÀSTIQUES I DISSENY,CFAM - DECORACIÓ CERÀMICA,1,19,17,2,2,2
2015/2016,2015,ARTS PLÀSTIQUES I DISSENY,CFAM - DECORACIÓ CERÀMICA,2,32,28,4,6,2
2015/2016,2015,ARTS PLÀSTIQUES I DISSENY,CFAM - EBENISTERIA ARTÍSTICA,1,12,4,8,2,2
2015/2016,2015,ARTS PLÀSTIQUES I DISSENY,CFAM - EBENISTERIA ARTÍSTICA,2,24,1,23,1,2
2015/2016,2015,ARTS PLÀSTIQUES I DISSENY,CFAM - EBENISTERIA ARTÍSTICA,P,3,1,2,0,1
2015/2016,2015,ARTS PLÀSTIQUES I DISSENY,CFAM - ESMALTATGE SOBRE METALLS,1,5,5,0,1,1
2015/2016,2015,ARTS PLÀSTIQUES I DISSENY,CFAM - ESMALTATGE SOBRE METALLS,2,5,3,2,1,1
2015/2016,2015,ARTS PLÀSTIQUES I DISSENY,CFAM - FLORISTERIA,1,6,4,2,0,1
2015/2016,2015,ARTS PLÀSTIQUES I DISSENY,CFAM - FORJA ARTÍSTICA,1,18,5,13,10,2
2015/2016,2015,ARTS PLÀSTIQUES I DISSENY,CFAM - FORJA ARTÍSTICA,2,18,3,15,11,3
2015/2016,2015,ARTS PLÀSTIQUES I DISSENY,CFAM - FOSA ARTÍSTICA I GALVANOPLÀSTIA,1,13,5,8,5,2
2015/2016,2015,ARTS PLÀSTIQUES I DISSENY,CFAM - FOSA ARTÍSTICA I GALVANOPLÀSTIA,2,12,5,7,10,2
2015/2016,2015,ARTS PLÀSTIQUES I DISSENY,CFAM - PROCEDIMENTS DE JOIERIA ARTÍSTICA,1,11,8,3,1,1
2015/2016,2015,ARTS PLÀSTIQUES I DISSENY,CFAM - PROCEDIMENTS DE JOIERIA ARTÍSTICA,2,17,10,7,1,1
2015/2016,2015,ARTS PLÀSTIQUES I DISSENY,CFAM - REVESTIMENTS MURALS,1,13,5,8,1,1
2015/2016,2015,ARTS PLÀSTIQUES I DISSENY,CFAM - REVESTIMENTS MURALS,2,16,13,3,1,1
2015/2016,2015,ARTS PLÀSTIQUES I DISSENY,CFAM - SERIGRAFIA ARTÍSTICA,1,16,12,4,1,1
2015/2016,2015,ARTS PLÀSTIQUES I DISSENY,CFAM - SERIGRAFIA ARTÍSTICA,P,6,5,1,0,1
2015/2016,2015,ARTS PLÀSTIQUES I DISSENY,CFAM - TALLA ARTÍSTICA EN FUSTA,1,13,7,6,5,1
2015/2016,2015,ARTS PLÀSTIQUES I DISSENY,CFAM - TALLA ARTÍSTICA EN FUSTA,2,17,2,15,5,1
2015/2016,2015,ARTS PLÀSTIQUES I DISSENY,CFAM - TERRISSERIA,2,2,1,1,5,1
2015/2016,2015,ARTS PLÀSTIQUES I DISSENY,CFAS - ANIMACIÓ,1,100,40,60,8,5
2015/2016,2015,ARTS PLÀSTIQUES I DISSENY,CFAS - ANIMACIÓ,2,71,27,44,8,4
2015/2016,2015,ARTS PLÀSTIQUES I DISSENY,CFAS - ANIMACIÓ,P,2,1,1,0,1
2015/2016,2015,ARTS PLÀSTIQUES I DISSENY,CFAS - APARADORISME,1,5,5,0,5,2
2015/2016,2015,ARTS PLÀSTIQUES I DISSENY,CFAS - APARADORISME,2,13,9,4,10,2
2015/2016,2015,ARTS PLÀSTIQUES I DISSENY,CFAS - ARQUITECTURA EFÍMERA,1,29,25,4,3,3
2015/2016,2015,ARTS PLÀSTIQUES I DISSENY,CFAS - ARQUITECTURA EFÍMERA,2,44,30,14,7,4
2015/2016,2015,ARTS PLÀSTIQUES I DISSENY,CFAS - ARQUITECTURA EFÍMERA,P,9,7,2,0,1
2015/2016,2015,ARTS PLÀSTIQUES I DISSENY,CFAS - ART FLORAL,1,5,5,0,0,1
2015/2016,2015,ARTS PLÀSTIQUES I DISSENY,CFAS - ART TÈXTIL,1,26,22,4,2,2
2015/2016,2015,ARTS PLÀSTIQUES I DISSENY,CFAS - ART TÈXTIL,2,18,15,3,2,2
2015/2016,2015,ARTS PLÀSTIQUES I DISSENY,CFAS - ART TÈXTIL,P,11,8,3,0,1
2015/2016,2015,ARTS PLÀSTIQUES I DISSENY,CFAS - ARTS APLICADES AL MUR,1,66,46,20,13,5
2015/2016,2015,ARTS PLÀSTIQUES I DISSENY,CFAS - ARTS APLICADES AL MUR,2,96,58,38,13,5
2015/2016,2015,ARTS PLÀSTIQUES I DISSENY,CFAS - ARTS APLICADES AL MUR,P,19,12,7,0,1
2015/2016,2015,ARTS PLÀSTIQUES I DISSENY,CFAS - ARTS APLICADES DE L'ESCULTURA,1,55,32,23,20,6
2015/2016,2015,ARTS PLÀSTIQUES I DISSENY,CFAS - ARTS APLICADES DE L'ESCULTURA,2,85,46,39,25,6
2015/2016,2015,ARTS PLÀSTIQUES I DISSENY,CFAS - ARTS APLICADES DE L'ESCULTURA,P,13,5,8,0,1
2015/2016,2015,ARTS PLÀSTIQUES I DISSENY,CFAS - CERÀMICA ARTÍSTICA,1,33,26,7,17,5
2015/2016,2015,ARTS PLÀSTIQUES I DISSENY,CFAS - CERÀMICA ARTÍSTICA,2,28,23,5,17,5
2015/2016,2015,ARTS PLÀSTIQUES I DISSENY,CFAS - CÒMIC,1,35,11,24,2,2
2015/2016,2015,ARTS PLÀSTIQUES I DISSENY,CFAS - CÒMIC,2,17,4,13,2,2
2015/2016,2015,ARTS PLÀSTIQUES I DISSENY,CFAS - ELEMENTS DE JARDÍ,1,5,3,2,0,2
2015/2016,2015,ARTS PLÀSTIQUES I DISSENY,CFAS - ELEMENTS DE JARDÍ,2,3,2,1,0,1
2015/2016,2015,ARTS PLÀSTIQUES I DISSENY,CFAS - ENQUADERNACIÓ ARTÍSTICA,1,2,2,0,5,1
2015/2016,2015,ARTS PLÀSTIQUES I DISSENY,CFAS - ENQUADERNACIÓ ARTÍSTICA,2,9,8,1,5,1
2015/2016,2015,ARTS PLÀSTIQUES I DISSENY,CFAS - ESMALT ARTÍSTIC AL FOC SOBRE METALLS,1,4,4,0,6,2
2015/2016,2015,ARTS PLÀSTIQUES I DISSENY,CFAS - ESMALT ARTÍSTIC AL FOC SOBRE METALLS,2,8,8,0,6,2
2015/2016,2015,ARTS PLÀSTIQUES I DISSENY,CFAS - ESTAMPACIONS I TINTATGES ARTÍSTICS,1,7,7,0,5,1
2015/2016,2015,ARTS PLÀSTIQUES I DISSENY,CFAS - ESTAMPACIONS I TINTATGES ARTÍSTICS,2,14,11,3,5,1
2015/2016,2015,ARTS PLÀSTIQUES I DISSENY,CFAS - ESTILISME D'INDUMENTÀRIA,1,42,35,7,2,2
2015/2016,2015,ARTS PLÀSTIQUES I DISSENY,CFAS - ESTILISME D'INDUMENTÀRIA,2,54,48,6,2,2
2015/2016,2015,ARTS PLÀSTIQUES I DISSENY,CFAS - ESTILISME D'INDUMENTÀRIA,P,11,9,2,0,1
2015/2016,2015,ARTS PLÀSTIQUES I DISSENY,CFAS - FOTOGRAFIA,1,95,64,31,6,5
2015/2016,2015,ARTS PLÀSTIQUES I DISSENY,CFAS - FOTOGRAFIA,2,120,81,39,6,5
2015/2016,2015,ARTS PLÀSTIQUES I DISSENY,CFAS - FOTOGRAFIA ARTÍSTICA,2,36,25,11,0,4
2015/2016,2015,ARTS PLÀSTIQUES I DISSENY,CFAS - GRAVAT I TÈCNIQUES D'ESTAMPACIÓ,1,10,5,5,5,1
2015/2016,2015,ARTS PLÀSTIQUES I DISSENY,CFAS - GRAVAT I TÈCNIQUES D'ESTAMPACIÓ,2,13,10,3,5,1
2015/2016,2015,ARTS PLÀSTIQUES I DISSENY,CFAS - GRÀFICA AUDIOVISUAL,1,46,20,26,2,3
2015/2016,2015,ARTS PLÀSTIQUES I DISSENY,CFAS - GRÀFICA AUDIOVISUAL,2,44,26,18,2,2
2015/2016,2015,ARTS PLÀSTIQUES I DISSENY,CFAS - GRÀFICA AUDIOVISUAL (INFOGRAFIA 3D),1,17,10,7,0,1
2015/2016,2015,ARTS PLÀSTIQUES I DISSENY,CFAS - GRÀFICA AUDIOVISUAL (INFOGRAFIA 3D),2,6,4,2,0,1
2015/2016,2015,ARTS PLÀSTIQUES I DISSENY,CFAS - GRÀFICA IMPRESA,1,75,39,36,8,4
2015/2016,2015,ARTS PLÀSTIQUES I DISSENY,CFAS - GRÀFICA IMPRESA,2,78,50,28,8,4
2015/2016,2015,ARTS PLÀSTIQUES I DISSENY,CFAS - GRÀFICA INTERACTIVA,1,116,46,70,11,8
2015/2016,2015,ARTS PLÀSTIQUES I DISSENY,CFAS - GRÀFICA INTERACTIVA,2,100,46,54,10,8
2015/2016,2015,ARTS PLÀSTIQUES I DISSENY,CFAS - GRÀFICA PUBLICITÀRIA,1,289,156,133,11,12
2015/2016,2015,ARTS PLÀSTIQUES I DISSENY,CFAS - GRÀFICA PUBLICITÀRIA,2,361,204,157,10,15
2015/2016,2015,ARTS PLÀSTIQUES I DISSENY,CFAS - GRÀFICA PUBLICITÀRIA,P,44,22,22,0,5
2015/2016,2015,ARTS PLÀSTIQUES I DISSENY,CFAS - ILUSTRACIÓ,1,297,190,107,16,11
2015/2016,2015,ARTS PLÀSTIQUES I DISSENY,CFAS - ILUSTRACIÓ,2,253,156,97,16,11
2015/2016,2015,ARTS PLÀSTIQUES I DISSENY,CFAS - ILUSTRACIÓ,P,12,7,5,0,3
2015/2016,2015,ARTS PLÀSTIQUES I DISSENY,CFAS - IL·LUSTRACIÓ,2,107,50,57,2,9
2015/2016,2015,ARTS PLÀSTIQUES I DISSENY,CFAS - IL·LUSTRACIÓ,P,17,9,8,0,2
2015/2016,2015,ARTS PLÀSTIQUES I DISSENY,CFAS - JOIERIA ARTÍSTICA,1,89,66,23,9,5
2015/2016,2015,ARTS PLÀSTIQUES I DISSENY,CFAS - JOIERIA ARTÍSTICA,2,107,87,20,9,5
2015/2016,2015,ARTS PLÀSTIQUES I DISSENY,CFAS - JOIERIA ARTÍSTICA,P,14,9,5,0,1
2015/2016,2015,ARTS PLÀSTIQUES I DISSENY,CFAS - MOBILIARI,1,4,2,2,1,1
2015/2016,2015,ARTS PLÀSTIQUES I DISSENY,CFAS - MOBILIARI,2,1,0,1,1,1
2015/2016,2015,ARTS PLÀSTIQUES I DISSENY,CFAS - MOBILIARI,P,4,3,1,0,1
2015/2016,2015,ARTS PLÀSTIQUES I DISSENY,CFAS - MOBLAMENT,2,6,4,2,5,1
2015/2016,2015,ARTS PLÀSTIQUES I DISSENY,CFAS - MODELISME I MAQUETISME,1,2,1,1,0,1
2015/2016,2015,ARTS PLÀSTIQUES I DISSENY,CFAS - MODELISME I MAQUETISME,2,8,1,7,5,1
2015/2016,2015,ARTS PLÀSTIQUES I DISSENY,CFAS - MODELISME INDUSTRIAL,1,42,10,32,6,2
2015/2016,2015,ARTS PLÀSTIQUES I DISSENY,CFAS - MODELISME INDUSTRIAL,2,54,13,41,6,2
2015/2016,2015,ARTS PLÀSTIQUES I DISSENY,CFAS - MODELISME INDUSTRIAL,P,23,4,19,0,1
2015/2016,2015,ARTS PLÀSTIQUES I DISSENY,CFAS - PROJECTES I DIRECCIÓ D'OBRES DE DECORACIÓ,1,210,162,48,32,11
2015/2016,2015,ARTS PLÀSTIQUES I DISSENY,CFAS - PROJECTES I DIRECCIÓ D'OBRES DE DECORACIÓ,2,206,150,56,23,13
2015/2016,2015,ARTS PLÀSTIQUES I DISSENY,CFAS - PROJECTES I DIRECCIÓ D'OBRES DE DECORACIÓ,P,47,30,17,0,4
2015/2016,2015,ARTS PLÀSTIQUES I DISSENY,CFAS - PUNTES ARTÍSTIQUES,1,4,4,0,5,1
2015/2016,2015,ARTS PLÀSTIQUES I DISSENY,CFAS - TÈCNIQUES D'ACTUACIÓ TEATRAL,1,55,35,20,0,3
2015/2016,2015,BATXILLERAT,BATXILLERAT,1,47757,25855,21902,1245,720
2015/2016,2015,BATXILLERAT,BATXILLERAT,2,41368,22409,18959,1190,712
2015/2016,2015,BATXILLERAT,BATXILLERAT,NA,1210,611,599,0,11
2015/2016,2015,BATXILLERAT,"BATXILLERAT D'ARTS. VIA D'ARTS PLÀSTIQUES, DISSENY I IMATGE",NA,168,121,47,0,1
2015/2016,2015,BATXILLERAT,BATXILLERAT D'HUMANITATS I CIÈNCIES SOCIALS,NA,1126,611,515,0,1
2015/2016,2015,BATXILLERAT,BATXILLERAT DE CIÈNCIES I TECNOLOGIA,NA,634,286,348,0,1
2015/2016,2015,BATXILLERAT,BATXILLERAT NOMÉS MATÈRIES COMUNES,NA,39,20,19,0,1
2015/2016,2015,CONSERVACIÓ I RESTAURACIÓ DE BÉNS CULTURALS,CONSERVACIÓ I RESTAURACIÓ D'ESCULTURA,NA,19,18,1,0,1
2015/2016,2015,CONSERVACIÓ I RESTAURACIÓ DE BÉNS CULTURALS,CONSERVACIÓ I RESTAURACIÓ DE BÉNS ARQUEOLÒGICS,NA,17,14,3,0,1
2015/2016,2015,CONSERVACIÓ I RESTAURACIÓ DE BÉNS CULTURALS,CONSERVACIÓ I RESTAURACIÓ DE DOCUMENT GRÀFIC,NA,13,12,1,0,1
2015/2016,2015,CONSERVACIÓ I RESTAURACIÓ DE BÉNS CULTURALS,CONSERVACIÓ I RESTAURACIÓ DE PINTURA,NA,14,13,1,0,1
2015/2016,2015,CURSOS D'ACCÉS SENSE TITULACIÓ,CURS  ESPECÍFIC PER A l'ACCÉS ALS CICLES FORMATIUS DE GRAU MITJÀ D'FP,NA,584,259,325,0,34
2015/2016,2015,DANSA,COREOGRAFIA I INTERPRETACIÓ,NA,52,43,9,0,1
2015/2016,2015,DANSA,DANSA CLÀSSICA,NA,123,105,18,0,3
2015/2016,2015,DANSA,DANSA CONTEMPORÀNIA,NA,106,85,21,0,3
2015/2016,2015,DANSA,DANSA ESPANYOLA,NA,62,52,10,0,2
2015/2016,2015,DANSA,PEDAGOGIA DE LA DANSA,NA,39,37,2,0,1
2015/2016,2015,EDUCACIÓ D'ADULTS,ADAPTACIÓ DE L'EDUCACIÓ SECUNDÀRIA OBLIGATÒRIA PER A PERSONES ADULTES,NA,15770,6991,8779,0,146
2015/2016,2015,EDUCACIÓ D'ADULTS,CICLE DE FORMACIÓ INSTRUMENTAL,NA,8043,4580,3463,0,125
2015/2016,2015,EDUCACIÓ D'ADULTS NO REGLATS,ACCÈS A CICLES FORMATIUS DE GRAU MITJÀ,NA,1416,645,771,0,75
2015/2016,2015,EDUCACIÓ D'ADULTS NO REGLATS,ACCÈS A LA UNIVERSITAT PER MAJORS 25,NA,2338,1281,1057,0,70
2015/2016,2015,EDUCACIÓ D'ADULTS NO REGLATS,ACCÈS CICLES FORMATIUS DE GRAU SUPERIOR,NA,8853,4334,4519,0,157
2015/2016,2015,EDUCACIÓ D'ADULTS NO REGLATS,INFORMÀTICA NIVELL USUARI,NA,9908,6436,3472,0,143
2015/2016,2015,EDUCACIÓ D'ADULTS NO REGLATS,LLENGUA CASTELLANA,NA,6023,3356,2667,0,111
2015/2016,2015,EDUCACIÓ D'ADULTS NO REGLATS,LLENGUA CATALANA,NA,6732,3954,2778,0,137
2015/2016,2015,EDUCACIÓ D'ADULTS NO REGLATS,LLENGUA ESTRANGERA ANGLÈS INICIAL,NA,13588,9097,4491,0,154
2015/2016,2015,EDUCACIÓ D'ADULTS NO REGLATS,LLENGUA ESTRANGERA FRANCÈS INICIAL,NA,790,485,305,0,23
2015/2016,2015,EDUCACIÓ ESPECIAL,EBO,NA,5346,1890,3456,0,98
2015/2016,2015,EDUCACIÓ ESPECIAL,EDUCACIÓ ESPECIAL - INFANTIL,NA,461,162,299,0,63
2015/2016,2015,EDUCACIÓ ESPECIAL,EE - ADMINISTRACIÓ I GESTIÓ,1,96,49,47,0,7
2015/2016,2015,EDUCACIÓ ESPECIAL,EE - AGRÀRIA,1,100,22,78,0,7
2015/2016,2015,EDUCACIÓ ESPECIAL,EE - ARTS GRÀFIQUES,1,88,34,54,0,6
2015/2016,2015,EDUCACIÓ ESPECIAL,EE - COMERÇ I MÀRQUETING,1,81,35,46,0,6
2015/2016,2015,EDUCACIÓ ESPECIAL,EE - EDIFICACIÓ I OBRA CIVIL,1,6,1,5,0,1
2015/2016,2015,EDUCACIÓ ESPECIAL,EE - ELECTRICITAT I ELECTRÒNICA,1,9,0,9,0,1
2015/2016,2015,EDUCACIÓ ESPECIAL,EE - FABRICACIÓ MECÀNICA,1,42,1,41,0,3
2015/2016,2015,EDUCACIÓ ESPECIAL,EE - FUSTA I MOBLE,1,82,8,74,0,7
2015/2016,2015,EDUCACIÓ ESPECIAL,EE - HOTELERIA I TURISME,1,185,77,108,0,10
2015/2016,2015,EDUCACIÓ ESPECIAL,EE - INSTAL·LACIÓ I MANTENIMENT,1,14,4,10,0,1
2015/2016,2015,EDUCACIÓ ESPECIAL,PROGRAMA DE FORMACIÓ PER A LA TRANSICIÓ A LA VIDA ADULTA,NA,577,231,346,0,32
2015/2016,2015,EDUCACIÓ INFANTIL,EDUCACIÓ INFANTIL: LLAR D'INFANTS,0,6736,3233,3503,1094,1199
2015/2016,2015,EDUCACIÓ INFANTIL,EDUCACIÓ INFANTIL: LLAR D'INFANTS,1,29264,13958,15306,2548,1615
2015/2016,2015,EDUCACIÓ INFANTIL,EDUCACIÓ INFANTIL: LLAR D'INFANTS,2,42998,20659,22339,2685,1629
2015/2016,2015,EDUCACIÓ INFANTIL,EDUCACIÓ INFANTIL: PARVULARI,3,73259,35850,37409,3257,2284
2015/2016,2015,EDUCACIÓ INFANTIL,EDUCACIÓ INFANTIL: PARVULARI,4,76425,37454,38971,3195,2281
2015/2016,2015,EDUCACIÓ INFANTIL,EDUCACIÓ INFANTIL: PARVULARI,5,79074,38268,40806,3490,2292
2015/2016,2015,EDUCACIÓ INFANTIL,EDUCACIÓ INFANTIL: PARVULARI,NA,2448,1251,1197,0,15
2015/2016,2015,EDUCACIÓ PRIMÀRIA,EDUCACIÓ PRIMÀRIA,1,80841,38953,41888,3401,2276
2015/2016,2015,EDUCACIÓ PRIMÀRIA,EDUCACIÓ PRIMÀRIA,2,84240,41147,43093,3621,2285
2015/2016,2015,EDUCACIÓ PRIMÀRIA,EDUCACIÓ PRIMÀRIA,3,80383,39136,41247,3514,2285
2015/2016,2015,EDUCACIÓ PRIMÀRIA,EDUCACIÓ PRIMÀRIA,4,79973,38920,41053,3498,2269
2015/2016,2015,EDUCACIÓ PRIMÀRIA,EDUCACIÓ PRIMÀRIA,5,78770,38332,40438,3355,2259
2015/2016,2015,EDUCACIÓ PRIMÀRIA,EDUCACIÓ PRIMÀRIA,6,77456,37874,39582,3593,2240
2015/2016,2015,EDUCACIÓ PRIMÀRIA,EDUCACIÓ PRIMÀRIA,NA,5449,2652,2797,0,16
2015/2016,2015,EDUCACIÓ SECUNDÀRIA OBLIGATÒRIA,EDUCACIÓ SECUNDÀRIA OBLIGATÒRIA,1,78052,37540,40512,2743,1082
2015/2016,2015,EDUCACIÓ SECUNDÀRIA OBLIGATÒRIA,EDUCACIÓ SECUNDÀRIA OBLIGATÒRIA,2,76315,36942,39373,2673,1071
2015/2016,2015,EDUCACIÓ SECUNDÀRIA OBLIGATÒRIA,EDUCACIÓ SECUNDÀRIA OBLIGATÒRIA,3,74153,36066,38087,2639,1063
2015/2016,2015,EDUCACIÓ SECUNDÀRIA OBLIGATÒRIA,EDUCACIÓ SECUNDÀRIA OBLIGATÒRIA,4,69951,34658,35293,2600,1060
2015/2016,2015,EDUCACIÓ SECUNDÀRIA OBLIGATÒRIA,EDUCACIÓ SECUNDÀRIA OBLIGATÒRIA,NA,3025,1528,1497,0,12
2015/2016,2015,ENSENYAMENTS D'IDIOMES,ALEMANY - C1,1,193,120,73,6,4
2015/2016,2015,ENSENYAMENTS D'IDIOMES,ALEMANY - NIVELL AVANÇAT,1,829,537,292,35,24
2015/2016,2015,ENSENYAMENTS D'IDIOMES,ALEMANY - NIVELL AVANÇAT,2,666,413,253,32,24
2015/2016,2015,ENSENYAMENTS D'IDIOMES,ALEMANY - NIVELL BÀSIC,1,2727,1572,1155,72,31
2015/2016,2015,ENSENYAMENTS D'IDIOMES,ALEMANY - NIVELL BÀSIC,2,1834,1128,706,59,31
2015/2016,2015,ENSENYAMENTS D'IDIOMES,ALEMANY - NIVELL INTERMEDI,1,1522,928,594,59,30
2015/2016,2015,ENSENYAMENTS D'IDIOMES,ANGLÈS,1,2557,1725,832,0,1
2015/2016,2015,ENSENYAMENTS D'IDIOMES,ANGLÈS,2,1250,838,412,0,1
2015/2016,2015,ENSENYAMENTS D'IDIOMES,ANGLÈS - C1,1,3343,2236,1107,63,42
2015/2016,2015,ENSENYAMENTS D'IDIOMES,ANGLÈS - NIVELL AVANÇAT,1,6312,4150,2162,203,46
2015/2016,2015,ENSENYAMENTS D'IDIOMES,ANGLÈS - NIVELL AVANÇAT,2,7745,5017,2728,188,46
2015/2016,2015,ENSENYAMENTS D'IDIOMES,ANGLÈS - NIVELL BÀSIC,1,2377,1543,834,80,44
2015/2016,2015,ENSENYAMENTS D'IDIOMES,ANGLÈS - NIVELL BÀSIC,2,4598,3014,1584,161,46
2015/2016,2015,ENSENYAMENTS D'IDIOMES,ANGLÈS - NIVELL INTERMEDI,1,7892,5117,2775,210,46
2015/2016,2015,ENSENYAMENTS D'IDIOMES,CATALÀ PER A NO CATALANOPARLANTS - C1,1,99,70,29,7,6
2015/2016,2015,ENSENYAMENTS D'IDIOMES,CATALÀ PER A NO CATALANOPARLANTS - C2,1,262,195,67,3,6
2015/2016,2015,ENSENYAMENTS D'IDIOMES,CATALÀ PER A NO CATALANOPARLANTS - NIVELL AVANÇAT,1,71,58,13,4,5
2015/2016,2015,ENSENYAMENTS D'IDIOMES,CATALÀ PER A NO CATALANOPARLANTS - NIVELL BÀSIC,1,138,87,51,6,5
2015/2016,2015,ENSENYAMENTS D'IDIOMES,CATALÀ PER A NO CATALANOPARLANTS - NIVELL BÀSIC,2,66,43,23,3,3
2015/2016,2015,ENSENYAMENTS D'IDIOMES,CATALÀ PER A NO CATALANOPARLANTS - NIVELL INTERMEDI,1,88,62,26,7,6
2015/2016,2015,ENSENYAMENTS D'IDIOMES,COREÀ  - NIVELL BÀSIC,1,72,56,16,0,1
2015/2016,2015,ENSENYAMENTS D'IDIOMES,COREÀ  - NIVELL BÀSIC,2,42,32,10,0,1
2015/2016,2015,ENSENYAMENTS D'IDIOMES,COREÀ  - NIVELL INTERMEDI,1,28,21,7,0,1
2015/2016,2015,ENSENYAMENTS D'IDIOMES,ESPANYOL PER A PERSONES ESTRANGERES - NIVELL AVANÇAT,1,256,194,62,1,4
2015/2016,2015,ENSENYAMENTS D'IDIOMES,ESPANYOL PER A PERSONES ESTRANGERES - NIVELL AVANÇAT,2,154,128,26,1,5
2015/2016,2015,ENSENYAMENTS D'IDIOMES,ESPANYOL PER A PERSONES ESTRANGERES - NIVELL BÀSIC,1,383,250,133,3,5
2015/2016,2015,ENSENYAMENTS D'IDIOMES,ESPANYOL PER A PERSONES ESTRANGERES - NIVELL BÀSIC,2,436,309,127,2,5
2015/2016,2015,ENSENYAMENTS D'IDIOMES,ESPANYOL PER A PERSONES ESTRANGERES - NIVELL INTERMEDI,1,446,328,118,4,5
2015/2016,2015,ENSENYAMENTS D'IDIOMES,FRANCÈS  - NIVELL BÀSIC,1,2335,1530,805,90,39
2015/2016,2015,ENSENYAMENTS D'IDIOMES,FRANCÈS  - NIVELL BÀSIC,2,2008,1357,651,86,39
2015/2016,2015,ENSENYAMENTS D'IDIOMES,FRANCÈS - C1,1,418,292,126,13,11
2015/2016,2015,ENSENYAMENTS D'IDIOMES,FRANCÈS - NIVELL AVANÇAT,1,1216,885,331,50,31
2015/2016,2015,ENSENYAMENTS D'IDIOMES,FRANCÈS - NIVELL AVANÇAT,2,1104,782,322,49,32
2015/2016,2015,ENSENYAMENTS D'IDIOMES,FRANCÈS - NIVELL INTERMEDI,1,2019,1421,598,77,38
2015/2016,2015,ENSENYAMENTS D'IDIOMES,GREC - NIVELL AVANÇAT,1,20,7,13,0,1
2015/2016,2015,ENSENYAMENTS D'IDIOMES,GREC - NIVELL AVANÇAT,2,4,2,2,0,1
2015/2016,2015,ENSENYAMENTS D'IDIOMES,GREC - NIVELL BÀSIC,1,49,28,21,2,1
2015/2016,2015,ENSENYAMENTS D'IDIOMES,GREC - NIVELL BÀSIC,2,38,20,18,1,1
2015/2016,2015,ENSENYAMENTS D'IDIOMES,GREC - NIVELL INTERMEDI,1,28,17,11,2,1
2015/2016,2015,ENSENYAMENTS D'IDIOMES,GREC - NIVELL INTERMEDI,2,23,14,9,1,1
2015/2016,2015,ENSENYAMENTS D'IDIOMES,ITALIÀ - NIVELL AVANÇAT,1,161,107,54,8,6
2015/2016,2015,ENSENYAMENTS D'IDIOMES,ITALIÀ - NIVELL AVANÇAT,2,196,132,64,8,6
2015/2016,2015,ENSENYAMENTS D'IDIOMES,ITALIÀ - NIVELL BÀSIC,1,448,299,149,19,6
2015/2016,2015,ENSENYAMENTS D'IDIOMES,ITALIÀ - NIVELL BÀSIC,2,307,219,88,15,6
2015/2016,2015,ENSENYAMENTS D'IDIOMES,ITALIÀ - NIVELL INTERMEDI,1,273,191,82,10,6
2015/2016,2015,ENSENYAMENTS D'IDIOMES,JAPONÈS - NIVELL AVANÇAT,1,21,9,12,1,1
2015/2016,2015,ENSENYAMENTS D'IDIOMES,JAPONÈS - NIVELL AVANÇAT,2,16,6,10,0,1
2015/2016,2015,ENSENYAMENTS D'IDIOMES,JAPONÈS - NIVELL BÀSIC,1,162,84,78,5,1
2015/2016,2015,ENSENYAMENTS D'IDIOMES,JAPONÈS - NIVELL BÀSIC,2,95,51,44,3,1
2015/2016,2015,ENSENYAMENTS D'IDIOMES,JAPONÈS - NIVELL INTERMEDI,1,57,31,26,2,1
2015/2016,2015,ENSENYAMENTS D'IDIOMES,JAPONÈS - NIVELL INTERMEDI,2,58,34,24,1,1
2015/2016,2015,ENSENYAMENTS D'IDIOMES,NEERLANDÈS - NIVELL AVANÇAT,1,18,13,5,1,1
2015/2016,2015,ENSENYAMENTS D'IDIOMES,NEERLANDÈS - NIVELL AVANÇAT,2,19,13,6,1,1
2015/2016,2015,ENSENYAMENTS D'IDIOMES,NEERLANDÈS - NIVELL BÀSIC,1,64,38,26,2,1
2015/2016,2015,ENSENYAMENTS D'IDIOMES,NEERLANDÈS - NIVELL BÀSIC,2,36,20,16,1,1
2015/2016,2015,ENSENYAMENTS D'IDIOMES,NEERLANDÈS - NIVELL INTERMEDI,1,33,16,17,1,1
2015/2016,2015,ENSENYAMENTS D'IDIOMES,PORTUGUÈS - NIVELL AVANÇAT,1,19,16,3,1,1
2015/2016,2015,ENSENYAMENTS D'IDIOMES,PORTUGUÈS - NIVELL AVANÇAT,2,26,15,11,1,1
2015/2016,2015,ENSENYAMENTS D'IDIOMES,PORTUGUÈS - NIVELL BÀSIC,1,53,41,12,2,1
2015/2016,2015,ENSENYAMENTS D'IDIOMES,PORTUGUÈS - NIVELL BÀSIC,2,30,19,11,1,1
2015/2016,2015,ENSENYAMENTS D'IDIOMES,PORTUGUÈS - NIVELL INTERMEDI,1,43,32,11,1,1
2015/2016,2015,ENSENYAMENTS D'IDIOMES,RUS - NIVELL AVANÇAT,1,40,20,20,3,3
2015/2016,2015,ENSENYAMENTS D'IDIOMES,RUS - NIVELL AVANÇAT,2,58,34,24,0,3
2015/2016,2015,ENSENYAMENTS D'IDIOMES,RUS - NIVELL BÀSIC,1,352,187,165,14,7
2015/2016,2015,ENSENYAMENTS D'IDIOMES,RUS - NIVELL BÀSIC,2,268,158,110,8,7
2015/2016,2015,ENSENYAMENTS D'IDIOMES,RUS - NIVELL INTERMEDI,1,95,52,43,8,3
2015/2016,2015,ENSENYAMENTS D'IDIOMES,RUS - NIVELL INTERMEDI,2,107,61,46,3,3
2015/2016,2015,ENSENYAMENTS D'IDIOMES,XINÈS - NIVELL AVANÇAT,1,11,8,3,1,1
2015/2016,2015,ENSENYAMENTS D'IDIOMES,XINÈS - NIVELL AVANÇAT,2,16,13,3,0,1
2015/2016,2015,ENSENYAMENTS D'IDIOMES,XINÈS - NIVELL BÀSIC,1,340,203,137,0,1
2015/2016,2015,ENSENYAMENTS D'IDIOMES,XINÈS - NIVELL BÀSIC,2,177,112,65,0,1
2015/2016,2015,ENSENYAMENTS D'IDIOMES,XINÈS - NIVELL INTERMEDI,1,58,38,20,4,1
2015/2016,2015,ENSENYAMENTS D'IDIOMES,XINÈS - NIVELL INTERMEDI,2,37,21,16,1,1
2015/2016,2015,ENSENYAMENTS D'IDIOMES,ÀRAB - NIVELL AVANÇAT,1,18,15,3,1,1
2015/2016,2015,ENSENYAMENTS D'IDIOMES,ÀRAB - NIVELL AVANÇAT,2,25,14,11,0,1
2015/2016,2015,ENSENYAMENTS D'IDIOMES,ÀRAB - NIVELL BÀSIC,1,292,192,100,14,5
2015/2016,2015,ENSENYAMENTS D'IDIOMES,ÀRAB - NIVELL BÀSIC,2,181,116,65,10,5
2015/2016,2015,ENSENYAMENTS D'IDIOMES,ÀRAB - NIVELL INTERMEDI,1,96,72,24,10,4
2015/2016,2015,ENSENYAMENTS D'IDIOMES,ÀRAB - NIVELL INTERMEDI,2,72,46,26,1,4
2015/2016,2015,ENSENYAMENTS D'IDIOMES,ÈUSCAR - NIVELL AVANÇAT,1,17,11,6,1,1
2015/2016,2015,ENSENYAMENTS D'IDIOMES,ÈUSCAR - NIVELL AVANÇAT,2,6,3,3,0,1
2015/2016,2015,ENSENYAMENTS D'IDIOMES,ÈUSCAR - NIVELL BÀSIC,1,41,27,14,2,1
2015/2016,2015,ENSENYAMENTS D'IDIOMES,ÈUSCAR - NIVELL BÀSIC,2,18,11,7,1,1
2015/2016,2015,ENSENYAMENTS D'IDIOMES,ÈUSCAR - NIVELL INTERMEDI,1,38,28,10,2,1
2015/2016,2015,ENSENYAMENTS ESPORTIUS,TÈCNIC D'ESPORT EN ALTA MUNTANYA,2,6,0,6,0,1
2015/2016,2015,ENSENYAMENTS ESPORTIUS,TÈCNIC D'ESPORT EN ATLETISME,1,8,2,6,0,1
2015/2016,2015,ENSENYAMENTS ESPORTIUS,TÈCNIC D'ESPORT EN ATLETISME,2,9,4,5,0,1
2015/2016,2015,ENSENYAMENTS ESPORTIUS,TÈCNIC D'ESPORT EN BASQUETBOL,1,115,18,97,0,13
2015/2016,2015,ENSENYAMENTS ESPORTIUS,TÈCNIC D'ESPORT EN BASQUETBOL,2,66,7,59,0,7
2015/2016,2015,ENSENYAMENTS ESPORTIUS,TÈCNIC D'ESPORT EN DESCENS DE BARRANCS,2,49,5,44,0,1
2015/2016,2015,ENSENYAMENTS ESPORTIUS,TÈCNIC D'ESPORT EN ESCALADA,2,18,0,18,0,2
2015/2016,2015,ENSENYAMENTS ESPORTIUS,TÈCNIC D'ESPORT EN ESQUÍ ALPÍ,1,198,71,127,0,10
2015/2016,2015,ENSENYAMENTS ESPORTIUS,TÈCNIC D'ESPORT EN ESQUÍ ALPÍ,2,118,24,94,0,8
2015/2016,2015,ENSENYAMENTS ESPORTIUS,TÈCNIC D'ESPORT EN ESQUÍ DE FONS,1,15,7,8,0,2
2015/2016,2015,ENSENYAMENTS ESPORTIUS,TÈCNIC D'ESPORT EN ESQUÍ DE FONS,2,2,1,1,0,1
2015/2016,2015,ENSENYAMENTS ESPORTIUS,TÈCNIC D'ESPORT EN FUTBOL,1,684,16,668,0,22
2015/2016,2015,ENSENYAMENTS ESPORTIUS,TÈCNIC D'ESPORT EN FUTBOL,2,361,8,353,0,18
2015/2016,2015,ENSENYAMENTS ESPORTIUS,TÈCNIC D'ESPORT EN FUTBOL SALA,1,20,4,16,0,3
2015/2016,2015,ENSENYAMENTS ESPORTIUS,TÈCNIC D'ESPORT EN FUTBOL SALA,2,9,2,7,0,2
2015/2016,2015,ENSENYAMENTS ESPORTIUS,TÈCNIC D'ESPORT EN HANDBOL,1,35,7,28,0,4
2015/2016,2015,ENSENYAMENTS ESPORTIUS,TÈCNIC D'ESPORT EN HANDBOL,2,19,1,18,0,2
2015/2016,2015,ENSENYAMENTS ESPORTIUS,TÈCNIC D'ESPORT EN MUNTANYA MITJANA,1,234,36,198,0,7
2015/2016,2015,ENSENYAMENTS ESPORTIUS,TÈCNIC D'ESPORT EN MUNTANYA MITJANA,2,98,14,84,0,8
2015/2016,2015,ENSENYAMENTS ESPORTIUS,TÈCNIC D'ESPORT EN SURF DE NEU,1,55,12,43,0,7
2015/2016,2015,ENSENYAMENTS ESPORTIUS,TÈCNIC D'ESPORT EN SURF DE NEU,2,30,1,29,0,6
2015/2016,2015,ENSENYAMENTS ESPORTIUS,TÈCNIC ESPORTIU EN BUSSEIG ESPORTIU AMB ESCAFANDRE AUTÒNOM,1,2,0,2,0,1
2015/2016,2015,ENSENYAMENTS ESPORTIUS,TÈCNIC ESPORTIU EN BUSSEIG ESPORTIU AMB ESCAFANDRE AUTÒNOM,2,15,2,13,0,2
2015/2016,2015,ENSENYAMENTS ESPORTIUS,TÈCNIC ESPORTIU EN ESGRIMA,2,2,2,0,0,1
2015/2016,2015,ENSENYAMENTS ESPORTIUS,TÈCNIC ESPORTIU EN ESPELEOLOGIA,1,4,1,3,0,1
2015/2016,2015,ENSENYAMENTS ESPORTIUS,TÈCNIC ESPORTIU EN JUDO I DEFENSA PERSONAL,1,41,9,32,0,2
2015/2016,2015,ENSENYAMENTS ESPORTIUS,TÈCNIC ESPORTIU EN JUDO I DEFENSA PERSONAL,2,13,0,13,0,1
2015/2016,2015,ENSENYAMENTS ESPORTIUS,TÈCNIC ESPORTIU EN LES DISCIPLINES HÍPIQUES DE RESISTÈNCIA ORIENTACIÓ I TURISME EQÜESTRE,1,94,65,29,0,6
2015/2016,2015,ENSENYAMENTS ESPORTIUS,TÈCNIC ESPORTIU EN LES DISCIPLINES HÍPIQUES DE RESISTÈNCIA ORIENTACIÓ I TURISME EQÜESTRE,2,31,20,11,0,3
2015/2016,2015,ENSENYAMENTS ESPORTIUS,TÈCNIC ESPORTIU EN SALVAMENT I SOCORRISME,1,270,43,227,0,11
2015/2016,2015,ENSENYAMENTS ESPORTIUS,TÈCNIC ESPORTIU EN SALVAMENT I SOCORRISME,2,109,16,93,0,6
2015/2016,2015,ENSENYAMENTS ESPORTIUS,TÈCNIC ESPORTIU EN VELA AMB APARELL FIX,1,18,4,14,0,3
2015/2016,2015,ENSENYAMENTS ESPORTIUS,TÈCNIC ESPORTIU SUPERIOR EN SALVAMENT I SOCORRISME,1,26,6,20,0,3
2015/2016,2015,ENSENYAMENTS ESPORTIUS,"TÈCNIC ESPOTIU EN LES DISCIPLINES HÍPIQUES DE SALT, DOMA I CONCURS COMPLET",2,18,8,10,0,3
2015/2016,2015,ENSENYAMENTS ESPORTIUS,TÈCNIC SUPERIOR D'ESPORT EN ALTA MUNTANYA,1,4,0,4,0,1
2015/2016,2015,ENSENYAMENTS ESPORTIUS,TÈCNIC SUPERIOR D'ESPORT EN ATLETISME,1,2,0,2,0,1
2015/2016,2015,ENSENYAMENTS ESPORTIUS,TÈCNIC SUPERIOR D'ESPORT EN BASQUETBOL,1,11,1,10,0,1
2015/2016,2015,ENSENYAMENTS ESPORTIUS,TÈCNIC SUPERIOR D'ESPORT EN ESCALADA,1,5,0,5,0,2
2015/2016,2015,ENSENYAMENTS ESPORTIUS,TÈCNIC SUPERIOR D'ESPORT EN ESQUÍ ALPÍ,1,43,8,35,0,4
2015/2016,2015,ENSENYAMENTS ESPORTIUS,TÈCNIC SUPERIOR D'ESPORT EN ESQUÍ DE FONS,1,1,0,1,0,1
2015/2016,2015,ENSENYAMENTS ESPORTIUS,TÈCNIC SUPERIOR D'ESPORT EN ESQUÍ DE MUNTANYA,1,19,0,19,0,1
2015/2016,2015,ENSENYAMENTS ESPORTIUS,TÈCNIC SUPERIOR D'ESPORT EN FUTBOL,1,45,0,45,0,3
2015/2016,2015,ENSENYAMENTS ESPORTIUS,TÈCNIC SUPERIOR D'ESPORT EN FUTBOL SALA,1,1,1,0,0,1
2015/2016,2015,ENSENYAMENTS ESPORTIUS,TÈCNIC SUPERIOR D'ESPORT EN HANDBOL,1,3,0,3,0,1
2015/2016,2015,ENSENYAMENTS ESPORTIUS,TÈCNIC SUPERIOR D'ESPORT EN SURF DE NEU,1,7,0,7,0,1
2015/2016,2015,ENSENYAMENTS SUPERIORS DE DISSENY,ESDL - DISSENY D'INTERIORS,1,100,81,19,17,7
2015/2016,2015,ENSENYAMENTS SUPERIORS DE DISSENY,ESDL - DISSENY D'INTERIORS,2,99,73,26,17,6
2015/2016,2015,ENSENYAMENTS SUPERIORS DE DISSENY,ESDL - DISSENY D'INTERIORS,3,81,69,12,12,5
2015/2016,2015,ENSENYAMENTS SUPERIORS DE DISSENY,ESDL - DISSENY D'INTERIORS,4,72,64,8,8,5
2015/2016,2015,ENSENYAMENTS SUPERIORS DE DISSENY,ESDL - DISSENY DE MODA,1,175,151,24,1,3
2015/2016,2015,ENSENYAMENTS SUPERIORS DE DISSENY,ESDL - DISSENY DE MODA,2,126,116,10,1,3
2015/2016,2015,ENSENYAMENTS SUPERIORS DE DISSENY,ESDL - DISSENY DE MODA,3,117,104,13,1,3
2015/2016,2015,ENSENYAMENTS SUPERIORS DE DISSENY,ESDL - DISSENY DE MODA,4,99,85,14,1,3
2015/2016,2015,ENSENYAMENTS SUPERIORS DE DISSENY,ESDL - DISSENY DE MODA,P,19,17,2,0,1
2015/2016,2015,ENSENYAMENTS SUPERIORS DE DISSENY,ESDL - DISSENY DE PRODUCTES,1,58,29,29,1,3
2015/2016,2015,ENSENYAMENTS SUPERIORS DE DISSENY,ESDL - DISSENY DE PRODUCTES,2,46,23,23,1,2
2015/2016,2015,ENSENYAMENTS SUPERIORS DE DISSENY,ESDL - DISSENY DE PRODUCTES,3,39,20,19,1,2
2015/2016,2015,ENSENYAMENTS SUPERIORS DE DISSENY,ESDL - DISSENY DE PRODUCTES,4,39,19,20,1,2
2015/2016,2015,ENSENYAMENTS SUPERIORS DE DISSENY,ESDL - DISSENY GRÀFIC,1,122,76,46,13,7
2015/2016,2015,ENSENYAMENTS SUPERIORS DE DISSENY,ESDL - DISSENY GRÀFIC,2,134,86,48,13,7
2015/2016,2015,ENSENYAMENTS SUPERIORS DE DISSENY,ESDL - DISSENY GRÀFIC,3,98,66,32,9,7
2015/2016,2015,ENSENYAMENTS SUPERIORS DE DISSENY,ESDL - DISSENY GRÀFIC,4,106,69,37,9,7
2015/2016,2015,FORMACIÓ PROFESSIONAL,CFPM - ACTIVITATS COMERCIALS,1,1740,789,951,63,55
2015/2016,2015,FORMACIÓ PROFESSIONAL,CFPM - ACTIVITATS COMERCIALS (PRODUCTES FRESCOS),1,36,10,26,0,1
2015/2016,2015,FORMACIÓ PROFESSIONAL,CFPM - APROFITAMENT I CONSERVACIÓ DEL MEDI NATURAL,1,100,3,97,5,4
2015/2016,2015,FORMACIÓ PROFESSIONAL,CFPM - APROFITAMENT I CONSERVACIÓ DEL MEDI NATURAL,2,87,2,85,5,4
2015/2016,2015,FORMACIÓ PROFESSIONAL,CFPM - ATENCIÓ A PERSONES EN SITUACIÓ DE DEPENDÈNCIA,1,2427,2001,426,92,70
2015/2016,2015,FORMACIÓ PROFESSIONAL,CFPM - ATENCIÓ A PERSONES EN SITUACIÓ DE DEPENDÈNCIA,2,2216,1877,339,93,70
2015/2016,2015,FORMACIÓ PROFESSIONAL,CFPM - ATENCIÓ A PERSONES EN SITUACIÓ DE DEPENDÈNCIA,P,5,3,2,0,3
2015/2016,2015,FORMACIÓ PROFESSIONAL,CFPM - ATENCIÓ A PERSONES EN SITUACIÓ DE DEPENDÊNCIA,NA,448,368,80,0,1
2015/2016,2015,FORMACIÓ PROFESSIONAL,CFPM - BUSSEIG DE PROFUNDITAT MITJANA,1,33,4,29,0,1
2015/2016,2015,FORMACIÓ PROFESSIONAL,CFPM - CARACTERITZACIÓ,1,6,5,1,0,1
2015/2016,2015,FORMACIÓ PROFESSIONAL,CFPM - CARACTERITZACIÓ,2,8,8,0,0,3
2015/2016,2015,FORMACIÓ PROFESSIONAL,CFPM - CARROSSERIA,1,587,15,572,20,21
2015/2016,2015,FORMACIÓ PROFESSIONAL,CFPM - CARROSSERIA,2,460,9,451,20,21
2015/2016,2015,FORMACIÓ PROFESSIONAL,CFPM - CARROSSERIA,P,3,0,3,0,3
2015/2016,2015,FORMACIÓ PROFESSIONAL,CFPM - COMERÇ,1,311,156,155,0,38
2015/2016,2015,FORMACIÓ PROFESSIONAL,CFPM - COMERÇ,P,37,10,27,0,7
2015/2016,2015,FORMACIÓ PROFESSIONAL,CFPM - CONDUCCIÓ D'ACTIVITATS FISICOESPORTIVES EN EL MEDI NATURAL,1,1741,308,1433,44,41
2015/2016,2015,FORMACIÓ PROFESSIONAL,CFPM - CONDUCCIÓ D'ACTIVITATS FISICOESPORTIVES EN EL MEDI NATURAL,P,21,3,18,0,4
2015/2016,2015,FORMACIÓ PROFESSIONAL,CFPM - CONFECCIÓ I MODA,1,152,134,18,5,5
2015/2016,2015,FORMACIÓ PROFESSIONAL,CFPM - CONFECCIÓ I MODA,2,103,97,6,4,4
2015/2016,2015,FORMACIÓ PROFESSIONAL,CFPM - CONFECCIÓ I MODA (INNOVACIÓ I PRODUCCIÓ DE LA MODA),1,25,21,4,1,1
2015/2016,2015,FORMACIÓ PROFESSIONAL,CFPM - CONFECCIÓ I MODA (INNOVACIÓ I PRODUCCIÓ DE LA MODA),2,11,8,3,1,1
2015/2016,2015,FORMACIÓ PROFESSIONAL,CFPM - CONSTRUCCIÓ,1,31,1,30,6,2
2015/2016,2015,FORMACIÓ PROFESSIONAL,CFPM - CONSTRUCCIÓ,2,17,1,16,6,2
2015/2016,2015,FORMACIÓ PROFESSIONAL,CFPM - CUINA I GASTRONOMIA,1,1099,314,785,29,22
2015/2016,2015,FORMACIÓ PROFESSIONAL,CFPM - CUINA I GASTRONOMIA,2,1388,411,977,28,22
2015/2016,2015,FORMACIÓ PROFESSIONAL,CFPM - CULTIUS AQÜÍCOLES,1,20,7,13,1,1
2015/2016,2015,FORMACIÓ PROFESSIONAL,CFPM - CULTIUS AQÜÍCOLES,2,13,2,11,1,1
2015/2016,2015,FORMACIÓ PROFESSIONAL,CFPM - CURES AUXILIARS D'INFERMERIA,1,7072,5590,1482,154,77
2015/2016,2015,FORMACIÓ PROFESSIONAL,CFPM - CURES AUXILIARS D'INFERMERIA,2,72,57,15,0,2
2015/2016,2015,FORMACIÓ PROFESSIONAL,CFPM - CURES AUXILIARS D'INFERMERIA,P,189,137,52,0,12
2015/2016,2015,FORMACIÓ PROFESSIONAL,CFPM - CURES AUXILIARS D'INFERMERIA,NA,1017,833,184,0,1
2015/2016,2015,FORMACIÓ PROFESSIONAL,CFPM - ELABORACIÓ DE PRODUCTES ALIMENTARIS,1,170,59,111,17,9
2015/2016,2015,FORMACIÓ PROFESSIONAL,CFPM - ELABORACIÓ DE PRODUCTES ALIMENTARIS,2,90,32,58,15,7
2015/2016,2015,FORMACIÓ PROFESSIONAL,CFPM - ELECTROMECÀNICA DE MAQUINÀRIA,1,86,2,84,8,4
2015/2016,2015,FORMACIÓ PROFESSIONAL,CFPM - ELECTROMECÀNICA DE MAQUINÀRIA,2,24,0,24,6,2
2015/2016,2015,FORMACIÓ PROFESSIONAL,CFPM - ELECTROMECÀNICA DE VEHICLES,1,2179,56,2123,69,45
2015/2016,2015,FORMACIÓ PROFESSIONAL,CFPM - ELECTROMECÀNICA DE VEHICLES,2,1886,32,1854,66,46
2015/2016,2015,FORMACIÓ PROFESSIONAL,CFPM - ELECTROMECÀNICA DE VEHICLES,P,6,0,6,0,5
2015/2016,2015,FORMACIÓ PROFESSIONAL,CFPM - ELECTROMECÀNICA DE VEHICLES (AVIONS),1,28,2,26,1,1
2015/2016,2015,FORMACIÓ PROFESSIONAL,CFPM - ELECTROMECÀNICA DE VEHICLES (AVIONS),2,28,1,27,1,1
2015/2016,2015,FORMACIÓ PROFESSIONAL,CFPM - ELECTROMECÀNICA DE VEHICLES (INDUSTRIALS),1,85,2,83,2,3
2015/2016,2015,FORMACIÓ PROFESSIONAL,CFPM - ELECTROMECÀNICA DE VEHICLES (INDUSTRIALS),2,66,0,66,2,3
2015/2016,2015,FORMACIÓ PROFESSIONAL,CFPM - EMERGÈNCIES I PROTECCIÓ CIVIL,NA,183,2,181,0,1
2015/2016,2015,FORMACIÓ PROFESSIONAL,CFPM - EMERGÈNCIES SANITÀRIES,1,618,217,401,18,16
2015/2016,2015,FORMACIÓ PROFESSIONAL,CFPM - EMERGÈNCIES SANITÀRIES,2,730,220,510,18,16
2015/2016,2015,FORMACIÓ PROFESSIONAL,CFPM - EMERGÈNCIES SANITÀRIES,P,4,2,2,0,1
2015/2016,2015,FORMACIÓ PROFESSIONAL,CFPM - EMERGÈNCIES SANITÀRIES,NA,675,161,514,0,1
2015/2016,2015,FORMACIÓ PROFESSIONAL,CFPM - EQUIPS ELECTRÒNICS DE CONSUM,2,22,0,22,1,1
2015/2016,2015,FORMACIÓ PROFESSIONAL,CFPM - ESTÈTICA I BELLESA,1,962,941,21,29,30
2015/2016,2015,FORMACIÓ PROFESSIONAL,CFPM - ESTÈTICA I BELLESA,2,11,11,0,0,2
2015/2016,2015,FORMACIÓ PROFESSIONAL,CFPM - ESTÈTICA PERSONAL DECORATIVA,1,388,384,4,0,15
2015/2016,2015,FORMACIÓ PROFESSIONAL,CFPM - ESTÈTICA PERSONAL DECORATIVA,2,64,64,0,0,5
2015/2016,2015,FORMACIÓ PROFESSIONAL,CFPM - ESTÈTICA PERSONAL DECORATIVA,P,23,22,1,0,5
2015/2016,2015,FORMACIÓ PROFESSIONAL,CFPM - EXCAVACIONS I SONDATGES (OPERACIONS DE MAQUINÀRIA DE LA CONSTRUCCIÓ),1,16,0,16,1,1
2015/2016,2015,FORMACIÓ PROFESSIONAL,CFPM - EXCAVACIONS I SONDATGES (OPERACIONS DE MAQUINÀRIA DE LA CONSTRUCCIÓ),2,14,0,14,1,1
2015/2016,2015,FORMACIÓ PROFESSIONAL,CFPM - EXCAVACIONSCFPM - EXCAVACIONS I SONDATGES,1,25,4,21,1,1
2015/2016,2015,FORMACIÓ PROFESSIONAL,CFPM - FABRICACIÓ I ENNOBLIMENT DE PRODUCTES TÈXTILS,1,29,14,15,1,1
2015/2016,2015,FORMACIÓ PROFESSIONAL,CFPM - FABRICACIÓ I ENNOBLIMENT DE PRODUCTES TÈXTILS,2,16,11,5,1,1
2015/2016,2015,FORMACIÓ PROFESSIONAL,CFPM - FARMÀCIA I PARAFARMÀCIA,1,1125,866,259,37,28
2015/2016,2015,FORMACIÓ PROFESSIONAL,CFPM - FARMÀCIA I PARAFARMÀCIA,2,1045,837,208,38,27
2015/2016,2015,FORMACIÓ PROFESSIONAL,CFPM - FARMÀCIA I PARAFARMÀCIA,P,11,9,2,0,5
2015/2016,2015,FORMACIÓ PROFESSIONAL,"CFPM - FORNERIA, PASTISSERIA I CONFITERIA",1,369,221,148,16,13
2015/2016,2015,FORMACIÓ PROFESSIONAL,"CFPM - FORNERIA, PASTISSERIA I CONFITERIA",2,488,259,229,17,13
2015/2016,2015,FORMACIÓ PROFESSIONAL,"CFPM - FORNERIA, PASTISSERIA I CONFITERIA",P,5,2,3,0,1
2015/2016,2015,FORMACIÓ PROFESSIONAL,CFPM - FUSTERIA I MOBLE,1,137,11,126,14,7
2015/2016,2015,FORMACIÓ PROFESSIONAL,CFPM - FUSTERIA I MOBLE,2,101,8,93,15,7
2015/2016,2015,FORMACIÓ PROFESSIONAL,CFPM - FUSTERIA I MOBLE,P,1,0,1,0,1
2015/2016,2015,FORMACIÓ PROFESSIONAL,CFPM - GESTIÓ ADMINISTRATIVA,1,3789,2040,1749,197,142
2015/2016,2015,FORMACIÓ PROFESSIONAL,CFPM - GESTIÓ ADMINISTRATIVA,2,3174,1860,1314,199,146
2015/2016,2015,FORMACIÓ PROFESSIONAL,CFPM - GESTIÓ ADMINISTRATIVA,P,5,3,2,0,3
2015/2016,2015,FORMACIÓ PROFESSIONAL,CFPM - GESTIÓ ADMINISTRATIVA,NA,759,599,160,0,1
2015/2016,2015,FORMACIÓ PROFESSIONAL,CFPM - GESTIÓ ADMINISTRATIVA (ÀMBIT JURÍDIC),1,256,180,76,9,9
2015/2016,2015,FORMACIÓ PROFESSIONAL,CFPM - GESTIÓ ADMINISTRATIVA (ÀMBIT JURÍDIC),2,182,140,42,9,9
2015/2016,2015,FORMACIÓ PROFESSIONAL,CFPM - GESTIÓ ADMINISTRATIVA (ÀMBIT JURÍDIC),P,2,2,0,0,1
2015/2016,2015,FORMACIÓ PROFESSIONAL,CFPM - IMPRESSIÓ GRÀFICA,1,48,16,32,2,2
2015/2016,2015,FORMACIÓ PROFESSIONAL,CFPM - IMPRESSIÓ GRÀFICA,2,23,3,20,2,2
2015/2016,2015,FORMACIÓ PROFESSIONAL,CFPM - IMPRESSIÓ GRÀFICA (IMPRESSIÓ GRÀFICA I CONVERTING),1,10,1,9,1,1
2015/2016,2015,FORMACIÓ PROFESSIONAL,CFPM - IMPRESSIÓ GRÀFICA (IMPRESSIÓ GRÀFICA I CONVERTING),2,10,2,8,1,1
2015/2016,2015,FORMACIÓ PROFESSIONAL,CFPM - INSTAL·LACIONS DE PRODUCCIÓ DE CALOR,1,80,1,79,4,5
2015/2016,2015,FORMACIÓ PROFESSIONAL,CFPM - INSTAL·LACIONS DE PRODUCCIÓ DE CALOR,2,114,2,112,7,7
2015/2016,2015,FORMACIÓ PROFESSIONAL,CFPM - INSTAL·LACIONS DE TELECOMUNICACIONS,1,494,13,481,24,19
2015/2016,2015,FORMACIÓ PROFESSIONAL,CFPM - INSTAL·LACIONS DE TELECOMUNICACIONS,2,356,8,348,25,20
2015/2016,2015,FORMACIÓ PROFESSIONAL,CFPM - INSTAL·LACIONS ELÈCTRIQUES I AUTOMÀTIQUES,1,1394,38,1356,84,56
2015/2016,2015,FORMACIÓ PROFESSIONAL,CFPM - INSTAL·LACIONS ELÈCTRIQUES I AUTOMÀTIQUES,2,1341,25,1316,92,64
2015/2016,2015,FORMACIÓ PROFESSIONAL,CFPM - INSTAL·LACIONS ELÈCTRIQUES I AUTOMÀTIQUES,NA,419,14,405,0,1
2015/2016,2015,FORMACIÓ PROFESSIONAL,CFPM - INSTAL·LACIONS FRIGORÍFIQUES I DE CLIMATITZACIÓ,1,118,2,116,16,8
2015/2016,2015,FORMACIÓ PROFESSIONAL,CFPM - INSTAL·LACIONS FRIGORÍFIQUES I DE CLIMATITZACIÓ,2,146,2,144,13,10
2015/2016,2015,FORMACIÓ PROFESSIONAL,CFPM - INSTAL·LACIÓ i MOBLAMENT,1,63,12,51,7,3
2015/2016,2015,FORMACIÓ PROFESSIONAL,CFPM - INSTAL·LACIÓ i MOBLAMENT,2,107,11,96,11,7
2015/2016,2015,FORMACIÓ PROFESSIONAL,CFPM - JARDINERIA I FLORISTERIA,1,280,36,244,17,11
2015/2016,2015,FORMACIÓ PROFESSIONAL,CFPM - JARDINERIA I FLORISTERIA,2,219,24,195,15,10
2015/2016,2015,FORMACIÓ PROFESSIONAL,CFPM - LABORATORI,1,151,81,70,0,11
2015/2016,2015,FORMACIÓ PROFESSIONAL,CFPM - LABORATORI,2,1,1,0,0,1
2015/2016,2015,FORMACIÓ PROFESSIONAL,CFPM - LABORATORI D'IMATGE,1,62,36,26,2,1
2015/2016,2015,FORMACIÓ PROFESSIONAL,CFPM - MANTENIMENT DE MATERIAL RODANT FERROVIARI,1,26,1,25,1,1
2015/2016,2015,FORMACIÓ PROFESSIONAL,CFPM - MANTENIMENT DE MATERIAL RODANT FERROVIARI,2,21,0,21,1,1
2015/2016,2015,FORMACIÓ PROFESSIONAL,CFPM - MANTENIMENT ELECTROMECÀNIC,1,873,29,844,44,37
2015/2016,2015,FORMACIÓ PROFESSIONAL,CFPM - MANTENIMENT ELECTROMECÀNIC,2,699,28,671,44,37
2015/2016,2015,FORMACIÓ PROFESSIONAL,CFPM - MANTENIMENT ELECTROMECÀNIC,P,1,0,1,0,1
2015/2016,2015,FORMACIÓ PROFESSIONAL,CFPM - MANTENIMENT ELECTROMECÀNIC ( VAIXLLS D'ESBARJO I SERVEIS PORTUARIS,1,126,0,126,3,5
2015/2016,2015,FORMACIÓ PROFESSIONAL,CFPM - MANTENIMENT ELECTROMECÀNIC ( VAIXLLS D'ESBARJO I SERVEIS PORTUARIS,2,93,2,91,4,5
2015/2016,2015,FORMACIÓ PROFESSIONAL,CFPM - MANTENIMENT I CONTROL DE LA MAQUINÀRIA DE VAIXELLS I EMBARCACIONS,1,23,0,23,1,1
2015/2016,2015,FORMACIÓ PROFESSIONAL,CFPM - MANTENIMENT I CONTROL DE LA MAQUINÀRIA DE VAIXELLS I EMBARCACIONS,2,21,0,21,1,1
2015/2016,2015,FORMACIÓ PROFESSIONAL,CFPM - MECANITZACIÓ,1,670,17,653,29,25
2015/2016,2015,FORMACIÓ PROFESSIONAL,CFPM - MECANITZACIÓ,2,571,8,563,28,25
2015/2016,2015,FORMACIÓ PROFESSIONAL,CFPM - MECANITZACIÓ (RELLOTGERIA),1,17,0,17,1,1
2015/2016,2015,FORMACIÓ PROFESSIONAL,CFPM - MECANITZACIÓ (RELLOTGERIA),2,18,3,15,1,1
2015/2016,2015,FORMACIÓ PROFESSIONAL,CFPM - NAVEGACIÓ I PESCA LITORAL,1,27,2,25,1,1
2015/2016,2015,FORMACIÓ PROFESSIONAL,CFPM - NAVEGACIÓ I PESCA LITORAL,2,28,0,28,1,1
2015/2016,2015,FORMACIÓ PROFESSIONAL,"CFPM - OBRES D'INTERIOR, DECORACIÓ i REHABILITACIÓ",1,44,9,35,20,4
2015/2016,2015,FORMACIÓ PROFESSIONAL,"CFPM - OBRES D'INTERIOR, DECORACIÓ i REHABILITACIÓ",2,35,7,28,20,4
2015/2016,2015,FORMACIÓ PROFESSIONAL,CFPM - OLIS D'OLIVA I VINS,1,73,19,54,13,5
2015/2016,2015,FORMACIÓ PROFESSIONAL,CFPM - OLIS D'OLIVA I VINS,2,62,16,46,12,4
2015/2016,2015,FORMACIÓ PROFESSIONAL,CFPM - OPERACIONS DE FABRICACIÓ DE PRODUCTES FARMACÈUTICS,1,168,86,82,4,4
2015/2016,2015,FORMACIÓ PROFESSIONAL,CFPM - OPERACIONS DE LABORATORI,1,345,169,176,12,12
2015/2016,2015,FORMACIÓ PROFESSIONAL,CFPM - OPERACIONS DE PROCÉS DE PASTA I PAPER,1,20,6,14,1,1
2015/2016,2015,FORMACIÓ PROFESSIONAL,CFPM - OPERACIONS SUBAQUÀTIQUES I HIPERBÀRIQUES,1,30,2,28,1,1
2015/2016,2015,FORMACIÓ PROFESSIONAL,"CFPM - OPERACIÓ, CONTROL I MANTENIMENT DE MÀQUINES I INSTAL·LACIONS DEL VAIXELL",2,3,0,3,0,1
2015/2016,2015,FORMACIÓ PROFESSIONAL,CFPM - PERRUQUERIA I COSMÈTICA CAPIL·LAR,1,918,793,125,28,36
2015/2016,2015,FORMACIÓ PROFESSIONAL,CFPM - PERRUQUERIA I COSMÈTICA CAPIL·LAR,2,803,731,72,27,35
2015/2016,2015,FORMACIÓ PROFESSIONAL,CFPM - PERRUQUERIA I COSMÈTICA CAPIL·LAR,P,14,12,2,0,3
2015/2016,2015,FORMACIÓ PROFESSIONAL,CFPM - PESCA I TRANSPORT MARÍTIM,2,9,0,9,0,1
2015/2016,2015,FORMACIÓ PROFESSIONAL,CFPM - PLANTA QUÍMICA,1,57,9,48,2,2
2015/2016,2015,FORMACIÓ PROFESSIONAL,CFPM - PLANTA QUÍMICA,2,41,8,33,2,2
2015/2016,2015,FORMACIÓ PROFESSIONAL,CFPM - POSTIMPRESSIÓ I ACABATS GRÀFICS,2,17,2,15,1,1
2015/2016,2015,FORMACIÓ PROFESSIONAL,CFPM - PREIMPRESSIÓ DIGITAL,1,326,103,223,11,8
2015/2016,2015,FORMACIÓ PROFESSIONAL,CFPM - PREIMPRESSIÓ DIGITAL,2,276,93,183,11,8
2015/2016,2015,FORMACIÓ PROFESSIONAL,CFPM - PREIMPRESSIÓ DIGITAL,P,6,2,4,0,1
2015/2016,2015,FORMACIÓ PROFESSIONAL,CFPM - PRODUCCIÓ AGROECOLÒGICA,1,37,9,28,2,2
2015/2016,2015,FORMACIÓ PROFESSIONAL,CFPM - PRODUCCIÓ AGROECOLÒGICA,2,24,5,19,1,1
2015/2016,2015,FORMACIÓ PROFESSIONAL,CFPM - PRODUCCIÓ AGROECOLÒGICA (AGRÍCOLA),1,42,11,31,3,3
2015/2016,2015,FORMACIÓ PROFESSIONAL,CFPM - PRODUCCIÓ AGROECOLÒGICA (AGRÍCOLA),2,38,7,31,3,3
2015/2016,2015,FORMACIÓ PROFESSIONAL,CFPM - PRODUCCIÓ AGROPECUÀRIA,1,112,20,92,5,5
2015/2016,2015,FORMACIÓ PROFESSIONAL,CFPM - PRODUCCIÓ AGROPECUÀRIA,2,115,21,94,5,5
2015/2016,2015,FORMACIÓ PROFESSIONAL,CFPM - PRODUCCIÓ AGROPECUÀRIA (AGRÍCOLA),1,18,2,16,1,1
2015/2016,2015,FORMACIÓ PROFESSIONAL,CFPM - PRODUCCIÓ AGROPECUÀRIA (AGRÍCOLA),2,22,2,20,1,1
2015/2016,2015,FORMACIÓ PROFESSIONAL,CFPM - PRODUCCIÓ AGROPECUÀRIA (RAMADERA),1,15,4,11,1,1
2015/2016,2015,FORMACIÓ PROFESSIONAL,CFPM - PRODUCCIÓ AGROPECUÀRIA (RAMADERA),2,20,6,14,1,1
2015/2016,2015,FORMACIÓ PROFESSIONAL,CFPM - SERVEIS EN RESTAURACIÓ,1,769,251,518,15,21
2015/2016,2015,FORMACIÓ PROFESSIONAL,CFPM - SERVEIS EN RESTAURACIÓ,2,872,267,605,19,19
2015/2016,2015,FORMACIÓ PROFESSIONAL,CFPM - SERVEIS EN RESTAURACIÓ,P,6,0,6,0,2
2015/2016,2015,FORMACIÓ PROFESSIONAL,CFPM - SISTEMES MICROINFORMÀTICS I XARXES,1,3967,239,3728,133,97
2015/2016,2015,FORMACIÓ PROFESSIONAL,CFPM - SISTEMES MICROINFORMÀTICS I XARXES,2,3261,222,3039,134,94
2015/2016,2015,FORMACIÓ PROFESSIONAL,CFPM - SISTEMES MICROINFORMÀTICS I XARXES,P,7,0,7,0,4
2015/2016,2015,FORMACIÓ PROFESSIONAL,CFPM - SISTEMES MICROINFORMÀTICS I XARXES,NA,521,62,459,0,1
2015/2016,2015,FORMACIÓ PROFESSIONAL,CFPM - SOLDADURA I CALDERERIA,1,186,5,181,7,6
2015/2016,2015,FORMACIÓ PROFESSIONAL,CFPM - SOLDADURA I CALDERERIA,2,208,4,204,10,9
2015/2016,2015,FORMACIÓ PROFESSIONAL,CFPM - TREBALLS FORESTALS I DE CONSERVACIÓ DEL MEDI NATURAL,2,7,0,7,0,2
2015/2016,2015,FORMACIÓ PROFESSIONAL,CFPM - VIDEO DISCJÒQUEI I SO,1,331,56,275,8,8
2015/2016,2015,FORMACIÓ PROFESSIONAL,CFPM - VIDEO DISCJÒQUEI I SO,2,219,28,191,6,5
2015/2016,2015,FORMACIÓ PROFESSIONAL,CFPM - VIDEO DISCJÒQUEI I SO,P,6,0,6,0,1
2015/2016,2015,FORMACIÓ PROFESSIONAL,"CFPM - XARXES, INSTAL·LACIONS I ESTACIONS DE TRACTAMENT D'AIGUES",1,23,1,22,1,1
2015/2016,2015,FORMACIÓ PROFESSIONAL,"CFPM - XARXES, INSTAL·LACIONS I ESTACIONS DE TRACTAMENT D'AIGUES",2,15,1,14,1,1
2015/2016,2015,FORMACIÓ PROFESSIONAL,CFPS - ADMINISTRACIÓ DE SISTEMES INFORMÀTICS,NA,1,0,1,0,1
2015/2016,2015,FORMACIÓ PROFESSIONAL,CFPS - ADMINISTRACIÓ DE SISTEMES INFORMÀTICS EN XARXA,1,1143,94,1049,50,45
2015/2016,2015,FORMACIÓ PROFESSIONAL,CFPS - ADMINISTRACIÓ DE SISTEMES INFORMÀTICS EN XARXA,2,1118,87,1031,55,51
2015/2016,2015,FORMACIÓ PROFESSIONAL,CFPS - ADMINISTRACIÓ DE SISTEMES INFORMÀTICS EN XARXA,P,2,0,2,0,1
2015/2016,2015,FORMACIÓ PROFESSIONAL,CFPS - ADMINISTRACIÓ DE SISTEMES INFORMÀTICS EN XARXA,NA,802,111,691,0,1
2015/2016,2015,FORMACIÓ PROFESSIONAL,CFPS - ADMINISTRACIÓ I FINANCES,1,2952,1744,1208,141,105
2015/2016,2015,FORMACIÓ PROFESSIONAL,CFPS - ADMINISTRACIÓ I FINANCES,2,2570,1514,1056,137,103
2015/2016,2015,FORMACIÓ PROFESSIONAL,CFPS - ADMINISTRACIÓ I FINANCES,P,11,7,4,0,7
2015/2016,2015,FORMACIÓ PROFESSIONAL,CFPS - ADMINISTRACIÓ I FINANCES,NA,1729,1366,363,0,1
2015/2016,2015,FORMACIÓ PROFESSIONAL,CFPS - AGÈNCIES DE VIATGES I GESTIÓ D'ESDEVENIMENTS,1,353,270,83,13,13
2015/2016,2015,FORMACIÓ PROFESSIONAL,CFPS - AGÈNCIES DE VIATGES I GESTIÓ D'ESDEVENIMENTS,2,309,203,106,12,11
2015/2016,2015,FORMACIÓ PROFESSIONAL,CFPS - AGÈNCIES DE VIATGES I GESTIÓ D'ESDEVENIMENTS,P,6,4,2,0,2
2015/2016,2015,FORMACIÓ PROFESSIONAL,CFPS - ANATOMIA PATOLÒGICA I CITODIAGNÒSTIC,1,145,104,41,4,5
2015/2016,2015,FORMACIÓ PROFESSIONAL,CFPS - ANATOMIA PATOLÒGICA I CITOLOGIA,2,185,134,51,5,6
2015/2016,2015,FORMACIÓ PROFESSIONAL,CFPS - ANATOMIA PATOLÒGICA I CITOLOGIA,P,2,2,0,0,1
2015/2016,2015,FORMACIÓ PROFESSIONAL,"CFPS - ANIMACIONS EN 3D, JOCS I ENTORNS INTERACTIUS",1,370,49,321,5,11
2015/2016,2015,FORMACIÓ PROFESSIONAL,"CFPS - ANIMACIONS EN 3D, JOCS I ENTORNS INTERACTIUS",2,327,45,282,5,11
2015/2016,2015,FORMACIÓ PROFESSIONAL,"CFPS - ANIMACIONS EN 3D, JOCS I ENTORNS INTERACTIUS",P,10,3,7,0,1
2015/2016,2015,FORMACIÓ PROFESSIONAL,CFPS - ANIMACIÓ D'ACTIVITATS FÍSIQUES I ESPORTIVES,1,1936,313,1623,40,46
2015/2016,2015,FORMACIÓ PROFESSIONAL,CFPS - ANIMACIÓ D'ACTIVITATS FÍSIQUES I ESPORTIVES,2,1979,332,1647,39,42
2015/2016,2015,FORMACIÓ PROFESSIONAL,CFPS - ANIMACIÓ D'ACTIVITATS FÍSIQUES I ESPORTIVES,P,23,1,22,0,7
2015/2016,2015,FORMACIÓ PROFESSIONAL,"CFPS - ANIMACIÓ EN 3D, JOCS i ENTORNS INTERACTIUS (MONS VIRTUALS, REALITAT AUGMENTADA i GAMIFICACIÓ)",1,37,4,33,0,1
2015/2016,2015,FORMACIÓ PROFESSIONAL,CFPS - ANIMACIÓ SOCIOCULTURAL I TURÍSTICA,1,275,184,91,14,14
2015/2016,2015,FORMACIÓ PROFESSIONAL,CFPS - ANIMACIÓ SOCIOCULTURAL I TURÍSTICA,2,240,165,75,9,10
2015/2016,2015,FORMACIÓ PROFESSIONAL,CFPS - ANIMACIÓ TURÍSTICA,1,3,3,0,0,1
2015/2016,2015,FORMACIÓ PROFESSIONAL,CFPS - AQÜICULTURA,1,19,6,13,1,1
2015/2016,2015,FORMACIÓ PROFESSIONAL,CFPS - AQÜICULTURA,2,22,6,16,1,1
2015/2016,2015,FORMACIÓ PROFESSIONAL,CFPS - ASSESSORIA D'IMATGE PERSONAL I CORPORATIVA,1,203,187,16,3,9
2015/2016,2015,FORMACIÓ PROFESSIONAL,CFPS - ASSESSORIA D'IMATGE PERSONAL I CORPORATIVA,2,199,187,12,3,8
2015/2016,2015,FORMACIÓ PROFESSIONAL,CFPS - ASSISTÈNCIA A LA DIRECCIÓ,1,304,231,73,20,17
2015/2016,2015,FORMACIÓ PROFESSIONAL,CFPS - ASSISTÈNCIA A LA DIRECCIÓ,2,7,3,4,5,1
2015/2016,2015,FORMACIÓ PROFESSIONAL,CFPS - ASSISTÈNCIA A LA DIRECCIÓ,NA,109,97,12,0,1
2015/2016,2015,FORMACIÓ PROFESSIONAL,CFPS - AUDIOLOGIA PROTÈTICA,1,41,24,17,2,2
2015/2016,2015,FORMACIÓ PROFESSIONAL,CFPS - AUDIOLOGIA PROTÈTICA,2,71,39,32,2,2
2015/2016,2015,FORMACIÓ PROFESSIONAL,CFPS - AUTOMATITZACIÓ I ROBÒTICA INDUSTRIAL,1,850,23,827,32,29
2015/2016,2015,FORMACIÓ PROFESSIONAL,CFPS - AUTOMATITZACIÓ I ROBÒTICA INDUSTRIAL,2,774,36,738,28,26
2015/2016,2015,FORMACIÓ PROFESSIONAL,CFPS - AUTOMATITZACIÓ I ROBÒTICA INDUSTRIAL,P,2,0,2,0,2
2015/2016,2015,FORMACIÓ PROFESSIONAL,CFPS - AUTOMOCIÓ,1,909,16,893,29,24
2015/2016,2015,FORMACIÓ PROFESSIONAL,CFPS - AUTOMOCIÓ,2,979,24,955,27,23
2015/2016,2015,FORMACIÓ PROFESSIONAL,CFPS - AUTOMOCIÓ,P,3,0,3,0,1
2015/2016,2015,FORMACIÓ PROFESSIONAL,CFPS - CARACTERITZACIÓ I MAQUILLATGE PROFESSIONAL,1,160,151,9,3,5
2015/2016,2015,FORMACIÓ PROFESSIONAL,CFPS - CARACTERITZACIÓ I MAQUILLATGE PROFESSIONAL,2,99,92,7,3,4
2015/2016,2015,FORMACIÓ PROFESSIONAL,CFPS - COMERÇ INTERNACIONAL,1,787,307,480,34,31
2015/2016,2015,FORMACIÓ PROFESSIONAL,CFPS - COMERÇ INTERNACIONAL,2,710,297,413,33,29
2015/2016,2015,FORMACIÓ PROFESSIONAL,CFPS - COMERÇ INTERNACIONAL,P,4,4,0,0,2
2015/2016,2015,FORMACIÓ PROFESSIONAL,CFPS - COMERÇ INTERNACIONAL,NA,163,90,73,0,1
2015/2016,2015,FORMACIÓ PROFESSIONAL,CFPS - CONSTRUCCIONS METÀL·LIQUES,1,60,0,60,3,3
2015/2016,2015,FORMACIÓ PROFESSIONAL,CFPS - CONSTRUCCIONS METÀL·LIQUES,2,70,0,70,3,3
2015/2016,2015,FORMACIÓ PROFESSIONAL,CFPS - DESENV. D'APLICACIONS MULTIPLATAFORMA (INFORMÀTICA APLICADA A LA LOGÍSTICA),1,6,0,6,1,1
2015/2016,2015,FORMACIÓ PROFESSIONAL,CFPS - DESENV. D'APLICACIONS MULTIPLATAFORMA (INFORMÀTICA APLICADA A LA LOGÍSTICA),2,8,0,8,1,1
2015/2016,2015,FORMACIÓ PROFESSIONAL,CFPS - DESENVOLUPAMENT D'APLICACIONS MULTIPLATAFORMA,1,1128,93,1035,28,31
2015/2016,2015,FORMACIÓ PROFESSIONAL,CFPS - DESENVOLUPAMENT D'APLICACIONS MULTIPLATAFORMA,2,1045,73,972,34,38
2015/2016,2015,FORMACIÓ PROFESSIONAL,CFPS - DESENVOLUPAMENT D'APLICACIONS MULTIPLATAFORMA,P,4,0,4,0,2
2015/2016,2015,FORMACIÓ PROFESSIONAL,CFPS - DESENVOLUPAMENT D'APLICACIONS MULTIPLATAFORMA,NA,861,156,705,0,1
2015/2016,2015,FORMACIÓ PROFESSIONAL,CFPS - DESENVOLUPAMENT D'APLICACIONS WEB,1,875,102,773,31,31
2015/2016,2015,FORMACIÓ PROFESSIONAL,CFPS - DESENVOLUPAMENT D'APLICACIONS WEB,2,865,76,789,37,39
2015/2016,2015,FORMACIÓ PROFESSIONAL,CFPS - DESENVOLUPAMENT D'APLICACIONS WEB,P,12,0,12,0,4
2015/2016,2015,FORMACIÓ PROFESSIONAL,CFPS - DESENVOLUPAMENT D'APLICACIONS WEB,NA,120,26,94,0,1
2015/2016,2015,FORMACIÓ PROFESSIONAL,CFPS - DESENVOLUPAMENT D'APLICACIONS WEB (BIOINFORMÀTICA),1,28,6,22,0,1
2015/2016,2015,FORMACIÓ PROFESSIONAL,CFPS - DESENVOLUPAMENT DE PROJECTES D'INSTAL·LACIONS TÈRMIQUES I DE FLUIDS,1,21,2,19,1,2
2015/2016,2015,FORMACIÓ PROFESSIONAL,CFPS - DESENVOLUPAMENT DE PROJECTES D'INSTAL·LACIONS TÈRMIQUES I DE FLUIDS,2,27,0,27,1,1
2015/2016,2015,FORMACIÓ PROFESSIONAL,CFPS - DIETÈTICA,1,682,472,210,12,18
2015/2016,2015,FORMACIÓ PROFESSIONAL,CFPS - DIETÈTICA,2,516,327,189,12,18
2015/2016,2015,FORMACIÓ PROFESSIONAL,CFPS - DIETÈTICA,P,22,14,8,0,3
2015/2016,2015,FORMACIÓ PROFESSIONAL,CFPS - DIRECCIÓ DE CUINA,1,422,148,274,15,14
2015/2016,2015,FORMACIÓ PROFESSIONAL,CFPS - DIRECCIÓ DE CUINA,2,464,147,317,15,14
2015/2016,2015,FORMACIÓ PROFESSIONAL,CFPS - DIRECCIÓ DE CUINA,P,4,1,3,0,1
2015/2016,2015,FORMACIÓ PROFESSIONAL,CFPS - DIRECCIÓ DE SERVEIS EN RESTAURACIÓ,1,119,43,76,2,5
2015/2016,2015,FORMACIÓ PROFESSIONAL,CFPS - DIRECCIÓ DE SERVEIS EN RESTAURACIÓ,2,178,63,115,5,7
2015/2016,2015,FORMACIÓ PROFESSIONAL,CFPS - DISSENY EN FABRICACIÓ MECÀNICA,1,222,7,215,14,10
2015/2016,2015,FORMACIÓ PROFESSIONAL,CFPS - DISSENY EN FABRICACIÓ MECÀNICA,2,273,12,261,21,14
2015/2016,2015,FORMACIÓ PROFESSIONAL,CFPS - DISSENY EN FABRICACIÓ MECÀNICA,P,7,0,7,0,1
2015/2016,2015,FORMACIÓ PROFESSIONAL,CFPS - DISSENY I EDICIÓ DE PUBL.IMPRESES I MULTIMÈDIA,1,170,76,94,7,7
2015/2016,2015,FORMACIÓ PROFESSIONAL,CFPS - DISSENY I EDICIÓ DE PUBL.IMPRESES I MULTIMÈDIA,2,115,50,65,7,7
2015/2016,2015,FORMACIÓ PROFESSIONAL,CFPS - DISSENY I EDICIÓ DE PUBL.IMPRESES I MULTIMÈDIA,P,12,6,6,0,1
2015/2016,2015,FORMACIÓ PROFESSIONAL,CFPS - DISSENY I GESTIÓ DE LA PRODUCCIÓ GRÀFIC,1,28,8,20,1,1
2015/2016,2015,FORMACIÓ PROFESSIONAL,CFPS - DISSENY I GESTIÓ DE LA PRODUCCIÓ GRÀFIC,2,30,9,21,1,2
2015/2016,2015,FORMACIÓ PROFESSIONAL,CFPS - DISSENY I MOBLAMENT,1,22,6,16,6,2
2015/2016,2015,FORMACIÓ PROFESSIONAL,CFPS - DISSENY I MOBLAMENT,2,20,2,18,6,2
2015/2016,2015,FORMACIÓ PROFESSIONAL,CFPS - DISSENY I MOBLAMENT (CONSTRUCCIONS EFÍMERES I DECORACIÓ),1,20,4,16,1,1
2015/2016,2015,FORMACIÓ PROFESSIONAL,CFPS - DISSENY I MOBLAMENT (CONSTRUCCIONS EFÍMERES I DECORACIÓ),2,18,2,16,1,1
2015/2016,2015,FORMACIÓ PROFESSIONAL,CFPS - DISSENY I PRODUCCIÓ EDITORIAL,2,6,3,3,0,1
2015/2016,2015,FORMACIÓ PROFESSIONAL,CFPS - DISSENY TÈCNIC EN TÈXTIL i PELL,1,24,20,4,1,1
2015/2016,2015,FORMACIÓ PROFESSIONAL,CFPS - DISSENY TÈCNIC EN TÈXTIL i PELL,2,6,2,4,1,1
2015/2016,2015,FORMACIÓ PROFESSIONAL,CFPS - DOCUMENTACIÓ I ADMINISTRACIÓ SANITÀRIA,1,509,399,110,16,19
2015/2016,2015,FORMACIÓ PROFESSIONAL,CFPS - DOCUMENTACIÓ SANITÀRIA,1,106,77,29,0,15
2015/2016,2015,FORMACIÓ PROFESSIONAL,CFPS - DOCUMENTACIÓ SANITÀRIA,2,7,6,1,0,1
2015/2016,2015,FORMACIÓ PROFESSIONAL,CFPS - DOCUMENTACIÓ SANITÀRIA,P,39,29,10,0,5
2015/2016,2015,FORMACIÓ PROFESSIONAL,CFPS - EDUCACIÓ I CONTROL AMBIENTAL,1,93,30,63,8,4
2015/2016,2015,FORMACIÓ PROFESSIONAL,CFPS - EDUCACIÓ I CONTROL AMBIENTAL,2,96,27,69,8,4
2015/2016,2015,FORMACIÓ PROFESSIONAL,CFPS - EDUCACIÓ INFANTIL,1,2759,2485,274,94,73
2015/2016,2015,FORMACIÓ PROFESSIONAL,CFPS - EDUCACIÓ INFANTIL,2,2755,2524,231,104,74
2015/2016,2015,FORMACIÓ PROFESSIONAL,CFPS - EDUCACIÓ INFANTIL,P,33,31,2,0,12
2015/2016,2015,FORMACIÓ PROFESSIONAL,CFPS - EDUCACIÓ INFANTIL,NA,1795,1734,61,0,1
2015/2016,2015,FORMACIÓ PROFESSIONAL,CFPS - EFICIÈNCIA ENERGÈTICA I ENERGIA SOLAR I TÈRMICA,1,75,0,75,9,5
2015/2016,2015,FORMACIÓ PROFESSIONAL,CFPS - EFICIÈNCIA ENERGÈTICA I ENERGIA SOLAR I TÈRMICA,2,106,6,100,12,8
2015/2016,2015,FORMACIÓ PROFESSIONAL,CFPS - ENERGIES RENOVABLES,1,76,3,73,4,4
2015/2016,2015,FORMACIÓ PROFESSIONAL,CFPS - ENERGIES RENOVABLES,2,122,5,117,6,5
2015/2016,2015,FORMACIÓ PROFESSIONAL,CFPS - ENERGIES RENOVABLES,P,1,0,1,0,1
2015/2016,2015,FORMACIÓ PROFESSIONAL,CFPS - ESTILISME I DIRECCIÓ DE PERRUQUERIA,1,56,48,8,4,5
2015/2016,2015,FORMACIÓ PROFESSIONAL,CFPS - ESTILISME I DIRECCIÓ DE PERRUQUERIA,2,80,73,7,4,5
2015/2016,2015,FORMACIÓ PROFESSIONAL,CFPS - ESTÈTICA INTEGRAL I BENESTAR,1,251,245,6,10,11
2015/2016,2015,FORMACIÓ PROFESSIONAL,CFPS - ESTÈTICA INTEGRAL I BENESTAR,2,286,282,4,9,10
2015/2016,2015,FORMACIÓ PROFESSIONAL,CFPS - ESTÈTICA INTEGRAL I BENESTAR,P,2,2,0,0,1
2015/2016,2015,FORMACIÓ PROFESSIONAL,CFPS - FABRICACIÓ DE PRODUCTES FARMACÈUTICS I AFINS,1,125,67,58,0,5
2015/2016,2015,FORMACIÓ PROFESSIONAL,"CFPS - FABRICACIÓ DE PRODUCTES FARMACÈUTICS, BIOTECNOLÒGICS I AFINS",1,268,142,126,9,7
2015/2016,2015,FORMACIÓ PROFESSIONAL,CFPS - GESTIÓ COMERCIAL I MÀRQUETING,1,273,112,161,0,37
2015/2016,2015,FORMACIÓ PROFESSIONAL,CFPS - GESTIÓ COMERCIAL I MÀRQUETING,P,14,7,7,0,6
2015/2016,2015,FORMACIÓ PROFESSIONAL,CFPS - GESTIÓ COMERCIAL I MÀRQUETING,NA,379,203,176,0,1
2015/2016,2015,FORMACIÓ PROFESSIONAL,CFPS - GESTIÓ D'ALLOTJAMENTS TURÍSTICS,1,499,301,198,16,14
2015/2016,2015,FORMACIÓ PROFESSIONAL,CFPS - GESTIÓ D'ALLOTJAMENTS TURÍSTICS,2,472,315,157,14,13
2015/2016,2015,FORMACIÓ PROFESSIONAL,CFPS - GESTIÓ D'ALLOTJAMENTS TURÍSTICS,P,2,1,1,0,1
2015/2016,2015,FORMACIÓ PROFESSIONAL,CFPS - GESTIÓ DE VENDES I ESPAIS COMERCIALS,1,554,254,300,27,27
2015/2016,2015,FORMACIÓ PROFESSIONAL,CFPS - GESTIÓ DE VENDES I ESPAIS COMERCIALS,NA,110,57,53,0,1
2015/2016,2015,FORMACIÓ PROFESSIONAL,CFPS - GESTIÓ FORESTAL I DEL MEDI NATURAL,1,185,25,160,7,8
2015/2016,2015,FORMACIÓ PROFESSIONAL,CFPS - GESTIÓ FORESTAL I DEL MEDI NATURAL,2,223,37,186,7,8
2015/2016,2015,FORMACIÓ PROFESSIONAL,CFPS - GESTIÓ I ORGANITZACIÓ D'EMPRESES AGROPECUÀRIES,2,68,9,59,4,5
2015/2016,2015,FORMACIÓ PROFESSIONAL,"CFPS - GUIA, INFORMACIÓ I ASSIST. TURÍST. (DINAMITZACIÓ LÚDICA, CULTURAL I FISICORECREATIVA)",1,33,27,6,0,2
2015/2016,2015,FORMACIÓ PROFESSIONAL,"CFPS - GUIA, INFORMACIÓ I ASSIST. TURÍST. (DINAMITZACIÓ LÚDICA, CULTURAL I FISICORECREATIVA)",2,22,13,9,0,2
2015/2016,2015,FORMACIÓ PROFESSIONAL,"CFPS - GUIA, INFORMACIÓ I ASSISTÈNCIA TURÍSTIQUES",1,344,229,115,18,15
2015/2016,2015,FORMACIÓ PROFESSIONAL,"CFPS - GUIA, INFORMACIÓ I ASSISTÈNCIA TURÍSTIQUES",2,424,310,114,18,14
2015/2016,2015,FORMACIÓ PROFESSIONAL,"CFPS - GUIA, INFORMACIÓ I ASSISTÈNCIA TURÍSTIQUES",P,20,14,6,0,3
2015/2016,2015,FORMACIÓ PROFESSIONAL,CFPS - HIGIENE BUCODENTAL,1,1342,1160,182,23,19
2015/2016,2015,FORMACIÓ PROFESSIONAL,CFPS - HIGIENE BUCODENTAL,P,18,14,4,0,3
2015/2016,2015,FORMACIÓ PROFESSIONAL,"CFPS - IL·LUMINACIÓ, CAPTACIÓ i TRACTAMENT D'IMATGE",1,175,90,85,5,6
2015/2016,2015,FORMACIÓ PROFESSIONAL,"CFPS - IL·LUMINACIÓ, CAPTACIÓ i TRACTAMENT D'IMATGE",2,202,102,100,5,6
2015/2016,2015,FORMACIÓ PROFESSIONAL,"CFPS - IL·LUMINACIÓ, CAPTACIÓ i TRACTAMENT D'IMATGE",P,16,10,6,0,1
2015/2016,2015,FORMACIÓ PROFESSIONAL,CFPS - IMATGE PER AL DIAGNÒSTIC,2,488,294,194,7,12
2015/2016,2015,FORMACIÓ PROFESSIONAL,CFPS - IMATGE PER AL DIAGNÒSTIC,P,3,2,1,0,3
2015/2016,2015,FORMACIÓ PROFESSIONAL,CFPS - IMATGE PER AL DIAGNÒSTIC I MEDICINA NUCLEAR,1,572,359,213,8,12
2015/2016,2015,FORMACIÓ PROFESSIONAL,CFPS - IMATGE PER AL DIAGNÒSTIC I MEDICINA NUCLEAR,2,1,0,1,0,1
2015/2016,2015,FORMACIÓ PROFESSIONAL,CFPS - INDÚSTRIES DE PROCÉS DE PASTA I PAPER,1,34,19,15,1,1
2015/2016,2015,FORMACIÓ PROFESSIONAL,CFPS - INTEGRACIÓ SOCIAL,1,1840,1417,423,57,44
2015/2016,2015,FORMACIÓ PROFESSIONAL,CFPS - INTEGRACIÓ SOCIAL,2,1646,1254,392,51,37
2015/2016,2015,FORMACIÓ PROFESSIONAL,CFPS - INTEGRACIÓ SOCIAL,P,17,12,5,0,4
2015/2016,2015,FORMACIÓ PROFESSIONAL,CFPS - INTEGRACIÓ SOCIAL,NA,1172,979,193,0,1
2015/2016,2015,FORMACIÓ PROFESSIONAL,CFPS - INTERPRETACIÓ DE LA LLENGUA DE SIGNES,2,120,99,21,5,3
2015/2016,2015,FORMACIÓ PROFESSIONAL,CFPS - LABORATORI CLÍNIC I BIOMÈDIC,1,796,552,244,22,22
2015/2016,2015,FORMACIÓ PROFESSIONAL,CFPS - LABORATORI D'ANÀLISI I CONTROL DE QUALITAT,1,516,258,258,15,15
2015/2016,2015,FORMACIÓ PROFESSIONAL,CFPS - LABORATORI D'ANÀLISI I CONTROL DE QUALITAT,2,506,248,258,17,15
2015/2016,2015,FORMACIÓ PROFESSIONAL,CFPS - LABORATORI DE DIAGNÒSTIC CLÍNIC,1,1,1,0,0,1
2015/2016,2015,FORMACIÓ PROFESSIONAL,CFPS - LABORATORI DE DIAGNÒSTIC CLÍNIC,2,709,531,178,21,22
2015/2016,2015,FORMACIÓ PROFESSIONAL,CFPS - MANTENIMENT AEROMECÀNIC,1,28,3,25,1,1
2015/2016,2015,FORMACIÓ PROFESSIONAL,CFPS - MANTENIMENT AEROMECÀNIC,2,30,1,29,1,1
2015/2016,2015,FORMACIÓ PROFESSIONAL,CFPS - MANTENIMENT D'AVIÒNICA,2,20,0,20,1,1
2015/2016,2015,FORMACIÓ PROFESSIONAL,CFPS - MANTENIMENT D'INSTAL·LACIONS TÈRMIQUES I DE FLUIDS,1,100,1,99,10,7
2015/2016,2015,FORMACIÓ PROFESSIONAL,CFPS - MANTENIMENT D'INSTAL·LACIONS TÈRMIQUES I DE FLUIDS,2,103,1,102,10,6
2015/2016,2015,FORMACIÓ PROFESSIONAL,CFPS - MANTENIMENT ELECTRÒNIC,1,127,6,121,20,8
2015/2016,2015,FORMACIÓ PROFESSIONAL,CFPS - MANTENIMENT ELECTRÒNIC,2,135,4,131,21,9
2015/2016,2015,FORMACIÓ PROFESSIONAL,CFPS - MECATRÒNICA INDUSTRIAL,1,361,11,350,34,18
2015/2016,2015,FORMACIÓ PROFESSIONAL,CFPS - MECATRÒNICA INDUSTRIAL,2,379,9,370,23,21
2015/2016,2015,FORMACIÓ PROFESSIONAL,CFPS - MECATRÒNICA INDUSTRIAL (FABRICACIÓ DE PRODUCTES CERÀMICS),1,7,0,7,0,1
2015/2016,2015,FORMACIÓ PROFESSIONAL,CFPS - MECATRÒNICA INDUSTRIAL (FABRICACIÓ DE PRODUCTES CERÀMICS),2,17,0,17,0,1
2015/2016,2015,FORMACIÓ PROFESSIONAL,CFPS - MEDIACIÓ COMUNICATIVA,1,81,68,13,4,3
2015/2016,2015,FORMACIÓ PROFESSIONAL,CFPS - MÀRQUETING I PUBLICITAT,1,726,354,372,20,22
2015/2016,2015,FORMACIÓ PROFESSIONAL,CFPS - MÀRQUETING I PUBLICITAT (ENOLÒGIC),1,27,14,13,2,2
2015/2016,2015,FORMACIÓ PROFESSIONAL,CFPS - ORGANITZACIÓ DEL MANTENIMENT DE LA MAQUINÀRIA DE VAIXELLS I EMBARCACIONS,1,31,0,31,1,1
2015/2016,2015,FORMACIÓ PROFESSIONAL,CFPS - ORGANITZACIÓ DEL MANTENIMENT DE LA MAQUINÀRIA DE VAIXELLS I EMBARCACIONS,2,26,3,23,1,1
2015/2016,2015,FORMACIÓ PROFESSIONAL,CFPS - ORTOPRÒTESI I PRODUCTES DE SUPORT,1,8,1,7,0,1
2015/2016,2015,FORMACIÓ PROFESSIONAL,CFPS - ORTOPRÒTESI I PRODUCTES DE SUPORT,2,9,4,5,0,1
2015/2016,2015,FORMACIÓ PROFESSIONAL,CFPS - PAISATGISME I MEDI RURAL,1,71,10,61,3,3
2015/2016,2015,FORMACIÓ PROFESSIONAL,CFPS - PAISATGISME I MEDI RURAL,2,72,11,61,3,4
2015/2016,2015,FORMACIÓ PROFESSIONAL,CFPS - PAISATGISME I MEDI RURAL,P,1,0,1,0,1
2015/2016,2015,FORMACIÓ PROFESSIONAL,CFPS - PAISATGISME I MEDI RURAL (GESTIÓ AGROPECUÀRIA),1,38,0,38,3,3
2015/2016,2015,FORMACIÓ PROFESSIONAL,CFPS - PATRONATGE I MODA,1,130,113,17,4,4
2015/2016,2015,FORMACIÓ PROFESSIONAL,CFPS - PATRONATGE I MODA,2,71,61,10,4,5
2015/2016,2015,FORMACIÓ PROFESSIONAL,CFPS - PREVENCIÓ DE RISCOS PROFESSIONALS,1,105,33,72,10,6
2015/2016,2015,FORMACIÓ PROFESSIONAL,CFPS - PREVENCIÓ DE RISCOS PROFESSIONALS,2,122,31,91,17,9
2015/2016,2015,FORMACIÓ PROFESSIONAL,CFPS - PREVENCIÓ DE RISCOS PROFESSIONALS,NA,504,198,306,0,1
2015/2016,2015,FORMACIÓ PROFESSIONAL,CFPS - PROCESSOS I QUALITAT EN LA INDÚSRIA ALIMENTÀRIA,1,90,40,50,4,4
2015/2016,2015,FORMACIÓ PROFESSIONAL,CFPS - PROCESSOS I QUALITAT EN LA INDÚSRIA ALIMENTÀRIA,2,80,29,51,3,4
2015/2016,2015,FORMACIÓ PROFESSIONAL,CFPS - PRODUCCIÓ D'AUDIOVISUALS I ESPECTACLES,1,189,82,107,6,6
2015/2016,2015,FORMACIÓ PROFESSIONAL,CFPS - PRODUCCIÓ D'AUDIOVISUALS I ESPECTACLES,2,179,90,89,6,6
2015/2016,2015,FORMACIÓ PROFESSIONAL,CFPS - PRODUCCIÓ D'AUDIOVISUALS I ESPECTACLES,P,27,11,16,0,2
2015/2016,2015,FORMACIÓ PROFESSIONAL,CFPS - PRODUCCIÓ EN INDÚSTRIES D'ARTS GRÀFIQUES,2,9,3,6,0,2
2015/2016,2015,FORMACIÓ PROFESSIONAL,CFPS - PROGRAMACIÓ DE LA PRODUCCIÓ EN L'EMMOTLLAMENT DE METALLS I POLÍMERS,1,11,0,11,1,1
2015/2016,2015,FORMACIÓ PROFESSIONAL,CFPS - PROGRAMACIÓ DE LA PRODUCCIÓ EN L'EMMOTLLAMENT DE METALLS I POLÍMERS,2,1,0,1,0,1
2015/2016,2015,FORMACIÓ PROFESSIONAL,CFPS - PROGRAMACIÓ DE PRODUCCIÓ EN FABRICACIÓ MECÀNICA,1,243,12,231,20,13
2015/2016,2015,FORMACIÓ PROFESSIONAL,CFPS - PROGRAMACIÓ DE PRODUCCIÓ EN FABRICACIÓ MECÀNICA,2,256,11,245,26,15
2015/2016,2015,FORMACIÓ PROFESSIONAL,CFPS - PROGRAMACIÓ DE PRODUCCIÓ EN FABRICACIÓ MECÀNICA,P,4,0,4,0,1
2015/2016,2015,FORMACIÓ PROFESSIONAL,CFPS - PROJECTES D'EDIFICACIÓ,1,142,46,96,31,12
2015/2016,2015,FORMACIÓ PROFESSIONAL,CFPS - PROJECTES D'EDIFICACIÓ,2,125,35,90,32,12
2015/2016,2015,FORMACIÓ PROFESSIONAL,CFPS - PROJECTES D'EDIFICACIÓ (REHABILITACIÓ I RESTAURACIÓ),1,39,11,28,1,2
2015/2016,2015,FORMACIÓ PROFESSIONAL,CFPS - PROJECTES D'EDIFICACIÓ (REHABILITACIÓ I RESTAURACIÓ),2,16,6,10,1,1
2015/2016,2015,FORMACIÓ PROFESSIONAL,CFPS - PROJECTES D'OBRA CIVIL,1,28,3,25,1,1
2015/2016,2015,FORMACIÓ PROFESSIONAL,CFPS - PROJECTES D'OBRA CIVIL,2,40,10,30,6,2
2015/2016,2015,FORMACIÓ PROFESSIONAL,CFPS - PROJECTES D'OBRA CIVIL (SOBREESTANTS),1,18,5,13,1,1
2015/2016,2015,FORMACIÓ PROFESSIONAL,CFPS - PROJECTES D'OBRA CIVIL (SOBREESTANTS),2,9,0,9,1,1
2015/2016,2015,FORMACIÓ PROFESSIONAL,CFPS - PROJECTES D'OBRA CIVIL (ÚS D'APLICACIONS SIG),1,12,2,10,5,1
2015/2016,2015,FORMACIÓ PROFESSIONAL,CFPS - PROJECTES D'OBRA CIVIL (ÚS D'APLICACIONS SIG),2,7,1,6,5,1
2015/2016,2015,FORMACIÓ PROFESSIONAL,CFPS - PROMOCIÓ DE LA IGUALTAT DE GÈNERE,1,36,32,4,1,2
2015/2016,2015,FORMACIÓ PROFESSIONAL,CFPS - PROMOCIÓ DE LA IGUALTAT DE GÈNERE,2,17,15,2,1,1
2015/2016,2015,FORMACIÓ PROFESSIONAL,CFPS - PRÒTESIS DENTALS,1,198,132,66,3,6
2015/2016,2015,FORMACIÓ PROFESSIONAL,CFPS - PRÒTESIS DENTALS,2,164,103,61,3,5
2015/2016,2015,FORMACIÓ PROFESSIONAL,CFPS - PRÒTESIS DENTALS,P,2,1,1,0,1
2015/2016,2015,FORMACIÓ PROFESSIONAL,CFPS - QUÍMICA AMBIENTAL,1,337,171,166,8,6
2015/2016,2015,FORMACIÓ PROFESSIONAL,CFPS - QUÍMICA INDUSTRIAL,1,292,55,237,9,5
2015/2016,2015,FORMACIÓ PROFESSIONAL,CFPS - QUÍMICA INDUSTRIAL,2,249,44,205,9,5
2015/2016,2015,FORMACIÓ PROFESSIONAL,CFPS - RADIOTERÀPIA,2,74,48,26,2,3
2015/2016,2015,FORMACIÓ PROFESSIONAL,CFPS - RADIOTERÀPIA,P,1,0,1,0,1
2015/2016,2015,FORMACIÓ PROFESSIONAL,CFPS - RADIOTERÀPIA I DOSIMETRIA,1,74,59,15,2,3
2015/2016,2015,FORMACIÓ PROFESSIONAL,CFPS - RAMADERIA I ASSISTÈNCIA EN SANITAT ANIMAL,1,44,21,23,1,2
2015/2016,2015,FORMACIÓ PROFESSIONAL,CFPS - RAMADERIA I ASSISTÈNCIA EN SANITAT ANIMAL,2,21,13,8,1,1
2015/2016,2015,FORMACIÓ PROFESSIONAL,CFPS - REALITZACIÓ DE PROJECTES AUDIOVISUALS I ESPECTACLES,1,265,95,170,6,7
2015/2016,2015,FORMACIÓ PROFESSIONAL,CFPS - REALITZACIÓ DE PROJECTES AUDIOVISUALS I ESPECTACLES,2,295,125,170,6,7
2015/2016,2015,FORMACIÓ PROFESSIONAL,CFPS - REALITZACIÓ DE PROJECTES AUDIOVISUALS I ESPECTACLES,P,18,4,14,0,1
2015/2016,2015,FORMACIÓ PROFESSIONAL,CFPS - REALITZACIÓ I PLANS D'OBRES,1,15,2,13,1,1
2015/2016,2015,FORMACIÓ PROFESSIONAL,CFPS - REALITZACIÓ I PLANS D'OBRES,2,19,0,19,1,1
2015/2016,2015,FORMACIÓ PROFESSIONAL,CFPS - SALUT AMBIENTAL,1,115,65,50,5,5
2015/2016,2015,FORMACIÓ PROFESSIONAL,CFPS - SALUT AMBIENTAL,2,100,47,53,5,5
2015/2016,2015,FORMACIÓ PROFESSIONAL,CFPS - SECRETARIAT,1,67,56,11,0,14
2015/2016,2015,FORMACIÓ PROFESSIONAL,CFPS - SECRETARIAT,P,9,9,0,0,2
2015/2016,2015,FORMACIÓ PROFESSIONAL,CFPS - SECRETARIAT,NA,362,319,43,0,1
2015/2016,2015,FORMACIÓ PROFESSIONAL,CFPS - SERVEIS AL CONSUMIDOR,1,36,19,17,1,1
2015/2016,2015,FORMACIÓ PROFESSIONAL,CFPS - SISTEMES DE TELECOMUNICACIONS I INFORMÀTICS,1,265,27,238,32,16
2015/2016,2015,FORMACIÓ PROFESSIONAL,CFPS - SISTEMES DE TELECOMUNICACIONS I INFORMÀTICS,2,318,29,289,41,20
2015/2016,2015,FORMACIÓ PROFESSIONAL,CFPS - SISTEMES DE TELECOMUNICACIONS I INFORMÀTICS,P,2,0,2,0,1
2015/2016,2015,FORMACIÓ PROFESSIONAL,CFPS - SISTEMES ELECTROTÈCNICS I AUTOMATITZATS,1,340,9,331,27,18
2015/2016,2015,FORMACIÓ PROFESSIONAL,CFPS - SISTEMES ELECTROTÈCNICS I AUTOMATITZATS,2,367,10,357,26,20
2015/2016,2015,FORMACIÓ PROFESSIONAL,CFPS - SISTEMES ELECTROTÈCNICS I AUTOMATITZATS,P,1,0,1,0,1
2015/2016,2015,FORMACIÓ PROFESSIONAL,CFPS - SISTEMES ELECTROTÈCNICS I AUTOMATITZATS (INSTAL. ELÈCTRIQUES I COMUNICACIÓ DE VAIXELLS),1,20,0,20,1,1
2015/2016,2015,FORMACIÓ PROFESSIONAL,CFPS - SO PER AUDIOVISUALS I ESPECTACLES,1,209,28,181,6,4
2015/2016,2015,FORMACIÓ PROFESSIONAL,CFPS - SO PER AUDIOVISUALS I ESPECTACLES,2,256,26,230,7,4
2015/2016,2015,FORMACIÓ PROFESSIONAL,CFPS - SO PER AUDIOVISUALS I ESPECTACLES,P,22,1,21,0,2
2015/2016,2015,FORMACIÓ PROFESSIONAL,CFPS - SUPERVISIÓ I CONTROL DE MÀQUINES I INSTAL·LACIONS DEL VAIXELL,2,4,1,3,0,1
2015/2016,2015,FORMACIÓ PROFESSIONAL,CFPS - TRANSPORT I LOGÍSTICA,1,225,72,153,14,11
2015/2016,2015,FORMACIÓ PROFESSIONAL,CFPS - TRANSPORT I LOGÍSTICA,2,290,105,185,15,11
2015/2016,2015,FORMACIÓ PROFESSIONAL,CFPS - TRANSPORT I LOGÍSTICA,P,4,1,3,0,1
2015/2016,2015,FORMACIÓ PROFESSIONAL,CFPS - TRANSPORT MARÍTIM I PESCA D'ALTURA,1,42,2,40,2,1
2015/2016,2015,FORMACIÓ PROFESSIONAL,CFPS - TRANSPORT MARÍTIM I PESCA D'ALTURA,2,63,5,58,2,1
2015/2016,2015,FORMACIÓ PROFESSIONAL,CFPS - VESTUARI A MIDA PER ESPECTACLES,1,40,39,1,1,2
2015/2016,2015,FORMACIÓ PROFESSIONAL,CFPS - VESTUARI A MIDA PER ESPECTACLES,2,27,25,2,1,3
2015/2016,2015,FORMACIÓ PROFESSIONAL,CFPS - VITIVINICULTURA,1,70,19,51,3,3
2015/2016,2015,FORMACIÓ PROFESSIONAL,CFPS - VITIVINICULTURA,2,66,17,49,2,2
2015/2016,2015,FORMACIÓ PROFESSIONAL,CFPS - ÒPTICA D'ULLERA,1,30,13,17,1,1
2015/2016,2015,FORMACIÓ PROFESSIONAL,CFPS - ÒPTICA D'ULLERA,2,25,15,10,1,1
2015/2016,2015,ITINERARIS FORMATIUS ESPECÍFICS,ITINERARIS FORMATIUS ESPECÍFICS,NA,199,63,136,0,14
2015/2016,2015,MÚSICA,ACORDIÓ (INTERPRETACIÓ: CLÀSSICA I CONTEMPORÀNIA),NA,5,2,3,0,1
2015/2016,2015,MÚSICA,ACORDIÓ DIATÒNIC (INTERPRETACIÓ: MÚSICA TRADICIONAL I FLAMENC),NA,1,0,1,0,1
2015/2016,2015,MÚSICA,ARPA (INTERPRETACIÓ: CLÀSSICA I CONTEMPORÀNIA),NA,7,7,0,0,2
2015/2016,2015,MÚSICA,ARPES HISTÒRIQUES (INTERPRETACIÓ: MÚSICA ANTIGA),NA,1,0,1,0,1
2015/2016,2015,MÚSICA,BAIX ELÈCTRIC (INTERPRETACIÓ: JAZZ I MÚSICA MODERNA),NA,35,3,32,0,4
2015/2016,2015,MÚSICA,BATERIA (INTERPRETACIÓ: JAZZ I MÚSICA MODERNA),NA,64,2,62,0,4
2015/2016,2015,MÚSICA,CANT (INTERPRETACIÓ: CLÀSSICA I CONTEMPORÀNIA),NA,82,60,22,0,2
2015/2016,2015,MÚSICA,CANT (INTERPRETACIÓ: JAZZ I MÚSICA MODERNA),NA,45,37,8,0,4
2015/2016,2015,MÚSICA,CANT FLAMENC (INTERPRETACIÓ: MÚSICA TRADICIONAL),NA,10,9,1,0,2
2015/2016,2015,MÚSICA,CANT HISTÒRIC (INTERPRETACIÓ: MÚSICA ANTIGA),NA,8,3,5,0,1
2015/2016,2015,MÚSICA,CLARINET (INTERPRETACIÓ: CLÀSSICA I CONTEMPORÀNIA),NA,24,7,17,0,2
2015/2016,2015,MÚSICA,CLARINET (INTERPRETACIÓ: JAZZ I MÚSICA MODERNA),NA,4,2,2,0,3
2015/2016,2015,MÚSICA,CLAVICÈMBAL (INTERPRETACIÓ: MÚSICA ANTIGA),NA,2,0,2,0,1
2015/2016,2015,MÚSICA,COMPOSICIÓ,NA,90,19,71,0,3
2015/2016,2015,MÚSICA,CONTRABAIX (INTERPRETACIÓ: CLÀSSICA I CONTEMPORÀNIA),NA,11,6,5,0,2
2015/2016,2015,MÚSICA,CONTRABAIX (INTERPRETACIÓ: JAZZ I MÚSICA MODERNA),NA,18,2,16,0,3
2015/2016,2015,MÚSICA,CORNAMUSA (INTERPRETACIÓ: MÚSICA TRADICIONAL I FLAMENC),NA,1,0,1,0,1
2015/2016,2015,MÚSICA,DIRECCIÓ DE COR,NA,20,6,14,0,1
2015/2016,2015,MÚSICA,FAGOT (INTERPRETACIÓ: CLÀSSICA I CONTEMPORÀNIA),NA,13,6,7,0,2
2015/2016,2015,MÚSICA,FAGOTS HISTÒRICS (INTERPRETACIÓ: MÚSICA ANTIGA),NA,1,0,1,0,1
2015/2016,2015,MÚSICA,FLABIOL I TAMBORÍ (INTERPRETACIÓ: MÚSICA TRADICIONAL),NA,3,1,2,0,1
2015/2016,2015,MÚSICA,FLAUTA TRAVESSERA (INTERPRETACIÓ: CLÀSSICA I CONTEMPORÀNIA),NA,30,20,10,0,2
2015/2016,2015,MÚSICA,FLAUTA TRAVESSERA (INTERPRETACIÓ: JAZZ I MÚSICA MODERNA),NA,3,2,1,0,3
2015/2016,2015,MÚSICA,FLAUTA TRAVESSERA BARROCA (INTERPRETACIÓ: MÚSICA ANTIGA),NA,1,1,0,0,1
2015/2016,2015,MÚSICA,GUITARRA (INTERPRETACIÓ: CLÀSSICA I CONTEMPORÀNIA),NA,26,4,22,0,2
2015/2016,2015,MÚSICA,GUITARRA ACÚSTICA (INTERPRETACIÓ: JAZZ I MÚSICA MODERNA),NA,4,0,4,0,1
2015/2016,2015,MÚSICA,GUITARRA ELÈCTRICA (INTERPRETACIÓ: JAZZ I MÚSICA MODERNA),NA,75,0,75,0,4
2015/2016,2015,MÚSICA,GUITARRA FLAMENCA (INTERPRETACIÓ: MÚSICA TRADICIONAL),NA,23,1,22,0,2
2015/2016,2015,MÚSICA,INSTRUMENTS HISTÒRICS DE BROQUET (INTERPRETACIÓ: MÚSICA ANTIGA),NA,2,0,2,0,1
2015/2016,2015,MÚSICA,INSTRUMENTS HISTÒRICS DE CORDA POLSADA (INTERPRETACIÓ: MÚSICA ANTIGA),NA,5,0,5,0,1
2015/2016,2015,MÚSICA,INSTRUMENTS PROPIS D'ALTRES TRADICIONS I FOLKLORES (INTERPRETACIÓ: MÚSICA TRADICIONAL),NA,3,0,3,0,1
2015/2016,2015,MÚSICA,MUSICOLOGIA HISTÒRICA,NA,30,18,12,0,1
2015/2016,2015,MÚSICA,MÚSICA GP - ACORDIÓ,NA,24,12,12,0,6
2015/2016,2015,MÚSICA,MÚSICA GP - ARPA,NA,18,13,5,0,3
2015/2016,2015,MÚSICA,MÚSICA GP - BAIX ELÈCTRIC,NA,8,0,8,0,4
2015/2016,2015,MÚSICA,MÚSICA GP - CANT,NA,164,117,47,0,17
2015/2016,2015,MÚSICA,MÚSICA GP - CLARINET,NA,236,125,111,0,23
2015/2016,2015,MÚSICA,MÚSICA GP - CLAVICÈMBAL,NA,5,1,4,0,3
2015/2016,2015,MÚSICA,MÚSICA GP - CONTRABAIX,NA,60,24,36,0,16
2015/2016,2015,MÚSICA,MÚSICA GP - FAGOT,NA,53,23,30,0,15
2015/2016,2015,MÚSICA,MÚSICA GP - FLABIOL I TAMBORÍ,NA,13,6,7,0,3
2015/2016,2015,MÚSICA,MÚSICA GP - FLAUTA DE BEC,NA,35,21,14,0,9
2015/2016,2015,MÚSICA,MÚSICA GP - FLAUTA TRAVESSERA,NA,295,229,66,0,24
2015/2016,2015,MÚSICA,MÚSICA GP - GUITARRA,NA,248,102,146,0,22
2015/2016,2015,MÚSICA,MÚSICA GP - GUITARRA ELÈCTRICA,NA,37,2,35,0,7
2015/2016,2015,MÚSICA,MÚSICA GP - INSTRUMENTS DE CORDA POLSADA,NA,2,0,2,0,1
2015/2016,2015,MÚSICA,MÚSICA GP - OBOÈ,NA,90,46,44,0,18
2015/2016,2015,MÚSICA,MÚSICA GP - ORGUE,NA,12,2,10,0,3
2015/2016,2015,MÚSICA,MÚSICA GP - PERCUSSIÓ,NA,87,16,71,0,16
2015/2016,2015,MÚSICA,MÚSICA GP - PIANO,NA,932,568,364,0,24
2015/2016,2015,MÚSICA,MÚSICA GP - SAXÒFON,NA,144,54,90,0,21
2015/2016,2015,MÚSICA,MÚSICA GP - TENORA,NA,8,2,6,0,3
2015/2016,2015,MÚSICA,MÚSICA GP - TIBLE,NA,7,0,7,0,2
2015/2016,2015,MÚSICA,MÚSICA GP - TROMBÓ,NA,87,21,66,0,16
2015/2016,2015,MÚSICA,MÚSICA GP - TROMPA,NA,71,20,51,0,18
2015/2016,2015,MÚSICA,MÚSICA GP - TROMPETA,NA,112,30,82,0,20
2015/2016,2015,MÚSICA,MÚSICA GP - TUBA,NA,24,5,19,0,6
2015/2016,2015,MÚSICA,MÚSICA GP - VIOLA,NA,109,71,38,0,20
2015/2016,2015,MÚSICA,MÚSICA GP - VIOLA DE GAMBA,NA,1,1,0,0,1
2015/2016,2015,MÚSICA,MÚSICA GP - VIOLONCEL,NA,230,135,95,0,23
2015/2016,2015,MÚSICA,MÚSICA GP - VIOLÍ,NA,571,392,179,0,24
2015/2016,2015,MÚSICA,OBOÈ (INTERPRETACIÓ: CLÀSSICA I CONTEMPORÀNIA),NA,16,8,8,0,2
2015/2016,2015,MÚSICA,ORGUE (INTERPRETACIÓ: CLÀSSICA I CONTEMPORÀNIA),NA,6,1,5,0,1
2015/2016,2015,MÚSICA,PEDAGOGIA DE L'INSTRUMENT,NA,122,83,39,0,2
2015/2016,2015,MÚSICA,PERCUSSIÓ (INTERPRETACIÓ: CLÀSSICA I CONTEMPORÀNIA),NA,12,1,11,0,2
2015/2016,2015,MÚSICA,PERCUSSIÓ (INTERPRETACIÓ: JAZZ I MÚSICA MODERNA),NA,13,0,13,0,3
2015/2016,2015,MÚSICA,PIANO (INTERPRETACIÓ: CLÀSSICA I CONTEMPORÀNIA),NA,129,56,73,0,2
2015/2016,2015,MÚSICA,PIANO (INTERPRETACIÓ: JAZZ I MÚSICA MODERNA),NA,48,6,42,0,3
2015/2016,2015,MÚSICA,PRODUCCIÓ I GESTIÓ,NA,12,6,6,0,1
2015/2016,2015,MÚSICA,SAXÒFON (INTERPRETACIÓ: CLÀSSICA I CONTEMPORÀNIA),NA,26,7,19,0,2
2015/2016,2015,MÚSICA,SAXÒFON (INTERPRETACIÓ: JAZZ I MÚSICA MODERNA),NA,42,4,38,0,3
2015/2016,2015,MÚSICA,SONOLOGIA,NA,28,3,25,0,1
2015/2016,2015,MÚSICA,TECLATS (INTERPRETACIÓ: JAZZ I MÚSICA MODERNA),NA,8,0,8,0,4
2015/2016,2015,MÚSICA,TENORA (INTERPRETACIÓ: MÚSICA TRADICIONAL),NA,4,0,4,0,1
2015/2016,2015,MÚSICA,TIBLE (INTERPRETACIÓ: MÚSICA TRADICIONAL),NA,4,0,4,0,1
2015/2016,2015,MÚSICA,TROMBÓ (INTERPRETACIÓ: CLÀSSICA I CONTEMPORÀNIA),NA,24,5,19,0,2
2015/2016,2015,MÚSICA,TROMBÓ (INTERPRETACIÓ: JAZZ I MÚSICA MODERNA),NA,11,1,10,0,3
2015/2016,2015,MÚSICA,TROMPA (INTERPRETACIÓ: CLÀSSICA I CONTEMPORÀNIA),NA,22,9,13,0,2
2015/2016,2015,MÚSICA,TROMPETA (INTERPRETACIÓ: CLÀSSICA I CONTEMPORÀNIA),NA,21,4,17,0,2
2015/2016,2015,MÚSICA,TROMPETA (INTERPRETACIÓ: JAZZ I MÚSICA MODERNA),NA,19,4,15,0,3
2015/2016,2015,MÚSICA,TUBA (INTERPRETACIÓ: CLÀSSICA I CONTEMPORÀNIA),NA,10,1,9,0,2
2015/2016,2015,MÚSICA,VIOLA (INTERPRETACIÓ: CLÀSSICA I CONTEMPORÀNIA),NA,35,18,17,0,2
2015/2016,2015,MÚSICA,VIOLA DE GAMBA (INTERPRETACIÓ: MÚSICA ANTIGA),NA,4,1,3,0,1
2015/2016,2015,MÚSICA,VIOLONCEL (INTERPRETACIÓ: CLÀSSICA I CONTEMPORÀNIA),NA,45,27,18,0,2
2015/2016,2015,MÚSICA,VIOLÍ (INTERPRETACIÓ: CLÀSSICA I CONTEMPORÀNIA),NA,105,67,38,0,3
2015/2016,2015,MÚSICA,VIOLÍ I VIOLA BARROCS (INTERPRETACIÓ: MÚSICA ANTIGA),NA,6,3,3,0,1
2015/2016,2015,MÚSICA,XEREMIA,NA,3,2,1,0,1
2015/2016,2015,MÚSICA,XEREMIA (INTERPRETACIÓ: MÚSICA TRADICIONAL I FLAMENC),NA,5,1,4,0,1
2015/2016,2015,PROGRAMA DE FORMACIÓ I INSERCIÓ,AUXILIAR D'ACTIVITATS AGROPECUÀRIES,1,24,6,18,0,2
2015/2016,2015,PROGRAMA DE FORMACIÓ I INSERCIÓ,AUXILIAR D'ACTIVITATS D'OFICINA I DE SERVEIS ADMINISTRATIUS GENERALS,1,471,234,237,0,28
2015/2016,2015,PROGRAMA DE FORMACIÓ I INSERCIÓ,AUXILIAR D'ARTS GRÀFIQUES I SERIGRAFIA,1,45,22,23,0,3
2015/2016,2015,PROGRAMA DE FORMACIÓ I INSERCIÓ,AUXILIAR D'HOTELERIA: CUINA I CÀTERING,1,97,27,70,0,7
2015/2016,2015,PROGRAMA DE FORMACIÓ I INSERCIÓ,AUXILIAR D'HOTELERIA: CUINA I SERVEIS DE RESTAURACIÓ,1,756,251,505,0,45
2015/2016,2015,PROGRAMA DE FORMACIÓ I INSERCIÓ,AUXILIAR D'IMATGE PERSONAL: PERRUQUERIA I ESTÈTICA,1,509,457,52,0,28
2015/2016,2015,PROGRAMA DE FORMACIÓ I INSERCIÓ,AUXILIAR DE COMERÇ I ATENCIÓ AL PÚBLIC,1,282,125,157,0,18
2015/2016,2015,PROGRAMA DE FORMACIÓ I INSERCIÓ,AUXILIAR DE CONFECCIÓ EN TÈXTIL I PELL,1,34,23,11,0,4
2015/2016,2015,PROGRAMA DE FORMACIÓ I INSERCIÓ,AUXILIAR DE FABRICACIÓ MECÀNICA I D'AJUST I SOLDADURA,1,143,1,142,0,9
2015/2016,2015,PROGRAMA DE FORMACIÓ I INSERCIÓ,AUXILIAR DE FABRICACIÓ MECÀNICA I INSTAL·LACIONS ELECTROTÈCNIQUES,1,145,1,144,0,9
2015/2016,2015,PROGRAMA DE FORMACIÓ I INSERCIÓ,"AUXILIAR DE FONTANERIA, CALEFACCIÓ I CLIMATITZACIÓ",1,120,0,120,0,7
2015/2016,2015,PROGRAMA DE FORMACIÓ I INSERCIÓ,AUXILIAR DE FUSTERIA METÀL·LICA I PVC,1,32,0,32,0,2
2015/2016,2015,PROGRAMA DE FORMACIÓ I INSERCIÓ,AUXILIAR DE MUNTATGE I MANTENIMENT D'EQUIPS INFORMÀTICS,1,385,24,361,0,25
2015/2016,2015,PROGRAMA DE FORMACIÓ I INSERCIÓ,AUXILIAR DE MUNTATGES D'INSTAL·LACIONS ELECTROTÈCNIQUES EN EDIFICIS,1,183,8,175,0,11
2015/2016,2015,PROGRAMA DE FORMACIÓ I INSERCIÓ,"AUXILIAR DE MUNTATGES D'INSTAL·LACIONS ELÈCTRIQUES, D'AIGUA I GAS",1,546,11,535,0,35
2015/2016,2015,PROGRAMA DE FORMACIÓ I INSERCIÓ,AUXILIAR DE PALETA I CONSTRUCCIÓ,1,77,3,74,0,6
2015/2016,2015,PROGRAMA DE FORMACIÓ I INSERCIÓ,AUXILIAR DE PASTISSERIA I DE FLECA,1,102,43,59,0,6
2015/2016,2015,PROGRAMA DE FORMACIÓ I INSERCIÓ,AUXILIAR DE PINTURA,1,274,25,249,0,18
2015/2016,2015,PROGRAMA DE FORMACIÓ I INSERCIÓ,AUXILIAR DE REPARACIÓ I MANTENIMENT DE VEHICLES LLEUGERS,1,470,12,458,0,28
2015/2016,2015,PROGRAMA DE FORMACIÓ I INSERCIÓ,AUXILIAR DE SERRALLERIA I CONSTRUCCIONS METÀL·LIQUES,1,100,2,98,0,7
2015/2016,2015,PROGRAMA DE FORMACIÓ I INSERCIÓ,"AUXILIAR DE VENDES, OFICINA I ATENCIÓ AL PÚBLIC",1,1052,543,509,0,64
2015/2016,2015,PROGRAMA DE FORMACIÓ I INSERCIÓ,AUXILIAR DE VIVERS I JARDINS,1,440,60,380,0,28
2015/2016,2015,PROGRAMA DE FORMACIÓ I INSERCIÓ,AUXILIAR EN ESTABLIMENTS DEL SECTOR CARNI,1,49,14,35,0,2
2015/2016,2015,PROGRAMA DE FORMACIÓ I INSERCIÓ,AUXILIAR EN ESTABLIMENTS HOTELERS I DE RESTAURACIÓ,1,74,25,49,0,5
2015/2016,2015,PROGRAMA DE FORMACIÓ I INSERCIÓ,AUXILIAR EN TREBALLS DE FUSTERIA I INSTAL·LACIÓ DE MOBLES,1,152,9,143,0,10
2016/2017,2016,ART DRAMÀTIC SUPERIOR,ADRL -  INTERPRETACIÓ,1,84,57,27,0,2
2016/2017,2016,ART DRAMÀTIC SUPERIOR,ADRL -  INTERPRETACIÓ,2,74,48,26,0,2
2016/2017,2016,ART DRAMÀTIC SUPERIOR,ADRL -  INTERPRETACIÓ,3,73,45,28,0,2
2016/2017,2016,ART DRAMÀTIC SUPERIOR,ADRL -  INTERPRETACIÓ,4,84,56,28,0,2
2016/2017,2016,ART DRAMÀTIC SUPERIOR,ADRL - DIRECCIÓ D'ESCENA I DRAMATÚRGIA,1,22,10,12,0,2
2016/2017,2016,ART DRAMÀTIC SUPERIOR,ADRL - DIRECCIÓ D'ESCENA I DRAMATÚRGIA,2,21,12,9,0,2
2016/2017,2016,ART DRAMÀTIC SUPERIOR,ADRL - DIRECCIÓ D'ESCENA I DRAMATÚRGIA,3,18,8,10,0,2
2016/2017,2016,ART DRAMÀTIC SUPERIOR,ADRL - DIRECCIÓ D'ESCENA I DRAMATÚRGIA,4,29,13,16,0,2
2016/2017,2016,ART DRAMÀTIC SUPERIOR,ADRL - ESCENOGRAFIA,1,7,5,2,0,1
2016/2017,2016,ART DRAMÀTIC SUPERIOR,ADRL - ESCENOGRAFIA,2,8,7,1,0,1
2016/2017,2016,ART DRAMÀTIC SUPERIOR,ADRL - ESCENOGRAFIA,3,7,4,3,0,1
2016/2017,2016,ART DRAMÀTIC SUPERIOR,ADRL - ESCENOGRAFIA,4,14,10,4,0,1
2016/2017,2016,ARTS PLÀSTIQUES I DISSENY,CFAM - ANIMACIÓ EN CIRC,1,19,14,5,0,1
2016/2017,2016,ARTS PLÀSTIQUES I DISSENY,CFAM - ANIMACIÓ EN CIRC,2,15,11,4,0,1
2016/2017,2016,ARTS PLÀSTIQUES I DISSENY,CFAM - ARTESANIA DE COMPLEMENTS DE CUIR,1,7,4,3,1,1
2016/2017,2016,ARTS PLÀSTIQUES I DISSENY,CFAM - ARTESANIA EN CUIR,2,7,5,2,1,1
2016/2017,2016,ARTS PLÀSTIQUES I DISSENY,CFAM - ASSISTÈNCIA AL PRODUCTE GRÀFIC IMPRÈS,1,276,137,139,11,11
2016/2017,2016,ARTS PLÀSTIQUES I DISSENY,CFAM - ASSISTÈNCIA AL PRODUCTE GRÀFIC IMPRÈS,2,236,119,117,11,11
2016/2017,2016,ARTS PLÀSTIQUES I DISSENY,CFAM - ASSISTÈNCIA AL PRODUCTE GRÀFIC INTERACTIU,1,247,96,151,6,10
2016/2017,2016,ARTS PLÀSTIQUES I DISSENY,CFAM - ASSISTÈNCIA AL PRODUCTE GRÀFIC INTERACTIU,2,176,74,102,5,8
2016/2017,2016,ARTS PLÀSTIQUES I DISSENY,CFAM - DECORACIÓ CERÀMICA,1,29,26,3,2,2
2016/2017,2016,ARTS PLÀSTIQUES I DISSENY,CFAM - DECORACIÓ CERÀMICA,2,23,20,3,6,2
2016/2017,2016,ARTS PLÀSTIQUES I DISSENY,CFAM - EBENISTERIA ARTÍSTICA,2,14,3,11,1,1
2016/2017,2016,ARTS PLÀSTIQUES I DISSENY,CFAM - ESMALTATGE SOBRE METALLS,1,3,1,2,1,1
2016/2017,2016,ARTS PLÀSTIQUES I DISSENY,CFAM - ESMALTATGE SOBRE METALLS,2,2,2,0,1,1
2016/2017,2016,ARTS PLÀSTIQUES I DISSENY,CFAM - FLORISTERIA,1,5,4,1,0,1
2016/2017,2016,ARTS PLÀSTIQUES I DISSENY,CFAM - FLORISTERIA,2,5,3,2,0,1
2016/2017,2016,ARTS PLÀSTIQUES I DISSENY,CFAM - FORJA ARTÍSTICA,1,10,4,6,10,2
2016/2017,2016,ARTS PLÀSTIQUES I DISSENY,CFAM - FORJA ARTÍSTICA,2,14,0,14,10,3
2016/2017,2016,ARTS PLÀSTIQUES I DISSENY,CFAM - FOSA ARTÍSTICA I GALVANOPLÀSTIA,2,13,5,8,10,2
2016/2017,2016,ARTS PLÀSTIQUES I DISSENY,CFAM - PROCEDIMENTS DE JOIERIA ARTÍSTICA,1,13,11,2,1,1
2016/2017,2016,ARTS PLÀSTIQUES I DISSENY,CFAM - PROCEDIMENTS DE JOIERIA ARTÍSTICA,2,15,9,6,1,1
2016/2017,2016,ARTS PLÀSTIQUES I DISSENY,CFAM - REPRODUCCIONS ARTÍSTIQUES EN FUSTA,1,23,9,14,6,2
2016/2017,2016,ARTS PLÀSTIQUES I DISSENY,CFAM - REVESTIMENTS MURALS,1,42,25,17,6,2
2016/2017,2016,ARTS PLÀSTIQUES I DISSENY,CFAM - REVESTIMENTS MURALS,2,11,6,5,1,1
2016/2017,2016,ARTS PLÀSTIQUES I DISSENY,CFAM - SERIGRAFIA ARTÍSTICA,1,21,14,7,1,1
2016/2017,2016,ARTS PLÀSTIQUES I DISSENY,CFAM - TALLA ARTÍSTICA EN FUSTA,2,19,5,14,5,1
2016/2017,2016,ARTS PLÀSTIQUES I DISSENY,CFAM - TERRISSERIA,1,10,6,4,1,1
2016/2017,2016,ARTS PLÀSTIQUES I DISSENY,CFAS - ANIMACIÓ,1,63,31,32,8,4
2016/2017,2016,ARTS PLÀSTIQUES I DISSENY,CFAS - ANIMACIÓ,2,56,24,32,8,4
2016/2017,2016,ARTS PLÀSTIQUES I DISSENY,CFAS - ANIMACIÓ (VIDEOJOCS I ENTORNS VIRTUALS),1,43,5,38,6,2
2016/2017,2016,ARTS PLÀSTIQUES I DISSENY,CFAS - ANIMACIÓ (VIDEOJOCS I ENTORNS VIRTUALS),2,23,6,17,1,1
2016/2017,2016,ARTS PLÀSTIQUES I DISSENY,CFAS - APARADORISME,1,1,1,0,0,1
2016/2017,2016,ARTS PLÀSTIQUES I DISSENY,CFAS - APARADORISME,2,6,5,1,5,2
2016/2017,2016,ARTS PLÀSTIQUES I DISSENY,CFAS - ARQUITECTURA EFÍMERA,1,21,13,8,11,3
2016/2017,2016,ARTS PLÀSTIQUES I DISSENY,CFAS - ARQUITECTURA EFÍMERA,2,55,44,11,16,4
2016/2017,2016,ARTS PLÀSTIQUES I DISSENY,CFAS - ART FLORAL,1,3,3,0,0,1
2016/2017,2016,ARTS PLÀSTIQUES I DISSENY,CFAS - ART FLORAL,2,4,4,0,0,1
2016/2017,2016,ARTS PLÀSTIQUES I DISSENY,CFAS - ART TÈXTIL,1,23,20,3,1,1
2016/2017,2016,ARTS PLÀSTIQUES I DISSENY,CFAS - ART TÈXTIL,2,30,25,5,1,2
2016/2017,2016,ARTS PLÀSTIQUES I DISSENY,CFAS - ARTS APLICADES AL MUR,1,49,30,19,12,4
2016/2017,2016,ARTS PLÀSTIQUES I DISSENY,CFAS - ARTS APLICADES AL MUR,2,95,58,37,17,5
2016/2017,2016,ARTS PLÀSTIQUES I DISSENY,CFAS - ARTS APLICADES DE L'ESCULTURA,2,90,49,41,30,6
2016/2017,2016,ARTS PLÀSTIQUES I DISSENY,CFAS - CERÀMICA ARTÍSTICA,1,26,16,10,16,4
2016/2017,2016,ARTS PLÀSTIQUES I DISSENY,CFAS - CERÀMICA ARTÍSTICA,2,38,34,4,21,5
2016/2017,2016,ARTS PLÀSTIQUES I DISSENY,CFAS - CÒMIC,1,38,11,27,2,2
2016/2017,2016,ARTS PLÀSTIQUES I DISSENY,CFAS - CÒMIC,2,33,11,22,2,2
2016/2017,2016,ARTS PLÀSTIQUES I DISSENY,CFAS - ELEMENTS DE JARDÍ,1,8,3,5,0,1
2016/2017,2016,ARTS PLÀSTIQUES I DISSENY,CFAS - ELEMENTS DE JARDÍ,2,8,6,2,5,2
2016/2017,2016,ARTS PLÀSTIQUES I DISSENY,CFAS - ENQUADERNACIÓ ARTÍSTICA,2,9,8,1,5,1
2016/2017,2016,ARTS PLÀSTIQUES I DISSENY,CFAS - ESCULTURA APLICADA A L'ESPECTACLE,1,33,21,12,11,3
2016/2017,2016,ARTS PLÀSTIQUES I DISSENY,CFAS - ESMALT ARTÍSTIC AL FOC SOBRE METALLS,2,7,7,0,6,2
2016/2017,2016,ARTS PLÀSTIQUES I DISSENY,CFAS - ESTAMPACIONS I TINTATGES ARTÍSTICS,1,9,8,1,5,1
2016/2017,2016,ARTS PLÀSTIQUES I DISSENY,CFAS - ESTAMPACIONS I TINTATGES ARTÍSTICS,2,13,12,1,5,1
2016/2017,2016,ARTS PLÀSTIQUES I DISSENY,CFAS - ESTILISME D'INDUMENTÀRIA,1,43,37,6,2,2
2016/2017,2016,ARTS PLÀSTIQUES I DISSENY,CFAS - ESTILISME D'INDUMENTÀRIA,2,56,47,9,2,2
2016/2017,2016,ARTS PLÀSTIQUES I DISSENY,CFAS - FOSA ARTÍSTICA,1,1,0,1,5,1
2016/2017,2016,ARTS PLÀSTIQUES I DISSENY,CFAS - FOTOGRAFIA,1,99,72,27,6,5
2016/2017,2016,ARTS PLÀSTIQUES I DISSENY,CFAS - FOTOGRAFIA,2,94,58,36,6,5
2016/2017,2016,ARTS PLÀSTIQUES I DISSENY,CFAS - GRAVAT I TÈCNIQUES D'ESTAMPACIÓ,1,18,14,4,5,1
2016/2017,2016,ARTS PLÀSTIQUES I DISSENY,CFAS - GRAVAT I TÈCNIQUES D'ESTAMPACIÓ,2,16,12,4,5,1
2016/2017,2016,ARTS PLÀSTIQUES I DISSENY,CFAS - GRÀFICA AUDIOVISUAL,1,30,14,16,2,2
2016/2017,2016,ARTS PLÀSTIQUES I DISSENY,CFAS - GRÀFICA AUDIOVISUAL,2,33,18,15,2,2
2016/2017,2016,ARTS PLÀSTIQUES I DISSENY,CFAS - GRÀFICA AUDIOVISUAL (INFOGRAFIA 3D),1,26,14,12,6,2
2016/2017,2016,ARTS PLÀSTIQUES I DISSENY,CFAS - GRÀFICA AUDIOVISUAL (INFOGRAFIA 3D),2,16,9,7,6,2
2016/2017,2016,ARTS PLÀSTIQUES I DISSENY,CFAS - GRÀFICA IMPRESA,1,64,38,26,8,4
2016/2017,2016,ARTS PLÀSTIQUES I DISSENY,CFAS - GRÀFICA IMPRESA,2,81,48,33,8,4
2016/2017,2016,ARTS PLÀSTIQUES I DISSENY,CFAS - GRÀFICA INTERACTIVA,1,77,36,41,15,8
2016/2017,2016,ARTS PLÀSTIQUES I DISSENY,CFAS - GRÀFICA INTERACTIVA,2,130,48,82,15,9
2016/2017,2016,ARTS PLÀSTIQUES I DISSENY,CFAS - GRÀFICA PUBLICITÀRIA,1,218,121,97,11,12
2016/2017,2016,ARTS PLÀSTIQUES I DISSENY,CFAS - GRÀFICA PUBLICITÀRIA,2,294,161,133,12,13
2016/2017,2016,ARTS PLÀSTIQUES I DISSENY,CFAS - ILUSTRACIÓ,1,296,191,105,16,11
2016/2017,2016,ARTS PLÀSTIQUES I DISSENY,CFAS - ILUSTRACIÓ,2,295,189,106,16,11
2016/2017,2016,ARTS PLÀSTIQUES I DISSENY,CFAS - JOIERIA ARTÍSTICA,1,66,50,16,5,5
2016/2017,2016,ARTS PLÀSTIQUES I DISSENY,CFAS - JOIERIA ARTÍSTICA,2,122,98,24,9,5
2016/2017,2016,ARTS PLÀSTIQUES I DISSENY,CFAS - MOBILIARI,2,10,5,5,1,1
2016/2017,2016,ARTS PLÀSTIQUES I DISSENY,CFAS - MOBLAMENT,2,16,15,1,5,1
2016/2017,2016,ARTS PLÀSTIQUES I DISSENY,CFAS - MODELISME I MAQUETISME,1,1,0,1,0,1
2016/2017,2016,ARTS PLÀSTIQUES I DISSENY,CFAS - MODELISME I MAQUETISME,2,10,2,8,5,1
2016/2017,2016,ARTS PLÀSTIQUES I DISSENY,CFAS - MODELISME I MATRICERIA CERÀMICA,1,6,5,1,5,1
2016/2017,2016,ARTS PLÀSTIQUES I DISSENY,CFAS - MODELISME INDUSTRIAL,1,39,11,28,6,2
2016/2017,2016,ARTS PLÀSTIQUES I DISSENY,CFAS - MODELISME INDUSTRIAL,2,66,17,49,6,2
2016/2017,2016,ARTS PLÀSTIQUES I DISSENY,CFAS - MOTLLES I REPRODUCCIONS ESCULTORIQUES,1,7,5,2,5,1
2016/2017,2016,ARTS PLÀSTIQUES I DISSENY,CFAS - PROJECTES I DIRECCIÓ D'OBRES DE DECORACIÓ,1,170,133,37,36,11
2016/2017,2016,ARTS PLÀSTIQUES I DISSENY,CFAS - PROJECTES I DIRECCIÓ D'OBRES DE DECORACIÓ,2,220,171,49,32,12
2016/2017,2016,ARTS PLÀSTIQUES I DISSENY,CFAS - PUNTES ARTÍSTIQUES,1,4,4,0,5,1
2016/2017,2016,ARTS PLÀSTIQUES I DISSENY,CFAS - PUNTES ARTÍSTIQUES,2,2,2,0,5,1
2016/2017,2016,ARTS PLÀSTIQUES I DISSENY,CFAS - TÈCNIQUES D'ACTUACIÓ TEATRAL,1,63,41,22,1,3
2016/2017,2016,ARTS PLÀSTIQUES I DISSENY,CFAS - TÈCNIQUES D'ACTUACIÓ TEATRAL,2,46,31,15,1,3
2016/2017,2016,ARTS PLÀSTIQUES I DISSENY,CFAS - TÈCNIQUES ESCULTÒRIQUES,1,35,17,18,20,4
2016/2017,2016,BATXILLERAT,BATXILLERAT,NA,1347,690,657,0,13
2016/2017,2016,BATXILLERAT,BATXILLERAT D'ARTS,1,3725,2650,1075,163,111
2016/2017,2016,BATXILLERAT,BATXILLERAT D'ARTS,2,2965,2167,798,163,110
2016/2017,2016,BATXILLERAT,BATXILLERAT D'ARTS,NA,261,168,93,0,1
2016/2017,2016,BATXILLERAT,"BATXILLERAT D'ARTS. VIA D'ARTS ESCÈNIQUES, MÚSICA I DANSA",NA,21,12,9,0,1
2016/2017,2016,BATXILLERAT,"BATXILLERAT D'ARTS. VIA D'ARTS PLÀSTIQUES, DISSENY I IMATGE",NA,64,45,19,0,1
2016/2017,2016,BATXILLERAT,BATXILLERAT D'HUMANITATS I CIÈNCIES SOCIALS,1,22507,13630,8877,2686,712
2016/2017,2016,BATXILLERAT,BATXILLERAT D'HUMANITATS I CIÈNCIES SOCIALS,2,19815,12225,7590,2580,710
2016/2017,2016,BATXILLERAT,BATXILLERAT D'HUMANITATS I CIÈNCIES SOCIALS,NA,1076,597,479,0,1
2016/2017,2016,BATXILLERAT,BATXILLERAT DE CIÈNCIES I TECNOLOGIA,1,22993,10382,12611,2661,715
2016/2017,2016,BATXILLERAT,BATXILLERAT DE CIÈNCIES I TECNOLOGIA,2,19278,8927,10351,2580,708
2016/2017,2016,BATXILLERAT,BATXILLERAT DE CIÈNCIES I TECNOLOGIA,NA,589,261,328,0,1
2016/2017,2016,CONSERVACIÓ I RESTAURACIÓ DE BÉNS CULTURALS,CONSERVACIÓ I RESTAURACIÓ D'ESCULTURA,3,6,5,1,0,1
2016/2017,2016,CONSERVACIÓ I RESTAURACIÓ DE BÉNS CULTURALS,CONSERVACIÓ I RESTAURACIÓ D'ESCULTURA,4,8,7,1,0,1
2016/2017,2016,CONSERVACIÓ I RESTAURACIÓ DE BÉNS CULTURALS,CONSERVACIÓ I RESTAURACIÓ DE BÉNS ARQUEOLÒGICS,1,34,31,3,0,1
2016/2017,2016,CONSERVACIÓ I RESTAURACIÓ DE BÉNS CULTURALS,CONSERVACIÓ I RESTAURACIÓ DE BÉNS ARQUEOLÒGICS,2,37,29,8,0,1
2016/2017,2016,CONSERVACIÓ I RESTAURACIÓ DE BÉNS CULTURALS,CONSERVACIÓ I RESTAURACIÓ DE BÉNS ARQUEOLÒGICS,3,11,10,1,0,1
2016/2017,2016,CONSERVACIÓ I RESTAURACIÓ DE BÉNS CULTURALS,CONSERVACIÓ I RESTAURACIÓ DE BÉNS ARQUEOLÒGICS,4,11,7,4,0,1
2016/2017,2016,CONSERVACIÓ I RESTAURACIÓ DE BÉNS CULTURALS,CONSERVACIÓ I RESTAURACIÓ DE DOCUMENT GRÀFIC,3,10,10,0,0,1
2016/2017,2016,CONSERVACIÓ I RESTAURACIÓ DE BÉNS CULTURALS,CONSERVACIÓ I RESTAURACIÓ DE DOCUMENT GRÀFIC,4,5,4,1,0,1
2016/2017,2016,CONSERVACIÓ I RESTAURACIÓ DE BÉNS CULTURALS,CONSERVACIÓ I RESTAURACIÓ DE PINTURA,3,10,10,0,0,1
2016/2017,2016,CONSERVACIÓ I RESTAURACIÓ DE BÉNS CULTURALS,CONSERVACIÓ I RESTAURACIÓ DE PINTURA,4,13,12,1,0,1
2016/2017,2016,CURSOS D'ACCÉS SENSE TITULACIÓ,CURS  ESPECÍFIC PER A l'ACCÉS ALS CICLES FORMATIUS DE GRAU MITJÀ D'FP,NA,481,205,276,0,35
2016/2017,2016,DANSA,COREOGRAFIA I INTERPRETACIÓ,1,12,10,2,0,1
2016/2017,2016,DANSA,COREOGRAFIA I INTERPRETACIÓ,2,10,9,1,0,1
2016/2017,2016,DANSA,COREOGRAFIA I INTERPRETACIÓ,3,18,16,2,0,1
2016/2017,2016,DANSA,COREOGRAFIA I INTERPRETACIÓ,4,21,17,4,0,1
2016/2017,2016,DANSA,DANSA CLÀSSICA,1,27,23,4,0,3
2016/2017,2016,DANSA,DANSA CLÀSSICA,2,25,20,5,0,2
2016/2017,2016,DANSA,DANSA CLÀSSICA,3,28,25,3,0,2
2016/2017,2016,DANSA,DANSA CLÀSSICA,4,20,14,6,0,2
2016/2017,2016,DANSA,DANSA CLÀSSICA,5,15,15,0,0,2
2016/2017,2016,DANSA,DANSA CLÀSSICA,6,12,10,2,0,2
2016/2017,2016,DANSA,DANSA CONTEMPORÀNIA,1,26,20,6,0,3
2016/2017,2016,DANSA,DANSA CONTEMPORÀNIA,2,14,11,3,0,1
2016/2017,2016,DANSA,DANSA CONTEMPORÀNIA,3,18,13,5,0,1
2016/2017,2016,DANSA,DANSA CONTEMPORÀNIA,4,16,14,2,0,2
2016/2017,2016,DANSA,DANSA CONTEMPORÀNIA,5,19,16,3,0,2
2016/2017,2016,DANSA,DANSA CONTEMPORÀNIA,6,15,13,2,0,2
2016/2017,2016,DANSA,DANSA ESPANYOLA,1,11,9,2,0,2
2016/2017,2016,DANSA,DANSA ESPANYOLA,2,18,14,4,0,2
2016/2017,2016,DANSA,DANSA ESPANYOLA,3,16,13,3,0,2
2016/2017,2016,DANSA,DANSA ESPANYOLA,4,8,6,2,0,2
2016/2017,2016,DANSA,DANSA ESPANYOLA,5,9,8,1,0,2
2016/2017,2016,DANSA,DANSA ESPANYOLA,6,3,3,0,0,2
2016/2017,2016,DANSA,PEDAGOGIA DE LA DANSA,1,9,8,1,0,1
2016/2017,2016,DANSA,PEDAGOGIA DE LA DANSA,2,10,9,1,0,1
2016/2017,2016,DANSA,PEDAGOGIA DE LA DANSA,3,7,7,0,0,1
2016/2017,2016,DANSA,PEDAGOGIA DE LA DANSA,4,15,14,1,0,1
2016/2017,2016,EDUCACIÓ D'ADULTS,ADAPTACIÓ DE L'EDUCACIÓ SECUNDÀRIA OBLIGATÒRIA PER A PERSONES ADULTES,NA,14150,6428,7722,0,148
2016/2017,2016,EDUCACIÓ D'ADULTS,CICLE DE FORMACIÓ INSTRUMENTAL,NA,7828,4514,3314,0,131
2016/2017,2016,EDUCACIÓ D'ADULTS NO REGLATS,ACCÈS A CICLES FORMATIUS DE GRAU MITJÀ,NA,1199,576,623,0,69
2016/2017,2016,EDUCACIÓ D'ADULTS NO REGLATS,ACCÈS A LA UNIVERSITAT PER MAJORS 25,NA,2281,1342,939,0,77
2016/2017,2016,EDUCACIÓ D'ADULTS NO REGLATS,ACCÈS CICLES FORMATIUS DE GRAU SUPERIOR,NA,6423,3227,3196,0,150
2016/2017,2016,EDUCACIÓ D'ADULTS NO REGLATS,INFORMÀTICA NIVELL USUARI,NA,9695,6309,3386,0,141
2016/2017,2016,EDUCACIÓ D'ADULTS NO REGLATS,LLENGUA CASTELLANA,NA,6615,3729,2886,0,112
2016/2017,2016,EDUCACIÓ D'ADULTS NO REGLATS,LLENGUA CATALANA,NA,6249,3652,2597,0,135
2016/2017,2016,EDUCACIÓ D'ADULTS NO REGLATS,LLENGUA ESTRANGERA ANGLÈS INICIAL,NA,14141,9610,4531,0,154
2016/2017,2016,EDUCACIÓ D'ADULTS NO REGLATS,LLENGUA ESTRANGERA FRANCÈS INICIAL,NA,879,528,351,0,26
2016/2017,2016,EDUCACIÓ ESPECIAL,EDUCACIÓ ESPECIAL INFANTIL,1,71,22,49,0,38
2016/2017,2016,EDUCACIÓ ESPECIAL,EDUCACIÓ ESPECIAL INFANTIL,2,135,38,97,0,50
2016/2017,2016,EDUCACIÓ ESPECIAL,EDUCACIÓ ESPECIAL INFANTIL,3,173,68,105,0,53
2016/2017,2016,EDUCACIÓ ESPECIAL,EDUCACIÓ ESPECIAL PRIMÀRIA,1,216,63,153,0,68
2016/2017,2016,EDUCACIÓ ESPECIAL,EDUCACIÓ ESPECIAL PRIMÀRIA,2,253,85,168,0,76
2016/2017,2016,EDUCACIÓ ESPECIAL,EDUCACIÓ ESPECIAL PRIMÀRIA,3,295,100,195,0,75
2016/2017,2016,EDUCACIÓ ESPECIAL,EDUCACIÓ ESPECIAL PRIMÀRIA,4,305,104,201,0,79
2016/2017,2016,EDUCACIÓ ESPECIAL,EDUCACIÓ ESPECIAL PRIMÀRIA,5,327,108,219,0,81
2016/2017,2016,EDUCACIÓ ESPECIAL,EDUCACIÓ ESPECIAL PRIMÀRIA,6,477,176,301,0,80
2016/2017,2016,EDUCACIÓ ESPECIAL,EDUCACIÓ ESPECIAL SECUNDÀRIA,1,616,217,399,0,92
2016/2017,2016,EDUCACIÓ ESPECIAL,EDUCACIÓ ESPECIAL SECUNDÀRIA,2,678,237,441,0,91
2016/2017,2016,EDUCACIÓ ESPECIAL,EDUCACIÓ ESPECIAL SECUNDÀRIA,3,844,275,569,0,95
2016/2017,2016,EDUCACIÓ ESPECIAL,EDUCACIÓ ESPECIAL SECUNDÀRIA,4,1428,561,867,0,97
2016/2017,2016,EDUCACIÓ ESPECIAL,EE - ADMINISTRACIÓ I GESTIÓ,1,133,57,76,0,8
2016/2017,2016,EDUCACIÓ ESPECIAL,EE - AGRÀRIA,1,71,13,58,0,7
2016/2017,2016,EDUCACIÓ ESPECIAL,EE - ARTS GRÀFIQUES,1,78,28,50,0,6
2016/2017,2016,EDUCACIÓ ESPECIAL,EE - COMERÇ I MÀRQUETING,1,58,21,37,0,5
2016/2017,2016,EDUCACIÓ ESPECIAL,EE - EDIFICACIÓ I OBRA CIVIL,1,7,4,3,0,1
2016/2017,2016,EDUCACIÓ ESPECIAL,EE - ELECTRICITAT I ELECTRÒNICA,1,8,1,7,0,1
2016/2017,2016,EDUCACIÓ ESPECIAL,EE - FABRICACIÓ MECÀNICA,1,37,1,36,0,3
2016/2017,2016,EDUCACIÓ ESPECIAL,EE - FUSTA I MOBLE,1,77,5,72,0,7
2016/2017,2016,EDUCACIÓ ESPECIAL,EE - HOTELERIA I TURISME,1,190,92,98,0,10
2016/2017,2016,EDUCACIÓ ESPECIAL,EE - INDUSTRIES ALIMENTÀRIES,1,12,3,9,0,1
2016/2017,2016,EDUCACIÓ ESPECIAL,EE - INSTAL·LACIÓ I MANTENIMENT,1,12,3,9,0,1
2016/2017,2016,EDUCACIÓ ESPECIAL,PROGRAMA DE FORMACIÓ PER A LA TRANSICIÓ A LA VIDA ADULTA,NA,431,175,256,0,27
2016/2017,2016,EDUCACIÓ INFANTIL,EDUCACIÓ INFANTIL: LLAR D'INFANTS,0,7151,3487,3664,1127,1221
2016/2017,2016,EDUCACIÓ INFANTIL,EDUCACIÓ INFANTIL: LLAR D'INFANTS,1,29482,14107,15375,2539,1603
2016/2017,2016,EDUCACIÓ INFANTIL,EDUCACIÓ INFANTIL: LLAR D'INFANTS,2,44032,21001,23031,2713,1628
2016/2017,2016,EDUCACIÓ INFANTIL,EDUCACIÓ INFANTIL: PARVULARI,1,68776,33662,35114,3155,2267
2016/2017,2016,EDUCACIÓ INFANTIL,EDUCACIÓ INFANTIL: PARVULARI,2,74025,36233,37792,3209,2284
2016/2017,2016,EDUCACIÓ INFANTIL,EDUCACIÓ INFANTIL: PARVULARI,3,76966,37643,39323,3532,2274
2016/2017,2016,EDUCACIÓ INFANTIL,EDUCACIÓ INFANTIL: PARVULARI,NA,2409,1222,1187,0,16
2016/2017,2016,EDUCACIÓ PRIMÀRIA,EDUCACIÓ PRIMÀRIA,1,79718,38595,41123,3323,2281
2016/2017,2016,EDUCACIÓ PRIMÀRIA,EDUCACIÓ PRIMÀRIA,2,80928,39022,41906,3468,2269
2016/2017,2016,EDUCACIÓ PRIMÀRIA,EDUCACIÓ PRIMÀRIA,3,83616,40819,42797,3638,2273
2016/2017,2016,EDUCACIÓ PRIMÀRIA,EDUCACIÓ PRIMÀRIA,4,80483,39229,41254,3499,2273
2016/2017,2016,EDUCACIÓ PRIMÀRIA,EDUCACIÓ PRIMÀRIA,5,79877,38822,41055,3388,2259
2016/2017,2016,EDUCACIÓ PRIMÀRIA,EDUCACIÓ PRIMÀRIA,6,79021,38432,40589,3644,2249
2016/2017,2016,EDUCACIÓ PRIMÀRIA,EDUCACIÓ PRIMÀRIA,NA,5750,2788,2962,0,18
2016/2017,2016,EDUCACIÓ SECUNDÀRIA OBLIGATÒRIA,EDUCACIÓ SECUNDÀRIA OBLIGATÒRIA,1,80367,38700,41667,2815,1087
2016/2017,2016,EDUCACIÓ SECUNDÀRIA OBLIGATÒRIA,EDUCACIÓ SECUNDÀRIA OBLIGATÒRIA,2,78897,38065,40832,2749,1085
2016/2017,2016,EDUCACIÓ SECUNDÀRIA OBLIGATÒRIA,EDUCACIÓ SECUNDÀRIA OBLIGATÒRIA,3,75592,36753,38839,2690,1070
2016/2017,2016,EDUCACIÓ SECUNDÀRIA OBLIGATÒRIA,EDUCACIÓ SECUNDÀRIA OBLIGATÒRIA,4,69936,34573,35363,2605,1064
2016/2017,2016,EDUCACIÓ SECUNDÀRIA OBLIGATÒRIA,EDUCACIÓ SECUNDÀRIA OBLIGATÒRIA,NA,3196,1600,1596,0,13
2016/2017,2016,ENSENYAMENTS D'IDIOMES,ALEMANY - C1,1,156,95,61,5,4
2016/2017,2016,ENSENYAMENTS D'IDIOMES,ALEMANY - NIVELL AVANÇAT,1,756,470,286,33,25
2016/2017,2016,ENSENYAMENTS D'IDIOMES,ALEMANY - NIVELL AVANÇAT,2,614,395,219,28,23
2016/2017,2016,ENSENYAMENTS D'IDIOMES,ALEMANY - NIVELL BÀSIC,1,2422,1450,972,89,31
2016/2017,2016,ENSENYAMENTS D'IDIOMES,ALEMANY - NIVELL BÀSIC,2,1643,996,647,70,31
2016/2017,2016,ENSENYAMENTS D'IDIOMES,ALEMANY - NIVELL INTERMEDI,1,1359,855,504,58,31
2016/2017,2016,ENSENYAMENTS D'IDIOMES,ANGLÈS,1,1775,1190,585,0,1
2016/2017,2016,ENSENYAMENTS D'IDIOMES,ANGLÈS,2,1018,725,293,0,1
2016/2017,2016,ENSENYAMENTS D'IDIOMES,ANGLÈS - C1,1,3188,2111,1077,70,43
2016/2017,2016,ENSENYAMENTS D'IDIOMES,ANGLÈS - NIVELL AVANÇAT,1,5913,3872,2041,227,46
2016/2017,2016,ENSENYAMENTS D'IDIOMES,ANGLÈS - NIVELL AVANÇAT,2,6619,4247,2372,226,46
2016/2017,2016,ENSENYAMENTS D'IDIOMES,ANGLÈS - NIVELL BÀSIC,1,2373,1530,843,80,42
2016/2017,2016,ENSENYAMENTS D'IDIOMES,ANGLÈS - NIVELL BÀSIC,2,4563,3034,1529,165,46
2016/2017,2016,ENSENYAMENTS D'IDIOMES,ANGLÈS - NIVELL INTERMEDI,1,7575,4919,2656,214,46
2016/2017,2016,ENSENYAMENTS D'IDIOMES,CATALÀ PER A NO CATALANOPARLANTS - C1,1,78,60,18,4,6
2016/2017,2016,ENSENYAMENTS D'IDIOMES,CATALÀ PER A NO CATALANOPARLANTS - C2,1,235,180,55,4,6
2016/2017,2016,ENSENYAMENTS D'IDIOMES,CATALÀ PER A NO CATALANOPARLANTS - NIVELL AVANÇAT,1,81,57,24,7,6
2016/2017,2016,ENSENYAMENTS D'IDIOMES,CATALÀ PER A NO CATALANOPARLANTS - NIVELL BÀSIC,1,130,92,38,5,4
2016/2017,2016,ENSENYAMENTS D'IDIOMES,CATALÀ PER A NO CATALANOPARLANTS - NIVELL BÀSIC,2,80,54,26,6,5
2016/2017,2016,ENSENYAMENTS D'IDIOMES,CATALÀ PER A NO CATALANOPARLANTS - NIVELL INTERMEDI,1,70,52,18,7,5
2016/2017,2016,ENSENYAMENTS D'IDIOMES,COREÀ  - NIVELL BÀSIC,1,93,76,17,3,1
2016/2017,2016,ENSENYAMENTS D'IDIOMES,COREÀ  - NIVELL BÀSIC,2,39,33,6,1,1
2016/2017,2016,ENSENYAMENTS D'IDIOMES,COREÀ  - NIVELL INTERMEDI,1,30,23,7,2,1
2016/2017,2016,ENSENYAMENTS D'IDIOMES,COREÀ  - NIVELL INTERMEDI,2,7,5,2,0,1
2016/2017,2016,ENSENYAMENTS D'IDIOMES,ESPANYOL PER A PERSONES ESTRANGERES - NIVELL AVANÇAT,1,235,189,46,0,5
2016/2017,2016,ENSENYAMENTS D'IDIOMES,ESPANYOL PER A PERSONES ESTRANGERES - NIVELL AVANÇAT,2,155,115,40,0,5
2016/2017,2016,ENSENYAMENTS D'IDIOMES,ESPANYOL PER A PERSONES ESTRANGERES - NIVELL BÀSIC,1,444,289,155,1,5
2016/2017,2016,ENSENYAMENTS D'IDIOMES,ESPANYOL PER A PERSONES ESTRANGERES - NIVELL BÀSIC,2,448,324,124,3,5
2016/2017,2016,ENSENYAMENTS D'IDIOMES,ESPANYOL PER A PERSONES ESTRANGERES - NIVELL INTERMEDI,1,444,337,107,4,5
2016/2017,2016,ENSENYAMENTS D'IDIOMES,FRANCÈS  - NIVELL BÀSIC,1,2312,1496,816,95,39
2016/2017,2016,ENSENYAMENTS D'IDIOMES,FRANCÈS  - NIVELL BÀSIC,2,1828,1267,561,86,39
2016/2017,2016,ENSENYAMENTS D'IDIOMES,FRANCÈS - C1,1,345,239,106,11,10
2016/2017,2016,ENSENYAMENTS D'IDIOMES,FRANCÈS - NIVELL AVANÇAT,1,1169,808,361,53,32
2016/2017,2016,ENSENYAMENTS D'IDIOMES,FRANCÈS - NIVELL AVANÇAT,2,919,655,264,45,31
2016/2017,2016,ENSENYAMENTS D'IDIOMES,FRANCÈS - NIVELL INTERMEDI,1,1765,1227,538,73,38
2016/2017,2016,ENSENYAMENTS D'IDIOMES,GREC - NIVELL AVANÇAT,1,14,9,5,1,1
2016/2017,2016,ENSENYAMENTS D'IDIOMES,GREC - NIVELL AVANÇAT,2,19,7,12,0,1
2016/2017,2016,ENSENYAMENTS D'IDIOMES,GREC - NIVELL BÀSIC,1,36,17,19,1,1
2016/2017,2016,ENSENYAMENTS D'IDIOMES,GREC - NIVELL BÀSIC,2,34,20,14,1,1
2016/2017,2016,ENSENYAMENTS D'IDIOMES,GREC - NIVELL INTERMEDI,1,30,18,12,2,1
2016/2017,2016,ENSENYAMENTS D'IDIOMES,GREC - NIVELL INTERMEDI,2,17,9,8,1,1
2016/2017,2016,ENSENYAMENTS D'IDIOMES,ITALIÀ - C1,1,53,34,19,2,1
2016/2017,2016,ENSENYAMENTS D'IDIOMES,ITALIÀ - NIVELL AVANÇAT,1,144,109,35,8,6
2016/2017,2016,ENSENYAMENTS D'IDIOMES,ITALIÀ - NIVELL AVANÇAT,2,157,114,43,8,6
2016/2017,2016,ENSENYAMENTS D'IDIOMES,ITALIÀ - NIVELL BÀSIC,1,412,267,145,18,6
2016/2017,2016,ENSENYAMENTS D'IDIOMES,ITALIÀ - NIVELL BÀSIC,2,300,192,108,15,6
2016/2017,2016,ENSENYAMENTS D'IDIOMES,ITALIÀ - NIVELL INTERMEDI,1,249,181,68,9,6
2016/2017,2016,ENSENYAMENTS D'IDIOMES,JAPONÈS - NIVELL AVANÇAT,1,31,20,11,1,1
2016/2017,2016,ENSENYAMENTS D'IDIOMES,JAPONÈS - NIVELL AVANÇAT,2,12,4,8,0,1
2016/2017,2016,ENSENYAMENTS D'IDIOMES,JAPONÈS - NIVELL BÀSIC,1,161,87,74,5,1
2016/2017,2016,ENSENYAMENTS D'IDIOMES,JAPONÈS - NIVELL BÀSIC,2,94,51,43,3,1
2016/2017,2016,ENSENYAMENTS D'IDIOMES,JAPONÈS - NIVELL INTERMEDI,1,59,32,27,4,1
2016/2017,2016,ENSENYAMENTS D'IDIOMES,JAPONÈS - NIVELL INTERMEDI,2,39,19,20,1,1
2016/2017,2016,ENSENYAMENTS D'IDIOMES,NEERLANDÈS - NIVELL AVANÇAT,1,15,9,6,1,1
2016/2017,2016,ENSENYAMENTS D'IDIOMES,NEERLANDÈS - NIVELL AVANÇAT,2,10,6,4,1,1
2016/2017,2016,ENSENYAMENTS D'IDIOMES,NEERLANDÈS - NIVELL BÀSIC,1,54,32,22,2,1
2016/2017,2016,ENSENYAMENTS D'IDIOMES,NEERLANDÈS - NIVELL BÀSIC,2,30,20,10,1,1
2016/2017,2016,ENSENYAMENTS D'IDIOMES,NEERLANDÈS - NIVELL INTERMEDI,1,23,16,7,1,1
2016/2017,2016,ENSENYAMENTS D'IDIOMES,PORTUGUÈS - NIVELL AVANÇAT,1,16,12,4,1,1
2016/2017,2016,ENSENYAMENTS D'IDIOMES,PORTUGUÈS - NIVELL AVANÇAT,2,11,8,3,1,1
2016/2017,2016,ENSENYAMENTS D'IDIOMES,PORTUGUÈS - NIVELL BÀSIC,1,61,39,22,2,1
2016/2017,2016,ENSENYAMENTS D'IDIOMES,PORTUGUÈS - NIVELL BÀSIC,2,32,20,12,1,1
2016/2017,2016,ENSENYAMENTS D'IDIOMES,PORTUGUÈS - NIVELL INTERMEDI,1,27,19,8,1,1
2016/2017,2016,ENSENYAMENTS D'IDIOMES,RUS - NIVELL AVANÇAT,1,46,26,20,3,3
2016/2017,2016,ENSENYAMENTS D'IDIOMES,RUS - NIVELL AVANÇAT,2,34,18,16,0,3
2016/2017,2016,ENSENYAMENTS D'IDIOMES,RUS - NIVELL BÀSIC,1,238,116,122,14,7
2016/2017,2016,ENSENYAMENTS D'IDIOMES,RUS - NIVELL BÀSIC,2,182,85,97,10,7
2016/2017,2016,ENSENYAMENTS D'IDIOMES,RUS - NIVELL INTERMEDI,1,99,53,46,9,4
2016/2017,2016,ENSENYAMENTS D'IDIOMES,RUS - NIVELL INTERMEDI,2,73,43,30,3,3
2016/2017,2016,ENSENYAMENTS D'IDIOMES,XINÈS - NIVELL AVANÇAT,1,15,9,6,1,1
2016/2017,2016,ENSENYAMENTS D'IDIOMES,XINÈS - NIVELL AVANÇAT,2,10,8,2,0,1
2016/2017,2016,ENSENYAMENTS D'IDIOMES,XINÈS - NIVELL BÀSIC,1,348,189,159,0,1
2016/2017,2016,ENSENYAMENTS D'IDIOMES,XINÈS - NIVELL BÀSIC,2,130,83,47,0,1
2016/2017,2016,ENSENYAMENTS D'IDIOMES,XINÈS - NIVELL INTERMEDI,1,61,38,23,3,1
2016/2017,2016,ENSENYAMENTS D'IDIOMES,XINÈS - NIVELL INTERMEDI,2,44,31,13,1,1
2016/2017,2016,ENSENYAMENTS D'IDIOMES,ÀRAB - NIVELL AVANÇAT,1,21,16,5,1,1
2016/2017,2016,ENSENYAMENTS D'IDIOMES,ÀRAB - NIVELL AVANÇAT,2,7,5,2,0,1
2016/2017,2016,ENSENYAMENTS D'IDIOMES,ÀRAB - NIVELL BÀSIC,1,265,163,102,14,5
2016/2017,2016,ENSENYAMENTS D'IDIOMES,ÀRAB - NIVELL BÀSIC,2,154,98,56,10,5
2016/2017,2016,ENSENYAMENTS D'IDIOMES,ÀRAB - NIVELL INTERMEDI,1,80,58,22,10,4
2016/2017,2016,ENSENYAMENTS D'IDIOMES,ÀRAB - NIVELL INTERMEDI,2,62,44,18,1,4
2016/2017,2016,ENSENYAMENTS D'IDIOMES,ÈUSCAR - NIVELL AVANÇAT,1,16,11,5,1,1
2016/2017,2016,ENSENYAMENTS D'IDIOMES,ÈUSCAR - NIVELL AVANÇAT,2,12,7,5,1,1
2016/2017,2016,ENSENYAMENTS D'IDIOMES,ÈUSCAR - NIVELL BÀSIC,1,32,19,13,2,1
2016/2017,2016,ENSENYAMENTS D'IDIOMES,ÈUSCAR - NIVELL BÀSIC,2,23,13,10,1,1
2016/2017,2016,ENSENYAMENTS D'IDIOMES,ÈUSCAR - NIVELL INTERMEDI,1,12,7,5,1,1
2016/2017,2016,ENSENYAMENTS ESPORTIUS,TÈCNIC D'ESPORT EN ALTA MUNTANYA,1,2,2,0,0,1
2016/2017,2016,ENSENYAMENTS ESPORTIUS,TÈCNIC D'ESPORT EN ALTA MUNTANYA,2,9,0,9,2,1
2016/2017,2016,ENSENYAMENTS ESPORTIUS,TÈCNIC D'ESPORT EN ATLETISME,1,1,0,1,1,1
2016/2017,2016,ENSENYAMENTS ESPORTIUS,TÈCNIC D'ESPORT EN BASQUETBOL,2,1,0,1,1,1
2016/2017,2016,ENSENYAMENTS ESPORTIUS,TÈCNIC D'ESPORT EN DESCENS DE BARRANCS,1,3,0,3,2,2
2016/2017,2016,ENSENYAMENTS ESPORTIUS,TÈCNIC D'ESPORT EN DESCENS DE BARRANCS,2,80,8,72,4,3
2016/2017,2016,ENSENYAMENTS ESPORTIUS,TÈCNIC D'ESPORT EN ESCALADA,1,16,2,14,1,3
2016/2017,2016,ENSENYAMENTS ESPORTIUS,TÈCNIC D'ESPORT EN ESCALADA,2,38,3,35,3,4
2016/2017,2016,ENSENYAMENTS ESPORTIUS,TÈCNIC D'ESPORT EN ESQUÍ ALPÍ,1,242,78,164,7,7
2016/2017,2016,ENSENYAMENTS ESPORTIUS,TÈCNIC D'ESPORT EN ESQUÍ ALPÍ,2,151,28,123,7,7
2016/2017,2016,ENSENYAMENTS ESPORTIUS,TÈCNIC D'ESPORT EN ESQUÍ DE FONS,1,4,0,4,0,1
2016/2017,2016,ENSENYAMENTS ESPORTIUS,TÈCNIC D'ESPORT EN ESQUÍ DE FONS,2,1,0,1,1,1
2016/2017,2016,ENSENYAMENTS ESPORTIUS,TÈCNIC D'ESPORT EN FUTBOL,1,645,25,620,13,23
2016/2017,2016,ENSENYAMENTS ESPORTIUS,TÈCNIC D'ESPORT EN FUTBOL,2,451,17,434,13,20
2016/2017,2016,ENSENYAMENTS ESPORTIUS,TÈCNIC D'ESPORT EN FUTBOL SALA,1,15,1,14,3,3
2016/2017,2016,ENSENYAMENTS ESPORTIUS,TÈCNIC D'ESPORT EN FUTBOL SALA,2,6,0,6,2,2
2016/2017,2016,ENSENYAMENTS ESPORTIUS,TÈCNIC D'ESPORT EN HANDBOL,2,12,3,9,2,2
2016/2017,2016,ENSENYAMENTS ESPORTIUS,TÈCNIC D'ESPORT EN MUNTANYA MITJANA,1,247,23,224,8,7
2016/2017,2016,ENSENYAMENTS ESPORTIUS,TÈCNIC D'ESPORT EN MUNTANYA MITJANA,2,156,25,131,7,7
2016/2017,2016,ENSENYAMENTS ESPORTIUS,TÈCNIC D'ESPORT EN SURF DE NEU,1,62,9,53,5,6
2016/2017,2016,ENSENYAMENTS ESPORTIUS,TÈCNIC D'ESPORT EN SURF DE NEU,2,41,8,33,4,6
2016/2017,2016,ENSENYAMENTS ESPORTIUS,TÈCNIC ESPORTIU EN ATLETISME,1,4,2,2,0,1
2016/2017,2016,ENSENYAMENTS ESPORTIUS,TÈCNIC ESPORTIU EN BASQUETBOL,1,66,15,51,6,9
2016/2017,2016,ENSENYAMENTS ESPORTIUS,TÈCNIC ESPORTIU EN BASQUETBOL,2,22,3,19,1,3
2016/2017,2016,ENSENYAMENTS ESPORTIUS,TÈCNIC ESPORTIU EN BUSSEIG ESPORTIU AMB ESCAFANDRE AUTÒNOM,1,11,1,10,4,3
2016/2017,2016,ENSENYAMENTS ESPORTIUS,TÈCNIC ESPORTIU EN BUSSEIG ESPORTIU AMB ESCAFANDRE AUTÒNOM,2,16,2,14,3,3
2016/2017,2016,ENSENYAMENTS ESPORTIUS,TÈCNIC ESPORTIU EN ESPELEOLOGIA,1,15,1,14,2,1
2016/2017,2016,ENSENYAMENTS ESPORTIUS,TÈCNIC ESPORTIU EN ESPELEOLOGIA,2,16,1,15,3,1
2016/2017,2016,ENSENYAMENTS ESPORTIUS,TÈCNIC ESPORTIU EN LES DISCIPLINES HÍPIQUES DE RESISTÈNCIA ORIENTACIÓ I TURISME EQÜESTRE,1,109,76,33,1,3
2016/2017,2016,ENSENYAMENTS ESPORTIUS,TÈCNIC ESPORTIU EN LES DISCIPLINES HÍPIQUES DE RESISTÈNCIA ORIENTACIÓ I TURISME EQÜESTRE,2,62,34,28,0,3
2016/2017,2016,ENSENYAMENTS ESPORTIUS,TÈCNIC ESPORTIU EN PIRAGÜISME EN AIGÜES BRAVES,1,13,6,7,2,1
2016/2017,2016,ENSENYAMENTS ESPORTIUS,TÈCNIC ESPORTIU EN SALVAMENT I SOCORRISME,1,387,68,319,13,17
2016/2017,2016,ENSENYAMENTS ESPORTIUS,TÈCNIC ESPORTIU EN SALVAMENT I SOCORRISME,2,131,16,115,7,8
2016/2017,2016,ENSENYAMENTS ESPORTIUS,TÈCNIC ESPORTIU EN VELA AMB APARELL FIX,1,48,12,36,4,3
2016/2017,2016,ENSENYAMENTS ESPORTIUS,TÈCNIC ESPORTIU EN VELA AMB APARELL LLIURE,1,7,2,5,1,1
2016/2017,2016,ENSENYAMENTS ESPORTIUS,TÈCNIC ESPORTIU SUPERIOR EN ATLETISME,1,7,1,6,2,1
2016/2017,2016,ENSENYAMENTS ESPORTIUS,TÈCNIC ESPORTIU SUPERIOR EN BASQUETBOL,1,21,2,19,3,1
2016/2017,2016,ENSENYAMENTS ESPORTIUS,TÈCNIC ESPORTIU SUPERIOR EN HÍPICA,1,3,2,1,0,1
2016/2017,2016,ENSENYAMENTS ESPORTIUS,TÈCNIC ESPORTIU SUPERIOR EN SALVAMENT I SOCORRISME,1,33,8,25,3,3
2016/2017,2016,ENSENYAMENTS ESPORTIUS,"TÈCNIC ESPOTIU EN LES DISCIPLINES HÍPIQUES DE SALT, DOMA I CONCURS COMPLET",1,46,30,16,1,4
2016/2017,2016,ENSENYAMENTS ESPORTIUS,"TÈCNIC ESPOTIU EN LES DISCIPLINES HÍPIQUES DE SALT, DOMA I CONCURS COMPLET",2,15,7,8,0,3
2016/2017,2016,ENSENYAMENTS ESPORTIUS,TÈCNIC SUPERIOR D'ESPORT EN ALTA MUNTANYA,1,4,0,4,1,1
2016/2017,2016,ENSENYAMENTS ESPORTIUS,TÈCNIC SUPERIOR D'ESPORT EN ESCALADA,1,13,1,12,1,1
2016/2017,2016,ENSENYAMENTS ESPORTIUS,TÈCNIC SUPERIOR D'ESPORT EN ESQUÍ ALPÍ,1,32,4,28,3,3
2016/2017,2016,ENSENYAMENTS ESPORTIUS,TÈCNIC SUPERIOR D'ESPORT EN ESQUÍ DE MUNTANYA,1,4,0,4,1,1
2016/2017,2016,ENSENYAMENTS ESPORTIUS,TÈCNIC SUPERIOR D'ESPORT EN FUTBOL,1,87,2,85,2,4
2016/2017,2016,ENSENYAMENTS ESPORTIUS,TÈCNIC SUPERIOR D'ESPORT EN FUTBOL SALA,1,1,1,0,1,1
2016/2017,2016,ENSENYAMENTS ESPORTIUS,TÈCNIC SUPERIOR D'ESPORT EN SURF DE NEU,1,11,2,9,2,2
2016/2017,2016,ENSENYAMENTS SUPERIORS DE DISSENY,ESDL - DISSENY D'INTERIORS,1,119,103,16,17,7
2016/2017,2016,ENSENYAMENTS SUPERIORS DE DISSENY,ESDL - DISSENY D'INTERIORS,2,86,70,16,17,7
2016/2017,2016,ENSENYAMENTS SUPERIORS DE DISSENY,ESDL - DISSENY D'INTERIORS,3,83,59,24,12,6
2016/2017,2016,ENSENYAMENTS SUPERIORS DE DISSENY,ESDL - DISSENY D'INTERIORS,4,66,55,11,8,5
2016/2017,2016,ENSENYAMENTS SUPERIORS DE DISSENY,ESDL - DISSENY DE MODA,1,184,164,20,1,3
2016/2017,2016,ENSENYAMENTS SUPERIORS DE DISSENY,ESDL - DISSENY DE MODA,2,147,121,26,1,3
2016/2017,2016,ENSENYAMENTS SUPERIORS DE DISSENY,ESDL - DISSENY DE MODA,3,115,106,9,1,3
2016/2017,2016,ENSENYAMENTS SUPERIORS DE DISSENY,ESDL - DISSENY DE MODA,4,105,92,13,1,3
2016/2017,2016,ENSENYAMENTS SUPERIORS DE DISSENY,ESDL - DISSENY DE PRODUCTES,1,47,17,30,1,3
2016/2017,2016,ENSENYAMENTS SUPERIORS DE DISSENY,ESDL - DISSENY DE PRODUCTES,2,44,22,22,1,3
2016/2017,2016,ENSENYAMENTS SUPERIORS DE DISSENY,ESDL - DISSENY DE PRODUCTES,3,50,27,23,1,2
2016/2017,2016,ENSENYAMENTS SUPERIORS DE DISSENY,ESDL - DISSENY DE PRODUCTES,4,41,16,25,1,2
2016/2017,2016,ENSENYAMENTS SUPERIORS DE DISSENY,ESDL - DISSENY GRÀFIC,1,148,101,47,18,8
2016/2017,2016,ENSENYAMENTS SUPERIORS DE DISSENY,ESDL - DISSENY GRÀFIC,2,115,70,45,18,7
2016/2017,2016,ENSENYAMENTS SUPERIORS DE DISSENY,ESDL - DISSENY GRÀFIC,3,101,65,36,14,7
2016/2017,2016,ENSENYAMENTS SUPERIORS DE DISSENY,ESDL - DISSENY GRÀFIC,4,98,56,42,9,7
2016/2017,2016,FORMACIÓ PROFESSIONAL,CFPM - ACTIVITATS COMERCIALAS (LOGÍSTICA),1,51,24,27,7,3
2016/2017,2016,FORMACIÓ PROFESSIONAL,CFPM - ACTIVITATS COMERCIALAS (LOGÍSTICA),2,36,17,19,7,3
2016/2017,2016,FORMACIÓ PROFESSIONAL,CFPM - ACTIVITATS COMERCIALS,1,1633,748,885,65,57
2016/2017,2016,FORMACIÓ PROFESSIONAL,CFPM - ACTIVITATS COMERCIALS,2,1029,485,544,60,53
2016/2017,2016,FORMACIÓ PROFESSIONAL,CFPM - ACTIVITATS COMERCIALS (PRODUCTES FRESCOS),1,15,4,11,1,1
2016/2017,2016,FORMACIÓ PROFESSIONAL,CFPM - ACTIVITATS COMERCIALS (PRODUCTES FRESCOS),2,21,7,14,1,1
2016/2017,2016,FORMACIÓ PROFESSIONAL,CFPM - APROFITAMENT I CONSERVACIÓ DEL MEDI NATURAL,1,84,4,80,5,4
2016/2017,2016,FORMACIÓ PROFESSIONAL,CFPM - APROFITAMENT I CONSERVACIÓ DEL MEDI NATURAL,2,96,3,93,5,4
2016/2017,2016,FORMACIÓ PROFESSIONAL,CFPM - ATENCIÓ A PERSONES EN SITUACIÓ DE DEPENDÈNCIA,1,2270,1883,387,95,71
2016/2017,2016,FORMACIÓ PROFESSIONAL,CFPM - ATENCIÓ A PERSONES EN SITUACIÓ DE DEPENDÈNCIA,2,2161,1826,335,94,72
2016/2017,2016,FORMACIÓ PROFESSIONAL,CFPM - ATENCIÓ A PERSONES EN SITUACIÓ DE DEPENDÊNCIA,NA,368,300,68,0,1
2016/2017,2016,FORMACIÓ PROFESSIONAL,CFPM - BUSSEIG DE PROFUNDITAT MITJANA,1,10,1,9,1,1
2016/2017,2016,FORMACIÓ PROFESSIONAL,CFPM - CARACTERITZACIÓ,1,6,5,1,0,1
2016/2017,2016,FORMACIÓ PROFESSIONAL,CFPM - CARACTERITZACIÓ,2,5,5,0,0,1
2016/2017,2016,FORMACIÓ PROFESSIONAL,CFPM - CARROSSERIA,1,538,17,521,20,21
2016/2017,2016,FORMACIÓ PROFESSIONAL,CFPM - CARROSSERIA,2,442,7,435,20,21
2016/2017,2016,FORMACIÓ PROFESSIONAL,CFPM - COMERÇ,1,51,30,21,29,25
2016/2017,2016,FORMACIÓ PROFESSIONAL,CFPM - CONDUCCIÓ D'ACTIVITATS FISICOESPORTIVES EN EL MEDI NATURAL,1,1806,326,1480,46,43
2016/2017,2016,FORMACIÓ PROFESSIONAL,CFPM - CONFECCIÓ I MODA,1,160,144,16,6,6
2016/2017,2016,FORMACIÓ PROFESSIONAL,CFPM - CONFECCIÓ I MODA,2,107,102,5,5,5
2016/2017,2016,FORMACIÓ PROFESSIONAL,CFPM - CONFECCIÓ I MODA (INNOVACIÓ I PRODUCCIÓ DE LA MODA),2,10,9,1,0,1
2016/2017,2016,FORMACIÓ PROFESSIONAL,CFPM - CONSTRUCCIÓ,1,25,4,21,6,2
2016/2017,2016,FORMACIÓ PROFESSIONAL,CFPM - CONSTRUCCIÓ,2,20,2,18,6,2
2016/2017,2016,FORMACIÓ PROFESSIONAL,CFPM - CUINA I GASTRONOMIA,1,1005,317,688,30,23
2016/2017,2016,FORMACIÓ PROFESSIONAL,CFPM - CUINA I GASTRONOMIA,2,1411,418,993,30,23
2016/2017,2016,FORMACIÓ PROFESSIONAL,CFPM - CULTIUS AQÜÍCOLES,1,15,7,8,1,1
2016/2017,2016,FORMACIÓ PROFESSIONAL,CFPM - CULTIUS AQÜÍCOLES,2,13,5,8,1,1
2016/2017,2016,FORMACIÓ PROFESSIONAL,CFPM - CURES AUXILIARS D'INFERMERIA,1,7175,5640,1535,154,82
2016/2017,2016,FORMACIÓ PROFESSIONAL,CFPM - CURES AUXILIARS D'INFERMERIA,2,783,654,129,0,5
2016/2017,2016,FORMACIÓ PROFESSIONAL,CFPM - CURES AUXILIARS D'INFERMERIA,P,48,38,10,0,4
2016/2017,2016,FORMACIÓ PROFESSIONAL,CFPM - CURES AUXILIARS D'INFERMERIA,NA,1027,843,184,0,1
2016/2017,2016,FORMACIÓ PROFESSIONAL,CFPM - ELABORACIÓ DE PRODUCTES ALIMENTARIS,1,129,52,77,17,9
2016/2017,2016,FORMACIÓ PROFESSIONAL,CFPM - ELABORACIÓ DE PRODUCTES ALIMENTARIS,2,117,40,77,17,9
2016/2017,2016,FORMACIÓ PROFESSIONAL,CFPM - ELECTROMECÀNICA DE MAQUINÀRIA,1,83,3,80,4,4
2016/2017,2016,FORMACIÓ PROFESSIONAL,CFPM - ELECTROMECÀNICA DE MAQUINÀRIA,2,47,1,46,4,4
2016/2017,2016,FORMACIÓ PROFESSIONAL,CFPM - ELECTROMECÀNICA DE VEHICLES,1,2058,59,1999,69,44
2016/2017,2016,FORMACIÓ PROFESSIONAL,CFPM - ELECTROMECÀNICA DE VEHICLES,2,1813,46,1767,65,45
2016/2017,2016,FORMACIÓ PROFESSIONAL,CFPM - ELECTROMECÀNICA DE VEHICLES (AVIONS),1,18,0,18,1,1
2016/2017,2016,FORMACIÓ PROFESSIONAL,CFPM - ELECTROMECÀNICA DE VEHICLES (AVIONS),2,16,0,16,1,1
2016/2017,2016,FORMACIÓ PROFESSIONAL,CFPM - ELECTROMECÀNICA DE VEHICLES (INDUSTRIALS),1,81,0,81,3,3
2016/2017,2016,FORMACIÓ PROFESSIONAL,CFPM - ELECTROMECÀNICA DE VEHICLES (INDUSTRIALS),2,58,1,57,3,3
2016/2017,2016,FORMACIÓ PROFESSIONAL,CFPM - EMERGÈNCIES I PROTECCIÓ CIVIL,NA,104,1,103,0,1
2016/2017,2016,FORMACIÓ PROFESSIONAL,CFPM - EMERGÈNCIES SANITÀRIES,1,653,222,431,19,16
2016/2017,2016,FORMACIÓ PROFESSIONAL,CFPM - EMERGÈNCIES SANITÀRIES,2,707,242,465,18,16
2016/2017,2016,FORMACIÓ PROFESSIONAL,CFPM - EMERGÈNCIES SANITÀRIES,NA,762,177,585,0,1
2016/2017,2016,FORMACIÓ PROFESSIONAL,CFPM - ESTÈTICA I BELLESA,1,912,896,16,28,28
2016/2017,2016,FORMACIÓ PROFESSIONAL,CFPM - ESTÈTICA I BELLESA,2,673,662,11,28,28
2016/2017,2016,FORMACIÓ PROFESSIONAL,CFPM - ESTÈTICA PERSONAL DECORATIVA,1,63,61,2,17,14
2016/2017,2016,FORMACIÓ PROFESSIONAL,CFPM - ESTÈTICA PERSONAL DECORATIVA,P,1,1,0,0,1
2016/2017,2016,FORMACIÓ PROFESSIONAL,CFPM - EXCAVACIONS I SONDATGES (OPERACIONS DE MAQUINÀRIA DE LA CONSTRUCCIÓ),1,27,0,27,1,1
2016/2017,2016,FORMACIÓ PROFESSIONAL,CFPM - EXCAVACIONS I SONDATGES (OPERACIONS DE MAQUINÀRIA DE LA CONSTRUCCIÓ),2,16,1,15,1,1
2016/2017,2016,FORMACIÓ PROFESSIONAL,CFPM - EXCAVACIONSCFPM - EXCAVACIONS I SONDATGES,1,19,2,17,1,1
2016/2017,2016,FORMACIÓ PROFESSIONAL,CFPM - EXCAVACIONSCFPM - EXCAVACIONS I SONDATGES,2,21,1,20,1,1
2016/2017,2016,FORMACIÓ PROFESSIONAL,CFPM - FABRICACIÓ I ENNOBLIMENT DE PRODUCTES TEXTILS (GENERES DE PUNT),1,14,10,4,1,1
2016/2017,2016,FORMACIÓ PROFESSIONAL,CFPM - FABRICACIÓ I ENNOBLIMENT DE PRODUCTES TÈXTILS,1,20,5,15,1,1
2016/2017,2016,FORMACIÓ PROFESSIONAL,CFPM - FABRICACIÓ I ENNOBLIMENT DE PRODUCTES TÈXTILS,2,23,12,11,1,1
2016/2017,2016,FORMACIÓ PROFESSIONAL,CFPM - FARMÀCIA I PARAFARMÀCIA,1,1098,875,223,38,29
2016/2017,2016,FORMACIÓ PROFESSIONAL,CFPM - FARMÀCIA I PARAFARMÀCIA,2,997,780,217,36,28
2016/2017,2016,FORMACIÓ PROFESSIONAL,CFPM - FARMÀCIA I PARAFARMÀCIA,P,6,5,1,0,2
2016/2017,2016,FORMACIÓ PROFESSIONAL,"CFPM - FORNERIA, PASTISSERIA I CONFITERIA",1,320,198,122,17,13
2016/2017,2016,FORMACIÓ PROFESSIONAL,"CFPM - FORNERIA, PASTISSERIA I CONFITERIA",2,479,280,199,17,13
2016/2017,2016,FORMACIÓ PROFESSIONAL,CFPM - FUSTERIA I MOBLE,1,102,8,94,15,7
2016/2017,2016,FORMACIÓ PROFESSIONAL,CFPM - FUSTERIA I MOBLE,2,98,8,90,15,7
2016/2017,2016,FORMACIÓ PROFESSIONAL,CFPM - GESTIÓ ADMINISTRATIVA,1,3362,1865,1497,208,136
2016/2017,2016,FORMACIÓ PROFESSIONAL,CFPM - GESTIÓ ADMINISTRATIVA,2,3158,1812,1346,215,142
2016/2017,2016,FORMACIÓ PROFESSIONAL,CFPM - GESTIÓ ADMINISTRATIVA,NA,746,600,146,0,1
2016/2017,2016,FORMACIÓ PROFESSIONAL,CFPM - GESTIÓ ADMINISTRATIVA (ÀMBIT JURÍDIC),1,275,199,76,11,11
2016/2017,2016,FORMACIÓ PROFESSIONAL,CFPM - GESTIÓ ADMINISTRATIVA (ÀMBIT JURÍDIC),2,199,150,49,9,9
2016/2017,2016,FORMACIÓ PROFESSIONAL,CFPM - GESTIÓ ADMINISTRATIVA (ÀMBIT SANITARI),1,51,35,16,2,2
2016/2017,2016,FORMACIÓ PROFESSIONAL,CFPM - IMPRESSIÓ GRÀFICA,1,42,13,29,2,2
2016/2017,2016,FORMACIÓ PROFESSIONAL,CFPM - IMPRESSIÓ GRÀFICA,2,30,7,23,2,2
2016/2017,2016,FORMACIÓ PROFESSIONAL,CFPM - IMPRESSIÓ GRÀFICA (IMPRESSIÓ GRÀFICA I CONVERTING),1,15,1,14,1,1
2016/2017,2016,FORMACIÓ PROFESSIONAL,CFPM - IMPRESSIÓ GRÀFICA (IMPRESSIÓ GRÀFICA I CONVERTING),2,15,2,13,1,1
2016/2017,2016,FORMACIÓ PROFESSIONAL,CFPM - INSTAL·LACIONS DE PRODUCCIÓ DE CALOR,1,102,1,101,10,6
2016/2017,2016,FORMACIÓ PROFESSIONAL,CFPM - INSTAL·LACIONS DE PRODUCCIÓ DE CALOR,2,78,0,78,6,6
2016/2017,2016,FORMACIÓ PROFESSIONAL,CFPM - INSTAL·LACIONS DE TELECOMUNICACIONS,1,372,9,363,21,17
2016/2017,2016,FORMACIÓ PROFESSIONAL,CFPM - INSTAL·LACIONS DE TELECOMUNICACIONS,2,340,11,329,26,21
2016/2017,2016,FORMACIÓ PROFESSIONAL,CFPM - INSTAL·LACIONS ELÈCTRIQUES I AUTOMÀTIQUES,1,1201,33,1168,75,54
2016/2017,2016,FORMACIÓ PROFESSIONAL,CFPM - INSTAL·LACIONS ELÈCTRIQUES I AUTOMÀTIQUES,2,1102,27,1075,77,57
2016/2017,2016,FORMACIÓ PROFESSIONAL,CFPM - INSTAL·LACIONS ELÈCTRIQUES I AUTOMÀTIQUES,NA,348,11,337,0,1
2016/2017,2016,FORMACIÓ PROFESSIONAL,CFPM - INSTAL·LACIONS FRIGORÍFIQUES I DE CLIMATITZACIÓ,1,77,2,75,5,5
2016/2017,2016,FORMACIÓ PROFESSIONAL,CFPM - INSTAL·LACIONS FRIGORÍFIQUES I DE CLIMATITZACIÓ,2,130,1,129,13,9
2016/2017,2016,FORMACIÓ PROFESSIONAL,CFPM - INSTAL·LACIÓ i MOBLAMENT,1,50,3,47,3,3
2016/2017,2016,FORMACIÓ PROFESSIONAL,CFPM - INSTAL·LACIÓ i MOBLAMENT,2,60,6,54,5,5
2016/2017,2016,FORMACIÓ PROFESSIONAL,CFPM - JARDINERIA I FLORISTERIA,1,250,41,209,17,12
2016/2017,2016,FORMACIÓ PROFESSIONAL,CFPM - JARDINERIA I FLORISTERIA,2,234,35,199,16,11
2016/2017,2016,FORMACIÓ PROFESSIONAL,CFPM - LABORATORI,1,14,7,7,6,6
2016/2017,2016,FORMACIÓ PROFESSIONAL,CFPM - LABORATORI D'IMATGE,1,5,3,2,1,2
2016/2017,2016,FORMACIÓ PROFESSIONAL,CFPM - MANTENIMENT DE MATERIAL RODANT FERROVIARI,1,29,0,29,1,1
2016/2017,2016,FORMACIÓ PROFESSIONAL,CFPM - MANTENIMENT DE MATERIAL RODANT FERROVIARI,2,15,1,14,1,1
2016/2017,2016,FORMACIÓ PROFESSIONAL,CFPM - MANTENIMENT ELECTROMECÀNIC,1,755,11,744,37,37
2016/2017,2016,FORMACIÓ PROFESSIONAL,CFPM - MANTENIMENT ELECTROMECÀNIC,2,699,30,669,37,38
2016/2017,2016,FORMACIÓ PROFESSIONAL,CFPM - MANTENIMENT ELECTROMECÀNIC ( VAIXLLS D'ESBARJO I SERVEIS PORTUARIS,1,131,4,127,5,5
2016/2017,2016,FORMACIÓ PROFESSIONAL,CFPM - MANTENIMENT ELECTROMECÀNIC ( VAIXLLS D'ESBARJO I SERVEIS PORTUARIS,2,86,0,86,5,5
2016/2017,2016,FORMACIÓ PROFESSIONAL,CFPM - MANTENIMENT I CONTROL DE LA MAQUINÀRIA DE VAIXELLS I EMBARCACIONS,1,17,0,17,1,1
2016/2017,2016,FORMACIÓ PROFESSIONAL,CFPM - MANTENIMENT I CONTROL DE LA MAQUINÀRIA DE VAIXELLS I EMBARCACIONS,2,15,0,15,1,1
2016/2017,2016,FORMACIÓ PROFESSIONAL,CFPM - MECANITZACIÓ,1,586,11,575,25,25
2016/2017,2016,FORMACIÓ PROFESSIONAL,CFPM - MECANITZACIÓ,2,525,15,510,25,25
2016/2017,2016,FORMACIÓ PROFESSIONAL,CFPM - MECANITZACIÓ (RELLOTGERIA),1,15,3,12,1,1
2016/2017,2016,FORMACIÓ PROFESSIONAL,CFPM - MECANITZACIÓ (RELLOTGERIA),2,18,2,16,1,1
2016/2017,2016,FORMACIÓ PROFESSIONAL,CFPM - NAVEGACIÓ I PESCA LITORAL,1,26,1,25,1,1
2016/2017,2016,FORMACIÓ PROFESSIONAL,CFPM - NAVEGACIÓ I PESCA LITORAL,2,27,1,26,1,1
2016/2017,2016,FORMACIÓ PROFESSIONAL,"CFPM - OBRES D'INTERIOR, DECORACIÓ i REHABILITACIÓ",1,51,11,40,20,4
2016/2017,2016,FORMACIÓ PROFESSIONAL,"CFPM - OBRES D'INTERIOR, DECORACIÓ i REHABILITACIÓ",2,28,6,22,20,4
2016/2017,2016,FORMACIÓ PROFESSIONAL,CFPM - OLIS D'OLIVA I VINS,1,58,17,41,13,5
2016/2017,2016,FORMACIÓ PROFESSIONAL,CFPM - OLIS D'OLIVA I VINS,2,65,14,51,13,5
2016/2017,2016,FORMACIÓ PROFESSIONAL,CFPM - OPERACIONS DE FABRICACIÓ DE PRODUCTES FARMACÈUTICS,1,53,28,25,4,4
2016/2017,2016,FORMACIÓ PROFESSIONAL,CFPM - OPERACIONS DE LABORATORI,1,335,138,197,13,13
2016/2017,2016,FORMACIÓ PROFESSIONAL,CFPM - OPERACIONS DE LABORATORI,2,189,96,93,12,12
2016/2017,2016,FORMACIÓ PROFESSIONAL,CFPM - OPERACIONS DE PROCÉS DE PASTA I PAPER,1,4,2,2,1,1
2016/2017,2016,FORMACIÓ PROFESSIONAL,CFPM - OPERACIONS SUBAQUÀTIQUES I HIPERBÀRIQUES,1,22,0,22,1,1
2016/2017,2016,FORMACIÓ PROFESSIONAL,CFPM - OPERACIONS SUBAQUÀTIQUES I HIPERBÀRIQUES,2,23,2,21,1,1
2016/2017,2016,FORMACIÓ PROFESSIONAL,CFPM - PERRUQUERIA I COSMÈTICA CAPIL·LAR,1,855,710,145,28,35
2016/2017,2016,FORMACIÓ PROFESSIONAL,CFPM - PERRUQUERIA I COSMÈTICA CAPIL·LAR,2,733,663,70,28,35
2016/2017,2016,FORMACIÓ PROFESSIONAL,CFPM - PLANTA QUÍMICA,1,25,3,22,1,1
2016/2017,2016,FORMACIÓ PROFESSIONAL,CFPM - PLANTA QUÍMICA,2,37,9,28,2,2
2016/2017,2016,FORMACIÓ PROFESSIONAL,CFPM - PLANTA QUÍMICA (PRODUCTES FARMACÈUTICS I COSMÈTICS),1,85,30,55,4,4
2016/2017,2016,FORMACIÓ PROFESSIONAL,CFPM - POSTIMPRESSIÓ I ACABATS GRÀFICS,1,10,5,5,1,1
2016/2017,2016,FORMACIÓ PROFESSIONAL,CFPM - PREIMPRESSIÓ DIGITAL,1,314,105,209,12,8
2016/2017,2016,FORMACIÓ PROFESSIONAL,CFPM - PREIMPRESSIÓ DIGITAL,2,254,91,163,11,8
2016/2017,2016,FORMACIÓ PROFESSIONAL,CFPM - PRODUCCIÓ AGROECOLÒGICA,1,40,10,30,2,2
2016/2017,2016,FORMACIÓ PROFESSIONAL,CFPM - PRODUCCIÓ AGROECOLÒGICA,2,39,11,28,2,2
2016/2017,2016,FORMACIÓ PROFESSIONAL,CFPM - PRODUCCIÓ AGROECOLÒGICA (AGRÍCOLA),1,40,8,32,3,3
2016/2017,2016,FORMACIÓ PROFESSIONAL,CFPM - PRODUCCIÓ AGROECOLÒGICA (AGRÍCOLA),2,34,7,27,3,3
2016/2017,2016,FORMACIÓ PROFESSIONAL,CFPM - PRODUCCIÓ AGROPECUÀRIA,1,115,30,85,5,5
2016/2017,2016,FORMACIÓ PROFESSIONAL,CFPM - PRODUCCIÓ AGROPECUÀRIA,2,157,27,130,5,5
2016/2017,2016,FORMACIÓ PROFESSIONAL,CFPM - PRODUCCIÓ AGROPECUÀRIA (AGRÍCOLA),1,13,0,13,1,1
2016/2017,2016,FORMACIÓ PROFESSIONAL,CFPM - PRODUCCIÓ AGROPECUÀRIA (AGRÍCOLA),2,15,0,15,1,1
2016/2017,2016,FORMACIÓ PROFESSIONAL,CFPM - PRODUCCIÓ AGROPECUÀRIA (RAMADERA),1,21,4,17,1,1
2016/2017,2016,FORMACIÓ PROFESSIONAL,CFPM - PRODUCCIÓ AGROPECUÀRIA (RAMADERA),2,14,2,12,1,1
2016/2017,2016,FORMACIÓ PROFESSIONAL,CFPM - SERVEIS EN RESTAURACIÓ,1,684,216,468,19,22
2016/2017,2016,FORMACIÓ PROFESSIONAL,CFPM - SERVEIS EN RESTAURACIÓ,2,893,280,613,20,20
2016/2017,2016,FORMACIÓ PROFESSIONAL,CFPM - SISTEMES MICROINFORMÀTICS I XARXES,1,3851,199,3652,143,99
2016/2017,2016,FORMACIÓ PROFESSIONAL,CFPM - SISTEMES MICROINFORMÀTICS I XARXES,2,3595,232,3363,137,100
2016/2017,2016,FORMACIÓ PROFESSIONAL,CFPM - SISTEMES MICROINFORMÀTICS I XARXES,NA,492,61,431,0,1
2016/2017,2016,FORMACIÓ PROFESSIONAL,CFPM - SOLDADURA I CALDERERIA,1,178,8,170,9,7
2016/2017,2016,FORMACIÓ PROFESSIONAL,CFPM - SOLDADURA I CALDERERIA,2,167,2,165,9,7
2016/2017,2016,FORMACIÓ PROFESSIONAL,CFPM - TREBALLS FORESTALS I DE CONSERVACIÓ DEL MEDI NATURAL,2,1,0,1,0,1
2016/2017,2016,FORMACIÓ PROFESSIONAL,CFPM - VIDEO DISCJÒQUEI I SO,1,332,48,284,9,8
2016/2017,2016,FORMACIÓ PROFESSIONAL,CFPM - VIDEO DISCJÒQUEI I SO,2,338,48,290,9,8
2016/2017,2016,FORMACIÓ PROFESSIONAL,"CFPM - XARXES, INSTAL·LACIONS I ESTACIONS DE TRACTAMENT D'AIGUES",1,20,2,18,2,1
2016/2017,2016,FORMACIÓ PROFESSIONAL,"CFPM - XARXES, INSTAL·LACIONS I ESTACIONS DE TRACTAMENT D'AIGUES",2,17,0,17,2,1
2016/2017,2016,FORMACIÓ PROFESSIONAL,CFPS - ADMINISTRACIÓ DE SISTEMES INFORMÀTICS EN XARXA,1,1328,94,1234,49,45
2016/2017,2016,FORMACIÓ PROFESSIONAL,CFPS - ADMINISTRACIÓ DE SISTEMES INFORMÀTICS EN XARXA,2,1054,70,984,56,50
2016/2017,2016,FORMACIÓ PROFESSIONAL,CFPS - ADMINISTRACIÓ DE SISTEMES INFORMÀTICS EN XARXA,NA,732,85,647,0,1
2016/2017,2016,FORMACIÓ PROFESSIONAL,CFPS - ADMINISTRACIÓ I FINANCES,1,3356,2018,1338,128,108
2016/2017,2016,FORMACIÓ PROFESSIONAL,CFPS - ADMINISTRACIÓ I FINANCES,2,3115,1833,1282,128,109
2016/2017,2016,FORMACIÓ PROFESSIONAL,CFPS - ADMINISTRACIÓ I FINANCES,P,2,1,1,0,1
2016/2017,2016,FORMACIÓ PROFESSIONAL,CFPS - ADMINISTRACIÓ I FINANCES,NA,1729,1396,333,0,1
2016/2017,2016,FORMACIÓ PROFESSIONAL,CFPS - AGÈNCIES DE VIATGES I GESTIÓ D'ESDEVENIMENTS,1,276,196,80,12,12
2016/2017,2016,FORMACIÓ PROFESSIONAL,CFPS - AGÈNCIES DE VIATGES I GESTIÓ D'ESDEVENIMENTS,2,330,238,92,13,12
2016/2017,2016,FORMACIÓ PROFESSIONAL,CFPS - ANATOMIA PATOLÒGICA I CITODIAGNÒSTIC,1,261,215,46,5,8
2016/2017,2016,FORMACIÓ PROFESSIONAL,CFPS - ANATOMIA PATOLÒGICA I CITODIAGNÒSTIC,2,133,100,33,5,6
2016/2017,2016,FORMACIÓ PROFESSIONAL,CFPS - ANATOMIA PATOLÒGICA I CITOLOGIA,2,19,15,4,2,3
2016/2017,2016,FORMACIÓ PROFESSIONAL,"CFPS - ANIMACIONS EN 3D, JOCS I ENTORNS INTERACTIUS",1,419,66,353,5,11
2016/2017,2016,FORMACIÓ PROFESSIONAL,"CFPS - ANIMACIONS EN 3D, JOCS I ENTORNS INTERACTIUS",2,386,53,333,5,11
2016/2017,2016,FORMACIÓ PROFESSIONAL,"CFPS - ANIMACIONS EN 3D, JOCS I ENTORNS INTERACTIUS",P,12,1,11,0,1
2016/2017,2016,FORMACIÓ PROFESSIONAL,"CFPS - ANIMACIONS EN 3D, JOCS I ENTORNS INTERACTIUS",NA,84,19,65,0,1
2016/2017,2016,FORMACIÓ PROFESSIONAL,CFPS - ANIMACIÓ D'ACTIVITATS FÍSIQUES I ESPORTIVES,1,2196,395,1801,42,49
2016/2017,2016,FORMACIÓ PROFESSIONAL,CFPS - ANIMACIÓ D'ACTIVITATS FÍSIQUES I ESPORTIVES,2,1914,313,1601,40,48
2016/2017,2016,FORMACIÓ PROFESSIONAL,"CFPS - ANIMACIÓ EN 3D, JOCS i ENTORNS INTERACTIUS (MONS VIRTUALS, REALITAT AUGMENTADA i GAMIFICACIÓ)",1,129,22,107,0,1
2016/2017,2016,FORMACIÓ PROFESSIONAL,"CFPS - ANIMACIÓ EN 3D, JOCS i ENTORNS INTERACTIUS (MONS VIRTUALS, REALITAT AUGMENTADA i GAMIFICACIÓ)",2,36,4,32,0,1
2016/2017,2016,FORMACIÓ PROFESSIONAL,CFPS - ANIMACIÓ SOCIOCULTURAL I TURÍSTICA,1,292,197,95,22,14
2016/2017,2016,FORMACIÓ PROFESSIONAL,CFPS - ANIMACIÓ SOCIOCULTURAL I TURÍSTICA,2,264,175,89,22,14
2016/2017,2016,FORMACIÓ PROFESSIONAL,CFPS - AQÜICULTURA,1,20,5,15,1,1
2016/2017,2016,FORMACIÓ PROFESSIONAL,CFPS - AQÜICULTURA,2,22,9,13,1,1
2016/2017,2016,FORMACIÓ PROFESSIONAL,CFPS - ASSESSORIA D'IMATGE PERSONAL I CORPORATIVA,1,229,212,17,3,10
2016/2017,2016,FORMACIÓ PROFESSIONAL,CFPS - ASSESSORIA D'IMATGE PERSONAL I CORPORATIVA,2,190,176,14,3,9
2016/2017,2016,FORMACIÓ PROFESSIONAL,CFPS - ASSISTÈNCIA A LA DIRECCIÓ,1,283,219,64,29,13
2016/2017,2016,FORMACIÓ PROFESSIONAL,CFPS - ASSISTÈNCIA A LA DIRECCIÓ,2,290,223,67,32,16
2016/2017,2016,FORMACIÓ PROFESSIONAL,CFPS - ASSISTÈNCIA A LA DIRECCIÓ,NA,292,268,24,0,1
2016/2017,2016,FORMACIÓ PROFESSIONAL,CFPS - AUDIOLOGIA PROTÈTICA,1,52,35,17,1,2
2016/2017,2016,FORMACIÓ PROFESSIONAL,CFPS - AUDIOLOGIA PROTÈTICA,2,56,24,32,2,2
2016/2017,2016,FORMACIÓ PROFESSIONAL,CFPS - AUTOMATITZACIÓ I ROBÒTICA INDUSTRIAL,1,860,28,832,33,30
2016/2017,2016,FORMACIÓ PROFESSIONAL,CFPS - AUTOMATITZACIÓ I ROBÒTICA INDUSTRIAL,2,828,28,800,32,29
2016/2017,2016,FORMACIÓ PROFESSIONAL,CFPS - AUTOMOCIÓ,1,1096,26,1070,30,24
2016/2017,2016,FORMACIÓ PROFESSIONAL,CFPS - AUTOMOCIÓ,2,996,16,980,30,25
2016/2017,2016,FORMACIÓ PROFESSIONAL,CFPS - AUTOMOCIÓ,P,5,0,5,0,1
2016/2017,2016,FORMACIÓ PROFESSIONAL,CFPS - CARACTERITZACIÓ I MAQUILLATGE PROFESSIONAL,1,145,132,13,3,5
2016/2017,2016,FORMACIÓ PROFESSIONAL,CFPS - CARACTERITZACIÓ I MAQUILLATGE PROFESSIONAL,2,126,119,7,3,5
2016/2017,2016,FORMACIÓ PROFESSIONAL,CFPS - COMERÇ INTERNACIONAL,1,766,336,430,39,32
2016/2017,2016,FORMACIÓ PROFESSIONAL,CFPS - COMERÇ INTERNACIONAL,2,823,335,488,39,32
2016/2017,2016,FORMACIÓ PROFESSIONAL,CFPS - COMERÇ INTERNACIONAL,NA,271,151,120,0,1
2016/2017,2016,FORMACIÓ PROFESSIONAL,CFPS - CONSTRUCCIONS METÀL·LIQUES,1,72,1,71,3,3
2016/2017,2016,FORMACIÓ PROFESSIONAL,CFPS - CONSTRUCCIONS METÀL·LIQUES,2,56,0,56,3,3
2016/2017,2016,FORMACIÓ PROFESSIONAL,CFPS - DESENV. D'APLICACIONS MULTIPLATAFORMA (INFORMÀTICA APLICADA A LA LOGÍSTICA),1,20,1,19,1,1
2016/2017,2016,FORMACIÓ PROFESSIONAL,CFPS - DESENV. D'APLICACIONS MULTIPLATAFORMA (INFORMÀTICA APLICADA A LA LOGÍSTICA),2,4,0,4,1,1
2016/2017,2016,FORMACIÓ PROFESSIONAL,CFPS - DESENV. D'APLICACIONS MULTIPLATAFORMA (VIDEOJOCS I OCI DIGITAL),1,11,0,11,0,1
2016/2017,2016,FORMACIÓ PROFESSIONAL,CFPS - DESENVOLUPAMENT D'APLICACIONS MULTIPLATAFORMA,1,1291,99,1192,35,38
2016/2017,2016,FORMACIÓ PROFESSIONAL,CFPS - DESENVOLUPAMENT D'APLICACIONS MULTIPLATAFORMA,2,1286,98,1188,36,38
2016/2017,2016,FORMACIÓ PROFESSIONAL,CFPS - DESENVOLUPAMENT D'APLICACIONS MULTIPLATAFORMA,P,1,0,1,0,1
2016/2017,2016,FORMACIÓ PROFESSIONAL,CFPS - DESENVOLUPAMENT D'APLICACIONS MULTIPLATAFORMA,NA,810,144,666,0,1
2016/2017,2016,FORMACIÓ PROFESSIONAL,CFPS - DESENVOLUPAMENT D'APLICACIONS WEB,1,975,108,867,34,34
2016/2017,2016,FORMACIÓ PROFESSIONAL,CFPS - DESENVOLUPAMENT D'APLICACIONS WEB,2,1031,103,928,40,41
2016/2017,2016,FORMACIÓ PROFESSIONAL,CFPS - DESENVOLUPAMENT D'APLICACIONS WEB,NA,311,58,253,0,1
2016/2017,2016,FORMACIÓ PROFESSIONAL,CFPS - DESENVOLUPAMENT D'APLICACIONS WEB (BIOINFORMÀTICA),1,38,6,32,1,2
2016/2017,2016,FORMACIÓ PROFESSIONAL,CFPS - DESENVOLUPAMENT D'APLICACIONS WEB (BIOINFORMÀTICA),2,23,2,21,1,2
2016/2017,2016,FORMACIÓ PROFESSIONAL,CFPS - DESENVOLUPAMENT DE PROJECTES D'INSTAL·LACIONS TÈRMIQUES I DE FLUIDS,1,13,0,13,1,1
2016/2017,2016,FORMACIÓ PROFESSIONAL,CFPS - DESENVOLUPAMENT DE PROJECTES D'INSTAL·LACIONS TÈRMIQUES I DE FLUIDS,2,24,1,23,2,2
2016/2017,2016,FORMACIÓ PROFESSIONAL,CFPS - DIETÈTICA,1,843,589,254,12,18
2016/2017,2016,FORMACIÓ PROFESSIONAL,CFPS - DIETÈTICA,2,580,405,175,12,18
2016/2017,2016,FORMACIÓ PROFESSIONAL,CFPS - DIETÈTICA,P,15,4,11,0,3
2016/2017,2016,FORMACIÓ PROFESSIONAL,CFPS - DIRECCIÓ DE CUINA,1,385,121,264,16,14
2016/2017,2016,FORMACIÓ PROFESSIONAL,CFPS - DIRECCIÓ DE CUINA,2,491,175,316,16,14
2016/2017,2016,FORMACIÓ PROFESSIONAL,CFPS - DIRECCIÓ DE SERVEIS EN RESTAURACIÓ,1,131,36,95,4,6
2016/2017,2016,FORMACIÓ PROFESSIONAL,CFPS - DIRECCIÓ DE SERVEIS EN RESTAURACIÓ,2,205,77,128,5,7
2016/2017,2016,FORMACIÓ PROFESSIONAL,CFPS - DISSENY EN FABRICACIÓ MECÀNICA,1,245,11,234,14,10
2016/2017,2016,FORMACIÓ PROFESSIONAL,CFPS - DISSENY EN FABRICACIÓ MECÀNICA,2,288,13,275,21,14
2016/2017,2016,FORMACIÓ PROFESSIONAL,CFPS - DISSENY I EDICIÓ DE PUBL.IMPRESES I MULTIMÈDIA,1,152,64,88,6,6
2016/2017,2016,FORMACIÓ PROFESSIONAL,CFPS - DISSENY I EDICIÓ DE PUBL.IMPRESES I MULTIMÈDIA,2,131,53,78,7,7
2016/2017,2016,FORMACIÓ PROFESSIONAL,CFPS - DISSENY I GESTIÓ DE LA PRODUCCIÓ GRÀFIC,1,69,15,54,3,3
2016/2017,2016,FORMACIÓ PROFESSIONAL,CFPS - DISSENY I GESTIÓ DE LA PRODUCCIÓ GRÀFIC,2,22,5,17,1,1
2016/2017,2016,FORMACIÓ PROFESSIONAL,CFPS - DISSENY I MOBLAMENT,1,29,3,26,6,2
2016/2017,2016,FORMACIÓ PROFESSIONAL,CFPS - DISSENY I MOBLAMENT,2,15,2,13,6,2
2016/2017,2016,FORMACIÓ PROFESSIONAL,CFPS - DISSENY I MOBLAMENT (CONSTRUCCIONS EFÍMERES I DECORACIÓ),1,23,7,16,1,1
2016/2017,2016,FORMACIÓ PROFESSIONAL,CFPS - DISSENY I MOBLAMENT (CONSTRUCCIONS EFÍMERES I DECORACIÓ),2,22,3,19,1,1
2016/2017,2016,FORMACIÓ PROFESSIONAL,CFPS - DISSENY TÈCNIC EN TÈXTIL i PELL,1,17,13,4,1,1
2016/2017,2016,FORMACIÓ PROFESSIONAL,CFPS - DISSENY TÈCNIC EN TÈXTIL i PELL,2,16,15,1,1,1
2016/2017,2016,FORMACIÓ PROFESSIONAL,CFPS - DOCUMENTACIÓ I ADMINISTRACIÓ SANITÀRIA,1,569,448,121,15,18
2016/2017,2016,FORMACIÓ PROFESSIONAL,CFPS - DOCUMENTACIÓ I ADMINISTRACIÓ SANITÀRIA,2,390,303,87,15,18
2016/2017,2016,FORMACIÓ PROFESSIONAL,CFPS - DOCUMENTACIÓ I ADMINISTRACIÓ SANITÀRIES (GESTIÓ DE DADES),1,32,28,4,1,1
2016/2017,2016,FORMACIÓ PROFESSIONAL,CFPS - DOCUMENTACIÓ I ADMINISTRACIÓ SANITÀRIES (GESTIÓ DE DADES),2,26,23,3,1,1
2016/2017,2016,FORMACIÓ PROFESSIONAL,CFPS - DOCUMENTACIÓ SANITÀRIA,1,17,10,7,5,7
2016/2017,2016,FORMACIÓ PROFESSIONAL,CFPS - DOCUMENTACIÓ SANITÀRIA,2,2,2,0,0,1
2016/2017,2016,FORMACIÓ PROFESSIONAL,CFPS - DOCUMENTACIÓ SANITÀRIA,P,2,2,0,0,1
2016/2017,2016,FORMACIÓ PROFESSIONAL,CFPS - EDUCACIÓ I CONTROL AMBIENTAL,1,93,28,65,8,4
2016/2017,2016,FORMACIÓ PROFESSIONAL,CFPS - EDUCACIÓ I CONTROL AMBIENTAL,2,112,40,72,9,5
2016/2017,2016,FORMACIÓ PROFESSIONAL,CFPS - EDUCACIÓ INFANTIL,1,2799,2497,302,92,74
2016/2017,2016,FORMACIÓ PROFESSIONAL,CFPS - EDUCACIÓ INFANTIL,2,3126,2853,273,96,76
2016/2017,2016,FORMACIÓ PROFESSIONAL,CFPS - EDUCACIÓ INFANTIL,P,3,3,0,0,1
2016/2017,2016,FORMACIÓ PROFESSIONAL,CFPS - EDUCACIÓ INFANTIL,NA,1534,1482,52,0,1
2016/2017,2016,FORMACIÓ PROFESSIONAL,CFPS - EFICIÈNCIA ENERGÈTICA I ENERGIA SOLAR I TÈRMICA,1,73,0,73,5,5
2016/2017,2016,FORMACIÓ PROFESSIONAL,CFPS - EFICIÈNCIA ENERGÈTICA I ENERGIA SOLAR I TÈRMICA,2,67,3,64,6,6
2016/2017,2016,FORMACIÓ PROFESSIONAL,CFPS - ELECTROMEDICINA CLÍNICA,1,29,2,27,1,1
2016/2017,2016,FORMACIÓ PROFESSIONAL,CFPS - ENERGIES RENOVABLES,1,74,1,73,8,4
2016/2017,2016,FORMACIÓ PROFESSIONAL,CFPS - ENERGIES RENOVABLES,2,92,4,88,8,4
2016/2017,2016,FORMACIÓ PROFESSIONAL,CFPS - ESTILISME I DIRECCIÓ DE PERRUQUERIA,1,65,61,4,4,5
2016/2017,2016,FORMACIÓ PROFESSIONAL,CFPS - ESTILISME I DIRECCIÓ DE PERRUQUERIA,2,58,53,5,4,5
2016/2017,2016,FORMACIÓ PROFESSIONAL,CFPS - ESTÈTICA INTEGRAL I BENESTAR,1,241,236,5,10,11
2016/2017,2016,FORMACIÓ PROFESSIONAL,CFPS - ESTÈTICA INTEGRAL I BENESTAR,2,278,273,5,10,11
2016/2017,2016,FORMACIÓ PROFESSIONAL,CFPS - FABRICACIÓ DE PRODUCTES FARMACÈUTICS I AFINS,1,26,17,9,6,5
2016/2017,2016,FORMACIÓ PROFESSIONAL,"CFPS - FABRICACIÓ DE PRODUCTES FARMACÈUTICS, BIOTECNOLÒGICS I AFINS",1,236,100,136,9,7
2016/2017,2016,FORMACIÓ PROFESSIONAL,"CFPS - FABRICACIÓ DE PRODUCTES FARMACÈUTICS, BIOTECNOLÒGICS I AFINS",2,196,109,87,9,7
2016/2017,2016,FORMACIÓ PROFESSIONAL,CFPS - GESTIÓ COMERCIAL I MÀRQUETING,1,86,43,43,20,21
2016/2017,2016,FORMACIÓ PROFESSIONAL,CFPS - GESTIÓ COMERCIAL I MÀRQUETING,NA,149,83,66,0,1
2016/2017,2016,FORMACIÓ PROFESSIONAL,CFPS - GESTIÓ D'ALLOTJAMENTS TURÍSTICS,1,393,265,128,16,14
2016/2017,2016,FORMACIÓ PROFESSIONAL,CFPS - GESTIÓ D'ALLOTJAMENTS TURÍSTICS,2,464,297,167,16,15
2016/2017,2016,FORMACIÓ PROFESSIONAL,CFPS - GESTIÓ DE VENDES I ESPAIS COMERCIALS,1,465,200,265,23,26
2016/2017,2016,FORMACIÓ PROFESSIONAL,CFPS - GESTIÓ DE VENDES I ESPAIS COMERCIALS,2,370,173,197,26,26
2016/2017,2016,FORMACIÓ PROFESSIONAL,CFPS - GESTIÓ DE VENDES I ESPAIS COMERCIALS,NA,241,140,101,0,1
2016/2017,2016,FORMACIÓ PROFESSIONAL,CFPS - GESTIÓ FORESTAL I DEL MEDI NATURAL,1,197,25,172,8,8
2016/2017,2016,FORMACIÓ PROFESSIONAL,CFPS - GESTIÓ FORESTAL I DEL MEDI NATURAL,2,211,30,181,8,8
2016/2017,2016,FORMACIÓ PROFESSIONAL,CFPS - GESTIÓ I ORGANITZACIÓ D'EMPRESES AGROPECUÀRIES,1,12,1,11,2,2
2016/2017,2016,FORMACIÓ PROFESSIONAL,CFPS - GESTIÓ I ORGANITZACIÓ D'EMPRESES AGROPECUÀRIES,2,14,3,11,2,3
2016/2017,2016,FORMACIÓ PROFESSIONAL,"CFPS - GUIA, INFORMACIÓ I ASSIST. TURÍST. (DINAMITZACIÓ LÚDICA, CULTURAL I FISICORECREATIVA)",1,44,31,13,4,4
2016/2017,2016,FORMACIÓ PROFESSIONAL,"CFPS - GUIA, INFORMACIÓ I ASSIST. TURÍST. (DINAMITZACIÓ LÚDICA, CULTURAL I FISICORECREATIVA)",2,41,33,8,3,3
2016/2017,2016,FORMACIÓ PROFESSIONAL,"CFPS - GUIA, INFORMACIÓ I ASSISTÈNCIA TURÍSTIQUES",1,258,174,84,17,12
2016/2017,2016,FORMACIÓ PROFESSIONAL,"CFPS - GUIA, INFORMACIÓ I ASSISTÈNCIA TURÍSTIQUES",2,365,247,118,18,13
2016/2017,2016,FORMACIÓ PROFESSIONAL,CFPS - HIGIENE BUCODENTAL,1,932,803,129,34,21
2016/2017,2016,FORMACIÓ PROFESSIONAL,CFPS - HIGIENE BUCODENTAL,2,1445,1268,177,22,18
2016/2017,2016,FORMACIÓ PROFESSIONAL,"CFPS - IL·LUMINACIÓ, CAPTACIÓ i TRACTAMENT D'IMATGE",1,179,75,104,5,6
2016/2017,2016,FORMACIÓ PROFESSIONAL,"CFPS - IL·LUMINACIÓ, CAPTACIÓ i TRACTAMENT D'IMATGE",2,219,110,109,5,6
2016/2017,2016,FORMACIÓ PROFESSIONAL,CFPS - IMATGE PER AL DIAGNÒSTIC,2,61,41,20,4,8
2016/2017,2016,FORMACIÓ PROFESSIONAL,CFPS - IMATGE PER AL DIAGNÒSTIC I MEDICINA NUCLEAR,1,607,397,210,8,12
2016/2017,2016,FORMACIÓ PROFESSIONAL,CFPS - IMATGE PER AL DIAGNÒSTIC I MEDICINA NUCLEAR,2,505,324,181,8,12
2016/2017,2016,FORMACIÓ PROFESSIONAL,CFPS - INDÚSTRIES DE PROCÉS DE PASTA I PAPER,1,11,5,6,1,1
2016/2017,2016,FORMACIÓ PROFESSIONAL,CFPS - INTEGRACIÓ SOCIAL,1,2104,1604,500,62,48
2016/2017,2016,FORMACIÓ PROFESSIONAL,CFPS - INTEGRACIÓ SOCIAL,2,1926,1495,431,57,45
2016/2017,2016,FORMACIÓ PROFESSIONAL,CFPS - INTEGRACIÓ SOCIAL,P,3,2,1,0,1
2016/2017,2016,FORMACIÓ PROFESSIONAL,CFPS - INTEGRACIÓ SOCIAL,NA,1500,1239,261,0,1
2016/2017,2016,FORMACIÓ PROFESSIONAL,CFPS - INTERPRETACIÓ DE LA LLENGUA DE SIGNES,2,7,6,1,0,1
2016/2017,2016,FORMACIÓ PROFESSIONAL,CFPS - INTERPRETACIÓ DE LA LLENGUA DE SIGNES,P,2,2,0,0,1
2016/2017,2016,FORMACIÓ PROFESSIONAL,CFPS - LABORATORI CLÍNIC I BIOMÈDIC,1,766,546,220,22,22
2016/2017,2016,FORMACIÓ PROFESSIONAL,CFPS - LABORATORI CLÍNIC I BIOMÈDIC,2,563,385,178,21,21
2016/2017,2016,FORMACIÓ PROFESSIONAL,CFPS - LABORATORI CLÍNIC I BIOMÈDIC (RECERCA),1,34,22,12,1,1
2016/2017,2016,FORMACIÓ PROFESSIONAL,CFPS - LABORATORI CLÍNIC I BIOMÈDIC (RECERCA),2,29,20,9,1,1
2016/2017,2016,FORMACIÓ PROFESSIONAL,CFPS - LABORATORI D'ANÀLISI I CONTROL DE QUALITAT,1,473,242,231,17,15
2016/2017,2016,FORMACIÓ PROFESSIONAL,CFPS - LABORATORI D'ANÀLISI I CONTROL DE QUALITAT,2,523,252,271,17,15
2016/2017,2016,FORMACIÓ PROFESSIONAL,CFPS - LABORATORI DE DIAGNÒSTIC CLÍNIC,2,107,78,29,14,14
2016/2017,2016,FORMACIÓ PROFESSIONAL,CFPS - MANTENIMENT AEROMECÀNIC,1,25,1,24,1,1
2016/2017,2016,FORMACIÓ PROFESSIONAL,CFPS - MANTENIMENT AEROMECÀNIC,2,24,1,23,1,1
2016/2017,2016,FORMACIÓ PROFESSIONAL,CFPS - MANTENIMENT D'AVIÒNICA,2,25,1,24,1,1
2016/2017,2016,FORMACIÓ PROFESSIONAL,CFPS - MANTENIMENT D'INSTAL·LACIONS TÈRMIQUES I DE FLUIDS,1,138,0,138,7,7
2016/2017,2016,FORMACIÓ PROFESSIONAL,CFPS - MANTENIMENT D'INSTAL·LACIONS TÈRMIQUES I DE FLUIDS,2,102,1,101,7,7
2016/2017,2016,FORMACIÓ PROFESSIONAL,CFPS - MANTENIMENT ELECTRÒNIC,1,138,8,130,11,7
2016/2017,2016,FORMACIÓ PROFESSIONAL,CFPS - MANTENIMENT ELECTRÒNIC,2,123,5,118,12,8
2016/2017,2016,FORMACIÓ PROFESSIONAL,CFPS - MECATRÒNICA INDUSTRIAL,1,453,10,443,19,19
2016/2017,2016,FORMACIÓ PROFESSIONAL,CFPS - MECATRÒNICA INDUSTRIAL,2,443,14,429,23,23
2016/2017,2016,FORMACIÓ PROFESSIONAL,CFPS - MECATRÒNICA INDUSTRIAL (FABRICACIÓ DE PRODUCTES CERÀMICS),2,22,0,22,1,1
2016/2017,2016,FORMACIÓ PROFESSIONAL,CFPS - MEDIACIÓ COMUNICATIVA,1,92,76,16,8,3
2016/2017,2016,FORMACIÓ PROFESSIONAL,CFPS - MEDIACIÓ COMUNICATIVA,2,55,47,8,8,3
2016/2017,2016,FORMACIÓ PROFESSIONAL,CFPS - MÀRQUETING I PUBLICITAT,1,985,488,497,30,29
2016/2017,2016,FORMACIÓ PROFESSIONAL,CFPS - MÀRQUETING I PUBLICITAT,2,601,305,296,29,25
2016/2017,2016,FORMACIÓ PROFESSIONAL,CFPS - MÀRQUETING I PUBLICITAT (ENOLÒGIC),1,12,7,5,1,1
2016/2017,2016,FORMACIÓ PROFESSIONAL,CFPS - MÀRQUETING I PUBLICITAT (ENOLÒGIC),2,28,13,15,2,2
2016/2017,2016,FORMACIÓ PROFESSIONAL,CFPS - MÀRQUETING I PUBLICITAT (PROMOCIÓ TURÍSTICA),1,32,16,16,2,2
2016/2017,2016,FORMACIÓ PROFESSIONAL,CFPS - MÀRQUETING I PUBLICITAT (PROMOCIÓ TURÍSTICA),2,8,5,3,1,1
2016/2017,2016,FORMACIÓ PROFESSIONAL,CFPS - ORGANITZACIÓ DEL MANTENIMENT DE LA MAQUINÀRIA DE VAIXELLS I EMBARCACIONS,1,29,3,26,1,1
2016/2017,2016,FORMACIÓ PROFESSIONAL,CFPS - ORGANITZACIÓ DEL MANTENIMENT DE LA MAQUINÀRIA DE VAIXELLS I EMBARCACIONS,2,30,0,30,1,1
2016/2017,2016,FORMACIÓ PROFESSIONAL,CFPS - ORGANITZACIÓ I CONTROL D'OBRES DE CONSTRUCCIÓ,1,9,2,7,1,1
2016/2017,2016,FORMACIÓ PROFESSIONAL,CFPS - ORTOPRÒTESI I PRODUCTES DE SUPORT,1,14,5,9,0,1
2016/2017,2016,FORMACIÓ PROFESSIONAL,CFPS - ORTOPRÒTESI I PRODUCTES DE SUPORT,2,7,1,6,0,1
2016/2017,2016,FORMACIÓ PROFESSIONAL,CFPS - PAISATGISME I MEDI RURAL,1,107,17,90,4,5
2016/2017,2016,FORMACIÓ PROFESSIONAL,CFPS - PAISATGISME I MEDI RURAL,2,69,10,59,3,3
2016/2017,2016,FORMACIÓ PROFESSIONAL,CFPS - PAISATGISME I MEDI RURAL (GESTIÓ AGROPECUÀRIA),1,52,4,48,3,3
2016/2017,2016,FORMACIÓ PROFESSIONAL,CFPS - PAISATGISME I MEDI RURAL (GESTIÓ AGROPECUÀRIA),2,32,0,32,3,3
2016/2017,2016,FORMACIÓ PROFESSIONAL,CFPS - PATRONATGE I MODA,1,129,117,12,4,5
2016/2017,2016,FORMACIÓ PROFESSIONAL,CFPS - PATRONATGE I MODA,2,139,116,23,4,5
2016/2017,2016,FORMACIÓ PROFESSIONAL,CFPS - PREVENCIÓ DE RISCOS PROFESSIONALS,1,94,30,64,10,6
2016/2017,2016,FORMACIÓ PROFESSIONAL,CFPS - PREVENCIÓ DE RISCOS PROFESSIONALS,2,107,36,71,10,7
2016/2017,2016,FORMACIÓ PROFESSIONAL,CFPS - PREVENCIÓ DE RISCOS PROFESSIONALS,NA,520,196,324,0,1
2016/2017,2016,FORMACIÓ PROFESSIONAL,CFPS - PROCESSOS I QUALITAT EN LA INDÚSRIA ALIMENTÀRIA,1,84,41,43,4,4
2016/2017,2016,FORMACIÓ PROFESSIONAL,CFPS - PROCESSOS I QUALITAT EN LA INDÚSRIA ALIMENTÀRIA,2,76,32,44,4,4
2016/2017,2016,FORMACIÓ PROFESSIONAL,CFPS - PRODUCCIÓ D'AUDIOVISUALS I ESPECTACLES,1,172,69,103,6,6
2016/2017,2016,FORMACIÓ PROFESSIONAL,CFPS - PRODUCCIÓ D'AUDIOVISUALS I ESPECTACLES,2,212,98,114,6,6
2016/2017,2016,FORMACIÓ PROFESSIONAL,CFPS - PRODUCCIÓ EN INDÚSTRIES D'ARTS GRÀFIQUES,2,2,0,2,1,1
2016/2017,2016,FORMACIÓ PROFESSIONAL,CFPS - PROGRAMACIÓ DE LA PRODUCCIÓ EN L'EMMOTLLAMENT DE METALLS I POLÍMERS,1,17,1,16,1,1
2016/2017,2016,FORMACIÓ PROFESSIONAL,CFPS - PROGRAMACIÓ DE LA PRODUCCIÓ EN L'EMMOTLLAMENT DE METALLS I POLÍMERS,2,14,0,14,1,1
2016/2017,2016,FORMACIÓ PROFESSIONAL,CFPS - PROGRAMACIÓ DE PRODUCCIÓ EN FABRICACIÓ MECÀNICA,1,317,5,312,18,15
2016/2017,2016,FORMACIÓ PROFESSIONAL,CFPS - PROGRAMACIÓ DE PRODUCCIÓ EN FABRICACIÓ MECÀNICA,2,280,13,267,23,16
2016/2017,2016,FORMACIÓ PROFESSIONAL,CFPS - PROGRAMACIÓ DE PRODUCCIÓ EN FABRICACIÓ MECÀNICA,P,1,1,0,0,1
2016/2017,2016,FORMACIÓ PROFESSIONAL,CFPS - PROJECTES D'EDIFICACIÓ,1,110,30,80,24,9
2016/2017,2016,FORMACIÓ PROFESSIONAL,CFPS - PROJECTES D'EDIFICACIÓ,2,102,29,73,30,11
2016/2017,2016,FORMACIÓ PROFESSIONAL,CFPS - PROJECTES D'EDIFICACIÓ (REHABILITACIÓ I RESTAURACIÓ),1,48,19,29,3,3
2016/2017,2016,FORMACIÓ PROFESSIONAL,CFPS - PROJECTES D'EDIFICACIÓ (REHABILITACIÓ I RESTAURACIÓ),2,35,11,24,3,3
2016/2017,2016,FORMACIÓ PROFESSIONAL,CFPS - PROJECTES D'OBRA CIVIL,1,27,5,22,1,1
2016/2017,2016,FORMACIÓ PROFESSIONAL,CFPS - PROJECTES D'OBRA CIVIL,2,28,3,25,2,2
2016/2017,2016,FORMACIÓ PROFESSIONAL,CFPS - PROJECTES D'OBRA CIVIL (SOBREESTANTS),1,10,1,9,1,1
2016/2017,2016,FORMACIÓ PROFESSIONAL,CFPS - PROJECTES D'OBRA CIVIL (SOBREESTANTS),2,10,2,8,1,1
2016/2017,2016,FORMACIÓ PROFESSIONAL,CFPS - PROJECTES D'OBRA CIVIL (ÚS D'APLICACIONS SIG),1,10,2,8,5,1
2016/2017,2016,FORMACIÓ PROFESSIONAL,CFPS - PROJECTES D'OBRA CIVIL (ÚS D'APLICACIONS SIG),2,6,0,6,5,1
2016/2017,2016,FORMACIÓ PROFESSIONAL,CFPS - PROMOCIÓ DE LA IGUALTAT DE GÈNERE,1,46,40,6,2,3
2016/2017,2016,FORMACIÓ PROFESSIONAL,CFPS - PROMOCIÓ DE LA IGUALTAT DE GÈNERE,2,30,26,4,1,2
2016/2017,2016,FORMACIÓ PROFESSIONAL,CFPS - PRÒTESIS DENTALS,1,193,129,64,3,6
2016/2017,2016,FORMACIÓ PROFESSIONAL,CFPS - PRÒTESIS DENTALS,2,200,137,63,3,6
2016/2017,2016,FORMACIÓ PROFESSIONAL,CFPS - QUÍMICA AMBIENTAL,1,267,136,131,7,6
2016/2017,2016,FORMACIÓ PROFESSIONAL,CFPS - QUÍMICA INDUSTRIAL,1,255,45,210,9,5
2016/2017,2016,FORMACIÓ PROFESSIONAL,CFPS - QUÍMICA INDUSTRIAL,2,319,56,263,15,6
2016/2017,2016,FORMACIÓ PROFESSIONAL,CFPS - RADIOTERÀPIA,2,5,4,1,0,1
2016/2017,2016,FORMACIÓ PROFESSIONAL,CFPS - RADIOTERÀPIA I DOSIMETRIA,1,79,63,16,2,3
2016/2017,2016,FORMACIÓ PROFESSIONAL,CFPS - RADIOTERÀPIA I DOSIMETRIA,2,57,46,11,2,3
2016/2017,2016,FORMACIÓ PROFESSIONAL,CFPS - RAMADERIA I ASSISTÈNCIA EN SANITAT ANIMAL,1,74,43,31,2,3
2016/2017,2016,FORMACIÓ PROFESSIONAL,CFPS - RAMADERIA I ASSISTÈNCIA EN SANITAT ANIMAL,2,47,22,25,1,2
2016/2017,2016,FORMACIÓ PROFESSIONAL,CFPS - REALITZACIÓ DE PROJECTES AUDIOVISUALS I ESPECTACLES,1,284,106,178,6,8
2016/2017,2016,FORMACIÓ PROFESSIONAL,CFPS - REALITZACIÓ DE PROJECTES AUDIOVISUALS I ESPECTACLES,2,308,119,189,6,7
2016/2017,2016,FORMACIÓ PROFESSIONAL,CFPS - REALITZACIÓ I PLANS D'OBRES,2,18,2,16,1,1
2016/2017,2016,FORMACIÓ PROFESSIONAL,CFPS - SALUT AMBIENTAL,1,78,47,31,4,4
2016/2017,2016,FORMACIÓ PROFESSIONAL,CFPS - SALUT AMBIENTAL,2,91,48,43,5,5
2016/2017,2016,FORMACIÓ PROFESSIONAL,CFPS - SECRETARIAT,1,13,10,3,4,4
2016/2017,2016,FORMACIÓ PROFESSIONAL,CFPS - SECRETARIAT,2,12,9,3,0,1
2016/2017,2016,FORMACIÓ PROFESSIONAL,CFPS - SECRETARIAT,NA,161,145,16,0,1
2016/2017,2016,FORMACIÓ PROFESSIONAL,CFPS - SERVEIS AL CONSUMIDOR,1,7,2,5,1,1
2016/2017,2016,FORMACIÓ PROFESSIONAL,CFPS - SISTEMES DE TELECOMUNICACIONS I INFORMÀTICS,1,272,11,261,31,15
2016/2017,2016,FORMACIÓ PROFESSIONAL,CFPS - SISTEMES DE TELECOMUNICACIONS I INFORMÀTICS,2,249,19,230,32,16
2016/2017,2016,FORMACIÓ PROFESSIONAL,CFPS - SISTEMES ELECTROTÈCNICS I AUTOMATITZATS,1,339,10,329,28,19
2016/2017,2016,FORMACIÓ PROFESSIONAL,CFPS - SISTEMES ELECTROTÈCNICS I AUTOMATITZATS,2,317,4,313,27,18
2016/2017,2016,FORMACIÓ PROFESSIONAL,CFPS - SISTEMES ELECTROTÈCNICS I AUTOMATITZATS (INSTAL. ELÈCTRIQUES I COMUNICACIÓ DE VAIXELLS),1,30,1,29,1,1
2016/2017,2016,FORMACIÓ PROFESSIONAL,CFPS - SISTEMES ELECTROTÈCNICS I AUTOMATITZATS (INSTAL. ELÈCTRIQUES I COMUNICACIÓ DE VAIXELLS),2,12,0,12,1,1
2016/2017,2016,FORMACIÓ PROFESSIONAL,CFPS - SO PER AUDIOVISUALS I ESPECTACLES,1,205,20,185,6,4
2016/2017,2016,FORMACIÓ PROFESSIONAL,CFPS - SO PER AUDIOVISUALS I ESPECTACLES,2,235,27,208,6,4
2016/2017,2016,FORMACIÓ PROFESSIONAL,CFPS - TRANSPORT I LOGÍSTICA,1,250,78,172,14,11
2016/2017,2016,FORMACIÓ PROFESSIONAL,CFPS - TRANSPORT I LOGÍSTICA,2,335,120,215,16,13
2016/2017,2016,FORMACIÓ PROFESSIONAL,CFPS - TRANSPORT MARÍTIM I PESCA D'ALTURA,1,57,1,56,2,1
2016/2017,2016,FORMACIÓ PROFESSIONAL,CFPS - TRANSPORT MARÍTIM I PESCA D'ALTURA,2,44,1,43,2,1
2016/2017,2016,FORMACIÓ PROFESSIONAL,CFPS - VESTUARI A MIDA PER ESPECTACLES,1,67,55,12,2,3
2016/2017,2016,FORMACIÓ PROFESSIONAL,CFPS - VESTUARI A MIDA PER ESPECTACLES,2,49,45,4,2,3
2016/2017,2016,FORMACIÓ PROFESSIONAL,CFPS - VITIVINICULTURA,1,72,16,56,3,3
2016/2017,2016,FORMACIÓ PROFESSIONAL,CFPS - VITIVINICULTURA,2,66,14,52,3,3
2016/2017,2016,FORMACIÓ PROFESSIONAL,CFPS - ÒPTICA D'ULLERA,1,22,11,11,1,1
2016/2017,2016,FORMACIÓ PROFESSIONAL,CFPS - ÒPTICA D'ULLERA,2,28,13,15,1,1
2016/2017,2016,MÚSICA,ACORDIÓ,1,3,1,2,0,3
2016/2017,2016,MÚSICA,ACORDIÓ,2,6,3,3,0,3
2016/2017,2016,MÚSICA,ACORDIÓ,3,3,1,2,0,3
2016/2017,2016,MÚSICA,ACORDIÓ,4,3,0,3,0,2
2016/2017,2016,MÚSICA,ACORDIÓ,5,3,1,2,0,3
2016/2017,2016,MÚSICA,ACORDIÓ,6,4,2,2,0,2
2016/2017,2016,MÚSICA,ACORDIÓ (INTERPRETACIÓ: CLÀSSICA I CONTEMPORÀNIA),2,1,0,1,0,1
2016/2017,2016,MÚSICA,ACORDIÓ (INTERPRETACIÓ: CLÀSSICA I CONTEMPORÀNIA),3,1,0,1,0,1
2016/2017,2016,MÚSICA,ACORDIÓ (INTERPRETACIÓ: CLÀSSICA I CONTEMPORÀNIA),4,2,1,1,0,1
2016/2017,2016,MÚSICA,ACORDIÓ DIATÓNIC (INTERPRETACIÓ: MÚSICA TRADICIONAL I FLAMENC),3,1,0,1,0,1
2016/2017,2016,MÚSICA,ARPA,1,2,2,0,0,2
2016/2017,2016,MÚSICA,ARPA,2,3,3,0,0,1
2016/2017,2016,MÚSICA,ARPA,5,3,2,1,0,1
2016/2017,2016,MÚSICA,ARPA,6,3,3,0,0,1
2016/2017,2016,MÚSICA,ARPA (INTERPRETACIÓ: CLÀSSICA I CONTEMPORÀNIA),2,1,1,0,0,1
2016/2017,2016,MÚSICA,ARPA (INTERPRETACIÓ: CLÀSSICA I CONTEMPORÀNIA),3,3,3,0,0,2
2016/2017,2016,MÚSICA,ARPA (INTERPRETACIÓ: CLÀSSICA I CONTEMPORÀNIA),4,1,1,0,0,1
2016/2017,2016,MÚSICA,ARPES HISTÒRIQUES (INTERPRETACIÓ: MÚSICA ANTIGA),2,1,0,1,0,1
2016/2017,2016,MÚSICA,BAIX ELÈCTRIC,3,1,0,1,0,1
2016/2017,2016,MÚSICA,BAIX ELÈCTRIC,4,2,0,2,0,2
2016/2017,2016,MÚSICA,BAIX ELÈCTRIC,5,1,0,1,0,1
2016/2017,2016,MÚSICA,BAIX ELÈCTRIC,6,1,0,1,0,1
2016/2017,2016,MÚSICA,BAIX ELÈCTRIC (INTERPRETACIÓ: JAZZ I MÚSICA MODERNA),1,13,0,13,0,4
2016/2017,2016,MÚSICA,BAIX ELÈCTRIC (INTERPRETACIÓ: JAZZ I MÚSICA MODERNA),2,14,0,14,0,4
2016/2017,2016,MÚSICA,BAIX ELÈCTRIC (INTERPRETACIÓ: JAZZ I MÚSICA MODERNA),3,11,2,9,0,4
2016/2017,2016,MÚSICA,BAIX ELÈCTRIC (INTERPRETACIÓ: JAZZ I MÚSICA MODERNA),4,8,1,7,0,3
2016/2017,2016,MÚSICA,BATERIA (INTERPRETACIÓ: JAZZ I MÚSICA MODERNA),1,12,0,12,0,4
2016/2017,2016,MÚSICA,BATERIA (INTERPRETACIÓ: JAZZ I MÚSICA MODERNA),2,20,0,20,0,4
2016/2017,2016,MÚSICA,BATERIA (INTERPRETACIÓ: JAZZ I MÚSICA MODERNA),3,11,0,11,0,3
2016/2017,2016,MÚSICA,BATERIA (INTERPRETACIÓ: JAZZ I MÚSICA MODERNA),4,14,1,13,0,3
2016/2017,2016,MÚSICA,CANT,1,14,8,6,0,8
2016/2017,2016,MÚSICA,CANT,2,26,14,12,0,12
2016/2017,2016,MÚSICA,CANT,3,20,13,7,0,10
2016/2017,2016,MÚSICA,CANT,4,28,18,10,0,13
2016/2017,2016,MÚSICA,CANT,5,22,19,3,0,13
2016/2017,2016,MÚSICA,CANT,6,35,29,6,0,14
2016/2017,2016,MÚSICA,CANT (INTERPRETACIÓ: CLÀSSICA I CONTEMPORÀNIA),1,24,19,5,0,2
2016/2017,2016,MÚSICA,CANT (INTERPRETACIÓ: CLÀSSICA I CONTEMPORÀNIA),2,23,17,6,0,2
2016/2017,2016,MÚSICA,CANT (INTERPRETACIÓ: CLÀSSICA I CONTEMPORÀNIA),3,20,14,6,0,2
2016/2017,2016,MÚSICA,CANT (INTERPRETACIÓ: CLÀSSICA I CONTEMPORÀNIA),4,17,12,5,0,2
2016/2017,2016,MÚSICA,CANT (INTERPRETACIÓ: JAZZ I MÚSICA MODERNA),1,11,9,2,0,4
2016/2017,2016,MÚSICA,CANT (INTERPRETACIÓ: JAZZ I MÚSICA MODERNA),2,11,9,2,0,4
2016/2017,2016,MÚSICA,CANT (INTERPRETACIÓ: JAZZ I MÚSICA MODERNA),3,9,8,1,0,3
2016/2017,2016,MÚSICA,CANT (INTERPRETACIÓ: JAZZ I MÚSICA MODERNA),4,13,11,2,0,3
2016/2017,2016,MÚSICA,CANT FLAMENC (INTERPRETACIÓ: MÚSICA TRADICIONAL),3,1,1,0,0,1
2016/2017,2016,MÚSICA,CANT FLAMENC (INTERPRETACIÓ: MÚSICA TRADICIONAL),4,1,0,1,0,1
2016/2017,2016,MÚSICA,CANT HISTÒRIC (INTERPRETACIÓ: MÚSICA ANTIGA),1,5,2,3,0,1
2016/2017,2016,MÚSICA,CANT HISTÒRIC (INTERPRETACIÓ: MÚSICA ANTIGA),2,4,2,2,0,1
2016/2017,2016,MÚSICA,CANT HISTÒRIC (INTERPRETACIÓ: MÚSICA ANTIGA),3,1,0,1,0,1
2016/2017,2016,MÚSICA,CANT HISTÒRIC (INTERPRETACIÓ: MÚSICA ANTIGA),4,2,1,1,0,1
2016/2017,2016,MÚSICA,CLARINET,1,29,10,19,0,16
2016/2017,2016,MÚSICA,CLARINET,2,40,22,18,0,22
2016/2017,2016,MÚSICA,CLARINET,3,45,28,17,0,18
2016/2017,2016,MÚSICA,CLARINET,4,47,23,24,0,17
2016/2017,2016,MÚSICA,CLARINET,5,30,16,14,0,13
2016/2017,2016,MÚSICA,CLARINET,6,40,19,21,0,16
2016/2017,2016,MÚSICA,CLARINET (INTERPRETACIÓ: CLÀSSICA I CONTEMPORÀNIA),1,7,5,2,0,2
2016/2017,2016,MÚSICA,CLARINET (INTERPRETACIÓ: CLÀSSICA I CONTEMPORÀNIA),2,4,1,3,0,2
2016/2017,2016,MÚSICA,CLARINET (INTERPRETACIÓ: CLÀSSICA I CONTEMPORÀNIA),3,5,3,2,0,2
2016/2017,2016,MÚSICA,CLARINET (INTERPRETACIÓ: CLÀSSICA I CONTEMPORÀNIA),4,5,2,3,0,2
2016/2017,2016,MÚSICA,CLARINET (INTERPRETACIÓ: JAZZ I MÚSICA MODERNA),1,1,0,1,0,1
2016/2017,2016,MÚSICA,CLARINET (INTERPRETACIÓ: JAZZ I MÚSICA MODERNA),3,2,0,2,0,2
2016/2017,2016,MÚSICA,CLAVICÈMBAL,2,2,1,1,0,2
2016/2017,2016,MÚSICA,CLAVICÈMBAL,3,3,0,3,0,2
2016/2017,2016,MÚSICA,CLAVICÈMBAL,4,1,1,0,0,1
2016/2017,2016,MÚSICA,CLAVICÈMBAL,5,1,0,1,0,1
2016/2017,2016,MÚSICA,CLAVICÈMBAL,6,3,2,1,0,3
2016/2017,2016,MÚSICA,CLAVICÈMBAL (INTERPRETACIÓ: MÚSICA ANTIGA),3,1,0,1,0,1
2016/2017,2016,MÚSICA,CLAVICÈMBAL (INTERPRETACIÓ: MÚSICA ANTIGA),4,1,0,1,0,1
2016/2017,2016,MÚSICA,COMPOSICIÓ,1,21,7,14,0,3
2016/2017,2016,MÚSICA,COMPOSICIÓ,2,17,5,12,0,3
2016/2017,2016,MÚSICA,COMPOSICIÓ,3,24,6,18,0,3
2016/2017,2016,MÚSICA,COMPOSICIÓ,4,22,5,17,0,3
2016/2017,2016,MÚSICA,CONTRABAIX,1,16,7,9,0,13
2016/2017,2016,MÚSICA,CONTRABAIX,2,14,5,9,0,10
2016/2017,2016,MÚSICA,CONTRABAIX,3,8,3,5,0,7
2016/2017,2016,MÚSICA,CONTRABAIX,4,13,6,7,0,9
2016/2017,2016,MÚSICA,CONTRABAIX,5,7,2,5,0,5
2016/2017,2016,MÚSICA,CONTRABAIX,6,9,4,5,0,7
2016/2017,2016,MÚSICA,CONTRABAIX (INTERPRETACIÓ: CLÀSSICA I CONTEMPORÀNIA),1,4,0,4,0,2
2016/2017,2016,MÚSICA,CONTRABAIX (INTERPRETACIÓ: CLÀSSICA I CONTEMPORÀNIA),2,2,1,1,0,1
2016/2017,2016,MÚSICA,CONTRABAIX (INTERPRETACIÓ: CLÀSSICA I CONTEMPORÀNIA),3,2,0,2,0,1
2016/2017,2016,MÚSICA,CONTRABAIX (INTERPRETACIÓ: CLÀSSICA I CONTEMPORÀNIA),4,4,3,1,0,2
2016/2017,2016,MÚSICA,CONTRABAIX (INTERPRETACIÓ: JAZZ I MÚSICA MODERNA),1,6,2,4,0,3
2016/2017,2016,MÚSICA,CONTRABAIX (INTERPRETACIÓ: JAZZ I MÚSICA MODERNA),2,4,1,3,0,3
2016/2017,2016,MÚSICA,CONTRABAIX (INTERPRETACIÓ: JAZZ I MÚSICA MODERNA),3,2,0,2,0,2
2016/2017,2016,MÚSICA,CONTRABAIX (INTERPRETACIÓ: JAZZ I MÚSICA MODERNA),4,6,0,6,0,3
2016/2017,2016,MÚSICA,CORNAMUSA (INTERPRETACIÓ: MÚSICA TRADICIONAL I FLAMENC),2,1,0,1,0,1
2016/2017,2016,MÚSICA,FAGOT,1,9,5,4,0,8
2016/2017,2016,MÚSICA,FAGOT,2,15,7,8,0,10
2016/2017,2016,MÚSICA,FAGOT,3,11,5,6,0,9
2016/2017,2016,MÚSICA,FAGOT,4,9,3,6,0,5
2016/2017,2016,MÚSICA,FAGOT,5,3,3,0,0,3
2016/2017,2016,MÚSICA,FAGOT,6,5,2,3,0,4
2016/2017,2016,MÚSICA,FAGOT (INTERPRETACIÓ: CLÀSSICA I CONTEMPORÀNIA),1,4,0,4,0,2
2016/2017,2016,MÚSICA,FAGOT (INTERPRETACIÓ: CLÀSSICA I CONTEMPORÀNIA),2,5,2,3,0,2
2016/2017,2016,MÚSICA,FAGOT (INTERPRETACIÓ: CLÀSSICA I CONTEMPORÀNIA),3,1,1,0,0,1
2016/2017,2016,MÚSICA,FAGOT (INTERPRETACIÓ: CLÀSSICA I CONTEMPORÀNIA),4,3,0,3,0,1
2016/2017,2016,MÚSICA,FAGOTS HISTÒRICS (INTERPRETACIÓ: MÚSICA ANTIGA),1,1,0,1,0,1
2016/2017,2016,MÚSICA,FAGOTS HISTÒRICS (INTERPRETACIÓ: MÚSICA ANTIGA),4,1,0,1,0,1
2016/2017,2016,MÚSICA,FLABIOL I TAMBORÍ,1,1,0,1,0,1
2016/2017,2016,MÚSICA,FLABIOL I TAMBORÍ,2,1,0,1,0,1
2016/2017,2016,MÚSICA,FLABIOL I TAMBORÍ,3,2,2,0,0,2
2016/2017,2016,MÚSICA,FLABIOL I TAMBORÍ,4,2,1,1,0,1
2016/2017,2016,MÚSICA,FLABIOL I TAMBORÍ,5,5,2,3,0,2
2016/2017,2016,MÚSICA,FLABIOL I TAMBORÍ,6,2,0,2,0,1
2016/2017,2016,MÚSICA,FLABIOL I TAMBORÍ (INTERPRETACIÓ: MÚSICA TRADICIONAL),1,2,1,1,0,1
2016/2017,2016,MÚSICA,FLABIOL I TAMBORÍ (INTERPRETACIÓ: MÚSICA TRADICIONAL),4,1,0,1,0,1
2016/2017,2016,MÚSICA,FLAUTA DE BEC,1,7,2,5,0,5
2016/2017,2016,MÚSICA,FLAUTA DE BEC,2,8,5,3,0,5
2016/2017,2016,MÚSICA,FLAUTA DE BEC,3,3,3,0,0,3
2016/2017,2016,MÚSICA,FLAUTA DE BEC,4,5,3,2,0,4
2016/2017,2016,MÚSICA,FLAUTA DE BEC,5,9,6,3,0,4
2016/2017,2016,MÚSICA,FLAUTA DE BEC,6,5,1,4,0,4
2016/2017,2016,MÚSICA,FLAUTA DE BEC (INTERPRETACIÓ: CLÀSSICA I CONTEMPORÀNIA),1,4,3,1,0,1
2016/2017,2016,MÚSICA,FLAUTA DE BEC (INTERPRETACIÓ: CLÀSSICA I CONTEMPORÀNIA),2,2,1,1,0,1
2016/2017,2016,MÚSICA,FLAUTA DE BEC (INTERPRETACIÓ: CLÀSSICA I CONTEMPORÀNIA),3,3,3,0,0,1
2016/2017,2016,MÚSICA,FLAUTA DE BEC (INTERPRETACIÓ: CLÀSSICA I CONTEMPORÀNIA),4,2,2,0,0,1
2016/2017,2016,MÚSICA,FLAUTA DE BEC (INTERPRETACIÓ: MÚSICA ANTIGA),1,2,0,2,0,1
2016/2017,2016,MÚSICA,FLAUTA TRAVESSERA,1,46,35,11,0,20
2016/2017,2016,MÚSICA,FLAUTA TRAVESSERA,2,52,42,10,0,22
2016/2017,2016,MÚSICA,FLAUTA TRAVESSERA,3,67,55,12,0,24
2016/2017,2016,MÚSICA,FLAUTA TRAVESSERA,4,48,35,13,0,17
2016/2017,2016,MÚSICA,FLAUTA TRAVESSERA,5,41,33,8,0,19
2016/2017,2016,MÚSICA,FLAUTA TRAVESSERA,6,50,39,11,0,17
2016/2017,2016,MÚSICA,FLAUTA TRAVESSERA (INTERPRETACIÓ: CLÀSSICA I CONTEMPORÀNIA),1,4,3,1,0,1
2016/2017,2016,MÚSICA,FLAUTA TRAVESSERA (INTERPRETACIÓ: CLÀSSICA I CONTEMPORÀNIA),2,7,5,2,0,1
2016/2017,2016,MÚSICA,FLAUTA TRAVESSERA (INTERPRETACIÓ: CLÀSSICA I CONTEMPORÀNIA),3,2,2,0,0,1
2016/2017,2016,MÚSICA,FLAUTA TRAVESSERA (INTERPRETACIÓ: CLÀSSICA I CONTEMPORÀNIA),4,5,2,3,0,1
2016/2017,2016,MÚSICA,FLAUTA TRAVESSERA (INTERPRETACIÓ: JAZZ I MÚSICA MODERNA),2,1,0,1,0,1
2016/2017,2016,MÚSICA,GUITARRA,1,62,35,27,0,18
2016/2017,2016,MÚSICA,GUITARRA,2,50,29,21,0,21
2016/2017,2016,MÚSICA,GUITARRA,3,43,16,27,0,19
2016/2017,2016,MÚSICA,GUITARRA,4,33,14,19,0,18
2016/2017,2016,MÚSICA,GUITARRA,5,38,18,20,0,17
2016/2017,2016,MÚSICA,GUITARRA,6,37,11,26,0,16
2016/2017,2016,MÚSICA,GUITARRA (INTERPRETACIÓ: CLÀSSICA I CONTEMPORÀNIA),1,6,1,5,0,2
2016/2017,2016,MÚSICA,GUITARRA (INTERPRETACIÓ: CLÀSSICA I CONTEMPORÀNIA),2,5,1,4,0,2
2016/2017,2016,MÚSICA,GUITARRA (INTERPRETACIÓ: CLÀSSICA I CONTEMPORÀNIA),3,4,0,4,0,2
2016/2017,2016,MÚSICA,GUITARRA (INTERPRETACIÓ: CLÀSSICA I CONTEMPORÀNIA),4,6,1,5,0,2
2016/2017,2016,MÚSICA,GUITARRA ACÚSTICA (INTERPRETACIÓ: JAZZ I MÚSICA MODERNA),1,3,0,3,0,1
2016/2017,2016,MÚSICA,GUITARRA ACÚSTICA (INTERPRETACIÓ: JAZZ I MÚSICA MODERNA),2,2,0,2,0,1
2016/2017,2016,MÚSICA,GUITARRA ACÚSTICA (INTERPRETACIÓ: JAZZ I MÚSICA MODERNA),3,2,0,2,0,1
2016/2017,2016,MÚSICA,GUITARRA ACÚSTICA (INTERPRETACIÓ: JAZZ I MÚSICA MODERNA),4,2,0,2,0,1
2016/2017,2016,MÚSICA,GUITARRA ELÈCTRICA,1,3,0,3,0,2
2016/2017,2016,MÚSICA,GUITARRA ELÈCTRICA,2,2,1,1,0,2
2016/2017,2016,MÚSICA,GUITARRA ELÈCTRICA,3,3,0,3,0,3
2016/2017,2016,MÚSICA,GUITARRA ELÈCTRICA,4,3,0,3,0,3
2016/2017,2016,MÚSICA,GUITARRA ELÈCTRICA,5,4,2,2,0,3
2016/2017,2016,MÚSICA,GUITARRA ELÈCTRICA,6,5,0,5,0,3
2016/2017,2016,MÚSICA,GUITARRA ELÈCTRICA (INTERPRETACIÓ: JAZZ I MÚSICA MODERNA),1,16,1,15,0,3
2016/2017,2016,MÚSICA,GUITARRA ELÈCTRICA (INTERPRETACIÓ: JAZZ I MÚSICA MODERNA),2,19,0,19,0,3
2016/2017,2016,MÚSICA,GUITARRA ELÈCTRICA (INTERPRETACIÓ: JAZZ I MÚSICA MODERNA),3,16,0,16,0,3
2016/2017,2016,MÚSICA,GUITARRA ELÈCTRICA (INTERPRETACIÓ: JAZZ I MÚSICA MODERNA),4,17,0,17,0,2
2016/2017,2016,MÚSICA,GUITARRA FLAMENCA (INTERPRETACIÓ: MÚSICA TRADICIONAL),1,6,0,6,0,3
2016/2017,2016,MÚSICA,GUITARRA FLAMENCA (INTERPRETACIÓ: MÚSICA TRADICIONAL),2,4,0,4,0,2
2016/2017,2016,MÚSICA,GUITARRA FLAMENCA (INTERPRETACIÓ: MÚSICA TRADICIONAL),3,3,0,3,0,2
2016/2017,2016,MÚSICA,GUITARRA FLAMENCA (INTERPRETACIÓ: MÚSICA TRADICIONAL),4,7,0,7,0,2
2016/2017,2016,MÚSICA,INSTRUMENTS DE CORDA POLSADA,3,1,0,1,0,1
2016/2017,2016,MÚSICA,INSTRUMENTS DE CORDA POLSADA,5,1,0,1,0,1
2016/2017,2016,MÚSICA,INSTRUMENTS HISTÒRICS DE BROQUET (INTERPRETACIÓ: MÚSICA ANTIGA),1,2,1,1,0,1
2016/2017,2016,MÚSICA,INSTRUMENTS HISTÒRICS DE BROQUET (INTERPRETACIÓ: MÚSICA ANTIGA),2,1,0,1,0,1
2016/2017,2016,MÚSICA,INSTRUMENTS HISTÒRICS DE BROQUET (INTERPRETACIÓ: MÚSICA ANTIGA),3,1,0,1,0,1
2016/2017,2016,MÚSICA,INSTRUMENTS HISTÒRICS DE BROQUET (INTERPRETACIÓ: MÚSICA ANTIGA),4,2,0,2,0,1
2016/2017,2016,MÚSICA,OBOÈ,1,13,10,3,0,9
2016/2017,2016,MÚSICA,OBOÈ,2,21,6,15,0,9
2016/2017,2016,MÚSICA,OBOÈ,3,13,8,5,0,10
2016/2017,2016,MÚSICA,OBOÈ,4,16,9,7,0,13
2016/2017,2016,MÚSICA,OBOÈ,5,13,5,8,0,9
2016/2017,2016,MÚSICA,OBOÈ,6,14,7,7,0,9
2016/2017,2016,MÚSICA,OBOÈ (INTERPRETACIÓ: CLÀSSICA I CONTEMPORÀNIA),1,4,2,2,0,2
2016/2017,2016,MÚSICA,OBOÈ (INTERPRETACIÓ: CLÀSSICA I CONTEMPORÀNIA),2,7,3,4,0,2
2016/2017,2016,MÚSICA,OBOÈ (INTERPRETACIÓ: CLÀSSICA I CONTEMPORÀNIA),3,3,2,1,0,2
2016/2017,2016,MÚSICA,OBOÈ (INTERPRETACIÓ: CLÀSSICA I CONTEMPORÀNIA),4,3,2,1,0,2
2016/2017,2016,MÚSICA,ORGUE,1,1,0,1,0,1
2016/2017,2016,MÚSICA,ORGUE,2,3,1,2,0,1
2016/2017,2016,MÚSICA,ORGUE,3,3,0,3,0,1
2016/2017,2016,MÚSICA,ORGUE,4,1,1,0,0,1
2016/2017,2016,MÚSICA,ORGUE,5,1,0,1,0,1
2016/2017,2016,MÚSICA,ORGUE,6,2,0,2,0,2
2016/2017,2016,MÚSICA,ORGUE (INTERPRETACIÓ: CLÀSSICA I CONTEMPORÀNIA),1,1,0,1,0,1
2016/2017,2016,MÚSICA,ORGUE (INTERPRETACIÓ: CLÀSSICA I CONTEMPORÀNIA),2,1,0,1,0,1
2016/2017,2016,MÚSICA,ORGUE (INTERPRETACIÓ: CLÀSSICA I CONTEMPORÀNIA),3,1,0,1,0,1
2016/2017,2016,MÚSICA,ORGUE (INTERPRETACIÓ: CLÀSSICA I CONTEMPORÀNIA),4,1,0,1,0,1
2016/2017,2016,MÚSICA,PEDAGOGIA DE L'INSTRUMENT,1,6,2,4,0,1
2016/2017,2016,MÚSICA,PERCUSSIÓ,1,14,2,12,0,12
2016/2017,2016,MÚSICA,PERCUSSIÓ,2,14,3,11,0,10
2016/2017,2016,MÚSICA,PERCUSSIÓ,3,12,4,8,0,7
2016/2017,2016,MÚSICA,PERCUSSIÓ,4,11,2,9,0,9
2016/2017,2016,MÚSICA,PERCUSSIÓ,5,12,3,9,0,7
2016/2017,2016,MÚSICA,PERCUSSIÓ,6,19,3,16,0,8
2016/2017,2016,MÚSICA,PERCUSSIÓ (INTERPRETACIÓ: CLÀSSICA I CONTEMPORÀNIA),1,5,1,4,0,2
2016/2017,2016,MÚSICA,PERCUSSIÓ (INTERPRETACIÓ: CLÀSSICA I CONTEMPORÀNIA),2,3,0,3,0,2
2016/2017,2016,MÚSICA,PERCUSSIÓ (INTERPRETACIÓ: CLÀSSICA I CONTEMPORÀNIA),3,3,0,3,0,1
2016/2017,2016,MÚSICA,PERCUSSIÓ (INTERPRETACIÓ: CLÀSSICA I CONTEMPORÀNIA),4,3,0,3,0,2
2016/2017,2016,MÚSICA,PERCUSSIÓ (INTERPRETACIÓ: JAZZ I MÚSICA MODERNA),1,4,0,4,0,3
2016/2017,2016,MÚSICA,PERCUSSIÓ (INTERPRETACIÓ: JAZZ I MÚSICA MODERNA),3,2,0,2,0,1
2016/2017,2016,MÚSICA,PERCUSSIÓ (INTERPRETACIÓ: JAZZ I MÚSICA MODERNA),4,6,0,6,0,3
2016/2017,2016,MÚSICA,PERCUSSIÓ HISTÒRICA (INTERPRETACIÓ: MÚSICA ANTIGA),1,2,0,2,0,1
2016/2017,2016,MÚSICA,PIANO,1,162,109,53,0,25
2016/2017,2016,MÚSICA,PIANO,2,159,96,63,0,26
2016/2017,2016,MÚSICA,PIANO,3,161,90,71,0,23
2016/2017,2016,MÚSICA,PIANO,4,149,100,49,0,25
2016/2017,2016,MÚSICA,PIANO,5,139,77,62,0,23
2016/2017,2016,MÚSICA,PIANO,6,169,106,63,0,22
2016/2017,2016,MÚSICA,PIANO (INTERPRETACIÓ: CLÀSSICA I CONTEMPORÀNIA),1,36,18,18,0,2
2016/2017,2016,MÚSICA,PIANO (INTERPRETACIÓ: CLÀSSICA I CONTEMPORÀNIA),2,31,12,19,0,2
2016/2017,2016,MÚSICA,PIANO (INTERPRETACIÓ: CLÀSSICA I CONTEMPORÀNIA),3,34,17,17,0,2
2016/2017,2016,MÚSICA,PIANO (INTERPRETACIÓ: CLÀSSICA I CONTEMPORÀNIA),4,28,10,18,0,2
2016/2017,2016,MÚSICA,PIANO (INTERPRETACIÓ: JAZZ I MÚSICA MODERNA),1,12,2,10,0,3
2016/2017,2016,MÚSICA,PIANO (INTERPRETACIÓ: JAZZ I MÚSICA MODERNA),2,15,3,12,0,3
2016/2017,2016,MÚSICA,PIANO (INTERPRETACIÓ: JAZZ I MÚSICA MODERNA),3,10,3,7,0,3
2016/2017,2016,MÚSICA,PIANO (INTERPRETACIÓ: JAZZ I MÚSICA MODERNA),4,11,0,11,0,3
2016/2017,2016,MÚSICA,PRODUCCIÓ I GESTIÓ,1,4,2,2,0,1
2016/2017,2016,MÚSICA,PRODUCCIÓ I GESTIÓ,2,2,0,2,0,1
2016/2017,2016,MÚSICA,PRODUCCIÓ I GESTIÓ,3,2,1,1,0,1
2016/2017,2016,MÚSICA,PRODUCCIÓ I GESTIÓ,4,2,2,0,0,1
2016/2017,2016,MÚSICA,SAXÒFON,1,38,17,21,0,19
2016/2017,2016,MÚSICA,SAXÒFON,2,24,6,18,0,12
2016/2017,2016,MÚSICA,SAXÒFON,3,24,11,13,0,16
2016/2017,2016,MÚSICA,SAXÒFON,4,30,10,20,0,14
2016/2017,2016,MÚSICA,SAXÒFON,5,27,7,20,0,16
2016/2017,2016,MÚSICA,SAXÒFON,6,27,8,19,0,16
2016/2017,2016,MÚSICA,SAXÒFON (INTERPRETACIÓ: CLÀSSICA I CONTEMPORÀNIA),1,2,1,1,0,2
2016/2017,2016,MÚSICA,SAXÒFON (INTERPRETACIÓ: CLÀSSICA I CONTEMPORÀNIA),2,4,0,4,0,2
2016/2017,2016,MÚSICA,SAXÒFON (INTERPRETACIÓ: CLÀSSICA I CONTEMPORÀNIA),3,8,4,4,0,2
2016/2017,2016,MÚSICA,SAXÒFON (INTERPRETACIÓ: CLÀSSICA I CONTEMPORÀNIA),4,5,1,4,0,2
2016/2017,2016,MÚSICA,SAXÒFON (INTERPRETACIÓ: JAZZ I MÚSICA MODERNA),1,13,1,12,0,3
2016/2017,2016,MÚSICA,SAXÒFON (INTERPRETACIÓ: JAZZ I MÚSICA MODERNA),2,11,0,11,0,3
2016/2017,2016,MÚSICA,SAXÒFON (INTERPRETACIÓ: JAZZ I MÚSICA MODERNA),3,8,2,6,0,3
2016/2017,2016,MÚSICA,SAXÒFON (INTERPRETACIÓ: JAZZ I MÚSICA MODERNA),4,11,2,9,0,3
2016/2017,2016,MÚSICA,SENSE MODALITAT (DIRECCIÓ),1,4,0,4,0,1
2016/2017,2016,MÚSICA,SENSE MODALITAT (DIRECCIÓ),2,3,1,2,0,1
2016/2017,2016,MÚSICA,SENSE MODALITAT (DIRECCIÓ),3,3,1,2,0,1
2016/2017,2016,MÚSICA,SENSE MODALITAT (DIRECCIÓ),4,8,2,6,0,1
2016/2017,2016,MÚSICA,SENSE MODALITAT (INTERPRETACIÓ: CLÀSSICA I CONTEMPORÀNIA),4,4,3,1,0,1
2016/2017,2016,MÚSICA,SENSE MODALITAT (INTERPRETACIÓ: JAZZ I MÚSICA MODERNA),1,10,3,7,0,2
2016/2017,2016,MÚSICA,SENSE MODALITAT (INTERPRETACIÓ: JAZZ I MÚSICA MODERNA),2,7,2,5,0,3
2016/2017,2016,MÚSICA,SENSE MODALITAT (INTERPRETACIÓ: JAZZ I MÚSICA MODERNA),3,5,3,2,0,2
2016/2017,2016,MÚSICA,SENSE MODALITAT (INTERPRETACIÓ: JAZZ I MÚSICA MODERNA),4,16,6,10,0,2
2016/2017,2016,MÚSICA,SENSE MODALITAT (INTERPRETACIÓ: MÚSICA ANTIGA),4,1,0,1,0,1
2016/2017,2016,MÚSICA,SENSE MODALITAT (INTERPRETACIÓ: MÚSICA TRADICIONAL I FLAMENC),1,1,0,1,0,1
2016/2017,2016,MÚSICA,SENSE MODALITAT (MUSICOLOGIA),1,5,2,3,0,1
2016/2017,2016,MÚSICA,SENSE MODALITAT (MUSICOLOGIA),2,7,3,4,0,1
2016/2017,2016,MÚSICA,SENSE MODALITAT (MUSICOLOGIA),3,3,1,2,0,1
2016/2017,2016,MÚSICA,SENSE MODALITAT (MUSICOLOGIA),4,10,7,3,0,1
2016/2017,2016,MÚSICA,SENSE MODALITAT (PEDAGOGIA),1,30,22,8,0,2
2016/2017,2016,MÚSICA,SENSE MODALITAT (PEDAGOGIA),2,22,12,10,0,2
2016/2017,2016,MÚSICA,SENSE MODALITAT (PEDAGOGIA),3,27,15,12,0,2
2016/2017,2016,MÚSICA,SENSE MODALITAT (PEDAGOGIA),4,37,27,10,0,2
2016/2017,2016,MÚSICA,SONOLOGIA,1,5,0,5,0,1
2016/2017,2016,MÚSICA,SONOLOGIA,2,4,0,4,0,1
2016/2017,2016,MÚSICA,SONOLOGIA,3,5,1,4,0,1
2016/2017,2016,MÚSICA,SONOLOGIA,4,13,2,11,0,1
2016/2017,2016,MÚSICA,TECLATS (INTERPRETACIÓ: JAZZ I MÚSICA MODERNA),1,2,1,1,0,2
2016/2017,2016,MÚSICA,TECLATS (INTERPRETACIÓ: JAZZ I MÚSICA MODERNA),2,3,0,3,0,2
2016/2017,2016,MÚSICA,TECLATS (INTERPRETACIÓ: JAZZ I MÚSICA MODERNA),3,1,0,1,0,1
2016/2017,2016,MÚSICA,TECLATS (INTERPRETACIÓ: JAZZ I MÚSICA MODERNA),4,2,0,2,0,2
2016/2017,2016,MÚSICA,TENORA,1,4,2,2,0,3
2016/2017,2016,MÚSICA,TENORA,3,2,0,2,0,2
2016/2017,2016,MÚSICA,TENORA,4,1,0,1,0,1
2016/2017,2016,MÚSICA,TENORA,5,1,0,1,0,1
2016/2017,2016,MÚSICA,TENORA,6,3,2,1,0,1
2016/2017,2016,MÚSICA,TENORA (INTERPRETACIÓ: MÚSICA TRADICIONAL),1,1,1,0,0,1
2016/2017,2016,MÚSICA,TENORA (INTERPRETACIÓ: MÚSICA TRADICIONAL),2,1,0,1,0,1
2016/2017,2016,MÚSICA,TENORA (INTERPRETACIÓ: MÚSICA TRADICIONAL),3,1,0,1,0,1
2016/2017,2016,MÚSICA,TIBLE,1,2,0,2,0,1
2016/2017,2016,MÚSICA,TIBLE,2,1,1,0,0,1
2016/2017,2016,MÚSICA,TIBLE,3,2,1,1,0,1
2016/2017,2016,MÚSICA,TIBLE,4,2,1,1,0,2
2016/2017,2016,MÚSICA,TIBLE,5,1,0,1,0,1
2016/2017,2016,MÚSICA,TIBLE,6,1,0,1,0,1
2016/2017,2016,MÚSICA,TIBLE (INTERPRETACIÓ: MÚSICA TRADICIONAL),3,1,0,1,0,1
2016/2017,2016,MÚSICA,TIBLE (INTERPRETACIÓ: MÚSICA TRADICIONAL),4,2,0,2,0,1
2016/2017,2016,MÚSICA,TROMBÓ,1,14,1,13,0,10
2016/2017,2016,MÚSICA,TROMBÓ,2,18,5,13,0,11
2016/2017,2016,MÚSICA,TROMBÓ,3,11,5,6,0,9
2016/2017,2016,MÚSICA,TROMBÓ,4,15,3,12,0,9
2016/2017,2016,MÚSICA,TROMBÓ,5,14,4,10,0,8
2016/2017,2016,MÚSICA,TROMBÓ,6,15,3,12,0,9
2016/2017,2016,MÚSICA,TROMBÓ (INTERPRETACIÓ: CLÀSSICA I CONTEMPORÀNIA),1,6,0,6,0,2
2016/2017,2016,MÚSICA,TROMBÓ (INTERPRETACIÓ: CLÀSSICA I CONTEMPORÀNIA),2,3,1,2,0,2
2016/2017,2016,MÚSICA,TROMBÓ (INTERPRETACIÓ: CLÀSSICA I CONTEMPORÀNIA),3,5,2,3,0,2
2016/2017,2016,MÚSICA,TROMBÓ (INTERPRETACIÓ: CLÀSSICA I CONTEMPORÀNIA),4,8,1,7,0,2
2016/2017,2016,MÚSICA,TROMBÓ (INTERPRETACIÓ: JAZZ I MÚSICA MODERNA),1,3,0,3,0,2
2016/2017,2016,MÚSICA,TROMBÓ (INTERPRETACIÓ: JAZZ I MÚSICA MODERNA),2,2,0,2,0,1
2016/2017,2016,MÚSICA,TROMBÓ (INTERPRETACIÓ: JAZZ I MÚSICA MODERNA),3,2,0,2,0,2
2016/2017,2016,MÚSICA,TROMBÓ (INTERPRETACIÓ: JAZZ I MÚSICA MODERNA),4,2,0,2,0,1
2016/2017,2016,MÚSICA,TROMPA,1,15,6,9,0,8
2016/2017,2016,MÚSICA,TROMPA,2,11,2,9,0,9
2016/2017,2016,MÚSICA,TROMPA,3,10,3,7,0,8
2016/2017,2016,MÚSICA,TROMPA,4,10,1,9,0,7
2016/2017,2016,MÚSICA,TROMPA,5,13,3,10,0,11
2016/2017,2016,MÚSICA,TROMPA,6,12,3,9,0,8
2016/2017,2016,MÚSICA,TROMPA (INTERPRETACIÓ: CLÀSSICA I CONTEMPORÀNIA),1,8,0,8,0,2
2016/2017,2016,MÚSICA,TROMPA (INTERPRETACIÓ: CLÀSSICA I CONTEMPORÀNIA),2,8,4,4,0,2
2016/2017,2016,MÚSICA,TROMPA (INTERPRETACIÓ: CLÀSSICA I CONTEMPORÀNIA),3,4,3,1,0,2
2016/2017,2016,MÚSICA,TROMPA (INTERPRETACIÓ: CLÀSSICA I CONTEMPORÀNIA),4,4,0,4,0,2
2016/2017,2016,MÚSICA,TROMPETA,1,30,9,21,0,21
2016/2017,2016,MÚSICA,TROMPETA,2,23,5,18,0,16
2016/2017,2016,MÚSICA,TROMPETA,3,21,7,14,0,16
2016/2017,2016,MÚSICA,TROMPETA,4,22,5,17,0,9
2016/2017,2016,MÚSICA,TROMPETA,5,21,4,17,0,11
2016/2017,2016,MÚSICA,TROMPETA,6,14,5,9,0,8
2016/2017,2016,MÚSICA,TROMPETA (INTERPRETACIÓ: CLÀSSICA I CONTEMPORÀNIA),1,4,1,3,0,2
2016/2017,2016,MÚSICA,TROMPETA (INTERPRETACIÓ: CLÀSSICA I CONTEMPORÀNIA),2,6,1,5,0,2
2016/2017,2016,MÚSICA,TROMPETA (INTERPRETACIÓ: CLÀSSICA I CONTEMPORÀNIA),3,6,1,5,0,2
2016/2017,2016,MÚSICA,TROMPETA (INTERPRETACIÓ: CLÀSSICA I CONTEMPORÀNIA),4,7,2,5,0,2
2016/2017,2016,MÚSICA,TROMPETA (INTERPRETACIÓ: JAZZ I MÚSICA MODERNA),1,7,0,7,0,3
2016/2017,2016,MÚSICA,TROMPETA (INTERPRETACIÓ: JAZZ I MÚSICA MODERNA),2,5,2,3,0,2
2016/2017,2016,MÚSICA,TROMPETA (INTERPRETACIÓ: JAZZ I MÚSICA MODERNA),3,4,0,4,0,3
2016/2017,2016,MÚSICA,TROMPETA (INTERPRETACIÓ: JAZZ I MÚSICA MODERNA),4,6,0,6,0,3
2016/2017,2016,MÚSICA,TUBA,1,2,0,2,0,2
2016/2017,2016,MÚSICA,TUBA,2,6,1,5,0,4
2016/2017,2016,MÚSICA,TUBA,4,6,2,4,0,4
2016/2017,2016,MÚSICA,TUBA,5,2,0,2,0,1
2016/2017,2016,MÚSICA,TUBA,6,6,0,6,0,3
2016/2017,2016,MÚSICA,TUBA (INTERPRETACIÓ: CLÀSSICA I CONTEMPORÀNIA),1,1,0,1,0,1
2016/2017,2016,MÚSICA,TUBA (INTERPRETACIÓ: CLÀSSICA I CONTEMPORÀNIA),2,1,0,1,0,1
2016/2017,2016,MÚSICA,TUBA (INTERPRETACIÓ: CLÀSSICA I CONTEMPORÀNIA),3,1,0,1,0,1
2016/2017,2016,MÚSICA,TUBA (INTERPRETACIÓ: CLÀSSICA I CONTEMPORÀNIA),4,6,1,5,0,2
2016/2017,2016,MÚSICA,VIOLA,1,32,27,5,0,19
2016/2017,2016,MÚSICA,VIOLA,2,20,16,4,0,12
2016/2017,2016,MÚSICA,VIOLA,3,18,12,6,0,13
2016/2017,2016,MÚSICA,VIOLA,4,16,10,6,0,10
2016/2017,2016,MÚSICA,VIOLA,5,19,12,7,0,10
2016/2017,2016,MÚSICA,VIOLA,6,12,7,5,0,8
2016/2017,2016,MÚSICA,VIOLA (INTERPRETACIÓ: CLÀSSICA I CONTEMPORÀNIA),1,11,5,6,0,2
2016/2017,2016,MÚSICA,VIOLA (INTERPRETACIÓ: CLÀSSICA I CONTEMPORÀNIA),2,7,3,4,0,2
2016/2017,2016,MÚSICA,VIOLA (INTERPRETACIÓ: CLÀSSICA I CONTEMPORÀNIA),3,8,5,3,0,2
2016/2017,2016,MÚSICA,VIOLA (INTERPRETACIÓ: CLÀSSICA I CONTEMPORÀNIA),4,11,4,7,0,2
2016/2017,2016,MÚSICA,VIOLA DE GAMBA (INTERPRETACIÓ: MÚSICA ANTIGA),2,1,0,1,0,1
2016/2017,2016,MÚSICA,VIOLA DE GAMBA (INTERPRETACIÓ: MÚSICA ANTIGA),3,1,0,1,0,1
2016/2017,2016,MÚSICA,VIOLA DE GAMBA (INTERPRETACIÓ: MÚSICA ANTIGA),4,2,1,1,0,1
2016/2017,2016,MÚSICA,VIOLONCEL,1,56,36,20,0,21
2016/2017,2016,MÚSICA,VIOLONCEL,2,40,30,10,0,24
2016/2017,2016,MÚSICA,VIOLONCEL,3,55,32,23,0,21
2016/2017,2016,MÚSICA,VIOLONCEL,4,39,24,15,0,16
2016/2017,2016,MÚSICA,VIOLONCEL,5,26,13,13,0,14
2016/2017,2016,MÚSICA,VIOLONCEL,6,45,28,17,0,18
2016/2017,2016,MÚSICA,VIOLONCEL (INTERPRETACIÓ: CLÀSSICA I CONTEMPORÀNIA),1,8,6,2,0,2
2016/2017,2016,MÚSICA,VIOLONCEL (INTERPRETACIÓ: CLÀSSICA I CONTEMPORÀNIA),2,12,6,6,0,2
2016/2017,2016,MÚSICA,VIOLONCEL (INTERPRETACIÓ: CLÀSSICA I CONTEMPORÀNIA),3,9,4,5,0,2
2016/2017,2016,MÚSICA,VIOLONCEL (INTERPRETACIÓ: CLÀSSICA I CONTEMPORÀNIA),4,18,13,5,0,2
2016/2017,2016,MÚSICA,VIOLÍ,1,93,62,31,0,23
2016/2017,2016,MÚSICA,VIOLÍ,2,107,81,26,0,24
2016/2017,2016,MÚSICA,VIOLÍ,3,96,62,34,0,24
2016/2017,2016,MÚSICA,VIOLÍ,4,88,52,36,0,23
2016/2017,2016,MÚSICA,VIOLÍ,5,69,48,21,0,22
2016/2017,2016,MÚSICA,VIOLÍ,6,106,84,22,0,20
2016/2017,2016,MÚSICA,VIOLÍ (INTERPRETACIÓ: CLÀSSICA I CONTEMPORÀNIA),1,26,13,13,0,2
2016/2017,2016,MÚSICA,VIOLÍ (INTERPRETACIÓ: CLÀSSICA I CONTEMPORÀNIA),2,28,17,11,0,2
2016/2017,2016,MÚSICA,VIOLÍ (INTERPRETACIÓ: CLÀSSICA I CONTEMPORÀNIA),3,29,18,11,0,2
2016/2017,2016,MÚSICA,VIOLÍ (INTERPRETACIÓ: CLÀSSICA I CONTEMPORÀNIA),4,28,16,12,0,2
2016/2017,2016,MÚSICA,VIOLÍ I VIOLA BARROCS (INTERPRETACIÓ: MÚSICA ANTIGA),1,2,2,0,0,1
2016/2017,2016,MÚSICA,VIOLÍ I VIOLA BARROCS (INTERPRETACIÓ: MÚSICA ANTIGA),2,1,0,1,0,1
2016/2017,2016,MÚSICA,VIOLÍ I VIOLA BARROCS (INTERPRETACIÓ: MÚSICA ANTIGA),4,2,1,1,0,1
2016/2017,2016,PROGRAMA DE FORMACIÓ I INSERCIÓ,AUXILIAR D'ACTIVITATS AGROPECUÀRIES,1,14,1,13,0,1
2016/2017,2016,PROGRAMA DE FORMACIÓ I INSERCIÓ,AUXILIAR D'ACTIVITATS D'OFICINA I DE SERVEIS ADMINISTRATIUS GENERALS,1,481,235,246,0,30
2016/2017,2016,PROGRAMA DE FORMACIÓ I INSERCIÓ,AUXILIAR D'ACTIVITATS FORESTALS,1,17,2,15,0,1
2016/2017,2016,PROGRAMA DE FORMACIÓ I INSERCIÓ,AUXILIAR D'ARTS GRÀFIQUES I SERIGRAFIA,1,58,9,49,0,4
2016/2017,2016,PROGRAMA DE FORMACIÓ I INSERCIÓ,AUXILIAR D'HOTELERIA: CUINA I CÀTERING,1,66,17,49,0,5
2016/2017,2016,PROGRAMA DE FORMACIÓ I INSERCIÓ,AUXILIAR D'HOTELERIA: CUINA I SERVEIS DE RESTAURACIÓ,1,730,249,481,0,44
2016/2017,2016,PROGRAMA DE FORMACIÓ I INSERCIÓ,AUXILIAR D'IMATGE PERSONAL: PERRUQUERIA I ESTÈTICA,1,522,456,66,0,29
2016/2017,2016,PROGRAMA DE FORMACIÓ I INSERCIÓ,AUXILIAR DE COMERÇ I ATENCIÓ AL PÚBLIC,1,319,149,170,0,19
2016/2017,2016,PROGRAMA DE FORMACIÓ I INSERCIÓ,AUXILIAR DE CONFECCIÓ EN TÈXTIL I PELL,1,41,33,8,0,4
2016/2017,2016,PROGRAMA DE FORMACIÓ I INSERCIÓ,AUXILIAR DE FABRICACIÓ MECÀNICA I D'AJUST I SOLDADURA,1,131,1,130,0,8
2016/2017,2016,PROGRAMA DE FORMACIÓ I INSERCIÓ,AUXILIAR DE FABRICACIÓ MECÀNICA I INSTAL·LACIONS ELECTROTÈCNIQUES,1,149,4,145,0,10
2016/2017,2016,PROGRAMA DE FORMACIÓ I INSERCIÓ,"AUXILIAR DE FONTANERIA, CALEFACCIÓ I CLIMATITZACIÓ",1,127,1,126,0,8
2016/2017,2016,PROGRAMA DE FORMACIÓ I INSERCIÓ,AUXILIAR DE FUSTERIA METÀL·LICA I PVC,1,32,0,32,0,2
2016/2017,2016,PROGRAMA DE FORMACIÓ I INSERCIÓ,AUXILIAR DE MUNTATGE I MANTENIMENT D'EQUIPS INFORMÀTICS,1,385,27,358,0,26
2016/2017,2016,PROGRAMA DE FORMACIÓ I INSERCIÓ,AUXILIAR DE MUNTATGES D'INSTAL·LACIONS ELECTROTÈCNIQUES EN EDIFICIS,1,186,2,184,0,13
2016/2017,2016,PROGRAMA DE FORMACIÓ I INSERCIÓ,"AUXILIAR DE MUNTATGES D'INSTAL·LACIONS ELÈCTRIQUES, D'AIGUA I GAS",1,501,5,496,0,32
2016/2017,2016,PROGRAMA DE FORMACIÓ I INSERCIÓ,AUXILIAR DE PALETA I CONSTRUCCIÓ,1,64,3,61,0,4
2016/2017,2016,PROGRAMA DE FORMACIÓ I INSERCIÓ,AUXILIAR DE PASTISSERIA I DE FLECA,1,86,35,51,0,6
2016/2017,2016,PROGRAMA DE FORMACIÓ I INSERCIÓ,AUXILIAR DE PINTURA,1,235,32,203,0,16
2016/2017,2016,PROGRAMA DE FORMACIÓ I INSERCIÓ,AUXILIAR DE REPARACIÓ I MANTENIMENT DE VEHICLES LLEUGERS,1,448,7,441,0,27
2016/2017,2016,PROGRAMA DE FORMACIÓ I INSERCIÓ,AUXILIAR DE SERRALLERIA I CONSTRUCCIONS METÀL·LIQUES,1,82,2,80,0,6
2016/2017,2016,PROGRAMA DE FORMACIÓ I INSERCIÓ,"AUXILIAR DE VENDES, OFICINA I ATENCIÓ AL PÚBLIC",1,1008,544,464,0,63
2016/2017,2016,PROGRAMA DE FORMACIÓ I INSERCIÓ,AUXILIAR DE VIVERS I JARDINS,1,403,56,347,0,26
2016/2017,2016,PROGRAMA DE FORMACIÓ I INSERCIÓ,AUXILIAR EN ESTABLIMENTS DEL SECTOR CARNI,1,49,9,40,0,2
2016/2017,2016,PROGRAMA DE FORMACIÓ I INSERCIÓ,AUXILIAR EN ESTABLIMENTS HOTELERS I DE RESTAURACIÓ,1,88,36,52,0,6
2016/2017,2016,PROGRAMA DE FORMACIÓ I INSERCIÓ,AUXILIAR EN TREBALLS DE FUSTERIA I INSTAL·LACIÓ DE MOBLES,1,163,6,157,0,10
2017/2018,2017,ART DRAMÀTIC SUPERIOR,ADRL -  INTERPRETACIÓ,1,74,54,20,0,2
2017/2018,2017,ART DRAMÀTIC SUPERIOR,ADRL -  INTERPRETACIÓ,2,78,52,26,0,2
2017/2018,2017,ART DRAMÀTIC SUPERIOR,ADRL -  INTERPRETACIÓ,3,74,46,28,0,2
2017/2018,2017,ART DRAMÀTIC SUPERIOR,ADRL -  INTERPRETACIÓ,4,89,50,39,0,2
2017/2018,2017,ART DRAMÀTIC SUPERIOR,ADRL - DIRECCIÓ D'ESCENA I DRAMATÚRGIA,1,17,12,5,0,2
2017/2018,2017,ART DRAMÀTIC SUPERIOR,ADRL - DIRECCIÓ D'ESCENA I DRAMATÚRGIA,2,21,8,13,0,2
2017/2018,2017,ART DRAMÀTIC SUPERIOR,ADRL - DIRECCIÓ D'ESCENA I DRAMATÚRGIA,3,15,10,5,0,2
2017/2018,2017,ART DRAMÀTIC SUPERIOR,ADRL - DIRECCIÓ D'ESCENA I DRAMATÚRGIA,4,29,12,17,0,2
2017/2018,2017,ART DRAMÀTIC SUPERIOR,ADRL - ESCENOGRAFIA,1,12,6,6,0,1
2017/2018,2017,ART DRAMÀTIC SUPERIOR,ADRL - ESCENOGRAFIA,2,6,4,2,0,1
2017/2018,2017,ART DRAMÀTIC SUPERIOR,ADRL - ESCENOGRAFIA,3,6,4,2,0,1
2017/2018,2017,ART DRAMÀTIC SUPERIOR,ADRL - ESCENOGRAFIA,4,10,7,3,0,1
2017/2018,2017,ARTS PLÀSTIQUES I DISSENY,CFAM - ANIMACIÓ EN CIRC,1,21,16,5,0,1
2017/2018,2017,ARTS PLÀSTIQUES I DISSENY,CFAM - ANIMACIÓ EN CIRC,2,18,13,5,0,1
2017/2018,2017,ARTS PLÀSTIQUES I DISSENY,CFAM - ARTESANIA DE COMPLEMENTS DE CUIR,1,12,10,2,1,1
2017/2018,2017,ARTS PLÀSTIQUES I DISSENY,CFAM - ARTESANIA DE COMPLEMENTS DE CUIR,2,4,4,0,1,1
2017/2018,2017,ARTS PLÀSTIQUES I DISSENY,CFAM - ASSISTÈNCIA AL PRODUCTE GRÀFIC IMPRÈS,1,282,157,125,11,11
2017/2018,2017,ARTS PLÀSTIQUES I DISSENY,CFAM - ASSISTÈNCIA AL PRODUCTE GRÀFIC IMPRÈS,2,244,120,124,11,11
2017/2018,2017,ARTS PLÀSTIQUES I DISSENY,CFAM - ASSISTÈNCIA AL PRODUCTE GRÀFIC INTERACTIU,1,270,101,169,7,10
2017/2018,2017,ARTS PLÀSTIQUES I DISSENY,CFAM - ASSISTÈNCIA AL PRODUCTE GRÀFIC INTERACTIU,2,203,78,125,6,10
2017/2018,2017,ARTS PLÀSTIQUES I DISSENY,CFAM - DECORACIÓ CERÀMICA,1,31,26,5,2,2
2017/2018,2017,ARTS PLÀSTIQUES I DISSENY,CFAM - DECORACIÓ CERÀMICA,2,28,27,1,2,2
2017/2018,2017,ARTS PLÀSTIQUES I DISSENY,CFAM - EBENISTERIA ARTÍSTICA,2,6,1,5,1,1
2017/2018,2017,ARTS PLÀSTIQUES I DISSENY,CFAM - ESMALTATGE SOBRE METALLS,1,10,6,4,1,1
2017/2018,2017,ARTS PLÀSTIQUES I DISSENY,CFAM - ESMALTATGE SOBRE METALLS,2,2,1,1,1,1
2017/2018,2017,ARTS PLÀSTIQUES I DISSENY,CFAM - FLORISTERIA,1,4,2,2,0,1
2017/2018,2017,ARTS PLÀSTIQUES I DISSENY,CFAM - FORJA ARTÍSTICA,1,22,4,18,10,2
2017/2018,2017,ARTS PLÀSTIQUES I DISSENY,CFAM - FORJA ARTÍSTICA,2,15,3,12,10,2
2017/2018,2017,ARTS PLÀSTIQUES I DISSENY,CFAM - FOSA ARTÍSTICA I GALVANOPLÀSTIA,2,8,4,4,0,2
2017/2018,2017,ARTS PLÀSTIQUES I DISSENY,CFAM - PROCEDIMENTS DE JOIERIA ARTÍSTICA,1,21,15,6,1,1
2017/2018,2017,ARTS PLÀSTIQUES I DISSENY,CFAM - PROCEDIMENTS DE JOIERIA ARTÍSTICA,2,12,11,1,1,1
2017/2018,2017,ARTS PLÀSTIQUES I DISSENY,CFAM - REPRODUCCIONS ARTÍSTIQUES EN FUSTA,1,25,10,15,6,2
2017/2018,2017,ARTS PLÀSTIQUES I DISSENY,CFAM - REPRODUCCIONS ARTÍSTIQUES EN FUSTA,2,15,7,8,6,2
2017/2018,2017,ARTS PLÀSTIQUES I DISSENY,CFAM - REVESTIMENTS MURALS,1,32,19,13,6,2
2017/2018,2017,ARTS PLÀSTIQUES I DISSENY,CFAM - REVESTIMENTS MURALS,2,24,16,8,6,2
2017/2018,2017,ARTS PLÀSTIQUES I DISSENY,CFAM - SERIGRAFIA ARTÍSTICA,1,39,25,14,2,2
2017/2018,2017,ARTS PLÀSTIQUES I DISSENY,CFAM - TALLA ARTÍSTICA EN FUSTA,2,11,4,7,0,1
2017/2018,2017,ARTS PLÀSTIQUES I DISSENY,CFAM - TERRISSERIA,1,10,7,3,1,1
2017/2018,2017,ARTS PLÀSTIQUES I DISSENY,CFAM - TERRISSERIA,2,6,4,2,1,1
2017/2018,2017,ARTS PLÀSTIQUES I DISSENY,CFAS - ANIMACIÓ,1,63,31,32,8,4
2017/2018,2017,ARTS PLÀSTIQUES I DISSENY,CFAS - ANIMACIÓ,2,58,31,27,8,4
2017/2018,2017,ARTS PLÀSTIQUES I DISSENY,CFAS - ANIMACIÓ (VIDEOJOCS I ENTORNS VIRTUALS),1,54,17,37,6,2
2017/2018,2017,ARTS PLÀSTIQUES I DISSENY,CFAS - ANIMACIÓ (VIDEOJOCS I ENTORNS VIRTUALS),2,28,5,23,6,2
2017/2018,2017,ARTS PLÀSTIQUES I DISSENY,CFAS - APARADORISME,2,7,7,0,5,1
2017/2018,2017,ARTS PLÀSTIQUES I DISSENY,CFAS - ARQUITECTURA EFÍMERA,1,27,22,5,11,3
2017/2018,2017,ARTS PLÀSTIQUES I DISSENY,CFAS - ARQUITECTURA EFÍMERA,2,43,32,11,17,5
2017/2018,2017,ARTS PLÀSTIQUES I DISSENY,CFAS - ART FLORAL,1,7,6,1,0,1
2017/2018,2017,ARTS PLÀSTIQUES I DISSENY,CFAS - ART FLORAL,2,1,1,0,0,1
2017/2018,2017,ARTS PLÀSTIQUES I DISSENY,CFAS - ART TÈXTIL,1,28,22,6,1,1
2017/2018,2017,ARTS PLÀSTIQUES I DISSENY,CFAS - ART TÈXTIL,2,33,28,5,1,1
2017/2018,2017,ARTS PLÀSTIQUES I DISSENY,CFAS - ARTS APLICADES AL MUR,1,53,37,16,13,5
2017/2018,2017,ARTS PLÀSTIQUES I DISSENY,CFAS - ARTS APLICADES AL MUR,2,83,58,25,13,6
2017/2018,2017,ARTS PLÀSTIQUES I DISSENY,CFAS - ARTS APLICADES DE L'ESCULTURA,2,40,18,22,5,5
2017/2018,2017,ARTS PLÀSTIQUES I DISSENY,CFAS - CERÀMICA ARTÍSTICA,1,31,22,9,16,4
2017/2018,2017,ARTS PLÀSTIQUES I DISSENY,CFAS - CERÀMICA ARTÍSTICA,2,27,22,5,16,4
2017/2018,2017,ARTS PLÀSTIQUES I DISSENY,CFAS - CÒMIC,1,42,14,28,2,2
2017/2018,2017,ARTS PLÀSTIQUES I DISSENY,CFAS - CÒMIC,2,44,14,30,2,2
2017/2018,2017,ARTS PLÀSTIQUES I DISSENY,CFAS - ELEMENTS DE JARDÍ,1,3,3,0,0,1
2017/2018,2017,ARTS PLÀSTIQUES I DISSENY,CFAS - ELEMENTS DE JARDÍ,2,9,5,4,25,2
2017/2018,2017,ARTS PLÀSTIQUES I DISSENY,CFAS - ENQUADERNACIÓ ARTÍSTICA,2,11,9,2,5,1
2017/2018,2017,ARTS PLÀSTIQUES I DISSENY,CFAS - ESCULTURA APLICADA A L'ESPECTACLE,1,31,17,14,16,4
2017/2018,2017,ARTS PLÀSTIQUES I DISSENY,CFAS - ESCULTURA APLICADA A L'ESPECTACLE,2,23,16,7,16,4
2017/2018,2017,ARTS PLÀSTIQUES I DISSENY,CFAS - ESMALT ARTÍSTIC AL FOC SOBRE METALLS,1,2,1,1,1,1
2017/2018,2017,ARTS PLÀSTIQUES I DISSENY,CFAS - ESMALT ARTÍSTIC AL FOC SOBRE METALLS,2,5,5,0,6,2
2017/2018,2017,ARTS PLÀSTIQUES I DISSENY,CFAS - ESTAMPACIONS I TINTATGES ARTÍSTICS,1,9,9,0,5,1
2017/2018,2017,ARTS PLÀSTIQUES I DISSENY,CFAS - ESTAMPACIONS I TINTATGES ARTÍSTICS,2,11,10,1,5,1
2017/2018,2017,ARTS PLÀSTIQUES I DISSENY,CFAS - ESTILISME D'INDUMENTÀRIA,1,54,43,11,16,2
2017/2018,2017,ARTS PLÀSTIQUES I DISSENY,CFAS - ESTILISME D'INDUMENTÀRIA,2,52,42,10,2,2
2017/2018,2017,ARTS PLÀSTIQUES I DISSENY,CFAS - FOSA ARTÍSTICA,1,2,1,1,5,1
2017/2018,2017,ARTS PLÀSTIQUES I DISSENY,CFAS - FOTOGRAFIA,1,99,66,33,6,5
2017/2018,2017,ARTS PLÀSTIQUES I DISSENY,CFAS - FOTOGRAFIA,2,103,67,36,6,5
2017/2018,2017,ARTS PLÀSTIQUES I DISSENY,CFAS - GRAVAT I TÈCNIQUES D'ESTAMPACIÓ,1,26,20,6,1,1
2017/2018,2017,ARTS PLÀSTIQUES I DISSENY,CFAS - GRAVAT I TÈCNIQUES D'ESTAMPACIÓ,2,14,11,3,5,1
2017/2018,2017,ARTS PLÀSTIQUES I DISSENY,CFAS - GRÀFICA AUDIOVISUAL,1,26,17,9,2,2
2017/2018,2017,ARTS PLÀSTIQUES I DISSENY,CFAS - GRÀFICA AUDIOVISUAL,2,31,14,17,2,2
2017/2018,2017,ARTS PLÀSTIQUES I DISSENY,CFAS - GRÀFICA AUDIOVISUAL (INFOGRAFIA 3D),1,23,8,15,6,2
2017/2018,2017,ARTS PLÀSTIQUES I DISSENY,CFAS - GRÀFICA AUDIOVISUAL (INFOGRAFIA 3D),2,14,6,8,6,2
2017/2018,2017,ARTS PLÀSTIQUES I DISSENY,CFAS - GRÀFICA IMPRESA,1,75,56,19,8,4
2017/2018,2017,ARTS PLÀSTIQUES I DISSENY,CFAS - GRÀFICA IMPRESA,2,85,51,34,8,4
2017/2018,2017,ARTS PLÀSTIQUES I DISSENY,CFAS - GRÀFICA INTERACTIVA,1,78,41,37,15,8
2017/2018,2017,ARTS PLÀSTIQUES I DISSENY,CFAS - GRÀFICA INTERACTIVA,2,96,48,48,16,10
2017/2018,2017,ARTS PLÀSTIQUES I DISSENY,CFAS - GRÀFICA PUBLICITÀRIA,1,291,156,135,12,13
2017/2018,2017,ARTS PLÀSTIQUES I DISSENY,CFAS - GRÀFICA PUBLICITÀRIA,2,276,129,147,12,13
2017/2018,2017,ARTS PLÀSTIQUES I DISSENY,CFAS - ILUSTRACIÓ,1,279,168,111,16,11
2017/2018,2017,ARTS PLÀSTIQUES I DISSENY,CFAS - ILUSTRACIÓ,2,325,212,113,16,11
2017/2018,2017,ARTS PLÀSTIQUES I DISSENY,CFAS - JOIERIA ARTÍSTICA,1,87,76,11,5,5
2017/2018,2017,ARTS PLÀSTIQUES I DISSENY,CFAS - JOIERIA ARTÍSTICA,2,115,88,27,9,5
2017/2018,2017,ARTS PLÀSTIQUES I DISSENY,CFAS - MOBILIARI,2,4,1,3,1,1
2017/2018,2017,ARTS PLÀSTIQUES I DISSENY,CFAS - MOBLAMENT,2,16,12,4,5,1
2017/2018,2017,ARTS PLÀSTIQUES I DISSENY,CFAS - MODELISME I MAQUETISME,2,7,3,4,5,1
2017/2018,2017,ARTS PLÀSTIQUES I DISSENY,CFAS - MODELISME I MATRICERIA CERÀMICA,1,7,7,0,5,1
2017/2018,2017,ARTS PLÀSTIQUES I DISSENY,CFAS - MODELISME I MATRICERIA CERÀMICA,2,6,5,1,5,1
2017/2018,2017,ARTS PLÀSTIQUES I DISSENY,CFAS - MODELISME INDUSTRIAL,1,31,12,19,6,2
2017/2018,2017,ARTS PLÀSTIQUES I DISSENY,CFAS - MODELISME INDUSTRIAL,2,66,19,47,6,2
2017/2018,2017,ARTS PLÀSTIQUES I DISSENY,CFAS - MOTLLES I REPRODUCCIONS ESCULTORIQUES,1,5,3,2,5,1
2017/2018,2017,ARTS PLÀSTIQUES I DISSENY,CFAS - MOTLLES I REPRODUCCIONS ESCULTORIQUES,2,3,2,1,5,1
2017/2018,2017,ARTS PLÀSTIQUES I DISSENY,CFAS - PROJECTES I DIRECCIÓ D'OBRES DE DECORACIÓ,1,182,141,41,37,11
2017/2018,2017,ARTS PLÀSTIQUES I DISSENY,CFAS - PROJECTES I DIRECCIÓ D'OBRES DE DECORACIÓ,2,220,172,48,23,12
2017/2018,2017,ARTS PLÀSTIQUES I DISSENY,CFAS - PUNTES ARTÍSTIQUES,1,1,1,0,5,1
2017/2018,2017,ARTS PLÀSTIQUES I DISSENY,CFAS - PUNTES ARTÍSTIQUES,2,5,5,0,5,1
2017/2018,2017,ARTS PLÀSTIQUES I DISSENY,CFAS - TÈCNIQUES D'ACTUACIÓ TEATRAL,1,65,41,24,1,4
2017/2018,2017,ARTS PLÀSTIQUES I DISSENY,CFAS - TÈCNIQUES D'ACTUACIÓ TEATRAL,2,73,46,27,1,3
2017/2018,2017,ARTS PLÀSTIQUES I DISSENY,CFAS - TÈCNIQUES ESCULTÒRIQUES,1,37,17,20,20,4
2017/2018,2017,ARTS PLÀSTIQUES I DISSENY,CFAS - TÈCNIQUES ESCULTÒRIQUES,2,25,13,12,20,4
2017/2018,2017,BATXILLERAT,BATXILLERAT,NA,1349,687,662,0,12
2017/2018,2017,BATXILLERAT,BATXILLERAT D'ARTS,1,3839,2753,1086,174,112
2017/2018,2017,BATXILLERAT,BATXILLERAT D'ARTS,2,3359,2430,929,181,110
2017/2018,2017,BATXILLERAT,BATXILLERAT D'ARTS,NA,309,203,106,0,1
2017/2018,2017,BATXILLERAT,BATXILLERAT D'HUMANITATS I CIÈNCIES SOCIALS,1,22287,13574,8713,2816,711
2017/2018,2017,BATXILLERAT,BATXILLERAT D'HUMANITATS I CIÈNCIES SOCIALS,2,20353,12502,7851,2506,712
2017/2018,2017,BATXILLERAT,BATXILLERAT D'HUMANITATS I CIÈNCIES SOCIALS,NA,1019,577,442,0,1
2017/2018,2017,BATXILLERAT,BATXILLERAT DE CIÈNCIES I TECNOLOGIA,1,22832,10499,12333,2816,711
2017/2018,2017,BATXILLERAT,BATXILLERAT DE CIÈNCIES I TECNOLOGIA,2,19771,9185,10586,2481,712
2017/2018,2017,BATXILLERAT,BATXILLERAT DE CIÈNCIES I TECNOLOGIA,NA,557,233,324,0,1
2017/2018,2017,CONSERVACIÓ I RESTAURACIÓ DE BÉNS CULTURALS,CONSERVACIÓ I RESTAURACIÓ D'ESCULTURA,3,8,6,2,0,1
2017/2018,2017,CONSERVACIÓ I RESTAURACIÓ DE BÉNS CULTURALS,CONSERVACIÓ I RESTAURACIÓ D'ESCULTURA,4,9,8,1,0,1
2017/2018,2017,CONSERVACIÓ I RESTAURACIÓ DE BÉNS CULTURALS,CONSERVACIÓ I RESTAURACIÓ DE BÉNS ARQUEOLÒGICS,1,36,31,5,0,1
2017/2018,2017,CONSERVACIÓ I RESTAURACIÓ DE BÉNS CULTURALS,CONSERVACIÓ I RESTAURACIÓ DE BÉNS ARQUEOLÒGICS,2,31,29,2,0,1
2017/2018,2017,CONSERVACIÓ I RESTAURACIÓ DE BÉNS CULTURALS,CONSERVACIÓ I RESTAURACIÓ DE BÉNS ARQUEOLÒGICS,3,10,9,1,0,1
2017/2018,2017,CONSERVACIÓ I RESTAURACIÓ DE BÉNS CULTURALS,CONSERVACIÓ I RESTAURACIÓ DE BÉNS ARQUEOLÒGICS,4,12,10,2,0,1
2017/2018,2017,CONSERVACIÓ I RESTAURACIÓ DE BÉNS CULTURALS,CONSERVACIÓ I RESTAURACIÓ DE DOCUMENT GRÀFIC,3,9,8,1,0,1
2017/2018,2017,CONSERVACIÓ I RESTAURACIÓ DE BÉNS CULTURALS,CONSERVACIÓ I RESTAURACIÓ DE DOCUMENT GRÀFIC,4,11,11,0,0,1
2017/2018,2017,CONSERVACIÓ I RESTAURACIÓ DE BÉNS CULTURALS,CONSERVACIÓ I RESTAURACIÓ DE PINTURA,3,8,6,2,0,1
2017/2018,2017,CONSERVACIÓ I RESTAURACIÓ DE BÉNS CULTURALS,CONSERVACIÓ I RESTAURACIÓ DE PINTURA,4,12,12,0,0,1
2017/2018,2017,CURSOS D'ACCÉS SENSE TITULACIÓ,CURS  ESPECÍFIC PER A l'ACCÉS ALS CICLES FORMATIUS DE GRAU MITJÀ D'FP,NA,405,182,223,0,27
2017/2018,2017,DANSA,COREOGRAFIA I INTERPRETACIÓ,1,11,6,5,0,1
2017/2018,2017,DANSA,COREOGRAFIA I INTERPRETACIÓ,2,9,8,1,0,1
2017/2018,2017,DANSA,COREOGRAFIA I INTERPRETACIÓ,3,10,9,1,0,1
2017/2018,2017,DANSA,COREOGRAFIA I INTERPRETACIÓ,4,31,29,2,0,1
2017/2018,2017,DANSA,DANSA CLÀSSICA,1,24,21,3,0,2
2017/2018,2017,DANSA,DANSA CLÀSSICA,2,30,26,4,0,3
2017/2018,2017,DANSA,DANSA CLÀSSICA,3,24,19,5,0,2
2017/2018,2017,DANSA,DANSA CLÀSSICA,4,22,20,2,0,2
2017/2018,2017,DANSA,DANSA CLÀSSICA,5,15,10,5,0,2
2017/2018,2017,DANSA,DANSA CLÀSSICA,6,14,13,1,0,2
2017/2018,2017,DANSA,DANSA CONTEMPORÀNIA,1,30,23,7,0,2
2017/2018,2017,DANSA,DANSA CONTEMPORÀNIA,2,30,24,6,0,3
2017/2018,2017,DANSA,DANSA CONTEMPORÀNIA,3,16,12,4,0,1
2017/2018,2017,DANSA,DANSA CONTEMPORÀNIA,4,23,18,5,0,2
2017/2018,2017,DANSA,DANSA CONTEMPORÀNIA,5,11,10,1,0,2
2017/2018,2017,DANSA,DANSA CONTEMPORÀNIA,6,13,11,2,0,2
2017/2018,2017,DANSA,DANSA ESPANYOLA,1,6,6,0,0,1
2017/2018,2017,DANSA,DANSA ESPANYOLA,2,19,16,3,0,2
2017/2018,2017,DANSA,DANSA ESPANYOLA,3,16,12,4,0,2
2017/2018,2017,DANSA,DANSA ESPANYOLA,4,10,7,3,0,2
2017/2018,2017,DANSA,DANSA ESPANYOLA,5,7,5,2,0,2
2017/2018,2017,DANSA,DANSA ESPANYOLA,6,8,8,0,0,2
2017/2018,2017,DANSA,PEDAGOGIA DE LA DANSA,1,12,11,1,0,1
2017/2018,2017,DANSA,PEDAGOGIA DE LA DANSA,2,6,5,1,0,1
2017/2018,2017,DANSA,PEDAGOGIA DE LA DANSA,3,10,9,1,0,1
2017/2018,2017,DANSA,PEDAGOGIA DE LA DANSA,4,16,15,1,0,1
2017/2018,2017,EDUCACIÓ D'ADULTS,ADAPTACIÓ DE L'EDUCACIÓ SECUNDÀRIA OBLIGATÒRIA PER A PERSONES ADULTES,NA,12623,5743,6880,0,144
2017/2018,2017,EDUCACIÓ D'ADULTS,CICLE DE FORMACIÓ INSTRUMENTAL,NA,8067,4462,3605,0,124
2017/2018,2017,EDUCACIÓ D'ADULTS NO REGLATS,ACCÈS A CICLES FORMATIUS DE GRAU MITJÀ,NA,1109,514,595,0,76
2017/2018,2017,EDUCACIÓ D'ADULTS NO REGLATS,ACCÈS A LA UNIVERSITAT PER MAJORS 25,NA,2113,1233,880,0,79
2017/2018,2017,EDUCACIÓ D'ADULTS NO REGLATS,ACCÈS CICLES FORMATIUS DE GRAU SUPERIOR,NA,4846,2362,2484,0,156
2017/2018,2017,EDUCACIÓ D'ADULTS NO REGLATS,INFORMÀTICA NIVELL USUARI,NA,9140,5835,3305,0,141
2017/2018,2017,EDUCACIÓ D'ADULTS NO REGLATS,LLENGUA CASTELLANA,NA,7431,4125,3306,0,119
2017/2018,2017,EDUCACIÓ D'ADULTS NO REGLATS,LLENGUA CATALANA,NA,6342,3562,2780,0,131
2017/2018,2017,EDUCACIÓ D'ADULTS NO REGLATS,LLENGUA ESTRANGERA ANGLÈS INICIAL,NA,13410,9081,4329,0,153
2017/2018,2017,EDUCACIÓ D'ADULTS NO REGLATS,LLENGUA ESTRANGERA FRANCÈS INICIAL,NA,1063,613,450,0,31
2017/2018,2017,EDUCACIÓ ESPECIAL,EDUCACIÓ ESPECIAL INFANTIL,1,96,30,66,0,34
2017/2018,2017,EDUCACIÓ ESPECIAL,EDUCACIÓ ESPECIAL INFANTIL,2,112,30,82,0,43
2017/2018,2017,EDUCACIÓ ESPECIAL,EDUCACIÓ ESPECIAL INFANTIL,3,191,59,132,0,57
2017/2018,2017,EDUCACIÓ ESPECIAL,EDUCACIÓ ESPECIAL PRIMÀRIA,1,206,80,126,0,63
2017/2018,2017,EDUCACIÓ ESPECIAL,EDUCACIÓ ESPECIAL PRIMÀRIA,2,220,56,164,0,71
2017/2018,2017,EDUCACIÓ ESPECIAL,EDUCACIÓ ESPECIAL PRIMÀRIA,3,291,95,196,0,77
2017/2018,2017,EDUCACIÓ ESPECIAL,EDUCACIÓ ESPECIAL PRIMÀRIA,4,317,114,203,0,79
2017/2018,2017,EDUCACIÓ ESPECIAL,EDUCACIÓ ESPECIAL PRIMÀRIA,5,356,110,246,0,79
2017/2018,2017,EDUCACIÓ ESPECIAL,EDUCACIÓ ESPECIAL PRIMÀRIA,6,494,172,322,0,81
2017/2018,2017,EDUCACIÓ ESPECIAL,EDUCACIÓ ESPECIAL SECUNDÀRIA,1,616,228,388,0,81
2017/2018,2017,EDUCACIÓ ESPECIAL,EDUCACIÓ ESPECIAL SECUNDÀRIA,2,683,235,448,0,92
2017/2018,2017,EDUCACIÓ ESPECIAL,EDUCACIÓ ESPECIAL SECUNDÀRIA,3,782,255,527,0,92
2017/2018,2017,EDUCACIÓ ESPECIAL,EDUCACIÓ ESPECIAL SECUNDÀRIA,4,1489,578,911,0,97
2017/2018,2017,EDUCACIÓ ESPECIAL,PROGRAMA DE FORMACIÓ PER A LA TRANSICIÓ A LA VIDA ADULTA,1,94,44,50,0,9
2017/2018,2017,EDUCACIÓ ESPECIAL,PROGRAMA DE FORMACIÓ PER A LA TRANSICIÓ A LA VIDA ADULTA,2,36,16,20,0,8
2017/2018,2017,EDUCACIÓ INFANTIL,EDUCACIÓ INFANTIL: LLAR D'INFANTS,0,6953,3300,3653,1104,1211
2017/2018,2017,EDUCACIÓ INFANTIL,EDUCACIÓ INFANTIL: LLAR D'INFANTS,1,29633,14341,15292,2578,1646
2017/2018,2017,EDUCACIÓ INFANTIL,EDUCACIÓ INFANTIL: LLAR D'INFANTS,2,44373,21379,22994,2736,1661
2017/2018,2017,EDUCACIÓ INFANTIL,EDUCACIÓ INFANTIL: PARVULARI,1,70034,34024,36010,3221,2284
2017/2018,2017,EDUCACIÓ INFANTIL,EDUCACIÓ INFANTIL: PARVULARI,2,70137,34314,35823,3117,2273
2017/2018,2017,EDUCACIÓ INFANTIL,EDUCACIÓ INFANTIL: PARVULARI,3,74994,36641,38353,3492,2280
2017/2018,2017,EDUCACIÓ INFANTIL,EDUCACIÓ INFANTIL: PARVULARI,NA,2514,1237,1277,0,20
2017/2018,2017,EDUCACIÓ PRIMÀRIA,EDUCACIÓ PRIMÀRIA,1,78052,38152,39900,3275,2271
2017/2018,2017,EDUCACIÓ PRIMÀRIA,EDUCACIÓ PRIMÀRIA,2,80212,38892,41320,3430,2276
2017/2018,2017,EDUCACIÓ PRIMÀRIA,EDUCACIÓ PRIMÀRIA,3,80844,38980,41864,3499,2268
2017/2018,2017,EDUCACIÓ PRIMÀRIA,EDUCACIÓ PRIMÀRIA,4,83907,40997,42910,3621,2271
2017/2018,2017,EDUCACIÓ PRIMÀRIA,EDUCACIÓ PRIMÀRIA,5,80714,39340,41374,3409,2267
2017/2018,2017,EDUCACIÓ PRIMÀRIA,EDUCACIÓ PRIMÀRIA,6,80303,39033,41270,3663,2247
2017/2018,2017,EDUCACIÓ PRIMÀRIA,EDUCACIÓ PRIMÀRIA,NA,6082,2984,3098,0,21
2017/2018,2017,EDUCACIÓ SECUNDÀRIA OBLIGATÒRIA,EDUCACIÓ SECUNDÀRIA OBLIGATÒRIA,1,81868,39359,42509,2887,1095
2017/2018,2017,EDUCACIÓ SECUNDÀRIA OBLIGATÒRIA,EDUCACIÓ SECUNDÀRIA OBLIGATÒRIA,2,81383,39258,42125,2815,1083
2017/2018,2017,EDUCACIÓ SECUNDÀRIA OBLIGATÒRIA,EDUCACIÓ SECUNDÀRIA OBLIGATÒRIA,3,78428,37958,40470,2760,1082
2017/2018,2017,EDUCACIÓ SECUNDÀRIA OBLIGATÒRIA,EDUCACIÓ SECUNDÀRIA OBLIGATÒRIA,4,71722,35534,36188,2665,1070
2017/2018,2017,EDUCACIÓ SECUNDÀRIA OBLIGATÒRIA,EDUCACIÓ SECUNDÀRIA OBLIGATÒRIA,NA,3631,1818,1813,0,17
2017/2018,2017,ENSENYAMENTS D'IDIOMES,ALEMANY - C1,1,176,105,71,7,6
2017/2018,2017,ENSENYAMENTS D'IDIOMES,ALEMANY - NIVELL AVANÇAT,1,707,453,254,35,25
2017/2018,2017,ENSENYAMENTS D'IDIOMES,ALEMANY - NIVELL AVANÇAT,2,532,329,203,25,22
2017/2018,2017,ENSENYAMENTS D'IDIOMES,ALEMANY - NIVELL BÀSIC,1,2019,1162,857,83,31
2017/2018,2017,ENSENYAMENTS D'IDIOMES,ALEMANY - NIVELL BÀSIC,2,1478,905,573,67,31
2017/2018,2017,ENSENYAMENTS D'IDIOMES,ALEMANY - NIVELL INTERMEDI,1,1206,768,438,54,31
2017/2018,2017,ENSENYAMENTS D'IDIOMES,ANGLÈS,1,1550,1055,495,0,1
2017/2018,2017,ENSENYAMENTS D'IDIOMES,ANGLÈS,2,815,572,243,0,1
2017/2018,2017,ENSENYAMENTS D'IDIOMES,ANGLÈS - C1,1,2897,1939,958,76,44
2017/2018,2017,ENSENYAMENTS D'IDIOMES,ANGLÈS - NIVELL AVANÇAT,1,5321,3459,1862,295,46
2017/2018,2017,ENSENYAMENTS D'IDIOMES,ANGLÈS - NIVELL AVANÇAT,2,6325,4054,2271,279,46
2017/2018,2017,ENSENYAMENTS D'IDIOMES,ANGLÈS - NIVELL BÀSIC,1,2467,1654,813,87,43
2017/2018,2017,ENSENYAMENTS D'IDIOMES,ANGLÈS - NIVELL BÀSIC,2,4298,2769,1529,167,46
2017/2018,2017,ENSENYAMENTS D'IDIOMES,ANGLÈS - NIVELL INTERMEDI,1,7634,4918,2716,227,46
2017/2018,2017,ENSENYAMENTS D'IDIOMES,CATALÀ PER A NO CATALANOPARLANTS - C1,1,108,75,33,2,6
2017/2018,2017,ENSENYAMENTS D'IDIOMES,CATALÀ PER A NO CATALANOPARLANTS - C2,1,274,208,66,3,6
2017/2018,2017,ENSENYAMENTS D'IDIOMES,CATALÀ PER A NO CATALANOPARLANTS - NIVELL AVANÇAT,1,64,44,20,3,4
2017/2018,2017,ENSENYAMENTS D'IDIOMES,CATALÀ PER A NO CATALANOPARLANTS - NIVELL BÀSIC,1,157,102,55,7,5
2017/2018,2017,ENSENYAMENTS D'IDIOMES,CATALÀ PER A NO CATALANOPARLANTS - NIVELL BÀSIC,2,52,41,11,3,3
2017/2018,2017,ENSENYAMENTS D'IDIOMES,CATALÀ PER A NO CATALANOPARLANTS - NIVELL INTERMEDI,1,84,62,22,7,6
2017/2018,2017,ENSENYAMENTS D'IDIOMES,COREÀ  - NIVELL BÀSIC,1,102,81,21,3,1
2017/2018,2017,ENSENYAMENTS D'IDIOMES,COREÀ  - NIVELL BÀSIC,2,51,44,7,2,1
2017/2018,2017,ENSENYAMENTS D'IDIOMES,COREÀ  - NIVELL INTERMEDI,1,24,22,2,2,1
2017/2018,2017,ENSENYAMENTS D'IDIOMES,COREÀ  - NIVELL INTERMEDI,2,7,7,0,0,1
2017/2018,2017,ENSENYAMENTS D'IDIOMES,ESPANYOL PER A PERSONES ESTRANGERES - NIVELL AVANÇAT,1,232,180,52,0,5
2017/2018,2017,ENSENYAMENTS D'IDIOMES,ESPANYOL PER A PERSONES ESTRANGERES - NIVELL AVANÇAT,2,144,113,31,0,5
2017/2018,2017,ENSENYAMENTS D'IDIOMES,ESPANYOL PER A PERSONES ESTRANGERES - NIVELL BÀSIC,1,425,292,133,3,5
2017/2018,2017,ENSENYAMENTS D'IDIOMES,ESPANYOL PER A PERSONES ESTRANGERES - NIVELL BÀSIC,2,470,336,134,1,5
2017/2018,2017,ENSENYAMENTS D'IDIOMES,ESPANYOL PER A PERSONES ESTRANGERES - NIVELL INTERMEDI,1,480,372,108,4,5
2017/2018,2017,ENSENYAMENTS D'IDIOMES,FRANCÈS  - NIVELL BÀSIC,1,2214,1446,768,97,40
2017/2018,2017,ENSENYAMENTS D'IDIOMES,FRANCÈS  - NIVELL BÀSIC,2,1592,1086,506,86,40
2017/2018,2017,ENSENYAMENTS D'IDIOMES,FRANCÈS - C1,1,330,232,98,12,11
2017/2018,2017,ENSENYAMENTS D'IDIOMES,FRANCÈS - NIVELL AVANÇAT,1,1006,702,304,50,31
2017/2018,2017,ENSENYAMENTS D'IDIOMES,FRANCÈS - NIVELL AVANÇAT,2,925,640,285,46,32
2017/2018,2017,ENSENYAMENTS D'IDIOMES,FRANCÈS - NIVELL INTERMEDI,1,1660,1178,482,75,40
2017/2018,2017,ENSENYAMENTS D'IDIOMES,GREC - NIVELL AVANÇAT,1,12,6,6,1,1
2017/2018,2017,ENSENYAMENTS D'IDIOMES,GREC - NIVELL AVANÇAT,2,14,5,9,0,1
2017/2018,2017,ENSENYAMENTS D'IDIOMES,GREC - NIVELL BÀSIC,1,31,13,18,1,1
2017/2018,2017,ENSENYAMENTS D'IDIOMES,GREC - NIVELL BÀSIC,2,34,13,21,1,1
2017/2018,2017,ENSENYAMENTS D'IDIOMES,GREC - NIVELL INTERMEDI,1,33,19,14,2,1
2017/2018,2017,ENSENYAMENTS D'IDIOMES,GREC - NIVELL INTERMEDI,2,18,9,9,1,1
2017/2018,2017,ENSENYAMENTS D'IDIOMES,ITALIÀ - C1,1,49,37,12,2,1
2017/2018,2017,ENSENYAMENTS D'IDIOMES,ITALIÀ - NIVELL AVANÇAT,1,161,119,42,8,6
2017/2018,2017,ENSENYAMENTS D'IDIOMES,ITALIÀ - NIVELL AVANÇAT,2,150,100,50,8,6
2017/2018,2017,ENSENYAMENTS D'IDIOMES,ITALIÀ - NIVELL BÀSIC,1,413,293,120,18,6
2017/2018,2017,ENSENYAMENTS D'IDIOMES,ITALIÀ - NIVELL BÀSIC,2,263,178,85,15,6
2017/2018,2017,ENSENYAMENTS D'IDIOMES,ITALIÀ - NIVELL INTERMEDI,1,237,154,83,9,6
2017/2018,2017,ENSENYAMENTS D'IDIOMES,JAPONÈS - NIVELL AVANÇAT,1,22,13,9,1,1
2017/2018,2017,ENSENYAMENTS D'IDIOMES,JAPONÈS - NIVELL AVANÇAT,2,15,10,5,0,1
2017/2018,2017,ENSENYAMENTS D'IDIOMES,JAPONÈS - NIVELL BÀSIC,1,150,74,76,5,1
2017/2018,2017,ENSENYAMENTS D'IDIOMES,JAPONÈS - NIVELL BÀSIC,2,90,54,36,3,1
2017/2018,2017,ENSENYAMENTS D'IDIOMES,JAPONÈS - NIVELL INTERMEDI,1,60,33,27,4,1
2017/2018,2017,ENSENYAMENTS D'IDIOMES,JAPONÈS - NIVELL INTERMEDI,2,52,25,27,1,1
2017/2018,2017,ENSENYAMENTS D'IDIOMES,NEERLANDÈS - NIVELL AVANÇAT,1,12,10,2,1,1
2017/2018,2017,ENSENYAMENTS D'IDIOMES,NEERLANDÈS - NIVELL AVANÇAT,2,10,5,5,1,1
2017/2018,2017,ENSENYAMENTS D'IDIOMES,NEERLANDÈS - NIVELL BÀSIC,1,49,32,17,2,1
2017/2018,2017,ENSENYAMENTS D'IDIOMES,NEERLANDÈS - NIVELL BÀSIC,2,18,11,7,1,1
2017/2018,2017,ENSENYAMENTS D'IDIOMES,NEERLANDÈS - NIVELL INTERMEDI,1,22,12,10,1,1
2017/2018,2017,ENSENYAMENTS D'IDIOMES,PORTUGUÈS - NIVELL AVANÇAT,1,19,13,6,1,1
2017/2018,2017,ENSENYAMENTS D'IDIOMES,PORTUGUÈS - NIVELL AVANÇAT,2,15,10,5,1,1
2017/2018,2017,ENSENYAMENTS D'IDIOMES,PORTUGUÈS - NIVELL BÀSIC,1,63,39,24,2,1
2017/2018,2017,ENSENYAMENTS D'IDIOMES,PORTUGUÈS - NIVELL BÀSIC,2,27,12,15,1,1
2017/2018,2017,ENSENYAMENTS D'IDIOMES,PORTUGUÈS - NIVELL INTERMEDI,1,19,11,8,1,1
2017/2018,2017,ENSENYAMENTS D'IDIOMES,RUS - NIVELL AVANÇAT,1,46,27,19,3,3
2017/2018,2017,ENSENYAMENTS D'IDIOMES,RUS - NIVELL AVANÇAT,2,33,20,13,0,3
2017/2018,2017,ENSENYAMENTS D'IDIOMES,RUS - NIVELL BÀSIC,1,267,132,135,13,7
2017/2018,2017,ENSENYAMENTS D'IDIOMES,RUS - NIVELL BÀSIC,2,139,70,69,9,7
2017/2018,2017,ENSENYAMENTS D'IDIOMES,RUS - NIVELL INTERMEDI,1,105,48,57,11,4
2017/2018,2017,ENSENYAMENTS D'IDIOMES,RUS - NIVELL INTERMEDI,2,75,42,33,3,4
2017/2018,2017,ENSENYAMENTS D'IDIOMES,XINÈS - NIVELL AVANÇAT,1,24,17,7,1,1
2017/2018,2017,ENSENYAMENTS D'IDIOMES,XINÈS - NIVELL AVANÇAT,2,12,8,4,0,1
2017/2018,2017,ENSENYAMENTS D'IDIOMES,XINÈS - NIVELL BÀSIC,1,209,108,101,7,1
2017/2018,2017,ENSENYAMENTS D'IDIOMES,XINÈS - NIVELL BÀSIC,2,90,50,40,4,1
2017/2018,2017,ENSENYAMENTS D'IDIOMES,XINÈS - NIVELL INTERMEDI,1,56,34,22,4,1
2017/2018,2017,ENSENYAMENTS D'IDIOMES,XINÈS - NIVELL INTERMEDI,2,32,17,15,1,1
2017/2018,2017,ENSENYAMENTS D'IDIOMES,ÀRAB - NIVELL AVANÇAT,1,15,11,4,1,1
2017/2018,2017,ENSENYAMENTS D'IDIOMES,ÀRAB - NIVELL AVANÇAT,2,17,10,7,0,1
2017/2018,2017,ENSENYAMENTS D'IDIOMES,ÀRAB - NIVELL BÀSIC,1,284,190,94,14,5
2017/2018,2017,ENSENYAMENTS D'IDIOMES,ÀRAB - NIVELL BÀSIC,2,156,95,61,10,5
2017/2018,2017,ENSENYAMENTS D'IDIOMES,ÀRAB - NIVELL INTERMEDI,1,75,48,27,10,4
2017/2018,2017,ENSENYAMENTS D'IDIOMES,ÀRAB - NIVELL INTERMEDI,2,58,42,16,1,4
2017/2018,2017,ENSENYAMENTS D'IDIOMES,ÈUSCAR - NIVELL AVANÇAT,1,11,8,3,1,1
2017/2018,2017,ENSENYAMENTS D'IDIOMES,ÈUSCAR - NIVELL AVANÇAT,2,9,7,2,1,1
2017/2018,2017,ENSENYAMENTS D'IDIOMES,ÈUSCAR - NIVELL BÀSIC,1,37,22,15,2,1
2017/2018,2017,ENSENYAMENTS D'IDIOMES,ÈUSCAR - NIVELL BÀSIC,2,21,12,9,1,1
2017/2018,2017,ENSENYAMENTS D'IDIOMES,ÈUSCAR - NIVELL INTERMEDI,1,14,8,6,1,1
2017/2018,2017,ENSENYAMENTS ESPORTIUS,TÈCNIC D'ESPORT EN ALTA MUNTANYA,1,4,2,2,0,2
2017/2018,2017,ENSENYAMENTS ESPORTIUS,TÈCNIC D'ESPORT EN ALTA MUNTANYA,2,18,2,16,2,1
2017/2018,2017,ENSENYAMENTS ESPORTIUS,TÈCNIC D'ESPORT EN ATLETISME,1,15,10,5,1,2
2017/2018,2017,ENSENYAMENTS ESPORTIUS,TÈCNIC D'ESPORT EN BASQUETBOL,1,3,1,2,0,1
2017/2018,2017,ENSENYAMENTS ESPORTIUS,TÈCNIC D'ESPORT EN DESCENS DE BARRANCS,1,2,0,2,0,1
2017/2018,2017,ENSENYAMENTS ESPORTIUS,TÈCNIC D'ESPORT EN DESCENS DE BARRANCS,2,103,5,98,4,2
2017/2018,2017,ENSENYAMENTS ESPORTIUS,TÈCNIC D'ESPORT EN ESCALADA,1,4,0,4,0,3
2017/2018,2017,ENSENYAMENTS ESPORTIUS,TÈCNIC D'ESPORT EN ESCALADA,2,48,5,43,3,2
2017/2018,2017,ENSENYAMENTS ESPORTIUS,TÈCNIC D'ESPORT EN ESQUÍ ALPÍ,1,533,189,344,10,7
2017/2018,2017,ENSENYAMENTS ESPORTIUS,TÈCNIC D'ESPORT EN ESQUÍ ALPÍ,2,304,73,231,10,7
2017/2018,2017,ENSENYAMENTS ESPORTIUS,TÈCNIC D'ESPORT EN ESQUÍ DE FONS,1,3,1,2,0,1
2017/2018,2017,ENSENYAMENTS ESPORTIUS,TÈCNIC D'ESPORT EN FUTBOL,1,795,36,759,14,33
2017/2018,2017,ENSENYAMENTS ESPORTIUS,TÈCNIC D'ESPORT EN FUTBOL,2,480,22,458,8,26
2017/2018,2017,ENSENYAMENTS ESPORTIUS,TÈCNIC D'ESPORT EN FUTBOL SALA,1,27,4,23,3,3
2017/2018,2017,ENSENYAMENTS ESPORTIUS,TÈCNIC D'ESPORT EN FUTBOL SALA,2,24,2,22,2,4
2017/2018,2017,ENSENYAMENTS ESPORTIUS,TÈCNIC D'ESPORT EN HANDBOL,1,14,4,10,1,3
2017/2018,2017,ENSENYAMENTS ESPORTIUS,TÈCNIC D'ESPORT EN HANDBOL,2,8,3,5,1,3
2017/2018,2017,ENSENYAMENTS ESPORTIUS,TÈCNIC D'ESPORT EN MUNTANYA MITJANA,1,308,42,266,10,7
2017/2018,2017,ENSENYAMENTS ESPORTIUS,TÈCNIC D'ESPORT EN MUNTANYA MITJANA,2,160,19,141,9,7
2017/2018,2017,ENSENYAMENTS ESPORTIUS,TÈCNIC D'ESPORT EN SURF DE NEU,1,106,21,85,10,7
2017/2018,2017,ENSENYAMENTS ESPORTIUS,TÈCNIC D'ESPORT EN SURF DE NEU,2,55,9,46,6,5
2017/2018,2017,ENSENYAMENTS ESPORTIUS,TÈCNIC ESPORTIU EN ATLETISME,1,8,2,6,2,1
2017/2018,2017,ENSENYAMENTS ESPORTIUS,TÈCNIC ESPORTIU EN ATLETISME,2,15,4,11,1,1
2017/2018,2017,ENSENYAMENTS ESPORTIUS,TÈCNIC ESPORTIU EN BASQUETBOL,1,66,8,58,6,7
2017/2018,2017,ENSENYAMENTS ESPORTIUS,TÈCNIC ESPORTIU EN BASQUETBOL,2,62,6,56,4,4
2017/2018,2017,ENSENYAMENTS ESPORTIUS,TÈCNIC ESPORTIU EN BUSSEIG ESPORTIU AMB ESCAFANDRE AUTÒNOM,1,6,1,5,4,3
2017/2018,2017,ENSENYAMENTS ESPORTIUS,TÈCNIC ESPORTIU EN BUSSEIG ESPORTIU AMB ESCAFANDRE AUTÒNOM,2,6,1,5,0,2
2017/2018,2017,ENSENYAMENTS ESPORTIUS,TÈCNIC ESPORTIU EN ESGRIMA,1,12,3,9,0,1
2017/2018,2017,ENSENYAMENTS ESPORTIUS,TÈCNIC ESPORTIU EN ESGRIMA,2,8,3,5,0,2
2017/2018,2017,ENSENYAMENTS ESPORTIUS,TÈCNIC ESPORTIU EN ESPELEOLOGIA,1,10,1,9,0,1
2017/2018,2017,ENSENYAMENTS ESPORTIUS,TÈCNIC ESPORTIU EN ESPELEOLOGIA,2,35,2,33,3,1
2017/2018,2017,ENSENYAMENTS ESPORTIUS,TÈCNIC ESPORTIU EN JUDO I DEFENSA PERSONAL,1,18,3,15,3,2
2017/2018,2017,ENSENYAMENTS ESPORTIUS,TÈCNIC ESPORTIU EN JUDO I DEFENSA PERSONAL,2,3,0,3,1,1
2017/2018,2017,ENSENYAMENTS ESPORTIUS,TÈCNIC ESPORTIU EN LES DISCIPLINES HÍPIQUES DE RESISTÈNCIA ORIENTACIÓ I TURISME EQÜESTRE,1,80,58,22,0,2
2017/2018,2017,ENSENYAMENTS ESPORTIUS,TÈCNIC ESPORTIU EN LES DISCIPLINES HÍPIQUES DE RESISTÈNCIA ORIENTACIÓ I TURISME EQÜESTRE,2,62,41,21,0,4
2017/2018,2017,ENSENYAMENTS ESPORTIUS,TÈCNIC ESPORTIU EN PIRAGÜISME EN AIGÜES BRAVES,1,2,0,2,0,1
2017/2018,2017,ENSENYAMENTS ESPORTIUS,TÈCNIC ESPORTIU EN PIRAGÜISME EN AIGÜES TRANQUIL·LES,1,1,1,0,1,1
2017/2018,2017,ENSENYAMENTS ESPORTIUS,TÈCNIC ESPORTIU EN PIRAGÜISME EN AIGÜES TRANQUIL·LES,2,4,1,3,1,1
2017/2018,2017,ENSENYAMENTS ESPORTIUS,TÈCNIC ESPORTIU EN PIRAGÜISME RECREATIU GUIA EN AIGÜES BRAVES,1,5,0,5,0,1
2017/2018,2017,ENSENYAMENTS ESPORTIUS,TÈCNIC ESPORTIU EN PIRAGÜISME RECREATIU GUIA EN AIGÜES BRAVES,2,9,0,9,0,1
2017/2018,2017,ENSENYAMENTS ESPORTIUS,TÈCNIC ESPORTIU EN SALVAMENT I SOCORRISME,1,634,124,510,16,20
2017/2018,2017,ENSENYAMENTS ESPORTIUS,TÈCNIC ESPORTIU EN SALVAMENT I SOCORRISME,2,136,27,109,3,10
2017/2018,2017,ENSENYAMENTS ESPORTIUS,TÈCNIC ESPORTIU EN VELA AMB APARELL FIX,1,112,28,84,4,5
2017/2018,2017,ENSENYAMENTS ESPORTIUS,TÈCNIC ESPORTIU EN VELA AMB APARELL FIX,2,35,13,22,3,2
2017/2018,2017,ENSENYAMENTS ESPORTIUS,TÈCNIC ESPORTIU EN VELA AMB APARELL LLIURE,2,1,1,0,0,1
2017/2018,2017,ENSENYAMENTS ESPORTIUS,TÈCNIC ESPORTIU SUPERIOR EN BASQUETBOL,1,15,1,14,1,1
2017/2018,2017,ENSENYAMENTS ESPORTIUS,TÈCNIC ESPORTIU SUPERIOR EN HÍPICA,1,21,17,4,0,3
2017/2018,2017,ENSENYAMENTS ESPORTIUS,TÈCNIC ESPORTIU SUPERIOR EN SALVAMENT I SOCORRISME,1,32,2,30,3,2
2017/2018,2017,ENSENYAMENTS ESPORTIUS,"TÈCNIC ESPOTIU EN LES DISCIPLINES HÍPIQUES DE SALT, DOMA I CONCURS COMPLET",1,65,45,20,2,5
2017/2018,2017,ENSENYAMENTS ESPORTIUS,"TÈCNIC ESPOTIU EN LES DISCIPLINES HÍPIQUES DE SALT, DOMA I CONCURS COMPLET",2,30,16,14,1,4
2017/2018,2017,ENSENYAMENTS ESPORTIUS,TÈCNIC SUPERIOR D'ESPORT EN ALTA MUNTANYA,1,5,0,5,2,1
2017/2018,2017,ENSENYAMENTS ESPORTIUS,TÈCNIC SUPERIOR D'ESPORT EN ESCALADA,1,4,0,4,1,1
2017/2018,2017,ENSENYAMENTS ESPORTIUS,TÈCNIC SUPERIOR D'ESPORT EN ESQUÍ ALPÍ,1,55,9,46,4,4
2017/2018,2017,ENSENYAMENTS ESPORTIUS,TÈCNIC SUPERIOR D'ESPORT EN ESQUÍ DE MUNTANYA,1,9,0,9,2,1
2017/2018,2017,ENSENYAMENTS ESPORTIUS,TÈCNIC SUPERIOR D'ESPORT EN FUTBOL,1,144,1,143,2,8
2017/2018,2017,ENSENYAMENTS ESPORTIUS,TÈCNIC SUPERIOR D'ESPORT EN SURF DE NEU,1,17,2,15,5,3
2017/2018,2017,ENSENYAMENTS SUPERIORS DE DISSENY,ESDL - DISSENY D'INTERIORS,1,97,83,14,17,7
2017/2018,2017,ENSENYAMENTS SUPERIORS DE DISSENY,ESDL - DISSENY D'INTERIORS,2,93,83,10,17,7
2017/2018,2017,ENSENYAMENTS SUPERIORS DE DISSENY,ESDL - DISSENY D'INTERIORS,3,76,61,15,12,6
2017/2018,2017,ENSENYAMENTS SUPERIORS DE DISSENY,ESDL - DISSENY D'INTERIORS,4,83,57,26,8,6
2017/2018,2017,ENSENYAMENTS SUPERIORS DE DISSENY,ESDL - DISSENY DE MODA,1,181,145,36,1,3
2017/2018,2017,ENSENYAMENTS SUPERIORS DE DISSENY,ESDL - DISSENY DE MODA,2,159,141,18,1,3
2017/2018,2017,ENSENYAMENTS SUPERIORS DE DISSENY,ESDL - DISSENY DE MODA,3,138,120,18,1,3
2017/2018,2017,ENSENYAMENTS SUPERIORS DE DISSENY,ESDL - DISSENY DE MODA,4,123,116,7,1,3
2017/2018,2017,ENSENYAMENTS SUPERIORS DE DISSENY,ESDL - DISSENY DE PRODUCTES,1,68,28,40,1,3
2017/2018,2017,ENSENYAMENTS SUPERIORS DE DISSENY,ESDL - DISSENY DE PRODUCTES,2,55,22,33,1,3
2017/2018,2017,ENSENYAMENTS SUPERIORS DE DISSENY,ESDL - DISSENY DE PRODUCTES,3,44,20,24,1,2
2017/2018,2017,ENSENYAMENTS SUPERIORS DE DISSENY,ESDL - DISSENY DE PRODUCTES,4,46,25,21,1,2
2017/2018,2017,ENSENYAMENTS SUPERIORS DE DISSENY,ESDL - DISSENY GRÀFIC,1,149,99,50,18,8
2017/2018,2017,ENSENYAMENTS SUPERIORS DE DISSENY,ESDL - DISSENY GRÀFIC,2,126,85,41,18,8
2017/2018,2017,ENSENYAMENTS SUPERIORS DE DISSENY,ESDL - DISSENY GRÀFIC,3,103,67,36,14,7
2017/2018,2017,ENSENYAMENTS SUPERIORS DE DISSENY,ESDL - DISSENY GRÀFIC,4,108,63,45,9,7
2017/2018,2017,FORMACIÓ PROFESSIONAL,CFPM - ACTIVITATS COMERCIALAS (LOGÍSTICA),1,53,27,26,7,3
2017/2018,2017,FORMACIÓ PROFESSIONAL,CFPM - ACTIVITATS COMERCIALAS (LOGÍSTICA),2,38,21,17,7,3
2017/2018,2017,FORMACIÓ PROFESSIONAL,CFPM - ACTIVITATS COMERCIALS,1,1689,738,951,67,62
2017/2018,2017,FORMACIÓ PROFESSIONAL,CFPM - ACTIVITATS COMERCIALS,2,1258,570,688,64,58
2017/2018,2017,FORMACIÓ PROFESSIONAL,CFPM - ACTIVITATS COMERCIALS (PRODUCTES FRESCOS),1,13,5,8,1,1
2017/2018,2017,FORMACIÓ PROFESSIONAL,CFPM - ACTIVITATS COMERCIALS (PRODUCTES FRESCOS),2,15,3,12,1,1
2017/2018,2017,FORMACIÓ PROFESSIONAL,CFPM - ACTIVITATS COMERCIALS (TÈXTIL),1,50,28,22,2,2
2017/2018,2017,FORMACIÓ PROFESSIONAL,CFPM - APROFITAMENT I CONSERVACIÓ DEL MEDI NATURAL,1,90,7,83,4,4
2017/2018,2017,FORMACIÓ PROFESSIONAL,CFPM - APROFITAMENT I CONSERVACIÓ DEL MEDI NATURAL,2,125,7,118,4,4
2017/2018,2017,FORMACIÓ PROFESSIONAL,CFPM - ATENCIÓ A PERSONES EN SITUACIÓ DE DEPENDÈNCIA,1,2398,1958,440,100,73
2017/2018,2017,FORMACIÓ PROFESSIONAL,CFPM - ATENCIÓ A PERSONES EN SITUACIÓ DE DEPENDÈNCIA,2,2183,1842,341,98,70
2017/2018,2017,FORMACIÓ PROFESSIONAL,CFPM - ATENCIÓ A PERSONES EN SITUACIÓ DE DEPENDÊNCIA,NA,281,224,57,0,1
2017/2018,2017,FORMACIÓ PROFESSIONAL,CFPM - CARACTERITZACIÓ,2,3,3,0,0,1
2017/2018,2017,FORMACIÓ PROFESSIONAL,CFPM - CARROSSERIA,1,524,19,505,19,20
2017/2018,2017,FORMACIÓ PROFESSIONAL,CFPM - CARROSSERIA,2,422,15,407,20,21
2017/2018,2017,FORMACIÓ PROFESSIONAL,CFPM - CONDUCCIÓ D'ACTIVITATS FISICOESPORTIVES EN EL MEDI NATURAL,1,2110,410,1700,44,47
2017/2018,2017,FORMACIÓ PROFESSIONAL,CFPM - CONDUCCIÓ DE VEHICLES DE TRANSPORT PER CARRETERA,1,6,0,6,1,1
2017/2018,2017,FORMACIÓ PROFESSIONAL,CFPM - CONFECCIÓ I MODA,1,159,139,20,6,6
2017/2018,2017,FORMACIÓ PROFESSIONAL,CFPM - CONFECCIÓ I MODA,2,138,126,12,6,6
2017/2018,2017,FORMACIÓ PROFESSIONAL,CFPM - CONSTRUCCIÓ,1,29,5,24,6,2
2017/2018,2017,FORMACIÓ PROFESSIONAL,CFPM - CONSTRUCCIÓ,2,13,3,10,6,2
2017/2018,2017,FORMACIÓ PROFESSIONAL,CFPM - CUINA I GASTRONOMIA,1,1014,309,705,31,24
2017/2018,2017,FORMACIÓ PROFESSIONAL,CFPM - CUINA I GASTRONOMIA,2,1327,420,907,31,23
2017/2018,2017,FORMACIÓ PROFESSIONAL,CFPM - CULTIUS AQÜÍCOLES,1,19,1,18,1,1
2017/2018,2017,FORMACIÓ PROFESSIONAL,CFPM - CULTIUS AQÜÍCOLES,2,14,6,8,1,1
2017/2018,2017,FORMACIÓ PROFESSIONAL,CFPM - CURES AUXILIARS D'INFERMERIA,1,7290,5787,1503,157,81
2017/2018,2017,FORMACIÓ PROFESSIONAL,CFPM - CURES AUXILIARS D'INFERMERIA,2,1256,1066,190,0,3
2017/2018,2017,FORMACIÓ PROFESSIONAL,CFPM - CURES AUXILIARS D'INFERMERIA,P,6,5,1,0,3
2017/2018,2017,FORMACIÓ PROFESSIONAL,CFPM - CURES AUXILIARS D'INFERMERIA,NA,1090,880,210,0,1
2017/2018,2017,FORMACIÓ PROFESSIONAL,CFPM - ELABORACIÓ DE PRODUCTES ALIMENTARIS,1,142,62,80,12,8
2017/2018,2017,FORMACIÓ PROFESSIONAL,CFPM - ELABORACIÓ DE PRODUCTES ALIMENTARIS,2,116,30,86,13,9
2017/2018,2017,FORMACIÓ PROFESSIONAL,CFPM - ELECTROMECÀNICA DE MAQUINÀRIA,1,75,1,74,4,4
2017/2018,2017,FORMACIÓ PROFESSIONAL,CFPM - ELECTROMECÀNICA DE MAQUINÀRIA,2,69,3,66,4,4
2017/2018,2017,FORMACIÓ PROFESSIONAL,CFPM - ELECTROMECÀNICA DE VEHICLES,1,2072,77,1995,69,45
2017/2018,2017,FORMACIÓ PROFESSIONAL,CFPM - ELECTROMECÀNICA DE VEHICLES,2,1892,54,1838,65,45
2017/2018,2017,FORMACIÓ PROFESSIONAL,CFPM - ELECTROMECÀNICA DE VEHICLES (AVIONS),1,29,2,27,1,1
2017/2018,2017,FORMACIÓ PROFESSIONAL,CFPM - ELECTROMECÀNICA DE VEHICLES (AVIONS),2,19,0,19,1,1
2017/2018,2017,FORMACIÓ PROFESSIONAL,CFPM - ELECTROMECÀNICA DE VEHICLES (INDUSTRIALS),1,80,1,79,3,3
2017/2018,2017,FORMACIÓ PROFESSIONAL,CFPM - ELECTROMECÀNICA DE VEHICLES (INDUSTRIALS),2,77,1,76,3,3
2017/2018,2017,FORMACIÓ PROFESSIONAL,CFPM - EMERGÈNCIES I PROTECCIÓ CIVIL,1,11,3,8,0,1
2017/2018,2017,FORMACIÓ PROFESSIONAL,CFPM - EMERGÈNCIES I PROTECCIÓ CIVIL,NA,201,9,192,0,1
2017/2018,2017,FORMACIÓ PROFESSIONAL,CFPM - EMERGÈNCIES SANITÀRIES,1,691,262,429,19,19
2017/2018,2017,FORMACIÓ PROFESSIONAL,CFPM - EMERGÈNCIES SANITÀRIES,2,738,225,513,19,16
2017/2018,2017,FORMACIÓ PROFESSIONAL,CFPM - EMERGÈNCIES SANITÀRIES,NA,497,118,379,0,1
2017/2018,2017,FORMACIÓ PROFESSIONAL,CFPM - ESTÈTICA I BELLESA,1,936,905,31,28,28
2017/2018,2017,FORMACIÓ PROFESSIONAL,CFPM - ESTÈTICA I BELLESA,2,805,793,12,28,28
2017/2018,2017,FORMACIÓ PROFESSIONAL,CFPM - EXCAVACIONS I SONDATGES (OPERACIONS DE MAQUINÀRIA DE LA CONSTRUCCIÓ),1,22,0,22,1,1
2017/2018,2017,FORMACIÓ PROFESSIONAL,CFPM - EXCAVACIONS I SONDATGES (OPERACIONS DE MAQUINÀRIA DE LA CONSTRUCCIÓ),2,20,1,19,1,1
2017/2018,2017,FORMACIÓ PROFESSIONAL,CFPM - EXCAVACIONSCFPM - EXCAVACIONS I SONDATGES,1,17,1,16,1,1
2017/2018,2017,FORMACIÓ PROFESSIONAL,CFPM - EXCAVACIONSCFPM - EXCAVACIONS I SONDATGES,2,17,0,17,1,1
2017/2018,2017,FORMACIÓ PROFESSIONAL,CFPM - FABRICACIÓ I ENNOBLIMENT DE PRODUCTES TEXTILS (GENERES DE PUNT),1,14,8,6,1,1
2017/2018,2017,FORMACIÓ PROFESSIONAL,CFPM - FABRICACIÓ I ENNOBLIMENT DE PRODUCTES TEXTILS (GENERES DE PUNT),2,11,9,2,1,1
2017/2018,2017,FORMACIÓ PROFESSIONAL,CFPM - FABRICACIÓ I ENNOBLIMENT DE PRODUCTES TÈXTILS,1,48,22,26,2,2
2017/2018,2017,FORMACIÓ PROFESSIONAL,CFPM - FABRICACIÓ I ENNOBLIMENT DE PRODUCTES TÈXTILS,2,14,6,8,1,1
2017/2018,2017,FORMACIÓ PROFESSIONAL,CFPM - FARMÀCIA I PARAFARMÀCIA,1,1148,884,264,38,29
2017/2018,2017,FORMACIÓ PROFESSIONAL,CFPM - FARMÀCIA I PARAFARMÀCIA,2,1075,859,216,38,29
2017/2018,2017,FORMACIÓ PROFESSIONAL,CFPM - FARMÀCIA I PARAFARMÀCIA,P,1,1,0,0,1
2017/2018,2017,FORMACIÓ PROFESSIONAL,"CFPM - FORNERIA, PASTISSERIA I CONFITERIA",1,363,204,159,13,14
2017/2018,2017,FORMACIÓ PROFESSIONAL,"CFPM - FORNERIA, PASTISSERIA I CONFITERIA",2,461,286,175,13,14
2017/2018,2017,FORMACIÓ PROFESSIONAL,CFPM - FUSTERIA I MOBLE,1,100,9,91,10,6
2017/2018,2017,FORMACIÓ PROFESSIONAL,CFPM - FUSTERIA I MOBLE,2,96,8,88,11,7
2017/2018,2017,FORMACIÓ PROFESSIONAL,CFPM - GESTIÓ ADMINISTRATIVA,1,3541,1942,1599,205,133
2017/2018,2017,FORMACIÓ PROFESSIONAL,CFPM - GESTIÓ ADMINISTRATIVA,2,3142,1788,1354,205,134
2017/2018,2017,FORMACIÓ PROFESSIONAL,CFPM - GESTIÓ ADMINISTRATIVA,NA,725,573,152,0,1
2017/2018,2017,FORMACIÓ PROFESSIONAL,CFPM - GESTIÓ ADMINISTRATIVA (ÀMBIT JURÍDIC),1,314,227,87,13,13
2017/2018,2017,FORMACIÓ PROFESSIONAL,CFPM - GESTIÓ ADMINISTRATIVA (ÀMBIT JURÍDIC),2,227,162,65,11,11
2017/2018,2017,FORMACIÓ PROFESSIONAL,CFPM - GESTIÓ ADMINISTRATIVA (ÀMBIT SANITARI),1,84,48,36,3,3
2017/2018,2017,FORMACIÓ PROFESSIONAL,CFPM - GESTIÓ ADMINISTRATIVA (ÀMBIT SANITARI),2,49,22,27,3,3
2017/2018,2017,FORMACIÓ PROFESSIONAL,CFPM - IMPRESSIÓ GRÀFICA,1,54,14,40,2,2
2017/2018,2017,FORMACIÓ PROFESSIONAL,CFPM - IMPRESSIÓ GRÀFICA,2,36,11,25,2,2
2017/2018,2017,FORMACIÓ PROFESSIONAL,CFPM - IMPRESSIÓ GRÀFICA (IMPRESSIÓ GRÀFICA I CONVERTING),1,18,1,17,1,1
2017/2018,2017,FORMACIÓ PROFESSIONAL,CFPM - IMPRESSIÓ GRÀFICA (IMPRESSIÓ GRÀFICA I CONVERTING),2,17,2,15,1,1
2017/2018,2017,FORMACIÓ PROFESSIONAL,CFPM - INSTAL·LACIONS DE PRODUCCIÓ DE CALOR,1,57,0,57,3,3
2017/2018,2017,FORMACIÓ PROFESSIONAL,CFPM - INSTAL·LACIONS DE PRODUCCIÓ DE CALOR,2,106,1,105,12,8
2017/2018,2017,FORMACIÓ PROFESSIONAL,CFPM - INSTAL·LACIONS DE TELECOMUNICACIONS,1,386,10,376,22,18
2017/2018,2017,FORMACIÓ PROFESSIONAL,CFPM - INSTAL·LACIONS DE TELECOMUNICACIONS,2,288,6,282,24,20
2017/2018,2017,FORMACIÓ PROFESSIONAL,CFPM - INSTAL·LACIONS ELÈCTRIQUES I AUTOMÀTIQUES,1,1191,35,1156,64,51
2017/2018,2017,FORMACIÓ PROFESSIONAL,CFPM - INSTAL·LACIONS ELÈCTRIQUES I AUTOMÀTIQUES,2,1013,24,989,65,53
2017/2018,2017,FORMACIÓ PROFESSIONAL,CFPM - INSTAL·LACIONS ELÈCTRIQUES I AUTOMÀTIQUES,NA,325,12,313,0,1
2017/2018,2017,FORMACIÓ PROFESSIONAL,CFPM - INSTAL·LACIONS FRIGORÍFIQUES I DE CLIMATITZACIÓ,1,95,1,94,11,7
2017/2018,2017,FORMACIÓ PROFESSIONAL,CFPM - INSTAL·LACIONS FRIGORÍFIQUES I DE CLIMATITZACIÓ,2,80,2,78,6,6
2017/2018,2017,FORMACIÓ PROFESSIONAL,CFPM - INSTAL·LACIÓ i MOBLAMENT,1,46,5,41,2,2
2017/2018,2017,FORMACIÓ PROFESSIONAL,CFPM - INSTAL·LACIÓ i MOBLAMENT,2,68,4,64,5,5
2017/2018,2017,FORMACIÓ PROFESSIONAL,CFPM - JARDINERIA I FLORISTERIA,1,236,43,193,12,11
2017/2018,2017,FORMACIÓ PROFESSIONAL,CFPM - JARDINERIA I FLORISTERIA,2,220,35,185,12,12
2017/2018,2017,FORMACIÓ PROFESSIONAL,CFPM - MANTENIMENT DE MATERIAL RODANT FERROVIARI,1,27,1,26,1,1
2017/2018,2017,FORMACIÓ PROFESSIONAL,CFPM - MANTENIMENT DE MATERIAL RODANT FERROVIARI,2,20,0,20,1,1
2017/2018,2017,FORMACIÓ PROFESSIONAL,CFPM - MANTENIMENT ELECTROMECÀNIC,1,824,23,801,36,37
2017/2018,2017,FORMACIÓ PROFESSIONAL,CFPM - MANTENIMENT ELECTROMECÀNIC,2,710,22,688,38,39
2017/2018,2017,FORMACIÓ PROFESSIONAL,CFPM - MANTENIMENT ELECTROMECÀNIC ( VAIXLLS D'ESBARJO I SERVEIS PORTUARIS,1,140,4,136,6,5
2017/2018,2017,FORMACIÓ PROFESSIONAL,CFPM - MANTENIMENT ELECTROMECÀNIC ( VAIXLLS D'ESBARJO I SERVEIS PORTUARIS,2,106,1,105,5,5
2017/2018,2017,FORMACIÓ PROFESSIONAL,CFPM - MANTENIMENT I CONTROL DE LA MAQUINÀRIA DE VAIXELLS I EMBARCACIONS,1,16,0,16,1,1
2017/2018,2017,FORMACIÓ PROFESSIONAL,CFPM - MANTENIMENT I CONTROL DE LA MAQUINÀRIA DE VAIXELLS I EMBARCACIONS,2,15,0,15,1,1
2017/2018,2017,FORMACIÓ PROFESSIONAL,CFPM - MECANITZACIÓ,1,652,18,634,25,25
2017/2018,2017,FORMACIÓ PROFESSIONAL,CFPM - MECANITZACIÓ,2,545,17,528,25,25
2017/2018,2017,FORMACIÓ PROFESSIONAL,CFPM - MECANITZACIÓ (RELLOTGERIA),1,13,1,12,1,1
2017/2018,2017,FORMACIÓ PROFESSIONAL,CFPM - MECANITZACIÓ (RELLOTGERIA),2,18,2,16,1,1
2017/2018,2017,FORMACIÓ PROFESSIONAL,CFPM - NAVEGACIÓ I PESCA LITORAL,1,22,1,21,1,1
2017/2018,2017,FORMACIÓ PROFESSIONAL,CFPM - NAVEGACIÓ I PESCA LITORAL,2,30,2,28,1,1
2017/2018,2017,FORMACIÓ PROFESSIONAL,"CFPM - OBRES D'INTERIOR, DECORACIÓ i REHABILITACIÓ",1,51,13,38,16,4
2017/2018,2017,FORMACIÓ PROFESSIONAL,"CFPM - OBRES D'INTERIOR, DECORACIÓ i REHABILITACIÓ",2,36,11,25,16,4
2017/2018,2017,FORMACIÓ PROFESSIONAL,CFPM - OLIS D'OLIVA I VINS,1,64,14,50,9,5
2017/2018,2017,FORMACIÓ PROFESSIONAL,CFPM - OLIS D'OLIVA I VINS,2,50,15,35,8,4
2017/2018,2017,FORMACIÓ PROFESSIONAL,CFPM - OPERACIONS DE FABRICACIÓ DE PRODUCTES FARMACÈUTICS,1,2,2,0,1,1
2017/2018,2017,FORMACIÓ PROFESSIONAL,CFPM - OPERACIONS DE LABORATORI,1,319,146,173,13,13
2017/2018,2017,FORMACIÓ PROFESSIONAL,CFPM - OPERACIONS DE LABORATORI,2,257,117,140,13,13
2017/2018,2017,FORMACIÓ PROFESSIONAL,CFPM - OPERACIONS DE PROCÉS DE PASTA I PAPER,1,1,0,1,1,1
2017/2018,2017,FORMACIÓ PROFESSIONAL,CFPM - OPERACIONS SUBAQUÀTIQUES I HIPERBÀRIQUES,1,29,0,29,1,1
2017/2018,2017,FORMACIÓ PROFESSIONAL,CFPM - OPERACIONS SUBAQUÀTIQUES I HIPERBÀRIQUES,2,27,2,25,1,1
2017/2018,2017,FORMACIÓ PROFESSIONAL,CFPM - PEDRA NATURAL,1,21,1,20,1,1
2017/2018,2017,FORMACIÓ PROFESSIONAL,CFPM - PERRUQUERIA I COSMÈTICA CAPIL·LAR,1,787,644,143,28,36
2017/2018,2017,FORMACIÓ PROFESSIONAL,CFPM - PERRUQUERIA I COSMÈTICA CAPIL·LAR,2,767,664,103,28,35
2017/2018,2017,FORMACIÓ PROFESSIONAL,CFPM - PERRUQUERIA I COSMÈTICA CAPIL·LAR,P,1,1,0,0,1
2017/2018,2017,FORMACIÓ PROFESSIONAL,CFPM - PLANTA QUÍMICA,1,28,1,27,1,1
2017/2018,2017,FORMACIÓ PROFESSIONAL,CFPM - PLANTA QUÍMICA,2,22,2,20,1,1
2017/2018,2017,FORMACIÓ PROFESSIONAL,CFPM - PLANTA QUÍMICA (PRODUCTES FARMACÈUTICS I COSMÈTICS),1,91,35,56,4,4
2017/2018,2017,FORMACIÓ PROFESSIONAL,CFPM - PLANTA QUÍMICA (PRODUCTES FARMACÈUTICS I COSMÈTICS),2,55,22,33,4,4
2017/2018,2017,FORMACIÓ PROFESSIONAL,CFPM - POSTIMPRESSIÓ I ACABATS GRÀFICS,1,20,8,12,5,1
2017/2018,2017,FORMACIÓ PROFESSIONAL,CFPM - POSTIMPRESSIÓ I ACABATS GRÀFICS,2,9,5,4,5,1
2017/2018,2017,FORMACIÓ PROFESSIONAL,CFPM - PREIMPRESSIÓ DIGITAL,1,302,108,194,11,8
2017/2018,2017,FORMACIÓ PROFESSIONAL,CFPM - PREIMPRESSIÓ DIGITAL,2,266,93,173,11,8
2017/2018,2017,FORMACIÓ PROFESSIONAL,CFPM - PRODUCCIÓ AGROECOLÒGICA,1,37,8,29,2,2
2017/2018,2017,FORMACIÓ PROFESSIONAL,CFPM - PRODUCCIÓ AGROECOLÒGICA,2,41,14,27,2,2
2017/2018,2017,FORMACIÓ PROFESSIONAL,CFPM - PRODUCCIÓ AGROECOLÒGICA (AGRÍCOLA),1,39,5,34,3,3
2017/2018,2017,FORMACIÓ PROFESSIONAL,CFPM - PRODUCCIÓ AGROECOLÒGICA (AGRÍCOLA),2,45,7,38,3,3
2017/2018,2017,FORMACIÓ PROFESSIONAL,CFPM - PRODUCCIÓ AGROPECUÀRIA,1,136,36,100,5,5
2017/2018,2017,FORMACIÓ PROFESSIONAL,CFPM - PRODUCCIÓ AGROPECUÀRIA,2,130,24,106,4,5
2017/2018,2017,FORMACIÓ PROFESSIONAL,CFPM - PRODUCCIÓ AGROPECUÀRIA (AGRÍCOLA),1,20,0,20,1,1
2017/2018,2017,FORMACIÓ PROFESSIONAL,CFPM - PRODUCCIÓ AGROPECUÀRIA (AGRÍCOLA),2,14,0,14,1,1
2017/2018,2017,FORMACIÓ PROFESSIONAL,CFPM - PRODUCCIÓ AGROPECUÀRIA (RAMADERA),1,22,3,19,1,1
2017/2018,2017,FORMACIÓ PROFESSIONAL,CFPM - PRODUCCIÓ AGROPECUÀRIA (RAMADERA),2,15,3,12,1,1
2017/2018,2017,FORMACIÓ PROFESSIONAL,CFPM - SERVEIS EN RESTAURACIÓ,1,675,231,444,18,21
2017/2018,2017,FORMACIÓ PROFESSIONAL,CFPM - SERVEIS EN RESTAURACIÓ,2,865,267,598,21,21
2017/2018,2017,FORMACIÓ PROFESSIONAL,CFPM - SISTEMES MICROINFORMÀTICS I XARXES,1,4143,270,3873,148,99
2017/2018,2017,FORMACIÓ PROFESSIONAL,CFPM - SISTEMES MICROINFORMÀTICS I XARXES,2,3799,213,3586,138,99
2017/2018,2017,FORMACIÓ PROFESSIONAL,CFPM - SISTEMES MICROINFORMÀTICS I XARXES,NA,504,57,447,0,1
2017/2018,2017,FORMACIÓ PROFESSIONAL,CFPM - SOLDADURA I CALDERERIA,1,172,0,172,8,6
2017/2018,2017,FORMACIÓ PROFESSIONAL,CFPM - SOLDADURA I CALDERERIA,2,200,3,197,11,9
2017/2018,2017,FORMACIÓ PROFESSIONAL,CFPM - VIDEO DISCJÒQUEI I SO,1,391,81,310,9,10
2017/2018,2017,FORMACIÓ PROFESSIONAL,CFPM - VIDEO DISCJÒQUEI I SO,2,309,45,264,9,8
2017/2018,2017,FORMACIÓ PROFESSIONAL,CFPM - XARXES I ESTACIONS DE TRACTAMENT D'AIGÜES,1,27,1,26,2,2
2017/2018,2017,FORMACIÓ PROFESSIONAL,"CFPM - XARXES, INSTAL·LACIONS I ESTACIONS DE TRACTAMENT D'AIGUES",2,15,0,15,1,1
2017/2018,2017,FORMACIÓ PROFESSIONAL,CFPS - ADMINISTRACIÓ DE SISTEMES INFORMÀTICS EN XARXA,1,1326,96,1230,45,44
2017/2018,2017,FORMACIÓ PROFESSIONAL,CFPS - ADMINISTRACIÓ DE SISTEMES INFORMÀTICS EN XARXA,2,1135,71,1064,48,48
2017/2018,2017,FORMACIÓ PROFESSIONAL,CFPS - ADMINISTRACIÓ DE SISTEMES INFORMÀTICS EN XARXA,NA,741,76,665,0,1
2017/2018,2017,FORMACIÓ PROFESSIONAL,CFPS - ADMINISTRACIÓ DE SISTEMES INFORMÀTICS EN XARXA (CIBERSEGURETAT),1,29,1,28,1,1
2017/2018,2017,FORMACIÓ PROFESSIONAL,CFPS - ADMINISTRACIÓ DE SISTEMES INFORMÀTICS EN XARXA (CIBERSEGURETAT),2,19,0,19,1,1
2017/2018,2017,FORMACIÓ PROFESSIONAL,CFPS - ADMINISTRACIÓ I FINANCES,1,3166,1823,1343,123,106
2017/2018,2017,FORMACIÓ PROFESSIONAL,CFPS - ADMINISTRACIÓ I FINANCES,2,3895,2378,1517,124,108
2017/2018,2017,FORMACIÓ PROFESSIONAL,CFPS - ADMINISTRACIÓ I FINANCES,P,3,3,0,0,1
2017/2018,2017,FORMACIÓ PROFESSIONAL,CFPS - ADMINISTRACIÓ I FINANCES,NA,1675,1369,306,0,1
2017/2018,2017,FORMACIÓ PROFESSIONAL,CFPS - ADMINISTRACIÓ I FINANCES (GESTOR D'ASSEGURANCES),1,23,14,9,1,1
2017/2018,2017,FORMACIÓ PROFESSIONAL,CFPS - AGÈNCIES DE VIATGES I GESTIÓ D'ESDEVENIMENTS,1,258,199,59,7,11
2017/2018,2017,FORMACIÓ PROFESSIONAL,CFPS - AGÈNCIES DE VIATGES I GESTIÓ D'ESDEVENIMENTS,2,298,220,78,9,12
2017/2018,2017,FORMACIÓ PROFESSIONAL,CFPS - AGÈNCIES DE VIATGES I GESTIÓ D'ESDEVENIMENTS,P,1,0,1,0,1
2017/2018,2017,FORMACIÓ PROFESSIONAL,CFPS - ANATOMIA PATOLÒGICA I CITODIAGNÒSTIC,1,261,218,43,5,8
2017/2018,2017,FORMACIÓ PROFESSIONAL,CFPS - ANATOMIA PATOLÒGICA I CITODIAGNÒSTIC,2,211,174,37,4,7
2017/2018,2017,FORMACIÓ PROFESSIONAL,"CFPS - ANIMACIONS EN 3D, JOCS I ENTORNS INTERACTIUS",1,453,85,368,5,13
2017/2018,2017,FORMACIÓ PROFESSIONAL,"CFPS - ANIMACIONS EN 3D, JOCS I ENTORNS INTERACTIUS",2,444,67,377,5,11
2017/2018,2017,FORMACIÓ PROFESSIONAL,"CFPS - ANIMACIONS EN 3D, JOCS I ENTORNS INTERACTIUS",NA,149,45,104,0,1
2017/2018,2017,FORMACIÓ PROFESSIONAL,CFPS - ANIMACIÓ D'ACTIVITATS FÍSIQUES I ESPORTIVES,1,2342,430,1912,45,57
2017/2018,2017,FORMACIÓ PROFESSIONAL,CFPS - ANIMACIÓ D'ACTIVITATS FÍSIQUES I ESPORTIVES,2,2264,386,1878,43,49
2017/2018,2017,FORMACIÓ PROFESSIONAL,"CFPS - ANIMACIÓ EN 3D, JOCS i ENTORNS INTERACTIUS (MONS VIRTUALS, REALITAT AUGMENTADA i GAMIFICACIÓ)",1,233,32,201,0,1
2017/2018,2017,FORMACIÓ PROFESSIONAL,"CFPS - ANIMACIÓ EN 3D, JOCS i ENTORNS INTERACTIUS (MONS VIRTUALS, REALITAT AUGMENTADA i GAMIFICACIÓ)",2,107,21,86,0,1
2017/2018,2017,FORMACIÓ PROFESSIONAL,CFPS - ANIMACIÓ SOCIOCULTURAL I TURÍSTICA,1,257,164,93,13,13
2017/2018,2017,FORMACIÓ PROFESSIONAL,CFPS - ANIMACIÓ SOCIOCULTURAL I TURÍSTICA,2,273,183,90,14,14
2017/2018,2017,FORMACIÓ PROFESSIONAL,CFPS - AQÜICULTURA,1,13,1,12,1,1
2017/2018,2017,FORMACIÓ PROFESSIONAL,CFPS - AQÜICULTURA,2,23,7,16,1,1
2017/2018,2017,FORMACIÓ PROFESSIONAL,CFPS - ASSESSORIA D'IMATGE PERSONAL I CORPORATIVA,1,197,183,14,3,9
2017/2018,2017,FORMACIÓ PROFESSIONAL,CFPS - ASSESSORIA D'IMATGE PERSONAL I CORPORATIVA,2,218,198,20,3,10
2017/2018,2017,FORMACIÓ PROFESSIONAL,CFPS - ASSISTÈNCIA A LA DIRECCIÓ,1,284,220,64,21,14
2017/2018,2017,FORMACIÓ PROFESSIONAL,CFPS - ASSISTÈNCIA A LA DIRECCIÓ,2,346,263,83,22,15
2017/2018,2017,FORMACIÓ PROFESSIONAL,CFPS - ASSISTÈNCIA A LA DIRECCIÓ,NA,311,293,18,0,1
2017/2018,2017,FORMACIÓ PROFESSIONAL,CFPS - AUDIOLOGIA PROTÈTICA,1,32,18,14,1,2
2017/2018,2017,FORMACIÓ PROFESSIONAL,CFPS - AUDIOLOGIA PROTÈTICA,2,55,34,21,1,2
2017/2018,2017,FORMACIÓ PROFESSIONAL,CFPS - AUTOMATITZACIÓ I ROBÒTICA INDUSTRIAL,1,854,29,825,33,30
2017/2018,2017,FORMACIÓ PROFESSIONAL,CFPS - AUTOMATITZACIÓ I ROBÒTICA INDUSTRIAL,2,878,28,850,33,30
2017/2018,2017,FORMACIÓ PROFESSIONAL,CFPS - AUTOMOCIÓ,1,1038,38,1000,31,28
2017/2018,2017,FORMACIÓ PROFESSIONAL,CFPS - AUTOMOCIÓ,2,1127,24,1103,30,24
2017/2018,2017,FORMACIÓ PROFESSIONAL,CFPS - CARACTERITZACIÓ I MAQUILLATGE PROFESSIONAL,1,168,157,11,3,6
2017/2018,2017,FORMACIÓ PROFESSIONAL,CFPS - CARACTERITZACIÓ I MAQUILLATGE PROFESSIONAL,2,162,148,14,3,6
2017/2018,2017,FORMACIÓ PROFESSIONAL,CFPS - COMERÇ INTERNACIONAL,1,863,367,496,40,34
2017/2018,2017,FORMACIÓ PROFESSIONAL,CFPS - COMERÇ INTERNACIONAL,2,786,347,439,39,32
2017/2018,2017,FORMACIÓ PROFESSIONAL,CFPS - COMERÇ INTERNACIONAL,NA,330,162,168,0,1
2017/2018,2017,FORMACIÓ PROFESSIONAL,CFPS - CONSTRUCCIONS METÀL·LIQUES,1,61,2,59,3,3
2017/2018,2017,FORMACIÓ PROFESSIONAL,CFPS - CONSTRUCCIONS METÀL·LIQUES,2,70,1,69,3,3
2017/2018,2017,FORMACIÓ PROFESSIONAL,CFPS - DESENV. D'APLICACIONS MULTIPLATAFORMA (INFORMÀTICA APLICADA A LA LOGÍSTICA),1,18,1,17,1,1
2017/2018,2017,FORMACIÓ PROFESSIONAL,CFPS - DESENV. D'APLICACIONS MULTIPLATAFORMA (INFORMÀTICA APLICADA A LA LOGÍSTICA),2,16,0,16,1,1
2017/2018,2017,FORMACIÓ PROFESSIONAL,CFPS - DESENV. D'APLICACIONS MULTIPLATAFORMA (VIDEOJOCS I OCI DIGITAL),1,117,5,112,1,5
2017/2018,2017,FORMACIÓ PROFESSIONAL,CFPS - DESENV. D'APLICACIONS MULTIPLATAFORMA (VIDEOJOCS I OCI DIGITAL),2,31,0,31,0,2
2017/2018,2017,FORMACIÓ PROFESSIONAL,CFPS - DESENVOLUPAMENT D'APLICACIONS MULTIPLATAFORMA,1,1269,108,1161,38,37
2017/2018,2017,FORMACIÓ PROFESSIONAL,CFPS - DESENVOLUPAMENT D'APLICACIONS MULTIPLATAFORMA,2,1539,120,1419,40,42
2017/2018,2017,FORMACIÓ PROFESSIONAL,CFPS - DESENVOLUPAMENT D'APLICACIONS MULTIPLATAFORMA,NA,774,132,642,0,1
2017/2018,2017,FORMACIÓ PROFESSIONAL,CFPS - DESENVOLUPAMENT D'APLICACIONS WEB,1,923,99,824,33,31
2017/2018,2017,FORMACIÓ PROFESSIONAL,CFPS - DESENVOLUPAMENT D'APLICACIONS WEB,2,1289,164,1125,41,42
2017/2018,2017,FORMACIÓ PROFESSIONAL,CFPS - DESENVOLUPAMENT D'APLICACIONS WEB,NA,372,75,297,0,1
2017/2018,2017,FORMACIÓ PROFESSIONAL,CFPS - DESENVOLUPAMENT D'APLICACIONS WEB (BIOINFORMÀTICA),1,39,6,33,1,2
2017/2018,2017,FORMACIÓ PROFESSIONAL,CFPS - DESENVOLUPAMENT D'APLICACIONS WEB (BIOINFORMÀTICA),2,36,3,33,1,2
2017/2018,2017,FORMACIÓ PROFESSIONAL,CFPS - DESENVOLUPAMENT DE PROJECTES D'INSTAL·LACIONS TÈRMIQUES I DE FLUIDS,1,31,3,28,2,2
2017/2018,2017,FORMACIÓ PROFESSIONAL,CFPS - DESENVOLUPAMENT DE PROJECTES D'INSTAL·LACIONS TÈRMIQUES I DE FLUIDS,2,24,0,24,1,1
2017/2018,2017,FORMACIÓ PROFESSIONAL,CFPS - DIETÈTICA,1,1011,700,311,11,17
2017/2018,2017,FORMACIÓ PROFESSIONAL,CFPS - DIETÈTICA,2,584,412,172,13,17
2017/2018,2017,FORMACIÓ PROFESSIONAL,CFPS - DIRECCIÓ DE CUINA,1,353,97,256,11,13
2017/2018,2017,FORMACIÓ PROFESSIONAL,CFPS - DIRECCIÓ DE CUINA,2,492,179,313,12,14
2017/2018,2017,FORMACIÓ PROFESSIONAL,CFPS - DIRECCIÓ DE SERVEIS EN RESTAURACIÓ,1,127,49,78,5,7
2017/2018,2017,FORMACIÓ PROFESSIONAL,CFPS - DIRECCIÓ DE SERVEIS EN RESTAURACIÓ,2,238,81,157,6,8
2017/2018,2017,FORMACIÓ PROFESSIONAL,CFPS - DISSENY EN FABRICACIÓ MECÀNICA,1,242,15,227,15,12
2017/2018,2017,FORMACIÓ PROFESSIONAL,CFPS - DISSENY EN FABRICACIÓ MECÀNICA,2,323,12,311,20,13
2017/2018,2017,FORMACIÓ PROFESSIONAL,CFPS - DISSENY I EDICIÓ DE PUBL.IMPRESES I MULTIMÈDIA,1,185,74,111,8,8
2017/2018,2017,FORMACIÓ PROFESSIONAL,CFPS - DISSENY I EDICIÓ DE PUBL.IMPRESES I MULTIMÈDIA,2,152,65,87,6,6
2017/2018,2017,FORMACIÓ PROFESSIONAL,CFPS - DISSENY I GESTIÓ DE LA PRODUCCIÓ GRÀFIC,1,30,15,15,1,1
2017/2018,2017,FORMACIÓ PROFESSIONAL,CFPS - DISSENY I GESTIÓ DE LA PRODUCCIÓ GRÀFIC,2,64,14,50,3,3
2017/2018,2017,FORMACIÓ PROFESSIONAL,CFPS - DISSENY I MOBLAMENT,1,30,2,28,6,2
2017/2018,2017,FORMACIÓ PROFESSIONAL,CFPS - DISSENY I MOBLAMENT,2,26,1,25,6,2
2017/2018,2017,FORMACIÓ PROFESSIONAL,CFPS - DISSENY I MOBLAMENT (CONSTRUCCIONS EFÍMERES I DECORACIÓ),1,13,1,12,1,1
2017/2018,2017,FORMACIÓ PROFESSIONAL,CFPS - DISSENY I MOBLAMENT (CONSTRUCCIONS EFÍMERES I DECORACIÓ),2,15,7,8,1,1
2017/2018,2017,FORMACIÓ PROFESSIONAL,CFPS - DISSENY TÈCNIC EN TÈXTIL i PELL,1,15,9,6,1,1
2017/2018,2017,FORMACIÓ PROFESSIONAL,CFPS - DISSENY TÈCNIC EN TÈXTIL i PELL,2,11,9,2,1,1
2017/2018,2017,FORMACIÓ PROFESSIONAL,CFPS - DOCUMENTACIÓ I ADMINISTRACIÓ SANITÀRIA,1,565,461,104,15,18
2017/2018,2017,FORMACIÓ PROFESSIONAL,CFPS - DOCUMENTACIÓ I ADMINISTRACIÓ SANITÀRIA,2,432,345,87,15,18
2017/2018,2017,FORMACIÓ PROFESSIONAL,CFPS - DOCUMENTACIÓ I ADMINISTRACIÓ SANITÀRIES (GESTIÓ DE DADES),1,34,29,5,1,1
2017/2018,2017,FORMACIÓ PROFESSIONAL,CFPS - DOCUMENTACIÓ I ADMINISTRACIÓ SANITÀRIES (GESTIÓ DE DADES),2,27,25,2,1,1
2017/2018,2017,FORMACIÓ PROFESSIONAL,CFPS - EDUCACIÓ I CONTROL AMBIENTAL,1,109,38,71,10,6
2017/2018,2017,FORMACIÓ PROFESSIONAL,CFPS - EDUCACIÓ I CONTROL AMBIENTAL,2,116,41,75,9,5
2017/2018,2017,FORMACIÓ PROFESSIONAL,CFPS - EDUCACIÓ INFANTIL,1,2644,2399,245,91,71
2017/2018,2017,FORMACIÓ PROFESSIONAL,CFPS - EDUCACIÓ INFANTIL,2,3503,3169,334,91,74
2017/2018,2017,FORMACIÓ PROFESSIONAL,CFPS - EDUCACIÓ INFANTIL,NA,1337,1287,50,0,1
2017/2018,2017,FORMACIÓ PROFESSIONAL,CFPS - EFICIÈNCIA ENERGÈTICA I ENERGIA SOLAR I TÈRMICA,1,38,4,34,3,3
2017/2018,2017,FORMACIÓ PROFESSIONAL,CFPS - EFICIÈNCIA ENERGÈTICA I ENERGIA SOLAR I TÈRMICA,2,52,0,52,5,5
2017/2018,2017,FORMACIÓ PROFESSIONAL,CFPS - ELECTROMEDICINA CLÍNICA,1,33,2,31,1,1
2017/2018,2017,FORMACIÓ PROFESSIONAL,CFPS - ELECTROMEDICINA CLÍNICA,2,23,2,21,1,1
2017/2018,2017,FORMACIÓ PROFESSIONAL,CFPS - ENERGIES RENOVABLES,1,72,3,69,8,4
2017/2018,2017,FORMACIÓ PROFESSIONAL,CFPS - ENERGIES RENOVABLES,2,81,2,79,8,4
2017/2018,2017,FORMACIÓ PROFESSIONAL,CFPS - ESTILISME I DIRECCIÓ DE PERRUQUERIA,1,92,84,8,4,6
2017/2018,2017,FORMACIÓ PROFESSIONAL,CFPS - ESTILISME I DIRECCIÓ DE PERRUQUERIA,2,59,56,3,4,5
2017/2018,2017,FORMACIÓ PROFESSIONAL,CFPS - ESTÈTICA INTEGRAL I BENESTAR,1,250,245,5,10,11
2017/2018,2017,FORMACIÓ PROFESSIONAL,CFPS - ESTÈTICA INTEGRAL I BENESTAR,2,263,258,5,10,11
2017/2018,2017,FORMACIÓ PROFESSIONAL,"CFPS - FABRICACIÓ DE PRODUCTES FARMACÈUTICS, BIOTECNOLÒGICS I AFINS",1,250,133,117,9,7
2017/2018,2017,FORMACIÓ PROFESSIONAL,"CFPS - FABRICACIÓ DE PRODUCTES FARMACÈUTICS, BIOTECNOLÒGICS I AFINS",2,254,118,136,9,7
2017/2018,2017,FORMACIÓ PROFESSIONAL,CFPS - GESTIÓ D'ALLOTJAMENTS TURÍSTICS,1,399,264,135,16,14
2017/2018,2017,FORMACIÓ PROFESSIONAL,CFPS - GESTIÓ D'ALLOTJAMENTS TURÍSTICS,2,447,304,143,16,15
2017/2018,2017,FORMACIÓ PROFESSIONAL,CFPS - GESTIÓ DE VENDES I ESPAIS COMERCIALS,1,474,209,265,26,24
2017/2018,2017,FORMACIÓ PROFESSIONAL,CFPS - GESTIÓ DE VENDES I ESPAIS COMERCIALS,2,416,192,224,27,26
2017/2018,2017,FORMACIÓ PROFESSIONAL,CFPS - GESTIÓ DE VENDES I ESPAIS COMERCIALS,NA,240,142,98,0,1
2017/2018,2017,FORMACIÓ PROFESSIONAL,CFPS - GESTIÓ FORESTAL I DEL MEDI NATURAL,1,184,26,158,8,8
2017/2018,2017,FORMACIÓ PROFESSIONAL,CFPS - GESTIÓ FORESTAL I DEL MEDI NATURAL,2,213,26,187,8,8
2017/2018,2017,FORMACIÓ PROFESSIONAL,CFPS - GESTIÓ I ORGANITZACIÓ D'EMPRESES AGROPECUÀRIES,2,5,0,5,1,2
2017/2018,2017,FORMACIÓ PROFESSIONAL,"CFPS - GUIA, INFORMACIÓ I ASSIST. TURÍST. (DINAMITZACIÓ LÚDICA, CULTURAL I FISICORECREATIVA)",1,43,31,12,7,3
2017/2018,2017,FORMACIÓ PROFESSIONAL,"CFPS - GUIA, INFORMACIÓ I ASSIST. TURÍST. (DINAMITZACIÓ LÚDICA, CULTURAL I FISICORECREATIVA)",2,40,28,12,8,4
2017/2018,2017,FORMACIÓ PROFESSIONAL,"CFPS - GUIA, INFORMACIÓ I ASSISTÈNCIA TURÍSTIQUES",1,268,174,94,14,13
2017/2018,2017,FORMACIÓ PROFESSIONAL,"CFPS - GUIA, INFORMACIÓ I ASSISTÈNCIA TURÍSTIQUES",2,312,215,97,14,13
2017/2018,2017,FORMACIÓ PROFESSIONAL,CFPS - HIGIENE BUCODENTAL,1,908,791,117,23,23
2017/2018,2017,FORMACIÓ PROFESSIONAL,CFPS - HIGIENE BUCODENTAL,2,2657,2358,299,23,20
2017/2018,2017,FORMACIÓ PROFESSIONAL,CFPS - HIGIENE BUCODENTAL,P,2,2,0,0,1
2017/2018,2017,FORMACIÓ PROFESSIONAL,"CFPS - IL·LUMINACIÓ, CAPTACIÓ i TRACTAMENT D'IMATGE",1,197,105,92,5,7
2017/2018,2017,FORMACIÓ PROFESSIONAL,"CFPS - IL·LUMINACIÓ, CAPTACIÓ i TRACTAMENT D'IMATGE",2,224,104,120,5,6
2017/2018,2017,FORMACIÓ PROFESSIONAL,CFPS - IMATGE PER AL DIAGNÒSTIC,2,6,5,1,2,4
2017/2018,2017,FORMACIÓ PROFESSIONAL,CFPS - IMATGE PER AL DIAGNÒSTIC I MEDICINA NUCLEAR,1,641,427,214,8,13
2017/2018,2017,FORMACIÓ PROFESSIONAL,CFPS - IMATGE PER AL DIAGNÒSTIC I MEDICINA NUCLEAR,2,570,376,194,9,11
2017/2018,2017,FORMACIÓ PROFESSIONAL,CFPS - INDÚSTRIES DE PROCÉS DE PASTA I PAPER,1,2,1,1,1,1
2017/2018,2017,FORMACIÓ PROFESSIONAL,CFPS - INTEGRACIÓ SOCIAL,1,2187,1675,512,64,48
2017/2018,2017,FORMACIÓ PROFESSIONAL,CFPS - INTEGRACIÓ SOCIAL,2,2132,1641,491,62,48
2017/2018,2017,FORMACIÓ PROFESSIONAL,CFPS - INTEGRACIÓ SOCIAL,NA,1643,1360,283,0,1
2017/2018,2017,FORMACIÓ PROFESSIONAL,CFPS - INTERPRETACIÓ DE LA LLENGUA DE SIGNES,2,1,0,1,0,1
2017/2018,2017,FORMACIÓ PROFESSIONAL,CFPS - LABORATORI CLÍNIC I BIOMÈDIC,1,792,576,216,22,22
2017/2018,2017,FORMACIÓ PROFESSIONAL,CFPS - LABORATORI CLÍNIC I BIOMÈDIC,2,692,491,201,22,21
2017/2018,2017,FORMACIÓ PROFESSIONAL,CFPS - LABORATORI CLÍNIC I BIOMÈDIC (RECERCA),1,31,21,10,1,1
2017/2018,2017,FORMACIÓ PROFESSIONAL,CFPS - LABORATORI CLÍNIC I BIOMÈDIC (RECERCA),2,31,18,13,1,1
2017/2018,2017,FORMACIÓ PROFESSIONAL,CFPS - LABORATORI D'ANÀLISI I CONTROL DE QUALITAT,1,472,241,231,18,16
2017/2018,2017,FORMACIÓ PROFESSIONAL,CFPS - LABORATORI D'ANÀLISI I CONTROL DE QUALITAT,2,536,273,263,17,15
2017/2018,2017,FORMACIÓ PROFESSIONAL,CFPS - LABORATORI D'ANÀLISI I CONTROL DE QUALITAT,P,5,1,4,0,1
2017/2018,2017,FORMACIÓ PROFESSIONAL,CFPS - LABORATORI DE DIAGNÒSTIC CLÍNIC,2,10,7,3,3,5
2017/2018,2017,FORMACIÓ PROFESSIONAL,CFPS - MANTENIMENT AEROMECÀNIC,1,28,0,28,1,1
2017/2018,2017,FORMACIÓ PROFESSIONAL,CFPS - MANTENIMENT AEROMECÀNIC,2,30,1,29,1,1
2017/2018,2017,FORMACIÓ PROFESSIONAL,CFPS - MANTENIMENT D'AVIÒNICA,2,29,2,27,1,1
2017/2018,2017,FORMACIÓ PROFESSIONAL,CFPS - MANTENIMENT D'INSTAL·LACIONS TÈRMIQUES I DE FLUIDS,1,132,2,130,7,7
2017/2018,2017,FORMACIÓ PROFESSIONAL,CFPS - MANTENIMENT D'INSTAL·LACIONS TÈRMIQUES I DE FLUIDS,2,134,0,134,7,7
2017/2018,2017,FORMACIÓ PROFESSIONAL,CFPS - MANTENIMENT ELECTRÒNIC,1,105,6,99,12,8
2017/2018,2017,FORMACIÓ PROFESSIONAL,CFPS - MANTENIMENT ELECTRÒNIC,2,123,8,115,11,7
2017/2018,2017,FORMACIÓ PROFESSIONAL,CFPS - MECATRÒNICA INDUSTRIAL,1,462,12,450,19,19
2017/2018,2017,FORMACIÓ PROFESSIONAL,CFPS - MECATRÒNICA INDUSTRIAL,2,503,15,488,22,22
2017/2018,2017,FORMACIÓ PROFESSIONAL,CFPS - MECATRÒNICA INDUSTRIAL (FABRICACIÓ DE PRODUCTES CERÀMICS),2,7,0,7,1,1
2017/2018,2017,FORMACIÓ PROFESSIONAL,CFPS - MEDIACIÓ COMUNICATIVA,1,67,57,10,7,3
2017/2018,2017,FORMACIÓ PROFESSIONAL,CFPS - MEDIACIÓ COMUNICATIVA,2,61,52,9,7,3
2017/2018,2017,FORMACIÓ PROFESSIONAL,CFPS - MÀRQUETING I PUBLICITAT,1,1129,587,542,30,32
2017/2018,2017,FORMACIÓ PROFESSIONAL,CFPS - MÀRQUETING I PUBLICITAT,2,1053,525,528,28,31
2017/2018,2017,FORMACIÓ PROFESSIONAL,CFPS - MÀRQUETING I PUBLICITAT (ENOLÒGIC),1,33,15,18,7,3
2017/2018,2017,FORMACIÓ PROFESSIONAL,CFPS - MÀRQUETING I PUBLICITAT (ENOLÒGIC),2,22,12,10,6,2
2017/2018,2017,FORMACIÓ PROFESSIONAL,CFPS - MÀRQUETING I PUBLICITAT (PROMOCIÓ TURÍSTICA),1,22,14,8,1,1
2017/2018,2017,FORMACIÓ PROFESSIONAL,CFPS - MÀRQUETING I PUBLICITAT (PROMOCIÓ TURÍSTICA),2,29,14,15,2,2
2017/2018,2017,FORMACIÓ PROFESSIONAL,CFPS - ORGANITZACIÓ DEL MANTENIMENT DE LA MAQUINÀRIA DE VAIXELLS I EMBARCACIONS,1,30,0,30,1,1
2017/2018,2017,FORMACIÓ PROFESSIONAL,CFPS - ORGANITZACIÓ DEL MANTENIMENT DE LA MAQUINÀRIA DE VAIXELLS I EMBARCACIONS,2,27,2,25,1,1
2017/2018,2017,FORMACIÓ PROFESSIONAL,CFPS - ORGANITZACIÓ I CONTROL D'OBRES DE CONSTRUCCIÓ,1,9,2,7,1,1
2017/2018,2017,FORMACIÓ PROFESSIONAL,CFPS - ORGANITZACIÓ I CONTROL D'OBRES DE CONSTRUCCIÓ,2,22,4,18,2,2
2017/2018,2017,FORMACIÓ PROFESSIONAL,CFPS - PAISATGISME I MEDI RURAL,1,115,22,93,5,6
2017/2018,2017,FORMACIÓ PROFESSIONAL,CFPS - PAISATGISME I MEDI RURAL,2,99,14,85,4,5
2017/2018,2017,FORMACIÓ PROFESSIONAL,CFPS - PAISATGISME I MEDI RURAL (GESTIÓ AGROPECUÀRIA),1,31,2,29,3,3
2017/2018,2017,FORMACIÓ PROFESSIONAL,CFPS - PAISATGISME I MEDI RURAL (GESTIÓ AGROPECUÀRIA),2,60,3,57,3,3
2017/2018,2017,FORMACIÓ PROFESSIONAL,CFPS - PATRONATGE I MODA,1,121,100,21,5,6
2017/2018,2017,FORMACIÓ PROFESSIONAL,CFPS - PATRONATGE I MODA,2,141,124,17,4,5
2017/2018,2017,FORMACIÓ PROFESSIONAL,CFPS - PREVENCIÓ DE RISCOS PROFESSIONALS,1,86,33,53,10,6
2017/2018,2017,FORMACIÓ PROFESSIONAL,CFPS - PREVENCIÓ DE RISCOS PROFESSIONALS,2,90,34,56,10,6
2017/2018,2017,FORMACIÓ PROFESSIONAL,CFPS - PREVENCIÓ DE RISCOS PROFESSIONALS,NA,488,182,306,0,1
2017/2018,2017,FORMACIÓ PROFESSIONAL,CFPS - PROCESSOS I QUALITAT EN LA INDÚSRIA ALIMENTÀRIA,1,78,32,46,3,4
2017/2018,2017,FORMACIÓ PROFESSIONAL,CFPS - PROCESSOS I QUALITAT EN LA INDÚSRIA ALIMENTÀRIA,2,82,47,35,4,4
2017/2018,2017,FORMACIÓ PROFESSIONAL,CFPS - PRODUCCIÓ D'AUDIOVISUALS I ESPECTACLES,1,169,64,105,6,6
2017/2018,2017,FORMACIÓ PROFESSIONAL,CFPS - PRODUCCIÓ D'AUDIOVISUALS I ESPECTACLES,2,204,83,121,6,6
2017/2018,2017,FORMACIÓ PROFESSIONAL,CFPS - PROGRAMACIÓ DE LA PRODUCCIÓ EN L'EMMOTLLAMENT DE METALLS I POLÍMERS,1,10,0,10,1,1
2017/2018,2017,FORMACIÓ PROFESSIONAL,CFPS - PROGRAMACIÓ DE PRODUCCIÓ EN FABRICACIÓ MECANICA (MOTLLES I MATRIUS),1,29,0,29,1,1
2017/2018,2017,FORMACIÓ PROFESSIONAL,CFPS - PROGRAMACIÓ DE PRODUCCIÓ EN FABRICACIÓ MECÀNICA,1,286,9,277,17,14
2017/2018,2017,FORMACIÓ PROFESSIONAL,CFPS - PROGRAMACIÓ DE PRODUCCIÓ EN FABRICACIÓ MECÀNICA,2,365,6,359,20,17
2017/2018,2017,FORMACIÓ PROFESSIONAL,CFPS - PROJECTES D'EDIFICACIÓ,1,81,19,62,21,6
2017/2018,2017,FORMACIÓ PROFESSIONAL,CFPS - PROJECTES D'EDIFICACIÓ,2,116,30,86,24,9
2017/2018,2017,FORMACIÓ PROFESSIONAL,CFPS - PROJECTES D'EDIFICACIÓ (REHABILITACIÓ I RESTAURACIÓ),1,56,23,33,4,4
2017/2018,2017,FORMACIÓ PROFESSIONAL,CFPS - PROJECTES D'EDIFICACIÓ (REHABILITACIÓ I RESTAURACIÓ),2,37,14,23,3,3
2017/2018,2017,FORMACIÓ PROFESSIONAL,CFPS - PROJECTES D'OBRA CIVIL,1,13,2,11,1,1
2017/2018,2017,FORMACIÓ PROFESSIONAL,CFPS - PROJECTES D'OBRA CIVIL,2,28,4,24,1,1
2017/2018,2017,FORMACIÓ PROFESSIONAL,CFPS - PROJECTES D'OBRA CIVIL (SOBREESTANTS),2,12,2,10,1,1
2017/2018,2017,FORMACIÓ PROFESSIONAL,CFPS - PROJECTES D'OBRA CIVIL (ÚS D'APLICACIONS SIG),1,9,1,8,5,1
2017/2018,2017,FORMACIÓ PROFESSIONAL,CFPS - PROJECTES D'OBRA CIVIL (ÚS D'APLICACIONS SIG),2,5,1,4,5,1
2017/2018,2017,FORMACIÓ PROFESSIONAL,CFPS - PROMOCIÓ DE LA IGUALTAT DE GÈNERE,1,46,34,12,2,3
2017/2018,2017,FORMACIÓ PROFESSIONAL,CFPS - PROMOCIÓ DE LA IGUALTAT DE GÈNERE,2,43,35,8,2,3
2017/2018,2017,FORMACIÓ PROFESSIONAL,CFPS - PRÒTESIS DENTALS,1,174,124,50,3,5
2017/2018,2017,FORMACIÓ PROFESSIONAL,CFPS - PRÒTESIS DENTALS,2,188,124,64,3,5
2017/2018,2017,FORMACIÓ PROFESSIONAL,CFPS - QUÍMICA AMBIENTAL,1,247,126,121,7,6
2017/2018,2017,FORMACIÓ PROFESSIONAL,CFPS - QUÍMICA INDUSTRIAL,1,261,50,211,10,6
2017/2018,2017,FORMACIÓ PROFESSIONAL,CFPS - QUÍMICA INDUSTRIAL,2,300,54,246,15,6
2017/2018,2017,FORMACIÓ PROFESSIONAL,CFPS - RADIOTERÀPIA I DOSIMETRIA,1,53,40,13,1,2
2017/2018,2017,FORMACIÓ PROFESSIONAL,CFPS - RADIOTERÀPIA I DOSIMETRIA,2,93,72,21,2,3
2017/2018,2017,FORMACIÓ PROFESSIONAL,CFPS - RAMADERIA I ASSISTÈNCIA EN SANITAT ANIMAL,1,76,47,29,2,3
2017/2018,2017,FORMACIÓ PROFESSIONAL,CFPS - RAMADERIA I ASSISTÈNCIA EN SANITAT ANIMAL,2,80,47,33,2,3
2017/2018,2017,FORMACIÓ PROFESSIONAL,CFPS - REALITZACIÓ DE PROJECTES AUDIOVISUALS I ESPECTACLES,1,270,124,146,6,8
2017/2018,2017,FORMACIÓ PROFESSIONAL,CFPS - REALITZACIÓ DE PROJECTES AUDIOVISUALS I ESPECTACLES,2,361,135,226,6,8
2017/2018,2017,FORMACIÓ PROFESSIONAL,CFPS - REALITZACIÓ I PLANS D'OBRES,2,4,0,4,1,1
2017/2018,2017,FORMACIÓ PROFESSIONAL,CFPS - SALUT AMBIENTAL,1,87,52,35,4,4
2017/2018,2017,FORMACIÓ PROFESSIONAL,CFPS - SALUT AMBIENTAL,2,65,37,28,4,4
2017/2018,2017,FORMACIÓ PROFESSIONAL,CFPS - SERVEIS AL CONSUMIDOR,1,2,1,1,1,1
2017/2018,2017,FORMACIÓ PROFESSIONAL,CFPS - SISTEMES DE TELECOMUNICACIONS I INFORMÀTICS,1,203,22,181,29,13
2017/2018,2017,FORMACIÓ PROFESSIONAL,CFPS - SISTEMES DE TELECOMUNICACIONS I INFORMÀTICS,2,235,9,226,31,15
2017/2018,2017,FORMACIÓ PROFESSIONAL,CFPS - SISTEMES ELECTROTÈCNICS I AUTOMATITZATS,1,336,6,330,23,19
2017/2018,2017,FORMACIÓ PROFESSIONAL,CFPS - SISTEMES ELECTROTÈCNICS I AUTOMATITZATS,2,338,5,333,24,19
2017/2018,2017,FORMACIÓ PROFESSIONAL,CFPS - SISTEMES ELECTROTÈCNICS I AUTOMATITZATS (INSTAL. ELÈCTRIQUES I COMUNICACIÓ DE VAIXELLS),1,16,0,16,1,1
2017/2018,2017,FORMACIÓ PROFESSIONAL,CFPS - SISTEMES ELECTROTÈCNICS I AUTOMATITZATS (INSTAL. ELÈCTRIQUES I COMUNICACIÓ DE VAIXELLS),2,18,0,18,1,1
2017/2018,2017,FORMACIÓ PROFESSIONAL,CFPS - SO PER AUDIOVISUALS I ESPECTACLES,1,209,28,181,6,6
2017/2018,2017,FORMACIÓ PROFESSIONAL,CFPS - SO PER AUDIOVISUALS I ESPECTACLES,2,236,26,210,6,4
2017/2018,2017,FORMACIÓ PROFESSIONAL,CFPS - TRANSPORT I LOGÍSTICA,1,302,78,224,15,12
2017/2018,2017,FORMACIÓ PROFESSIONAL,CFPS - TRANSPORT I LOGÍSTICA,2,358,125,233,16,12
2017/2018,2017,FORMACIÓ PROFESSIONAL,CFPS - TRANSPORT MARÍTIM I PESCA D'ALTURA,1,60,5,55,2,1
2017/2018,2017,FORMACIÓ PROFESSIONAL,CFPS - TRANSPORT MARÍTIM I PESCA D'ALTURA,2,69,1,68,2,1
2017/2018,2017,FORMACIÓ PROFESSIONAL,CFPS - VESTUARI A MIDA PER ESPECTACLES,1,44,39,5,2,3
2017/2018,2017,FORMACIÓ PROFESSIONAL,CFPS - VESTUARI A MIDA PER ESPECTACLES,2,77,66,11,2,3
2017/2018,2017,FORMACIÓ PROFESSIONAL,CFPS - VITIVINICULTURA,1,61,15,46,3,3
2017/2018,2017,FORMACIÓ PROFESSIONAL,CFPS - VITIVINICULTURA,2,67,13,54,3,3
2017/2018,2017,FORMACIÓ PROFESSIONAL,CFPS - ÒPTICA D'ULLERA,1,22,10,12,1,1
2017/2018,2017,FORMACIÓ PROFESSIONAL,CFPS - ÒPTICA D'ULLERA,2,25,11,14,1,1
2017/2018,2017,ITINERARIS FORMATIUS ESPECÍFICS,IFE - AUXILIAR EN CURA D'ANIMALS I ESPAIS VERDS,1,44,18,26,0,5
2017/2018,2017,ITINERARIS FORMATIUS ESPECÍFICS,IFE - AUXILIAR EN CURA D'ANIMALS I ESPAIS VERDS,2,17,8,9,0,3
2017/2018,2017,ITINERARIS FORMATIUS ESPECÍFICS,IFE - AUXILIAR EN VENDES I ATENCIÓ AL PÚBLIC,1,87,40,47,0,10
2017/2018,2017,ITINERARIS FORMATIUS ESPECÍFICS,IFE - AUXILIAR EN VENDES I ATENCIÓ AL PÚBLIC,2,44,19,25,0,5
2017/2018,2017,MÚSICA,ACORDIÓ,1,10,8,2,0,5
2017/2018,2017,MÚSICA,ACORDIÓ,2,3,1,2,0,3
2017/2018,2017,MÚSICA,ACORDIÓ,3,4,3,1,0,2
2017/2018,2017,MÚSICA,ACORDIÓ,4,3,1,2,0,3
2017/2018,2017,MÚSICA,ACORDIÓ,5,6,2,4,0,3
2017/2018,2017,MÚSICA,ACORDIÓ,6,3,1,2,0,3
2017/2018,2017,MÚSICA,ACORDIÓ (INTERPRETACIÓ: CLÀSSICA I CONTEMPORÀNIA),3,1,0,1,0,1
2017/2018,2017,MÚSICA,ACORDIÓ (INTERPRETACIÓ: CLÀSSICA I CONTEMPORÀNIA),4,2,0,2,0,1
2017/2018,2017,MÚSICA,ACORDIÓ DIATÓNIC (INTERPRETACIÓ: MÚSICA TRADICIONAL I FLAMENC),4,1,0,1,0,1
2017/2018,2017,MÚSICA,ARPA,1,3,2,1,0,3
2017/2018,2017,MÚSICA,ARPA,2,2,2,0,0,2
2017/2018,2017,MÚSICA,ARPA,3,3,3,0,0,1
2017/2018,2017,MÚSICA,ARPA,6,4,3,1,0,1
2017/2018,2017,MÚSICA,ARPA (INTERPRETACIÓ: CLÀSSICA I CONTEMPORÀNIA),1,1,1,0,0,1
2017/2018,2017,MÚSICA,ARPA (INTERPRETACIÓ: CLÀSSICA I CONTEMPORÀNIA),3,1,1,0,0,1
2017/2018,2017,MÚSICA,ARPA (INTERPRETACIÓ: CLÀSSICA I CONTEMPORÀNIA),4,3,3,0,0,2
2017/2018,2017,MÚSICA,ARPES HISTÒRIQUES (INTERPRETACIÓ: MÚSICA ANTIGA),3,1,0,1,0,1
2017/2018,2017,MÚSICA,BAIX ELÈCTRIC,4,1,0,1,0,1
2017/2018,2017,MÚSICA,BAIX ELÈCTRIC,5,2,0,2,0,2
2017/2018,2017,MÚSICA,BAIX ELÈCTRIC,6,2,1,1,0,2
2017/2018,2017,MÚSICA,BAIX ELÈCTRIC (INTERPRETACIÓ: JAZZ I MÚSICA MODERNA),1,7,0,7,0,3
2017/2018,2017,MÚSICA,BAIX ELÈCTRIC (INTERPRETACIÓ: JAZZ I MÚSICA MODERNA),2,9,0,9,0,4
2017/2018,2017,MÚSICA,BAIX ELÈCTRIC (INTERPRETACIÓ: JAZZ I MÚSICA MODERNA),3,14,0,14,0,4
2017/2018,2017,MÚSICA,BAIX ELÈCTRIC (INTERPRETACIÓ: JAZZ I MÚSICA MODERNA),4,8,2,6,0,3
2017/2018,2017,MÚSICA,BATERIA (INTERPRETACIÓ: JAZZ I MÚSICA MODERNA),1,20,1,19,0,4
2017/2018,2017,MÚSICA,BATERIA (INTERPRETACIÓ: JAZZ I MÚSICA MODERNA),2,16,0,16,0,4
2017/2018,2017,MÚSICA,BATERIA (INTERPRETACIÓ: JAZZ I MÚSICA MODERNA),3,19,0,19,0,4
2017/2018,2017,MÚSICA,BATERIA (INTERPRETACIÓ: JAZZ I MÚSICA MODERNA),4,25,1,24,0,3
2017/2018,2017,MÚSICA,CANT,1,16,13,3,0,10
2017/2018,2017,MÚSICA,CANT,2,20,14,6,0,10
2017/2018,2017,MÚSICA,CANT,3,23,14,9,0,10
2017/2018,2017,MÚSICA,CANT,4,21,14,7,0,9
2017/2018,2017,MÚSICA,CANT,5,31,23,8,0,13
2017/2018,2017,MÚSICA,CANT,6,32,25,7,0,15
2017/2018,2017,MÚSICA,CANT (INTERPRETACIÓ: CLÀSSICA I CONTEMPORÀNIA),1,21,14,7,0,2
2017/2018,2017,MÚSICA,CANT (INTERPRETACIÓ: CLÀSSICA I CONTEMPORÀNIA),2,24,17,7,0,2
2017/2018,2017,MÚSICA,CANT (INTERPRETACIÓ: CLÀSSICA I CONTEMPORÀNIA),3,27,19,8,0,2
2017/2018,2017,MÚSICA,CANT (INTERPRETACIÓ: CLÀSSICA I CONTEMPORÀNIA),4,16,12,4,0,2
2017/2018,2017,MÚSICA,CANT (INTERPRETACIÓ: JAZZ I MÚSICA MODERNA),1,14,13,1,0,4
2017/2018,2017,MÚSICA,CANT (INTERPRETACIÓ: JAZZ I MÚSICA MODERNA),2,11,9,2,0,4
2017/2018,2017,MÚSICA,CANT (INTERPRETACIÓ: JAZZ I MÚSICA MODERNA),3,11,9,2,0,4
2017/2018,2017,MÚSICA,CANT (INTERPRETACIÓ: JAZZ I MÚSICA MODERNA),4,14,11,3,0,3
2017/2018,2017,MÚSICA,CANT FLAMENC (INTERPRETACIÓ: MÚSICA TRADICIONAL),1,3,3,0,0,1
2017/2018,2017,MÚSICA,CANT FLAMENC (INTERPRETACIÓ: MÚSICA TRADICIONAL),4,2,1,1,0,1
2017/2018,2017,MÚSICA,CANT HISTÒRIC (INTERPRETACIÓ: MÚSICA ANTIGA),1,1,1,0,0,1
2017/2018,2017,MÚSICA,CANT HISTÒRIC (INTERPRETACIÓ: MÚSICA ANTIGA),2,3,1,2,0,1
2017/2018,2017,MÚSICA,CANT HISTÒRIC (INTERPRETACIÓ: MÚSICA ANTIGA),3,4,2,2,0,1
2017/2018,2017,MÚSICA,CANT HISTÒRIC (INTERPRETACIÓ: MÚSICA ANTIGA),4,1,0,1,0,1
2017/2018,2017,MÚSICA,CLARINET,1,40,23,17,0,21
2017/2018,2017,MÚSICA,CLARINET,2,30,10,20,0,16
2017/2018,2017,MÚSICA,CLARINET,3,31,18,13,0,19
2017/2018,2017,MÚSICA,CLARINET,4,40,24,16,0,16
2017/2018,2017,MÚSICA,CLARINET,5,44,22,22,0,18
2017/2018,2017,MÚSICA,CLARINET,6,34,18,16,0,13
2017/2018,2017,MÚSICA,CLARINET (INTERPRETACIÓ: CLÀSSICA I CONTEMPORÀNIA),1,5,1,4,0,2
2017/2018,2017,MÚSICA,CLARINET (INTERPRETACIÓ: CLÀSSICA I CONTEMPORÀNIA),2,5,4,1,0,2
2017/2018,2017,MÚSICA,CLARINET (INTERPRETACIÓ: CLÀSSICA I CONTEMPORÀNIA),3,3,1,2,0,2
2017/2018,2017,MÚSICA,CLARINET (INTERPRETACIÓ: CLÀSSICA I CONTEMPORÀNIA),4,5,3,2,0,2
2017/2018,2017,MÚSICA,CLARINET (INTERPRETACIÓ: JAZZ I MÚSICA MODERNA),1,2,1,1,0,2
2017/2018,2017,MÚSICA,CLARINET (INTERPRETACIÓ: JAZZ I MÚSICA MODERNA),2,1,0,1,0,1
2017/2018,2017,MÚSICA,CLARINET (INTERPRETACIÓ: JAZZ I MÚSICA MODERNA),4,1,0,1,0,1
2017/2018,2017,MÚSICA,CLAVICÈMBAL,1,3,2,1,0,3
2017/2018,2017,MÚSICA,CLAVICÈMBAL,3,3,2,1,0,3
2017/2018,2017,MÚSICA,CLAVICÈMBAL,4,2,0,2,0,1
2017/2018,2017,MÚSICA,CLAVICÈMBAL,5,2,1,1,0,2
2017/2018,2017,MÚSICA,CLAVICÈMBAL,6,3,1,2,0,2
2017/2018,2017,MÚSICA,CLAVICÈMBAL (INTERPRETACIÓ: MÚSICA ANTIGA),4,2,0,2,0,1
2017/2018,2017,MÚSICA,COMPOSICIÓ,1,16,3,13,0,3
2017/2018,2017,MÚSICA,COMPOSICIÓ,2,19,7,12,0,3
2017/2018,2017,MÚSICA,COMPOSICIÓ,3,18,4,14,0,3
2017/2018,2017,MÚSICA,COMPOSICIÓ,4,29,6,23,0,3
2017/2018,2017,MÚSICA,CONTRABAIX,1,15,3,12,0,11
2017/2018,2017,MÚSICA,CONTRABAIX,2,16,8,8,0,12
2017/2018,2017,MÚSICA,CONTRABAIX,3,13,4,9,0,7
2017/2018,2017,MÚSICA,CONTRABAIX,4,8,2,6,0,6
2017/2018,2017,MÚSICA,CONTRABAIX,5,9,5,4,0,7
2017/2018,2017,MÚSICA,CONTRABAIX,6,7,1,6,0,6
2017/2018,2017,MÚSICA,CONTRABAIX (INTERPRETACIÓ: CLÀSSICA I CONTEMPORÀNIA),1,5,1,4,0,2
2017/2018,2017,MÚSICA,CONTRABAIX (INTERPRETACIÓ: CLÀSSICA I CONTEMPORÀNIA),2,2,0,2,0,1
2017/2018,2017,MÚSICA,CONTRABAIX (INTERPRETACIÓ: CLÀSSICA I CONTEMPORÀNIA),3,2,1,1,0,1
2017/2018,2017,MÚSICA,CONTRABAIX (INTERPRETACIÓ: CLÀSSICA I CONTEMPORÀNIA),4,4,2,2,0,2
2017/2018,2017,MÚSICA,CONTRABAIX (INTERPRETACIÓ: JAZZ I MÚSICA MODERNA),1,4,1,3,0,2
2017/2018,2017,MÚSICA,CONTRABAIX (INTERPRETACIÓ: JAZZ I MÚSICA MODERNA),2,5,1,4,0,3
2017/2018,2017,MÚSICA,CONTRABAIX (INTERPRETACIÓ: JAZZ I MÚSICA MODERNA),3,3,1,2,0,2
2017/2018,2017,MÚSICA,CONTRABAIX (INTERPRETACIÓ: JAZZ I MÚSICA MODERNA),4,5,1,4,0,2
2017/2018,2017,MÚSICA,CORNAMUSA (INTERPRETACIÓ: MÚSICA TRADICIONAL I FLAMENC),3,1,0,1,0,1
2017/2018,2017,MÚSICA,FAGOT,1,11,5,6,0,8
2017/2018,2017,MÚSICA,FAGOT,2,10,4,6,0,9
2017/2018,2017,MÚSICA,FAGOT,3,14,8,6,0,10
2017/2018,2017,MÚSICA,FAGOT,4,12,4,8,0,9
2017/2018,2017,MÚSICA,FAGOT,5,9,4,5,0,5
2017/2018,2017,MÚSICA,FAGOT,6,4,2,2,0,4
2017/2018,2017,MÚSICA,FAGOT (INTERPRETACIÓ: CLÀSSICA I CONTEMPORÀNIA),1,3,0,3,0,2
2017/2018,2017,MÚSICA,FAGOT (INTERPRETACIÓ: CLÀSSICA I CONTEMPORÀNIA),2,4,0,4,0,2
2017/2018,2017,MÚSICA,FAGOT (INTERPRETACIÓ: CLÀSSICA I CONTEMPORÀNIA),3,6,2,4,0,2
2017/2018,2017,MÚSICA,FAGOT (INTERPRETACIÓ: CLÀSSICA I CONTEMPORÀNIA),4,2,2,0,0,2
2017/2018,2017,MÚSICA,FAGOTS HISTÒRICS (INTERPRETACIÓ: MÚSICA ANTIGA),2,1,0,1,0,1
2017/2018,2017,MÚSICA,FAGOTS HISTÒRICS (INTERPRETACIÓ: MÚSICA ANTIGA),4,1,0,1,0,1
2017/2018,2017,MÚSICA,FLABIOL I TAMBORÍ,1,1,1,0,0,1
2017/2018,2017,MÚSICA,FLABIOL I TAMBORÍ,2,2,1,1,0,2
2017/2018,2017,MÚSICA,FLABIOL I TAMBORÍ,3,1,0,1,0,1
2017/2018,2017,MÚSICA,FLABIOL I TAMBORÍ,4,2,1,1,0,2
2017/2018,2017,MÚSICA,FLABIOL I TAMBORÍ,5,3,2,1,0,2
2017/2018,2017,MÚSICA,FLABIOL I TAMBORÍ,6,5,2,3,0,3
2017/2018,2017,MÚSICA,FLABIOL I TAMBORÍ (INTERPRETACIÓ: MÚSICA TRADICIONAL),2,1,1,0,0,1
2017/2018,2017,MÚSICA,FLAUTA DE BEC,1,8,4,4,0,5
2017/2018,2017,MÚSICA,FLAUTA DE BEC,2,5,2,3,0,4
2017/2018,2017,MÚSICA,FLAUTA DE BEC,3,5,3,2,0,3
2017/2018,2017,MÚSICA,FLAUTA DE BEC,4,4,3,1,0,4
2017/2018,2017,MÚSICA,FLAUTA DE BEC,5,4,2,2,0,3
2017/2018,2017,MÚSICA,FLAUTA DE BEC,6,12,6,6,0,5
2017/2018,2017,MÚSICA,FLAUTA DE BEC (INTERPRETACIÓ: CLÀSSICA I CONTEMPORÀNIA),1,2,1,1,0,1
2017/2018,2017,MÚSICA,FLAUTA DE BEC (INTERPRETACIÓ: CLÀSSICA I CONTEMPORÀNIA),3,5,3,2,0,1
2017/2018,2017,MÚSICA,FLAUTA DE BEC (INTERPRETACIÓ: CLÀSSICA I CONTEMPORÀNIA),4,3,3,0,0,1
2017/2018,2017,MÚSICA,FLAUTA DE BEC (INTERPRETACIÓ: MÚSICA ANTIGA),1,1,1,0,0,1
2017/2018,2017,MÚSICA,FLAUTA TRAVESSERA,1,52,45,7,0,22
2017/2018,2017,MÚSICA,FLAUTA TRAVESSERA,2,50,40,10,0,20
2017/2018,2017,MÚSICA,FLAUTA TRAVESSERA,3,50,38,12,0,20
2017/2018,2017,MÚSICA,FLAUTA TRAVESSERA,4,65,54,11,0,23
2017/2018,2017,MÚSICA,FLAUTA TRAVESSERA,5,40,31,9,0,17
2017/2018,2017,MÚSICA,FLAUTA TRAVESSERA,6,39,31,8,0,17
2017/2018,2017,MÚSICA,FLAUTA TRAVESSERA (INTERPRETACIÓ: CLÀSSICA I CONTEMPORÀNIA),1,3,2,1,0,1
2017/2018,2017,MÚSICA,FLAUTA TRAVESSERA (INTERPRETACIÓ: CLÀSSICA I CONTEMPORÀNIA),2,4,3,1,0,1
2017/2018,2017,MÚSICA,FLAUTA TRAVESSERA (INTERPRETACIÓ: CLÀSSICA I CONTEMPORÀNIA),3,5,4,1,0,1
2017/2018,2017,MÚSICA,FLAUTA TRAVESSERA (INTERPRETACIÓ: CLÀSSICA I CONTEMPORÀNIA),4,4,3,1,0,1
2017/2018,2017,MÚSICA,FLAUTA TRAVESSERA (INTERPRETACIÓ: JAZZ I MÚSICA MODERNA),1,1,0,1,0,1
2017/2018,2017,MÚSICA,FLAUTA TRAVESSERA (INTERPRETACIÓ: JAZZ I MÚSICA MODERNA),3,2,0,2,0,1
2017/2018,2017,MÚSICA,GUITARRA,1,60,32,28,0,23
2017/2018,2017,MÚSICA,GUITARRA,2,54,32,22,0,17
2017/2018,2017,MÚSICA,GUITARRA,3,48,29,19,0,20
2017/2018,2017,MÚSICA,GUITARRA,4,37,13,24,0,17
2017/2018,2017,MÚSICA,GUITARRA,5,28,13,15,0,15
2017/2018,2017,MÚSICA,GUITARRA,6,44,21,23,0,15
2017/2018,2017,MÚSICA,GUITARRA (INTERPRETACIÓ: CLÀSSICA I CONTEMPORÀNIA),1,5,2,3,0,2
2017/2018,2017,MÚSICA,GUITARRA (INTERPRETACIÓ: CLÀSSICA I CONTEMPORÀNIA),2,4,0,4,0,2
2017/2018,2017,MÚSICA,GUITARRA (INTERPRETACIÓ: CLÀSSICA I CONTEMPORÀNIA),3,5,1,4,0,2
2017/2018,2017,MÚSICA,GUITARRA (INTERPRETACIÓ: CLÀSSICA I CONTEMPORÀNIA),4,6,0,6,0,2
2017/2018,2017,MÚSICA,GUITARRA ACÚSTICA (INTERPRETACIÓ: JAZZ I MÚSICA MODERNA),1,1,0,1,0,1
2017/2018,2017,MÚSICA,GUITARRA ACÚSTICA (INTERPRETACIÓ: JAZZ I MÚSICA MODERNA),2,3,0,3,0,1
2017/2018,2017,MÚSICA,GUITARRA ACÚSTICA (INTERPRETACIÓ: JAZZ I MÚSICA MODERNA),3,2,0,2,0,1
2017/2018,2017,MÚSICA,GUITARRA ACÚSTICA (INTERPRETACIÓ: JAZZ I MÚSICA MODERNA),4,5,0,5,0,1
2017/2018,2017,MÚSICA,GUITARRA ELÈCTRICA,1,2,0,2,0,1
2017/2018,2017,MÚSICA,GUITARRA ELÈCTRICA,2,2,0,2,0,2
2017/2018,2017,MÚSICA,GUITARRA ELÈCTRICA,3,2,1,1,0,2
2017/2018,2017,MÚSICA,GUITARRA ELÈCTRICA,4,1,0,1,0,1
2017/2018,2017,MÚSICA,GUITARRA ELÈCTRICA,5,10,0,10,0,4
2017/2018,2017,MÚSICA,GUITARRA ELÈCTRICA,6,12,1,11,0,3
2017/2018,2017,MÚSICA,GUITARRA ELÈCTRICA (INTERPRETACIÓ: JAZZ I MÚSICA MODERNA),1,20,0,20,0,3
2017/2018,2017,MÚSICA,GUITARRA ELÈCTRICA (INTERPRETACIÓ: JAZZ I MÚSICA MODERNA),2,16,1,15,0,3
2017/2018,2017,MÚSICA,GUITARRA ELÈCTRICA (INTERPRETACIÓ: JAZZ I MÚSICA MODERNA),3,17,0,17,0,3
2017/2018,2017,MÚSICA,GUITARRA ELÈCTRICA (INTERPRETACIÓ: JAZZ I MÚSICA MODERNA),4,20,0,20,0,3
2017/2018,2017,MÚSICA,GUITARRA FLAMENCA (INTERPRETACIÓ: MÚSICA TRADICIONAL),1,6,0,6,0,3
2017/2018,2017,MÚSICA,GUITARRA FLAMENCA (INTERPRETACIÓ: MÚSICA TRADICIONAL),2,6,0,6,0,3
2017/2018,2017,MÚSICA,GUITARRA FLAMENCA (INTERPRETACIÓ: MÚSICA TRADICIONAL),3,4,1,3,0,2
2017/2018,2017,MÚSICA,GUITARRA FLAMENCA (INTERPRETACIÓ: MÚSICA TRADICIONAL),4,5,0,5,0,2
2017/2018,2017,MÚSICA,INSTRUMENTS DE CORDA POLSADA,4,1,0,1,0,1
2017/2018,2017,MÚSICA,INSTRUMENTS DE CORDA POLSADA,6,1,0,1,0,1
2017/2018,2017,MÚSICA,INSTRUMENTS HISTÒRICS DE BROQUET (INTERPRETACIÓ: MÚSICA ANTIGA),1,1,0,1,0,1
2017/2018,2017,MÚSICA,INSTRUMENTS HISTÒRICS DE BROQUET (INTERPRETACIÓ: MÚSICA ANTIGA),4,4,1,3,0,1
2017/2018,2017,MÚSICA,OBOÈ,1,15,10,5,0,11
2017/2018,2017,MÚSICA,OBOÈ,2,13,10,3,0,8
2017/2018,2017,MÚSICA,OBOÈ,3,19,8,11,0,9
2017/2018,2017,MÚSICA,OBOÈ,4,11,6,5,0,7
2017/2018,2017,MÚSICA,OBOÈ,5,15,8,7,0,11
2017/2018,2017,MÚSICA,OBOÈ,6,13,5,8,0,7
2017/2018,2017,MÚSICA,OBOÈ (INTERPRETACIÓ: CLÀSSICA I CONTEMPORÀNIA),1,3,1,2,0,2
2017/2018,2017,MÚSICA,OBOÈ (INTERPRETACIÓ: CLÀSSICA I CONTEMPORÀNIA),2,2,1,1,0,2
2017/2018,2017,MÚSICA,OBOÈ (INTERPRETACIÓ: CLÀSSICA I CONTEMPORÀNIA),3,7,3,4,0,2
2017/2018,2017,MÚSICA,OBOÈ (INTERPRETACIÓ: CLÀSSICA I CONTEMPORÀNIA),4,6,3,3,0,2
2017/2018,2017,MÚSICA,ORGUE,1,1,0,1,0,1
2017/2018,2017,MÚSICA,ORGUE,2,1,0,1,0,1
2017/2018,2017,MÚSICA,ORGUE,3,4,0,4,0,3
2017/2018,2017,MÚSICA,ORGUE,4,2,0,2,0,2
2017/2018,2017,MÚSICA,ORGUE,6,2,0,2,0,1
2017/2018,2017,MÚSICA,ORGUE (INTERPRETACIÓ: CLÀSSICA I CONTEMPORÀNIA),1,1,0,1,0,1
2017/2018,2017,MÚSICA,ORGUE (INTERPRETACIÓ: CLÀSSICA I CONTEMPORÀNIA),2,1,0,1,0,1
2017/2018,2017,MÚSICA,ORGUE (INTERPRETACIÓ: CLÀSSICA I CONTEMPORÀNIA),4,2,0,2,0,1
2017/2018,2017,MÚSICA,PEDAGOGIA DE L'INSTRUMENT,1,8,4,4,0,1
2017/2018,2017,MÚSICA,PEDAGOGIA DE L'INSTRUMENT,2,5,1,4,0,1
2017/2018,2017,MÚSICA,PERCUSIÓ (MÚSICA MODERNA I JAZZ),1,1,0,1,0,1
2017/2018,2017,MÚSICA,PERCUSIÓ (MÚSICA MODERNA I JAZZ),2,1,0,1,0,1
2017/2018,2017,MÚSICA,PERCUSIÓ (MÚSICA MODERNA I JAZZ),5,1,0,1,0,1
2017/2018,2017,MÚSICA,PERCUSSIÓ,1,19,5,14,0,12
2017/2018,2017,MÚSICA,PERCUSSIÓ,2,14,2,12,0,11
2017/2018,2017,MÚSICA,PERCUSSIÓ,3,15,5,10,0,9
2017/2018,2017,MÚSICA,PERCUSSIÓ,4,13,3,10,0,9
2017/2018,2017,MÚSICA,PERCUSSIÓ,5,11,1,10,0,7
2017/2018,2017,MÚSICA,PERCUSSIÓ,6,12,4,8,0,5
2017/2018,2017,MÚSICA,PERCUSSIÓ (INTERPRETACIÓ: CLÀSSICA I CONTEMPORÀNIA),1,6,0,6,0,2
2017/2018,2017,MÚSICA,PERCUSSIÓ (INTERPRETACIÓ: CLÀSSICA I CONTEMPORÀNIA),2,5,1,4,0,2
2017/2018,2017,MÚSICA,PERCUSSIÓ (INTERPRETACIÓ: CLÀSSICA I CONTEMPORÀNIA),3,3,0,3,0,2
2017/2018,2017,MÚSICA,PERCUSSIÓ (INTERPRETACIÓ: CLÀSSICA I CONTEMPORÀNIA),4,3,0,3,0,1
2017/2018,2017,MÚSICA,PERCUSSIÓ (INTERPRETACIÓ: JAZZ I MÚSICA MODERNA),1,1,0,1,0,1
2017/2018,2017,MÚSICA,PERCUSSIÓ (INTERPRETACIÓ: JAZZ I MÚSICA MODERNA),2,3,0,3,0,3
2017/2018,2017,MÚSICA,PERCUSSIÓ (INTERPRETACIÓ: JAZZ I MÚSICA MODERNA),3,1,0,1,0,1
2017/2018,2017,MÚSICA,PERCUSSIÓ (INTERPRETACIÓ: JAZZ I MÚSICA MODERNA),4,2,0,2,0,2
2017/2018,2017,MÚSICA,PERCUSSIÓ HISTÒRICA (INTERPRETACIÓ: MÚSICA ANTIGA),2,2,0,2,0,1
2017/2018,2017,MÚSICA,PIANO,1,127,74,53,0,26
2017/2018,2017,MÚSICA,PIANO,2,151,103,48,0,25
2017/2018,2017,MÚSICA,PIANO,3,148,96,52,0,23
2017/2018,2017,MÚSICA,PIANO,4,139,81,58,0,23
2017/2018,2017,MÚSICA,PIANO,5,143,88,55,0,23
2017/2018,2017,MÚSICA,PIANO,6,185,107,78,0,21
2017/2018,2017,MÚSICA,PIANO (INTERPRETACIÓ: CLÀSSICA I CONTEMPORÀNIA),1,29,14,15,0,2
2017/2018,2017,MÚSICA,PIANO (INTERPRETACIÓ: CLÀSSICA I CONTEMPORÀNIA),2,29,13,16,0,2
2017/2018,2017,MÚSICA,PIANO (INTERPRETACIÓ: CLÀSSICA I CONTEMPORÀNIA),3,30,12,18,0,2
2017/2018,2017,MÚSICA,PIANO (INTERPRETACIÓ: CLÀSSICA I CONTEMPORÀNIA),4,34,16,18,0,2
2017/2018,2017,MÚSICA,PIANO (INTERPRETACIÓ: JAZZ I MÚSICA MODERNA),1,11,4,7,0,3
2017/2018,2017,MÚSICA,PIANO (INTERPRETACIÓ: JAZZ I MÚSICA MODERNA),2,10,2,8,0,3
2017/2018,2017,MÚSICA,PIANO (INTERPRETACIÓ: JAZZ I MÚSICA MODERNA),3,15,3,12,0,3
2017/2018,2017,MÚSICA,PIANO (INTERPRETACIÓ: JAZZ I MÚSICA MODERNA),4,12,2,10,0,3
2017/2018,2017,MÚSICA,PRODUCCIÓ I GESTIÓ,1,3,1,2,0,1
2017/2018,2017,MÚSICA,PRODUCCIÓ I GESTIÓ,2,4,2,2,0,1
2017/2018,2017,MÚSICA,PRODUCCIÓ I GESTIÓ,3,2,0,2,0,1
2017/2018,2017,MÚSICA,PRODUCCIÓ I GESTIÓ,4,14,8,6,0,1
2017/2018,2017,MÚSICA,SAXÒFON,1,28,15,13,0,14
2017/2018,2017,MÚSICA,SAXÒFON,2,31,13,18,0,19
2017/2018,2017,MÚSICA,SAXÒFON,3,19,4,15,0,11
2017/2018,2017,MÚSICA,SAXÒFON,4,24,11,13,0,16
2017/2018,2017,MÚSICA,SAXÒFON,5,23,9,14,0,11
2017/2018,2017,MÚSICA,SAXÒFON,6,25,8,17,0,16
2017/2018,2017,MÚSICA,SAXÒFON (INTERPRETACIÓ: CLÀSSICA I CONTEMPORÀNIA),1,5,2,3,0,2
2017/2018,2017,MÚSICA,SAXÒFON (INTERPRETACIÓ: CLÀSSICA I CONTEMPORÀNIA),2,2,1,1,0,2
2017/2018,2017,MÚSICA,SAXÒFON (INTERPRETACIÓ: CLÀSSICA I CONTEMPORÀNIA),3,4,0,4,0,2
2017/2018,2017,MÚSICA,SAXÒFON (INTERPRETACIÓ: CLÀSSICA I CONTEMPORÀNIA),4,7,4,3,0,2
2017/2018,2017,MÚSICA,SAXÒFON (INTERPRETACIÓ: JAZZ I MÚSICA MODERNA),1,13,3,10,0,4
2017/2018,2017,MÚSICA,SAXÒFON (INTERPRETACIÓ: JAZZ I MÚSICA MODERNA),2,12,1,11,0,3
2017/2018,2017,MÚSICA,SAXÒFON (INTERPRETACIÓ: JAZZ I MÚSICA MODERNA),3,11,0,11,0,3
2017/2018,2017,MÚSICA,SAXÒFON (INTERPRETACIÓ: JAZZ I MÚSICA MODERNA),4,10,3,7,0,3
2017/2018,2017,MÚSICA,SENSE MODALITAT (DIRECCIÓ),1,5,1,4,0,1
2017/2018,2017,MÚSICA,SENSE MODALITAT (DIRECCIÓ),2,3,0,3,0,1
2017/2018,2017,MÚSICA,SENSE MODALITAT (DIRECCIÓ),3,5,2,3,0,1
2017/2018,2017,MÚSICA,SENSE MODALITAT (DIRECCIÓ),4,8,1,7,0,1
2017/2018,2017,MÚSICA,SENSE MODALITAT (INTERPRETACIÓ: CLÀSSICA I CONTEMPORÀNIA),4,7,2,5,0,1
2017/2018,2017,MÚSICA,SENSE MODALITAT (INTERPRETACIÓ: JAZZ I MÚSICA MODERNA),1,2,1,1,0,1
2017/2018,2017,MÚSICA,SENSE MODALITAT (INTERPRETACIÓ: JAZZ I MÚSICA MODERNA),2,2,1,1,0,1
2017/2018,2017,MÚSICA,SENSE MODALITAT (INTERPRETACIÓ: JAZZ I MÚSICA MODERNA),3,2,0,2,0,2
2017/2018,2017,MÚSICA,SENSE MODALITAT (INTERPRETACIÓ: JAZZ I MÚSICA MODERNA),4,8,2,6,0,3
2017/2018,2017,MÚSICA,SENSE MODALITAT (INTERPRETACIÓ: MÚSICA ANTIGA),4,1,0,1,0,1
2017/2018,2017,MÚSICA,SENSE MODALITAT (INTERPRETACIÓ: MÚSICA TRADICIONAL I FLAMENC),1,2,0,2,0,1
2017/2018,2017,MÚSICA,SENSE MODALITAT (INTERPRETACIÓ: MÚSICA TRADICIONAL I FLAMENC),2,5,1,4,0,1
2017/2018,2017,MÚSICA,SENSE MODALITAT (INTERPRETACIÓ: MÚSICA TRADICIONAL I FLAMENC),3,7,3,4,0,1
2017/2018,2017,MÚSICA,SENSE MODALITAT (INTERPRETACIÓ: MÚSICA TRADICIONAL I FLAMENC),4,9,7,2,0,1
2017/2018,2017,MÚSICA,SENSE MODALITAT (MUSICOLOGIA),1,6,3,3,0,1
2017/2018,2017,MÚSICA,SENSE MODALITAT (MUSICOLOGIA),2,5,2,3,0,1
2017/2018,2017,MÚSICA,SENSE MODALITAT (MUSICOLOGIA),3,7,3,4,0,1
2017/2018,2017,MÚSICA,SENSE MODALITAT (MUSICOLOGIA),4,12,7,5,0,1
2017/2018,2017,MÚSICA,SENSE MODALITAT (PEDAGOGIA),1,29,16,13,0,2
2017/2018,2017,MÚSICA,SENSE MODALITAT (PEDAGOGIA),2,26,18,8,0,2
2017/2018,2017,MÚSICA,SENSE MODALITAT (PEDAGOGIA),3,25,13,12,0,2
2017/2018,2017,MÚSICA,SENSE MODALITAT (PEDAGOGIA),4,40,22,18,0,2
2017/2018,2017,MÚSICA,SONOLOGIA,1,6,1,5,0,1
2017/2018,2017,MÚSICA,SONOLOGIA,2,4,0,4,0,1
2017/2018,2017,MÚSICA,SONOLOGIA,3,4,0,4,0,1
2017/2018,2017,MÚSICA,SONOLOGIA,4,9,2,7,0,1
2017/2018,2017,MÚSICA,TECLATS (INTERPRETACIÓ: JAZZ I MÚSICA MODERNA),1,2,0,2,0,2
2017/2018,2017,MÚSICA,TECLATS (INTERPRETACIÓ: JAZZ I MÚSICA MODERNA),2,2,1,1,0,2
2017/2018,2017,MÚSICA,TECLATS (INTERPRETACIÓ: JAZZ I MÚSICA MODERNA),3,3,0,3,0,2
2017/2018,2017,MÚSICA,TECLATS (INTERPRETACIÓ: JAZZ I MÚSICA MODERNA),4,2,0,2,0,2
2017/2018,2017,MÚSICA,TENORA,1,1,0,1,0,1
2017/2018,2017,MÚSICA,TENORA,2,4,2,2,0,3
2017/2018,2017,MÚSICA,TENORA,4,2,0,2,0,2
2017/2018,2017,MÚSICA,TENORA,5,1,0,1,0,1
2017/2018,2017,MÚSICA,TENORA,6,2,1,1,0,1
2017/2018,2017,MÚSICA,TENORA (INTERPRETACIÓ: MÚSICA TRADICIONAL),3,2,1,1,0,1
2017/2018,2017,MÚSICA,TENORA (INTERPRETACIÓ: MÚSICA TRADICIONAL),4,1,0,1,0,1
2017/2018,2017,MÚSICA,TIBLE,1,1,1,0,0,1
2017/2018,2017,MÚSICA,TIBLE,2,1,0,1,0,1
2017/2018,2017,MÚSICA,TIBLE,3,3,1,2,0,3
2017/2018,2017,MÚSICA,TIBLE,4,2,1,1,0,1
2017/2018,2017,MÚSICA,TIBLE,5,1,0,1,0,1
2017/2018,2017,MÚSICA,TIBLE,6,2,0,2,0,1
2017/2018,2017,MÚSICA,TIBLE (INTERPRETACIÓ: MÚSICA TRADICIONAL),4,2,0,2,0,1
2017/2018,2017,MÚSICA,TROMBÓ,1,14,1,13,0,8
2017/2018,2017,MÚSICA,TROMBÓ,2,13,1,12,0,10
2017/2018,2017,MÚSICA,TROMBÓ,3,19,5,14,0,11
2017/2018,2017,MÚSICA,TROMBÓ,4,10,4,6,0,8
2017/2018,2017,MÚSICA,TROMBÓ,5,13,4,9,0,9
2017/2018,2017,MÚSICA,TROMBÓ,6,18,5,13,0,11
2017/2018,2017,MÚSICA,TROMBÓ (INTERPRETACIÓ: CLÀSSICA I CONTEMPORÀNIA),1,2,0,2,0,1
2017/2018,2017,MÚSICA,TROMBÓ (INTERPRETACIÓ: CLÀSSICA I CONTEMPORÀNIA),2,7,1,6,0,2
2017/2018,2017,MÚSICA,TROMBÓ (INTERPRETACIÓ: CLÀSSICA I CONTEMPORÀNIA),3,3,1,2,0,2
2017/2018,2017,MÚSICA,TROMBÓ (INTERPRETACIÓ: CLÀSSICA I CONTEMPORÀNIA),4,8,2,6,0,2
2017/2018,2017,MÚSICA,TROMBÓ (INTERPRETACIÓ: JAZZ I MÚSICA MODERNA),1,2,1,1,0,1
2017/2018,2017,MÚSICA,TROMBÓ (INTERPRETACIÓ: JAZZ I MÚSICA MODERNA),2,3,0,3,0,2
2017/2018,2017,MÚSICA,TROMBÓ (INTERPRETACIÓ: JAZZ I MÚSICA MODERNA),3,2,0,2,0,2
2017/2018,2017,MÚSICA,TROMBÓ (INTERPRETACIÓ: JAZZ I MÚSICA MODERNA),4,2,0,2,0,2
2017/2018,2017,MÚSICA,TROMPA,1,11,7,4,0,8
2017/2018,2017,MÚSICA,TROMPA,2,13,4,9,0,7
2017/2018,2017,MÚSICA,TROMPA,3,9,2,7,0,8
2017/2018,2017,MÚSICA,TROMPA,4,8,3,5,0,7
2017/2018,2017,MÚSICA,TROMPA,5,11,3,8,0,8
2017/2018,2017,MÚSICA,TROMPA,6,15,3,12,0,10
2017/2018,2017,MÚSICA,TROMPA (INTERPRETACIÓ: CLÀSSICA I CONTEMPORÀNIA),1,6,2,4,0,2
2017/2018,2017,MÚSICA,TROMPA (INTERPRETACIÓ: CLÀSSICA I CONTEMPORÀNIA),2,8,0,8,0,2
2017/2018,2017,MÚSICA,TROMPA (INTERPRETACIÓ: CLÀSSICA I CONTEMPORÀNIA),3,9,4,5,0,2
2017/2018,2017,MÚSICA,TROMPA (INTERPRETACIÓ: CLÀSSICA I CONTEMPORÀNIA),4,5,3,2,0,2
2017/2018,2017,MÚSICA,TROMPETA,1,31,12,19,0,16
2017/2018,2017,MÚSICA,TROMPETA,2,25,7,18,0,18
2017/2018,2017,MÚSICA,TROMPETA,3,26,6,20,0,16
2017/2018,2017,MÚSICA,TROMPETA,4,21,7,14,0,14
2017/2018,2017,MÚSICA,TROMPETA,5,19,4,15,0,9
2017/2018,2017,MÚSICA,TROMPETA,6,24,4,20,0,11
2017/2018,2017,MÚSICA,TROMPETA (INTERPRETACIÓ: CLÀSSICA I CONTEMPORÀNIA),1,2,0,2,0,1
2017/2018,2017,MÚSICA,TROMPETA (INTERPRETACIÓ: CLÀSSICA I CONTEMPORÀNIA),2,3,1,2,0,2
2017/2018,2017,MÚSICA,TROMPETA (INTERPRETACIÓ: CLÀSSICA I CONTEMPORÀNIA),3,6,1,5,0,2
2017/2018,2017,MÚSICA,TROMPETA (INTERPRETACIÓ: CLÀSSICA I CONTEMPORÀNIA),4,6,1,5,0,2
2017/2018,2017,MÚSICA,TROMPETA (INTERPRETACIÓ: JAZZ I MÚSICA MODERNA),1,4,0,4,0,2
2017/2018,2017,MÚSICA,TROMPETA (INTERPRETACIÓ: JAZZ I MÚSICA MODERNA),2,5,0,5,0,3
2017/2018,2017,MÚSICA,TROMPETA (INTERPRETACIÓ: JAZZ I MÚSICA MODERNA),3,4,1,3,0,2
2017/2018,2017,MÚSICA,TROMPETA (INTERPRETACIÓ: JAZZ I MÚSICA MODERNA),4,7,0,7,0,2
2017/2018,2017,MÚSICA,TUBA,1,4,0,4,0,4
2017/2018,2017,MÚSICA,TUBA,2,1,0,1,0,1
2017/2018,2017,MÚSICA,TUBA,3,8,1,7,0,4
2017/2018,2017,MÚSICA,TUBA,5,6,2,4,0,3
2017/2018,2017,MÚSICA,TUBA,6,4,0,4,0,3
2017/2018,2017,MÚSICA,TUBA (INTERPRETACIÓ: CLÀSSICA I CONTEMPORÀNIA),1,3,0,3,0,2
2017/2018,2017,MÚSICA,TUBA (INTERPRETACIÓ: CLÀSSICA I CONTEMPORÀNIA),2,1,0,1,0,1
2017/2018,2017,MÚSICA,TUBA (INTERPRETACIÓ: CLÀSSICA I CONTEMPORÀNIA),3,1,0,1,0,1
2017/2018,2017,MÚSICA,TUBA (INTERPRETACIÓ: CLÀSSICA I CONTEMPORÀNIA),4,2,1,1,0,2
2017/2018,2017,MÚSICA,VIOLA,1,28,22,6,0,17
2017/2018,2017,MÚSICA,VIOLA,2,32,27,5,0,18
2017/2018,2017,MÚSICA,VIOLA,3,19,14,5,0,11
2017/2018,2017,MÚSICA,VIOLA,4,15,10,5,0,9
2017/2018,2017,MÚSICA,VIOLA,5,13,7,6,0,8
2017/2018,2017,MÚSICA,VIOLA,6,23,15,8,0,8
2017/2018,2017,MÚSICA,VIOLA (INTERPRETACIÓ: CLÀSSICA I CONTEMPORÀNIA),1,7,3,4,0,2
2017/2018,2017,MÚSICA,VIOLA (INTERPRETACIÓ: CLÀSSICA I CONTEMPORÀNIA),2,8,4,4,0,2
2017/2018,2017,MÚSICA,VIOLA (INTERPRETACIÓ: CLÀSSICA I CONTEMPORÀNIA),3,7,4,3,0,2
2017/2018,2017,MÚSICA,VIOLA (INTERPRETACIÓ: CLÀSSICA I CONTEMPORÀNIA),4,7,4,3,0,2
2017/2018,2017,MÚSICA,VIOLA DE GAMBA,6,2,0,2,0,1
2017/2018,2017,MÚSICA,VIOLA DE GAMBA (INTERPRETACIÓ: MÚSICA ANTIGA),1,1,0,1,0,1
2017/2018,2017,MÚSICA,VIOLA DE GAMBA (INTERPRETACIÓ: MÚSICA ANTIGA),3,1,0,1,0,1
2017/2018,2017,MÚSICA,VIOLA DE GAMBA (INTERPRETACIÓ: MÚSICA ANTIGA),4,1,0,1,0,1
2017/2018,2017,MÚSICA,VIOLONCEL,1,52,32,20,0,22
2017/2018,2017,MÚSICA,VIOLONCEL,2,57,37,20,0,20
2017/2018,2017,MÚSICA,VIOLONCEL,3,31,22,9,0,20
2017/2018,2017,MÚSICA,VIOLONCEL,4,48,29,19,0,19
2017/2018,2017,MÚSICA,VIOLONCEL,5,32,18,14,0,15
2017/2018,2017,MÚSICA,VIOLONCEL,6,34,20,14,0,17
2017/2018,2017,MÚSICA,VIOLONCEL (INTERPRETACIÓ: CLÀSSICA I CONTEMPORÀNIA),1,15,10,5,0,2
2017/2018,2017,MÚSICA,VIOLONCEL (INTERPRETACIÓ: CLÀSSICA I CONTEMPORÀNIA),2,9,6,3,0,2
2017/2018,2017,MÚSICA,VIOLONCEL (INTERPRETACIÓ: CLÀSSICA I CONTEMPORÀNIA),3,12,6,6,0,2
2017/2018,2017,MÚSICA,VIOLONCEL (INTERPRETACIÓ: CLÀSSICA I CONTEMPORÀNIA),4,9,4,5,0,2
2017/2018,2017,MÚSICA,VIOLONCEL BARROC (INTERPRETACIÓ: MÚSICA ANTIGA),1,1,1,0,0,1
2017/2018,2017,MÚSICA,VIOLÍ,1,120,84,36,0,27
2017/2018,2017,MÚSICA,VIOLÍ,2,82,52,30,0,21
2017/2018,2017,MÚSICA,VIOLÍ,3,98,74,24,0,21
2017/2018,2017,MÚSICA,VIOLÍ,4,92,58,34,0,22
2017/2018,2017,MÚSICA,VIOLÍ,5,78,47,31,0,20
2017/2018,2017,MÚSICA,VIOLÍ,6,83,64,19,0,20
2017/2018,2017,MÚSICA,VIOLÍ (INTERPRETACIÓ: CLÀSSICA I CONTEMPORÀNIA),1,21,15,6,0,2
2017/2018,2017,MÚSICA,VIOLÍ (INTERPRETACIÓ: CLÀSSICA I CONTEMPORÀNIA),2,26,14,12,0,2
2017/2018,2017,MÚSICA,VIOLÍ (INTERPRETACIÓ: CLÀSSICA I CONTEMPORÀNIA),3,28,15,13,0,2
2017/2018,2017,MÚSICA,VIOLÍ (INTERPRETACIÓ: CLÀSSICA I CONTEMPORÀNIA),4,35,21,14,0,2
2017/2018,2017,MÚSICA,VIOLÍ I VIOLA BARROCS (INTERPRETACIÓ: MÚSICA ANTIGA),1,1,0,1,0,1
2017/2018,2017,MÚSICA,VIOLÍ I VIOLA BARROCS (INTERPRETACIÓ: MÚSICA ANTIGA),2,1,1,0,0,1
2017/2018,2017,MÚSICA,VIOLÍ I VIOLA BARROCS (INTERPRETACIÓ: MÚSICA ANTIGA),3,1,0,1,0,1
2017/2018,2017,MÚSICA,VIOLÍ I VIOLA BARROCS (INTERPRETACIÓ: MÚSICA ANTIGA),4,3,2,1,0,1
2017/2018,2017,PROGRAMA DE FORMACIÓ I INSERCIÓ,AUXILIAR D'ACTIVITATS AGROPECUÀRIES,1,48,12,36,0,3
2017/2018,2017,PROGRAMA DE FORMACIÓ I INSERCIÓ,AUXILIAR D'ACTIVITATS D'OFICINA I DE SERVEIS ADMINISTRATIUS GENERALS,1,509,224,285,0,33
2017/2018,2017,PROGRAMA DE FORMACIÓ I INSERCIÓ,AUXILIAR D'ACTIVITATS FORESTALS,1,16,2,14,0,1
2017/2018,2017,PROGRAMA DE FORMACIÓ I INSERCIÓ,AUXILIAR D'ARTS GRÀFIQUES I SERIGRAFIA,1,110,40,70,0,8
2017/2018,2017,PROGRAMA DE FORMACIÓ I INSERCIÓ,AUXILIAR D'HOTELERIA: CUINA I CÀTERING,1,51,14,37,0,4
2017/2018,2017,PROGRAMA DE FORMACIÓ I INSERCIÓ,AUXILIAR D'HOTELERIA: CUINA I SERVEIS DE RESTAURACIÓ,1,797,281,516,0,46
2017/2018,2017,PROGRAMA DE FORMACIÓ I INSERCIÓ,AUXILIAR D'IMATGE PERSONAL: PERRUQUERIA I ESTÈTICA,1,534,463,71,0,28
2017/2018,2017,PROGRAMA DE FORMACIÓ I INSERCIÓ,AUXILIAR DE COMERÇ I ATENCIÓ AL PÚBLIC,1,325,158,167,0,22
2017/2018,2017,PROGRAMA DE FORMACIÓ I INSERCIÓ,AUXILIAR DE CONFECCIÓ EN TÈXTIL I PELL,1,53,37,16,0,5
2017/2018,2017,PROGRAMA DE FORMACIÓ I INSERCIÓ,AUXILIAR DE CUINA,1,23,9,14,0,2
2017/2018,2017,PROGRAMA DE FORMACIÓ I INSERCIÓ,AUXILIAR DE FABRICACIÓ MECÀNICA I D'AJUST I SOLDADURA,1,136,2,134,0,8
2017/2018,2017,PROGRAMA DE FORMACIÓ I INSERCIÓ,AUXILIAR DE FABRICACIÓ MECÀNICA I INSTAL·LACIONS ELECTROTÈCNIQUES,1,188,5,183,0,13
2017/2018,2017,PROGRAMA DE FORMACIÓ I INSERCIÓ,"AUXILIAR DE FONTANERIA, CALEFACCIÓ I CLIMATITZACIÓ",1,121,3,118,0,8
2017/2018,2017,PROGRAMA DE FORMACIÓ I INSERCIÓ,AUXILIAR DE FUSTERIA METÀL·LICA I PVC,1,29,0,29,0,2
2017/2018,2017,PROGRAMA DE FORMACIÓ I INSERCIÓ,AUXILIAR DE MUNTATGE I MANTENIMENT D'EQUIPS INFORMÀTICS,1,455,23,432,0,29
2017/2018,2017,PROGRAMA DE FORMACIÓ I INSERCIÓ,AUXILIAR DE MUNTATGES D'INSTAL·LACIONS ELECTROTÈCNIQUES EN EDIFICIS,1,197,4,193,0,13
2017/2018,2017,PROGRAMA DE FORMACIÓ I INSERCIÓ,"AUXILIAR DE MUNTATGES D'INSTAL·LACIONS ELÈCTRIQUES, D'AIGUA I GAS",1,457,9,448,0,31
2017/2018,2017,PROGRAMA DE FORMACIÓ I INSERCIÓ,AUXILIAR DE PALETA I CONSTRUCCIÓ,1,80,3,77,0,6
2017/2018,2017,PROGRAMA DE FORMACIÓ I INSERCIÓ,AUXILIAR DE PASTISSERIA I DE FLECA,1,82,36,46,0,5
2017/2018,2017,PROGRAMA DE FORMACIÓ I INSERCIÓ,AUXILIAR DE PINTURA,1,211,24,187,0,14
2017/2018,2017,PROGRAMA DE FORMACIÓ I INSERCIÓ,AUXILIAR DE REPARACIÓ I MANTENIMENT DE VEHICLES LLEUGERS,1,399,3,396,0,23
2017/2018,2017,PROGRAMA DE FORMACIÓ I INSERCIÓ,AUXILIAR DE SERRALLERIA I CONSTRUCCIONS METÀL·LIQUES,1,92,2,90,0,6
2017/2018,2017,PROGRAMA DE FORMACIÓ I INSERCIÓ,"AUXILIAR DE VENDES, OFICINA I ATENCIÓ AL PÚBLIC",1,1109,585,524,0,69
2017/2018,2017,PROGRAMA DE FORMACIÓ I INSERCIÓ,AUXILIAR DE VIVERS I JARDINS,1,354,61,293,0,26
2017/2018,2017,PROGRAMA DE FORMACIÓ I INSERCIÓ,AUXILIAR EN ESTABLIMENTS DEL SECTOR CARNI,1,58,8,50,0,2
2017/2018,2017,PROGRAMA DE FORMACIÓ I INSERCIÓ,AUXILIAR EN ESTABLIMENTS HOTELERS I DE RESTAURACIÓ,1,132,54,78,0,10
2017/2018,2017,PROGRAMA DE FORMACIÓ I INSERCIÓ,AUXILIAR EN TREBALLS DE FUSTERIA I INSTAL·LACIÓ DE MOBLES,1,231,16,215,0,17
2018/2019,2018,ART DRAMÀTIC SUPERIOR,ADRL -  INTERPRETACIÓ,1,78,54,24,0,2
2018/2019,2018,ART DRAMÀTIC SUPERIOR,ADRL -  INTERPRETACIÓ,2,72,49,23,0,2
2018/2019,2018,ART DRAMÀTIC SUPERIOR,ADRL -  INTERPRETACIÓ,3,81,52,29,0,2
2018/2019,2018,ART DRAMÀTIC SUPERIOR,ADRL -  INTERPRETACIÓ,4,87,49,38,0,2
2018/2019,2018,ART DRAMÀTIC SUPERIOR,ADRL - DIRECCIÓ D'ESCENA I DRAMATÚRGIA,1,25,15,10,0,2
2018/2019,2018,ART DRAMÀTIC SUPERIOR,ADRL - DIRECCIÓ D'ESCENA I DRAMATÚRGIA,2,19,11,8,0,2
2018/2019,2018,ART DRAMÀTIC SUPERIOR,ADRL - DIRECCIÓ D'ESCENA I DRAMATÚRGIA,3,24,14,10,0,2
2018/2019,2018,ART DRAMÀTIC SUPERIOR,ADRL - DIRECCIÓ D'ESCENA I DRAMATÚRGIA,4,24,10,14,0,2
2018/2019,2018,ART DRAMÀTIC SUPERIOR,ADRL - ESCENOGRAFIA,1,13,9,4,0,1
2018/2019,2018,ART DRAMÀTIC SUPERIOR,ADRL - ESCENOGRAFIA,2,11,6,5,0,1
2018/2019,2018,ART DRAMÀTIC SUPERIOR,ADRL - ESCENOGRAFIA,3,7,5,2,0,1
2018/2019,2018,ART DRAMÀTIC SUPERIOR,ADRL - ESCENOGRAFIA,4,13,11,2,0,1
2018/2019,2018,ARTS PLÀSTIQUES I DISSENY,CFAM - ANIMACIÓ EN CIRC,1,23,16,7,0,1
2018/2019,2018,ARTS PLÀSTIQUES I DISSENY,CFAM - ANIMACIÓ EN CIRC,2,14,12,2,0,1
2018/2019,2018,ARTS PLÀSTIQUES I DISSENY,CFAM - ARTESANIA DE COMPLEMENTS DE CUIR,1,10,9,1,1,1
2018/2019,2018,ARTS PLÀSTIQUES I DISSENY,CFAM - ARTESANIA DE COMPLEMENTS DE CUIR,2,9,7,2,1,1
2018/2019,2018,ARTS PLÀSTIQUES I DISSENY,CFAM - ASSISTÈNCIA AL PRODUCTE GRÀFIC IMPRÈS,1,306,158,148,11,11
2018/2019,2018,ARTS PLÀSTIQUES I DISSENY,CFAM - ASSISTÈNCIA AL PRODUCTE GRÀFIC IMPRÈS,2,241,140,101,11,11
2018/2019,2018,ARTS PLÀSTIQUES I DISSENY,CFAM - ASSISTÈNCIA AL PRODUCTE GRÀFIC INTERACTIU,1,279,125,154,7,10
2018/2019,2018,ARTS PLÀSTIQUES I DISSENY,CFAM - ASSISTÈNCIA AL PRODUCTE GRÀFIC INTERACTIU,2,245,100,145,7,9
2018/2019,2018,ARTS PLÀSTIQUES I DISSENY,CFAM - DECORACIÓ CERÀMICA,1,31,27,4,2,2
2018/2019,2018,ARTS PLÀSTIQUES I DISSENY,CFAM - DECORACIÓ CERÀMICA,2,29,25,4,2,2
2018/2019,2018,ARTS PLÀSTIQUES I DISSENY,CFAM - EBENISTERIA ARTÍSTICA,2,4,0,4,1,1
2018/2019,2018,ARTS PLÀSTIQUES I DISSENY,CFAM - ESMALTATGE SOBRE METALLS,1,11,9,2,1,1
2018/2019,2018,ARTS PLÀSTIQUES I DISSENY,CFAM - ESMALTATGE SOBRE METALLS,2,4,2,2,1,1
2018/2019,2018,ARTS PLÀSTIQUES I DISSENY,CFAM - FLORISTERIA,2,5,3,2,0,1
2018/2019,2018,ARTS PLÀSTIQUES I DISSENY,CFAM - FORJA ARTÍSTICA,1,25,3,22,10,2
2018/2019,2018,ARTS PLÀSTIQUES I DISSENY,CFAM - FORJA ARTÍSTICA,2,10,2,8,10,2
2018/2019,2018,ARTS PLÀSTIQUES I DISSENY,CFAM - FOSA ARTÍSTICA I GALVANOPLÀSTIA,2,1,0,1,0,1
2018/2019,2018,ARTS PLÀSTIQUES I DISSENY,CFAM - PROCEDIMENTS DE JOIERIA ARTÍSTICA,1,15,12,3,1,1
2018/2019,2018,ARTS PLÀSTIQUES I DISSENY,CFAM - PROCEDIMENTS DE JOIERIA ARTÍSTICA,2,12,10,2,1,1
2018/2019,2018,ARTS PLÀSTIQUES I DISSENY,CFAM - REPRODUCCIONS ARTÍSTIQUES EN FUSTA,1,27,15,12,6,2
2018/2019,2018,ARTS PLÀSTIQUES I DISSENY,CFAM - REPRODUCCIONS ARTÍSTIQUES EN FUSTA,2,20,8,12,6,2
2018/2019,2018,ARTS PLÀSTIQUES I DISSENY,CFAM - REVESTIMENTS MURALS,1,37,20,17,6,2
2018/2019,2018,ARTS PLÀSTIQUES I DISSENY,CFAM - REVESTIMENTS MURALS,2,34,18,16,6,2
2018/2019,2018,ARTS PLÀSTIQUES I DISSENY,CFAM - SERIGRAFIA ARTÍSTICA,1,43,28,15,2,2
2018/2019,2018,ARTS PLÀSTIQUES I DISSENY,CFAM - TALLA ARTÍSTICA EN FUSTA,2,1,0,1,0,1
2018/2019,2018,ARTS PLÀSTIQUES I DISSENY,CFAM - TERRISSERIA,1,6,3,3,1,1
2018/2019,2018,ARTS PLÀSTIQUES I DISSENY,CFAM - TERRISSERIA,2,11,7,4,1,1
2018/2019,2018,ARTS PLÀSTIQUES I DISSENY,CFAS - ANIMACIÓ,1,63,27,36,8,4
2018/2019,2018,ARTS PLÀSTIQUES I DISSENY,CFAS - ANIMACIÓ,2,60,32,28,8,4
2018/2019,2018,ARTS PLÀSTIQUES I DISSENY,CFAS - ANIMACIÓ (VIDEOJOCS I ENTORNS VIRTUALS),1,66,24,42,12,4
2018/2019,2018,ARTS PLÀSTIQUES I DISSENY,CFAS - ANIMACIÓ (VIDEOJOCS I ENTORNS VIRTUALS),2,51,13,38,6,2
2018/2019,2018,ARTS PLÀSTIQUES I DISSENY,CFAS - APARADORISME,2,8,8,0,5,1
2018/2019,2018,ARTS PLÀSTIQUES I DISSENY,CFAS - ARQUITECTURA EFÍMERA,1,19,16,3,6,2
2018/2019,2018,ARTS PLÀSTIQUES I DISSENY,CFAS - ARQUITECTURA EFÍMERA,2,42,35,7,12,4
2018/2019,2018,ARTS PLÀSTIQUES I DISSENY,CFAS - ART FLORAL,2,7,6,1,0,1
2018/2019,2018,ARTS PLÀSTIQUES I DISSENY,CFAS - ART TÈXTIL,1,24,20,4,1,1
2018/2019,2018,ARTS PLÀSTIQUES I DISSENY,CFAS - ART TÈXTIL,2,34,30,4,1,1
2018/2019,2018,ARTS PLÀSTIQUES I DISSENY,CFAS - ARTS APLICADES AL MUR,1,62,36,26,13,5
2018/2019,2018,ARTS PLÀSTIQUES I DISSENY,CFAS - ARTS APLICADES AL MUR,2,69,56,13,13,5
2018/2019,2018,ARTS PLÀSTIQUES I DISSENY,CFAS - ARTS APLICADES DE L'ESCULTURA,2,12,8,4,0,4
2018/2019,2018,ARTS PLÀSTIQUES I DISSENY,CFAS - ARTS DEL CIRC,1,12,5,7,0,1
2018/2019,2018,ARTS PLÀSTIQUES I DISSENY,CFAS - CERÀMICA ARTÍSTICA,1,25,17,8,16,4
2018/2019,2018,ARTS PLÀSTIQUES I DISSENY,CFAS - CERÀMICA ARTÍSTICA,2,26,19,7,16,4
2018/2019,2018,ARTS PLÀSTIQUES I DISSENY,CFAS - CÒMIC,1,32,17,15,2,2
2018/2019,2018,ARTS PLÀSTIQUES I DISSENY,CFAS - CÒMIC,2,37,13,24,2,2
2018/2019,2018,ARTS PLÀSTIQUES I DISSENY,CFAS - ELEMENTS DE JARDÍ,2,5,4,1,25,2
2018/2019,2018,ARTS PLÀSTIQUES I DISSENY,CFAS - ENQUADERNACIÓ ARTÍSTICA,2,16,14,2,5,1
2018/2019,2018,ARTS PLÀSTIQUES I DISSENY,CFAS - ESCULTURA APLICADA A L'ESPECTACLE,1,26,17,9,16,4
2018/2019,2018,ARTS PLÀSTIQUES I DISSENY,CFAS - ESCULTURA APLICADA A L'ESPECTACLE,2,30,20,10,16,4
2018/2019,2018,ARTS PLÀSTIQUES I DISSENY,CFAS - ESMALT ARTÍSTIC AL FOC SOBRE METALLS,2,10,8,2,6,2
2018/2019,2018,ARTS PLÀSTIQUES I DISSENY,CFAS - ESTAMPACIONS I TINTATGES ARTÍSTICS,1,6,4,2,5,1
2018/2019,2018,ARTS PLÀSTIQUES I DISSENY,CFAS - ESTAMPACIONS I TINTATGES ARTÍSTICS,2,11,10,1,5,1
2018/2019,2018,ARTS PLÀSTIQUES I DISSENY,CFAS - ESTILISME D'INDUMENTÀRIA,1,53,48,5,16,3
2018/2019,2018,ARTS PLÀSTIQUES I DISSENY,CFAS - ESTILISME D'INDUMENTÀRIA,2,62,51,11,2,2
2018/2019,2018,ARTS PLÀSTIQUES I DISSENY,CFAS - FOSA ARTÍSTICA,1,6,3,3,5,1
2018/2019,2018,ARTS PLÀSTIQUES I DISSENY,CFAS - FOSA ARTÍSTICA,2,1,0,1,5,1
2018/2019,2018,ARTS PLÀSTIQUES I DISSENY,CFAS - FOTOGRAFIA,1,101,75,26,5,5
2018/2019,2018,ARTS PLÀSTIQUES I DISSENY,CFAS - FOTOGRAFIA,2,98,65,33,6,5
2018/2019,2018,ARTS PLÀSTIQUES I DISSENY,CFAS - GRAVAT I TÈCNIQUES D'ESTAMPACIÓ,1,18,14,4,1,1
2018/2019,2018,ARTS PLÀSTIQUES I DISSENY,CFAS - GRAVAT I TÈCNIQUES D'ESTAMPACIÓ,2,17,12,5,5,1
2018/2019,2018,ARTS PLÀSTIQUES I DISSENY,CFAS - GRÀFICA AUDIOVISUAL,1,35,15,20,2,2
2018/2019,2018,ARTS PLÀSTIQUES I DISSENY,CFAS - GRÀFICA AUDIOVISUAL,2,26,17,9,2,2
2018/2019,2018,ARTS PLÀSTIQUES I DISSENY,CFAS - GRÀFICA AUDIOVISUAL (INFOGRAFIA 3D),1,22,7,15,6,2
2018/2019,2018,ARTS PLÀSTIQUES I DISSENY,CFAS - GRÀFICA AUDIOVISUAL (INFOGRAFIA 3D),2,16,7,9,6,2
2018/2019,2018,ARTS PLÀSTIQUES I DISSENY,CFAS - GRÀFICA IMPRESA,1,66,38,28,8,4
2018/2019,2018,ARTS PLÀSTIQUES I DISSENY,CFAS - GRÀFICA IMPRESA,2,84,60,24,8,4
2018/2019,2018,ARTS PLÀSTIQUES I DISSENY,CFAS - GRÀFICA INTERACTIVA,1,100,52,48,16,9
2018/2019,2018,ARTS PLÀSTIQUES I DISSENY,CFAS - GRÀFICA INTERACTIVA,2,109,48,61,17,11
2018/2019,2018,ARTS PLÀSTIQUES I DISSENY,CFAS - GRÀFICA PUBLICITÀRIA,1,344,192,152,12,13
2018/2019,2018,ARTS PLÀSTIQUES I DISSENY,CFAS - GRÀFICA PUBLICITÀRIA,2,282,150,132,12,13
2018/2019,2018,ARTS PLÀSTIQUES I DISSENY,CFAS - IL·LUSTRACIÓ,1,301,194,107,16,11
2018/2019,2018,ARTS PLÀSTIQUES I DISSENY,CFAS - IL·LUSTRACIÓ,2,301,194,107,16,11
2018/2019,2018,ARTS PLÀSTIQUES I DISSENY,CFAS - JOIERIA ARTÍSTICA,1,78,56,22,5,5
2018/2019,2018,ARTS PLÀSTIQUES I DISSENY,CFAS - JOIERIA ARTÍSTICA,2,109,86,23,9,5
2018/2019,2018,ARTS PLÀSTIQUES I DISSENY,CFAS - MOBILIARI,2,1,0,1,1,1
2018/2019,2018,ARTS PLÀSTIQUES I DISSENY,CFAS - MOBLAMENT,2,15,10,5,5,1
2018/2019,2018,ARTS PLÀSTIQUES I DISSENY,CFAS - MODELISME I MAQUETISME,2,8,3,5,5,1
2018/2019,2018,ARTS PLÀSTIQUES I DISSENY,CFAS - MODELISME I MATRICERIA CERÀMICA,1,9,7,2,5,1
2018/2019,2018,ARTS PLÀSTIQUES I DISSENY,CFAS - MODELISME I MATRICERIA CERÀMICA,2,8,7,1,5,1
2018/2019,2018,ARTS PLÀSTIQUES I DISSENY,CFAS - MODELISME INDUSTRIAL,1,34,15,19,6,2
2018/2019,2018,ARTS PLÀSTIQUES I DISSENY,CFAS - MODELISME INDUSTRIAL,2,50,18,32,6,2
2018/2019,2018,ARTS PLÀSTIQUES I DISSENY,CFAS - MOTLLES I REPRODUCCIONS ESCULTORIQUES,1,6,4,2,5,1
2018/2019,2018,ARTS PLÀSTIQUES I DISSENY,CFAS - MOTLLES I REPRODUCCIONS ESCULTORIQUES,2,8,3,5,5,1
2018/2019,2018,ARTS PLÀSTIQUES I DISSENY,CFAS - PROJECTES I DIRECCIÓ D'OBRES DE DECORACIÓ,1,181,137,44,37,11
2018/2019,2018,ARTS PLÀSTIQUES I DISSENY,CFAS - PROJECTES I DIRECCIÓ D'OBRES DE DECORACIÓ,2,218,185,33,24,12
2018/2019,2018,ARTS PLÀSTIQUES I DISSENY,CFAS - PUNTES ARTÍSTIQUES,2,3,3,0,5,1
2018/2019,2018,ARTS PLÀSTIQUES I DISSENY,CFAS - TÈCNIQUES D'ACTUACIÓ TEATRAL,1,79,48,31,1,5
2018/2019,2018,ARTS PLÀSTIQUES I DISSENY,CFAS - TÈCNIQUES D'ACTUACIÓ TEATRAL,2,82,52,30,1,5
2018/2019,2018,ARTS PLÀSTIQUES I DISSENY,CFAS - TÈCNIQUES ESCULTÒRIQUES,1,46,22,24,20,4
2018/2019,2018,ARTS PLÀSTIQUES I DISSENY,CFAS - TÈCNIQUES ESCULTÒRIQUES,2,33,15,18,20,4
2018/2019,2018,BATXILLERAT,BATXILLERAT,NA,1501,730,771,0,13
2018/2019,2018,BATXILLERAT,BATXILLERAT D'ARTS,1,3949,2940,1009,165,118
2018/2019,2018,BATXILLERAT,BATXILLERAT D'ARTS,2,3511,2566,945,146,110
2018/2019,2018,BATXILLERAT,BATXILLERAT D'ARTS,NA,333,222,111,0,1
2018/2019,2018,BATXILLERAT,BATXILLERAT D'HUMANITATS I CIÈNCIES SOCIALS,1,22365,13456,8909,2780,709
2018/2019,2018,BATXILLERAT,BATXILLERAT D'HUMANITATS I CIÈNCIES SOCIALS,2,20471,12590,7881,2470,712
2018/2019,2018,BATXILLERAT,BATXILLERAT D'HUMANITATS I CIÈNCIES SOCIALS,NA,1038,599,439,0,1
2018/2019,2018,BATXILLERAT,BATXILLERAT DE CIÈNCIES I TECNOLOGIA,1,22765,10518,12247,2775,710
2018/2019,2018,BATXILLERAT,BATXILLERAT DE CIÈNCIES I TECNOLOGIA,2,19523,9066,10457,2470,710
2018/2019,2018,BATXILLERAT,BATXILLERAT DE CIÈNCIES I TECNOLOGIA,NA,530,213,317,0,1
2018/2019,2018,CONSERVACIÓ I RESTAURACIÓ DE BÉNS CULTURALS,CONSERVACIÓ I RESTAURACIÓ D'ESCULTURA,4,8,6,2,0,1
2018/2019,2018,CONSERVACIÓ I RESTAURACIÓ DE BÉNS CULTURALS,CONSERVACIÓ I RESTAURACIÓ DE BÉNS ARQUEOLÒGICS,1,40,31,9,0,1
2018/2019,2018,CONSERVACIÓ I RESTAURACIÓ DE BÉNS CULTURALS,CONSERVACIÓ I RESTAURACIÓ DE BÉNS ARQUEOLÒGICS,2,32,30,2,0,1
2018/2019,2018,CONSERVACIÓ I RESTAURACIÓ DE BÉNS CULTURALS,CONSERVACIÓ I RESTAURACIÓ DE BÉNS ARQUEOLÒGICS,3,30,28,2,0,1
2018/2019,2018,CONSERVACIÓ I RESTAURACIÓ DE BÉNS CULTURALS,CONSERVACIÓ I RESTAURACIÓ DE BÉNS ARQUEOLÒGICS,4,15,13,2,0,1
2018/2019,2018,CONSERVACIÓ I RESTAURACIÓ DE BÉNS CULTURALS,CONSERVACIÓ I RESTAURACIÓ DE DOCUMENT GRÀFIC,3,1,1,0,0,1
2018/2019,2018,CONSERVACIÓ I RESTAURACIÓ DE BÉNS CULTURALS,CONSERVACIÓ I RESTAURACIÓ DE DOCUMENT GRÀFIC,4,7,6,1,0,1
2018/2019,2018,CONSERVACIÓ I RESTAURACIÓ DE BÉNS CULTURALS,CONSERVACIÓ I RESTAURACIÓ DE PINTURA,4,7,6,1,0,1
2018/2019,2018,CURSOS D'ACCÉS SENSE TITULACIÓ,CURS  ESPECÍFIC PER A l'ACCÉS ALS CICLES FORMATIUS DE GRAU MITJÀ D'FP,NA,419,194,225,0,27
2018/2019,2018,DANSA,COREOGRAFIA I INTERPRETACIÓ,1,15,10,5,0,1
2018/2019,2018,DANSA,COREOGRAFIA I INTERPRETACIÓ,2,10,7,3,0,1
2018/2019,2018,DANSA,COREOGRAFIA I INTERPRETACIÓ,3,14,13,1,0,1
2018/2019,2018,DANSA,COREOGRAFIA I INTERPRETACIÓ,4,23,22,1,0,1
2018/2019,2018,DANSA,DANSA CLÀSSICA,1,41,35,6,0,3
2018/2019,2018,DANSA,DANSA CLÀSSICA,2,29,26,3,0,2
2018/2019,2018,DANSA,DANSA CLÀSSICA,3,33,29,4,0,3
2018/2019,2018,DANSA,DANSA CLÀSSICA,4,19,14,5,0,2
2018/2019,2018,DANSA,DANSA CLÀSSICA,5,9,9,0,0,2
2018/2019,2018,DANSA,DANSA CLÀSSICA,6,12,7,5,0,1
2018/2019,2018,DANSA,DANSA CONTEMPORÀNIA,1,25,20,5,0,2
2018/2019,2018,DANSA,DANSA CONTEMPORÀNIA,2,25,20,5,0,2
2018/2019,2018,DANSA,DANSA CONTEMPORÀNIA,3,32,23,9,0,3
2018/2019,2018,DANSA,DANSA CONTEMPORÀNIA,4,24,19,5,0,2
2018/2019,2018,DANSA,DANSA CONTEMPORÀNIA,5,20,14,6,0,2
2018/2019,2018,DANSA,DANSA CONTEMPORÀNIA,6,11,10,1,0,2
2018/2019,2018,DANSA,DANSA ESPANYOLA,1,14,13,1,0,1
2018/2019,2018,DANSA,DANSA ESPANYOLA,2,10,10,0,0,1
2018/2019,2018,DANSA,DANSA ESPANYOLA,3,16,12,4,0,1
2018/2019,2018,DANSA,DANSA ESPANYOLA,4,11,7,4,0,2
2018/2019,2018,DANSA,DANSA ESPANYOLA,5,10,8,2,0,2
2018/2019,2018,DANSA,DANSA ESPANYOLA,6,12,10,2,0,2
2018/2019,2018,DANSA,PEDAGOGIA DE LA DANSA,1,16,14,2,0,1
2018/2019,2018,DANSA,PEDAGOGIA DE LA DANSA,2,12,11,1,0,1
2018/2019,2018,DANSA,PEDAGOGIA DE LA DANSA,3,10,9,1,0,1
2018/2019,2018,DANSA,PEDAGOGIA DE LA DANSA,4,19,18,1,0,1
2018/2019,2018,EDUCACIÓ D'ADULTS,ADAPTACIÓ DE L'EDUCACIÓ SECUNDÀRIA OBLIGATÒRIA PER A PERSONES ADULTES,NA,12350,5808,6542,0,141
2018/2019,2018,EDUCACIÓ D'ADULTS,CICLE DE FORMACIÓ INSTRUMENTAL,NA,8380,4624,3756,0,123
2018/2019,2018,EDUCACIÓ D'ADULTS NO REGLATS,ACCÈS A CICLES FORMATIUS DE GRAU MITJÀ,NA,1068,539,529,0,73
2018/2019,2018,EDUCACIÓ D'ADULTS NO REGLATS,ACCÈS A LA UNIVERSITAT PER MAJORS 25,NA,2159,1294,865,0,78
2018/2019,2018,EDUCACIÓ D'ADULTS NO REGLATS,ACCÈS CICLES FORMATIUS DE GRAU SUPERIOR,NA,4516,2266,2250,0,143
2018/2019,2018,EDUCACIÓ D'ADULTS NO REGLATS,INFORMÀTICA NIVELL USUARI,NA,10514,6923,3591,0,139
2018/2019,2018,EDUCACIÓ D'ADULTS NO REGLATS,LLENGUA CASTELLANA,NA,8647,4715,3932,0,127
2018/2019,2018,EDUCACIÓ D'ADULTS NO REGLATS,LLENGUA CATALANA,NA,7192,3911,3281,0,134
2018/2019,2018,EDUCACIÓ D'ADULTS NO REGLATS,LLENGUA ESTRANGERA ANGLÈS INICIAL,NA,15088,10345,4743,0,152
2018/2019,2018,EDUCACIÓ D'ADULTS NO REGLATS,LLENGUA ESTRANGERA FRANCÈS INICIAL,NA,1349,790,559,0,32
2018/2019,2018,EDUCACIÓ ESPECIAL,EDUCACIÓ ESPECIAL INFANTIL,1,83,25,58,0,36
2018/2019,2018,EDUCACIÓ ESPECIAL,EDUCACIÓ ESPECIAL INFANTIL,2,127,42,85,0,39
2018/2019,2018,EDUCACIÓ ESPECIAL,EDUCACIÓ ESPECIAL INFANTIL,3,179,56,123,0,56
2018/2019,2018,EDUCACIÓ ESPECIAL,EDUCACIÓ ESPECIAL PRIMÀRIA,1,193,63,130,0,62
2018/2019,2018,EDUCACIÓ ESPECIAL,EDUCACIÓ ESPECIAL PRIMÀRIA,2,219,79,140,0,65
2018/2019,2018,EDUCACIÓ ESPECIAL,EDUCACIÓ ESPECIAL PRIMÀRIA,3,260,73,187,0,73
2018/2019,2018,EDUCACIÓ ESPECIAL,EDUCACIÓ ESPECIAL PRIMÀRIA,4,324,97,227,0,76
2018/2019,2018,EDUCACIÓ ESPECIAL,EDUCACIÓ ESPECIAL PRIMÀRIA,5,318,113,205,0,76
2018/2019,2018,EDUCACIÓ ESPECIAL,EDUCACIÓ ESPECIAL PRIMÀRIA,6,495,162,333,0,81
2018/2019,2018,EDUCACIÓ ESPECIAL,EDUCACIÓ ESPECIAL SECUNDÀRIA,1,669,235,434,0,87
2018/2019,2018,EDUCACIÓ ESPECIAL,EDUCACIÓ ESPECIAL SECUNDÀRIA,2,695,261,434,0,88
2018/2019,2018,EDUCACIÓ ESPECIAL,EDUCACIÓ ESPECIAL SECUNDÀRIA,3,737,243,494,0,92
2018/2019,2018,EDUCACIÓ ESPECIAL,EDUCACIÓ ESPECIAL SECUNDÀRIA,4,1613,606,1007,0,93
2018/2019,2018,EDUCACIÓ ESPECIAL,PROGRAMA DE FORMACIÓ PER A LA TRANSICIÓ A LA VIDA ADULTA,1,95,37,58,0,11
2018/2019,2018,EDUCACIÓ ESPECIAL,PROGRAMA DE FORMACIÓ PER A LA TRANSICIÓ A LA VIDA ADULTA,2,46,22,24,0,8
2018/2019,2018,EDUCACIÓ INFANTIL,EDUCACIÓ INFANTIL: LLAR D'INFANTS,0,6874,3335,3539,1098,1197
2018/2019,2018,EDUCACIÓ INFANTIL,EDUCACIÓ INFANTIL: LLAR D'INFANTS,1,29315,14152,15163,2677,1636
2018/2019,2018,EDUCACIÓ INFANTIL,EDUCACIÓ INFANTIL: LLAR D'INFANTS,2,43759,21087,22672,2598,1657
2018/2019,2018,EDUCACIÓ INFANTIL,EDUCACIÓ INFANTIL: PARVULARI,1,69581,33891,35690,3223,2286
2018/2019,2018,EDUCACIÓ INFANTIL,EDUCACIÓ INFANTIL: PARVULARI,2,71414,34704,36710,3156,2286
2018/2019,2018,EDUCACIÓ INFANTIL,EDUCACIÓ INFANTIL: PARVULARI,3,71224,34811,36413,3416,2278
2018/2019,2018,EDUCACIÓ INFANTIL,EDUCACIÓ INFANTIL: PARVULARI,NA,2429,1171,1258,0,20
2018/2019,2018,EDUCACIÓ PRIMÀRIA,EDUCACIÓ PRIMÀRIA,1,76556,37432,39124,3261,2275
2018/2019,2018,EDUCACIÓ PRIMÀRIA,EDUCACIÓ PRIMÀRIA,2,78912,38605,40307,3396,2271
2018/2019,2018,EDUCACIÓ PRIMÀRIA,EDUCACIÓ PRIMÀRIA,3,80602,39111,41491,3482,2278
2018/2019,2018,EDUCACIÓ PRIMÀRIA,EDUCACIÓ PRIMÀRIA,4,81687,39340,42347,3481,2271
2018/2019,2018,EDUCACIÓ PRIMÀRIA,EDUCACIÓ PRIMÀRIA,5,84542,41224,43318,3537,2268
2018/2019,2018,EDUCACIÓ PRIMÀRIA,EDUCACIÓ PRIMÀRIA,6,81413,39712,41701,3701,2266
2018/2019,2018,EDUCACIÓ PRIMÀRIA,EDUCACIÓ PRIMÀRIA,NA,6149,3036,3113,0,20
2018/2019,2018,EDUCACIÓ SECUNDÀRIA OBLIGATÒRIA,EDUCACIÓ SECUNDÀRIA OBLIGATÒRIA,1,83083,39954,43129,2935,1102
2018/2019,2018,EDUCACIÓ SECUNDÀRIA OBLIGATÒRIA,EDUCACIÓ SECUNDÀRIA OBLIGATÒRIA,2,83114,40082,43032,2895,1095
2018/2019,2018,EDUCACIÓ SECUNDÀRIA OBLIGATÒRIA,EDUCACIÓ SECUNDÀRIA OBLIGATÒRIA,3,81743,39534,42209,2827,1082
2018/2019,2018,EDUCACIÓ SECUNDÀRIA OBLIGATÒRIA,EDUCACIÓ SECUNDÀRIA OBLIGATÒRIA,4,75394,37012,38382,2737,1081
2018/2019,2018,EDUCACIÓ SECUNDÀRIA OBLIGATÒRIA,EDUCACIÓ SECUNDÀRIA OBLIGATÒRIA,NA,3762,1887,1875,0,16
2018/2019,2018,ENSENYAMENTS D'IDIOMES,ALEMANY - C1,1,151,78,73,6,6
2018/2019,2018,ENSENYAMENTS D'IDIOMES,ALEMANY - NIVELL AVANÇAT,1,592,382,210,36,25
2018/2019,2018,ENSENYAMENTS D'IDIOMES,ALEMANY - NIVELL AVANÇAT,2,503,309,194,24,22
2018/2019,2018,ENSENYAMENTS D'IDIOMES,ALEMANY - NIVELL BÀSIC,1,1902,1078,824,85,31
2018/2019,2018,ENSENYAMENTS D'IDIOMES,ALEMANY - NIVELL BÀSIC,2,1238,718,520,65,31
2018/2019,2018,ENSENYAMENTS D'IDIOMES,ALEMANY - NIVELL INTERMEDI,1,1172,715,457,54,31
2018/2019,2018,ENSENYAMENTS D'IDIOMES,ANGLÈS,1,1277,886,391,0,1
2018/2019,2018,ENSENYAMENTS D'IDIOMES,ANGLÈS,2,680,474,206,0,1
2018/2019,2018,ENSENYAMENTS D'IDIOMES,ANGLÈS - C1,1,3133,1991,1142,76,43
2018/2019,2018,ENSENYAMENTS D'IDIOMES,ANGLÈS - NIVELL AVANÇAT,1,5140,3233,1907,412,45
2018/2019,2018,ENSENYAMENTS D'IDIOMES,ANGLÈS - NIVELL AVANÇAT,2,6505,4101,2404,390,45
2018/2019,2018,ENSENYAMENTS D'IDIOMES,ANGLÈS - NIVELL BÀSIC,1,2629,1651,978,98,42
2018/2019,2018,ENSENYAMENTS D'IDIOMES,ANGLÈS - NIVELL BÀSIC,2,4332,2770,1562,168,45
2018/2019,2018,ENSENYAMENTS D'IDIOMES,ANGLÈS - NIVELL INTERMEDI,1,7204,4472,2732,214,45
2018/2019,2018,ENSENYAMENTS D'IDIOMES,CATALÀ PER A NO CATALANOPARLANTS - C1,1,113,71,42,5,6
2018/2019,2018,ENSENYAMENTS D'IDIOMES,CATALÀ PER A NO CATALANOPARLANTS - C2,1,320,233,87,8,6
2018/2019,2018,ENSENYAMENTS D'IDIOMES,CATALÀ PER A NO CATALANOPARLANTS - NIVELL AVANÇAT,1,87,64,23,6,6
2018/2019,2018,ENSENYAMENTS D'IDIOMES,CATALÀ PER A NO CATALANOPARLANTS - NIVELL BÀSIC,1,122,64,58,5,3
2018/2019,2018,ENSENYAMENTS D'IDIOMES,CATALÀ PER A NO CATALANOPARLANTS - NIVELL BÀSIC,2,105,64,41,6,5
2018/2019,2018,ENSENYAMENTS D'IDIOMES,CATALÀ PER A NO CATALANOPARLANTS - NIVELL INTERMEDI,1,78,51,27,5,4
2018/2019,2018,ENSENYAMENTS D'IDIOMES,COREÀ  - NIVELL BÀSIC,1,106,89,17,3,1
2018/2019,2018,ENSENYAMENTS D'IDIOMES,COREÀ  - NIVELL BÀSIC,2,55,48,7,2,1
2018/2019,2018,ENSENYAMENTS D'IDIOMES,COREÀ  - NIVELL INTERMEDI,1,23,21,2,2,1
2018/2019,2018,ENSENYAMENTS D'IDIOMES,COREÀ  - NIVELL INTERMEDI,2,19,18,1,0,1
2018/2019,2018,ENSENYAMENTS D'IDIOMES,ESPANYOL PER A PERSONES ESTRANGERES - NIVELL AVANÇAT,1,222,182,40,0,5
2018/2019,2018,ENSENYAMENTS D'IDIOMES,ESPANYOL PER A PERSONES ESTRANGERES - NIVELL AVANÇAT,2,168,134,34,0,5
2018/2019,2018,ENSENYAMENTS D'IDIOMES,ESPANYOL PER A PERSONES ESTRANGERES - NIVELL BÀSIC,1,434,286,148,1,5
2018/2019,2018,ENSENYAMENTS D'IDIOMES,ESPANYOL PER A PERSONES ESTRANGERES - NIVELL BÀSIC,2,518,369,149,3,5
2018/2019,2018,ENSENYAMENTS D'IDIOMES,ESPANYOL PER A PERSONES ESTRANGERES - NIVELL INTERMEDI,1,457,356,101,4,5
2018/2019,2018,ENSENYAMENTS D'IDIOMES,FRANCÈS  - NIVELL BÀSIC,1,2215,1409,806,97,39
2018/2019,2018,ENSENYAMENTS D'IDIOMES,FRANCÈS  - NIVELL BÀSIC,2,1594,1093,501,84,39
2018/2019,2018,ENSENYAMENTS D'IDIOMES,FRANCÈS - C1,1,383,291,92,12,11
2018/2019,2018,ENSENYAMENTS D'IDIOMES,FRANCÈS - NIVELL AVANÇAT,1,992,688,304,54,33
2018/2019,2018,ENSENYAMENTS D'IDIOMES,FRANCÈS - NIVELL AVANÇAT,2,856,597,259,44,32
2018/2019,2018,ENSENYAMENTS D'IDIOMES,FRANCÈS - NIVELL INTERMEDI,1,1585,1082,503,76,39
2018/2019,2018,ENSENYAMENTS D'IDIOMES,GREC - NIVELL AVANÇAT,1,12,6,6,1,1
2018/2019,2018,ENSENYAMENTS D'IDIOMES,GREC - NIVELL AVANÇAT,2,9,6,3,0,1
2018/2019,2018,ENSENYAMENTS D'IDIOMES,GREC - NIVELL BÀSIC,1,24,12,12,1,1
2018/2019,2018,ENSENYAMENTS D'IDIOMES,GREC - NIVELL BÀSIC,2,23,13,10,1,1
2018/2019,2018,ENSENYAMENTS D'IDIOMES,GREC - NIVELL INTERMEDI,1,53,25,28,2,1
2018/2019,2018,ENSENYAMENTS D'IDIOMES,GREC - NIVELL INTERMEDI,2,1,1,0,0,1
2018/2019,2018,ENSENYAMENTS D'IDIOMES,ITALIÀ - C1,1,38,26,12,2,1
2018/2019,2018,ENSENYAMENTS D'IDIOMES,ITALIÀ - NIVELL AVANÇAT,1,168,114,54,8,6
2018/2019,2018,ENSENYAMENTS D'IDIOMES,ITALIÀ - NIVELL AVANÇAT,2,195,132,63,8,6
2018/2019,2018,ENSENYAMENTS D'IDIOMES,ITALIÀ - NIVELL BÀSIC,1,421,256,165,18,6
2018/2019,2018,ENSENYAMENTS D'IDIOMES,ITALIÀ - NIVELL BÀSIC,2,239,167,72,15,6
2018/2019,2018,ENSENYAMENTS D'IDIOMES,ITALIÀ - NIVELL INTERMEDI,1,257,166,91,9,6
2018/2019,2018,ENSENYAMENTS D'IDIOMES,JAPONÈS - NIVELL AVANÇAT,1,35,15,20,1,1
2018/2019,2018,ENSENYAMENTS D'IDIOMES,JAPONÈS - NIVELL AVANÇAT,2,12,8,4,0,1
2018/2019,2018,ENSENYAMENTS D'IDIOMES,JAPONÈS - NIVELL BÀSIC,1,204,95,109,7,1
2018/2019,2018,ENSENYAMENTS D'IDIOMES,JAPONÈS - NIVELL BÀSIC,2,91,44,47,3,1
2018/2019,2018,ENSENYAMENTS D'IDIOMES,JAPONÈS - NIVELL INTERMEDI,1,59,40,19,4,1
2018/2019,2018,ENSENYAMENTS D'IDIOMES,JAPONÈS - NIVELL INTERMEDI,2,55,22,33,1,1
2018/2019,2018,ENSENYAMENTS D'IDIOMES,NEERLANDÈS - NIVELL AVANÇAT,1,15,9,6,1,1
2018/2019,2018,ENSENYAMENTS D'IDIOMES,NEERLANDÈS - NIVELL AVANÇAT,2,17,11,6,1,1
2018/2019,2018,ENSENYAMENTS D'IDIOMES,NEERLANDÈS - NIVELL BÀSIC,1,38,19,19,2,1
2018/2019,2018,ENSENYAMENTS D'IDIOMES,NEERLANDÈS - NIVELL BÀSIC,2,27,21,6,1,1
2018/2019,2018,ENSENYAMENTS D'IDIOMES,NEERLANDÈS - NIVELL INTERMEDI,1,24,15,9,1,1
2018/2019,2018,ENSENYAMENTS D'IDIOMES,PORTUGUÈS - NIVELL AVANÇAT,1,18,10,8,1,1
2018/2019,2018,ENSENYAMENTS D'IDIOMES,PORTUGUÈS - NIVELL AVANÇAT,2,29,21,8,1,1
2018/2019,2018,ENSENYAMENTS D'IDIOMES,PORTUGUÈS - NIVELL BÀSIC,1,61,41,20,2,1
2018/2019,2018,ENSENYAMENTS D'IDIOMES,PORTUGUÈS - NIVELL BÀSIC,2,33,19,14,1,1
2018/2019,2018,ENSENYAMENTS D'IDIOMES,PORTUGUÈS - NIVELL INTERMEDI,1,31,16,15,1,1
2018/2019,2018,ENSENYAMENTS D'IDIOMES,RUS - NIVELL AVANÇAT,1,37,19,18,3,3
2018/2019,2018,ENSENYAMENTS D'IDIOMES,RUS - NIVELL AVANÇAT,2,53,29,24,0,3
2018/2019,2018,ENSENYAMENTS D'IDIOMES,RUS - NIVELL BÀSIC,1,265,146,119,14,7
2018/2019,2018,ENSENYAMENTS D'IDIOMES,RUS - NIVELL BÀSIC,2,157,73,84,9,7
2018/2019,2018,ENSENYAMENTS D'IDIOMES,RUS - NIVELL INTERMEDI,1,80,45,35,11,4
2018/2019,2018,ENSENYAMENTS D'IDIOMES,RUS - NIVELL INTERMEDI,2,80,34,46,3,4
2018/2019,2018,ENSENYAMENTS D'IDIOMES,XINÈS - NIVELL AVANÇAT,1,13,9,4,1,1
2018/2019,2018,ENSENYAMENTS D'IDIOMES,XINÈS - NIVELL AVANÇAT,2,14,10,4,0,1
2018/2019,2018,ENSENYAMENTS D'IDIOMES,XINÈS - NIVELL BÀSIC,1,206,105,101,7,1
2018/2019,2018,ENSENYAMENTS D'IDIOMES,XINÈS - NIVELL BÀSIC,2,104,59,45,4,1
2018/2019,2018,ENSENYAMENTS D'IDIOMES,XINÈS - NIVELL INTERMEDI,1,53,33,20,4,1
2018/2019,2018,ENSENYAMENTS D'IDIOMES,XINÈS - NIVELL INTERMEDI,2,32,23,9,1,1
2018/2019,2018,ENSENYAMENTS D'IDIOMES,ÀRAB - NIVELL AVANÇAT,1,15,9,6,1,1
2018/2019,2018,ENSENYAMENTS D'IDIOMES,ÀRAB - NIVELL AVANÇAT,2,19,9,10,0,1
2018/2019,2018,ENSENYAMENTS D'IDIOMES,ÀRAB - NIVELL BÀSIC,1,282,188,94,14,5
2018/2019,2018,ENSENYAMENTS D'IDIOMES,ÀRAB - NIVELL BÀSIC,2,141,96,45,10,5
2018/2019,2018,ENSENYAMENTS D'IDIOMES,ÀRAB - NIVELL INTERMEDI,1,73,41,32,10,4
2018/2019,2018,ENSENYAMENTS D'IDIOMES,ÀRAB - NIVELL INTERMEDI,2,47,31,16,1,4
2018/2019,2018,ENSENYAMENTS D'IDIOMES,ÈUSCAR - NIVELL AVANÇAT,1,11,7,4,1,1
2018/2019,2018,ENSENYAMENTS D'IDIOMES,ÈUSCAR - NIVELL AVANÇAT,2,10,5,5,1,1
2018/2019,2018,ENSENYAMENTS D'IDIOMES,ÈUSCAR - NIVELL BÀSIC,1,42,20,22,2,1
2018/2019,2018,ENSENYAMENTS D'IDIOMES,ÈUSCAR - NIVELL BÀSIC,2,21,9,12,1,1
2018/2019,2018,ENSENYAMENTS D'IDIOMES,ÈUSCAR - NIVELL INTERMEDI,1,15,9,6,1,1
2018/2019,2018,ENSENYAMENTS ESPORTIUS,TÈCNIC D'ESPORT EN ALTA MUNTANYA,1,1,1,0,0,1
2018/2019,2018,ENSENYAMENTS ESPORTIUS,TÈCNIC D'ESPORT EN ALTA MUNTANYA,2,14,2,12,2,2
2018/2019,2018,ENSENYAMENTS ESPORTIUS,TÈCNIC D'ESPORT EN ATLETISME,2,1,1,0,1,1
2018/2019,2018,ENSENYAMENTS ESPORTIUS,TÈCNIC D'ESPORT EN DESCENS DE BARRANCS,1,1,0,1,0,1
2018/2019,2018,ENSENYAMENTS ESPORTIUS,TÈCNIC D'ESPORT EN DESCENS DE BARRANCS,2,48,5,43,3,3
2018/2019,2018,ENSENYAMENTS ESPORTIUS,TÈCNIC D'ESPORT EN ESCALADA,1,3,0,3,0,1
2018/2019,2018,ENSENYAMENTS ESPORTIUS,TÈCNIC D'ESPORT EN ESCALADA,2,27,2,25,3,2
2018/2019,2018,ENSENYAMENTS ESPORTIUS,TÈCNIC D'ESPORT EN ESQUÍ ALPÍ,1,420,180,240,10,7
2018/2019,2018,ENSENYAMENTS ESPORTIUS,TÈCNIC D'ESPORT EN ESQUÍ ALPÍ,2,196,57,139,9,7
2018/2019,2018,ENSENYAMENTS ESPORTIUS,TÈCNIC D'ESPORT EN ESQUÍ DE FONS,1,8,6,2,3,3
2018/2019,2018,ENSENYAMENTS ESPORTIUS,TÈCNIC D'ESPORT EN ESQUÍ DE FONS,2,10,2,8,1,1
2018/2019,2018,ENSENYAMENTS ESPORTIUS,TÈCNIC D'ESPORT EN FUTBOL,1,650,27,623,11,26
2018/2019,2018,ENSENYAMENTS ESPORTIUS,TÈCNIC D'ESPORT EN FUTBOL,2,486,16,470,6,24
2018/2019,2018,ENSENYAMENTS ESPORTIUS,TÈCNIC D'ESPORT EN FUTBOL SALA,1,42,5,37,2,3
2018/2019,2018,ENSENYAMENTS ESPORTIUS,TÈCNIC D'ESPORT EN FUTBOL SALA,2,8,0,8,1,2
2018/2019,2018,ENSENYAMENTS ESPORTIUS,TÈCNIC D'ESPORT EN HANDBOL,1,10,0,10,3,3
2018/2019,2018,ENSENYAMENTS ESPORTIUS,TÈCNIC D'ESPORT EN HANDBOL,2,4,2,2,0,1
2018/2019,2018,ENSENYAMENTS ESPORTIUS,TÈCNIC D'ESPORT EN MUNTANYA MITJANA,1,245,42,203,9,7
2018/2019,2018,ENSENYAMENTS ESPORTIUS,TÈCNIC D'ESPORT EN MUNTANYA MITJANA,2,121,17,104,8,7
2018/2019,2018,ENSENYAMENTS ESPORTIUS,TÈCNIC D'ESPORT EN SURF DE NEU,1,99,26,73,9,7
2018/2019,2018,ENSENYAMENTS ESPORTIUS,TÈCNIC D'ESPORT EN SURF DE NEU,2,43,7,36,6,5
2018/2019,2018,ENSENYAMENTS ESPORTIUS,TÈCNIC ESPORTIU EN ATLETISME,1,31,6,25,3,4
2018/2019,2018,ENSENYAMENTS ESPORTIUS,TÈCNIC ESPORTIU EN ATLETISME,2,15,7,8,2,3
2018/2019,2018,ENSENYAMENTS ESPORTIUS,TÈCNIC ESPORTIU EN BASQUETBOL,1,59,13,46,4,5
2018/2019,2018,ENSENYAMENTS ESPORTIUS,TÈCNIC ESPORTIU EN BASQUETBOL,2,44,6,38,3,4
2018/2019,2018,ENSENYAMENTS ESPORTIUS,TÈCNIC ESPORTIU EN BUSSEIG ESPORTIU AMB ESCAFANDRE AUTÒNOM,1,11,2,9,2,2
2018/2019,2018,ENSENYAMENTS ESPORTIUS,TÈCNIC ESPORTIU EN BUSSEIG ESPORTIU AMB ESCAFANDRE AUTÒNOM,2,13,2,11,2,3
2018/2019,2018,ENSENYAMENTS ESPORTIUS,TÈCNIC ESPORTIU EN ESGRIMA,1,5,0,5,2,1
2018/2019,2018,ENSENYAMENTS ESPORTIUS,TÈCNIC ESPORTIU EN ESGRIMA,2,7,2,5,0,1
2018/2019,2018,ENSENYAMENTS ESPORTIUS,TÈCNIC ESPORTIU EN ESPELEOLOGIA,1,4,0,4,2,1
2018/2019,2018,ENSENYAMENTS ESPORTIUS,TÈCNIC ESPORTIU EN ESPELEOLOGIA,2,16,0,16,0,1
2018/2019,2018,ENSENYAMENTS ESPORTIUS,TÈCNIC ESPORTIU EN JUDO I DEFENSA PERSONAL,1,25,6,19,2,1
2018/2019,2018,ENSENYAMENTS ESPORTIUS,TÈCNIC ESPORTIU EN LES DISCIPLINES HÍPIQUES DE RESISTÈNCIA ORIENTACIÓ I TURISME EQÜESTRE,1,115,83,32,0,5
2018/2019,2018,ENSENYAMENTS ESPORTIUS,TÈCNIC ESPORTIU EN LES DISCIPLINES HÍPIQUES DE RESISTÈNCIA ORIENTACIÓ I TURISME EQÜESTRE,2,41,29,12,0,4
2018/2019,2018,ENSENYAMENTS ESPORTIUS,TÈCNIC ESPORTIU EN PIRAGÜISME EN AIGÜES BRAVES,1,4,1,3,0,2
2018/2019,2018,ENSENYAMENTS ESPORTIUS,TÈCNIC ESPORTIU EN PIRAGÜISME EN AIGÜES BRAVES,2,1,0,1,1,1
2018/2019,2018,ENSENYAMENTS ESPORTIUS,TÈCNIC ESPORTIU EN PIRAGÜISME EN AIGÜES TRANQUIL·LES,1,1,1,0,1,1
2018/2019,2018,ENSENYAMENTS ESPORTIUS,TÈCNIC ESPORTIU EN PIRAGÜISME RECREATIU GUIA EN AIGÜES BRAVES,1,55,11,44,2,1
2018/2019,2018,ENSENYAMENTS ESPORTIUS,TÈCNIC ESPORTIU EN PIRAGÜISME RECREATIU GUIA EN AIGÜES BRAVES,2,10,0,10,3,1
2018/2019,2018,ENSENYAMENTS ESPORTIUS,TÈCNIC ESPORTIU EN SALVAMENT I SOCORRISME,1,623,131,492,16,23
2018/2019,2018,ENSENYAMENTS ESPORTIUS,TÈCNIC ESPORTIU EN SALVAMENT I SOCORRISME,2,133,16,117,7,10
2018/2019,2018,ENSENYAMENTS ESPORTIUS,TÈCNIC ESPORTIU EN VELA AMB APARELL FIX,1,119,33,86,3,3
2018/2019,2018,ENSENYAMENTS ESPORTIUS,TÈCNIC ESPORTIU EN VELA AMB APARELL FIX,2,31,7,24,2,2
2018/2019,2018,ENSENYAMENTS ESPORTIUS,TÈCNIC ESPORTIU EN VELA AMB APARELL LLIURE,1,5,1,4,1,1
2018/2019,2018,ENSENYAMENTS ESPORTIUS,TÈCNIC ESPORTIU SUPERIOR EN ATLETISME,1,10,2,8,2,1
2018/2019,2018,ENSENYAMENTS ESPORTIUS,TÈCNIC ESPORTIU SUPERIOR EN BASQUETBOL,1,22,2,20,2,1
2018/2019,2018,ENSENYAMENTS ESPORTIUS,TÈCNIC ESPORTIU SUPERIOR EN HÍPICA,1,12,9,3,0,3
2018/2019,2018,ENSENYAMENTS ESPORTIUS,TÈCNIC ESPORTIU SUPERIOR EN SALVAMENT I SOCORRISME,1,39,6,33,4,4
2018/2019,2018,ENSENYAMENTS ESPORTIUS,"TÈCNIC ESPOTIU EN LES DISCIPLINES HÍPIQUES DE SALT, DOMA I CONCURS COMPLET",1,35,24,11,2,4
2018/2019,2018,ENSENYAMENTS ESPORTIUS,"TÈCNIC ESPOTIU EN LES DISCIPLINES HÍPIQUES DE SALT, DOMA I CONCURS COMPLET",2,28,18,10,2,4
2018/2019,2018,ENSENYAMENTS ESPORTIUS,TÈCNIC SUPERIOR D'ESPORT EN ALTA MUNTANYA,1,1,0,1,1,1
2018/2019,2018,ENSENYAMENTS ESPORTIUS,TÈCNIC SUPERIOR D'ESPORT EN ESCALADA,1,10,1,9,2,1
2018/2019,2018,ENSENYAMENTS ESPORTIUS,TÈCNIC SUPERIOR D'ESPORT EN ESQUÍ ALPÍ,1,41,9,32,5,3
2018/2019,2018,ENSENYAMENTS ESPORTIUS,TÈCNIC SUPERIOR D'ESPORT EN ESQUÍ DE MUNTANYA,1,10,0,10,1,1
2018/2019,2018,ENSENYAMENTS ESPORTIUS,TÈCNIC SUPERIOR D'ESPORT EN FUTBOL,1,146,1,145,2,8
2018/2019,2018,ENSENYAMENTS ESPORTIUS,TÈCNIC SUPERIOR D'ESPORT EN SURF DE NEU,1,11,2,9,3,2
2018/2019,2018,ENSENYAMENTS ESPORTIUS,TÈCNIC SUPERIOR ESPORTIU EN VELA AMB APARELL FIX,1,15,6,9,2,1
2018/2019,2018,ENSENYAMENTS SUPERIORS DE DISSENY,ESDL - DISSENY D'INTERIORS,1,116,99,17,5,7
2018/2019,2018,ENSENYAMENTS SUPERIORS DE DISSENY,ESDL - DISSENY D'INTERIORS,2,87,75,12,5,7
2018/2019,2018,ENSENYAMENTS SUPERIORS DE DISSENY,ESDL - DISSENY D'INTERIORS,3,88,79,9,4,7
2018/2019,2018,ENSENYAMENTS SUPERIORS DE DISSENY,ESDL - DISSENY D'INTERIORS,4,66,47,19,4,6
2018/2019,2018,ENSENYAMENTS SUPERIORS DE DISSENY,ESDL - DISSENY DE MODA,1,171,146,25,1,3
2018/2019,2018,ENSENYAMENTS SUPERIORS DE DISSENY,ESDL - DISSENY DE MODA,2,157,125,32,1,3
2018/2019,2018,ENSENYAMENTS SUPERIORS DE DISSENY,ESDL - DISSENY DE MODA,3,150,128,22,1,3
2018/2019,2018,ENSENYAMENTS SUPERIORS DE DISSENY,ESDL - DISSENY DE MODA,4,150,133,17,1,3
2018/2019,2018,ENSENYAMENTS SUPERIORS DE DISSENY,ESDL - DISSENY DE PRODUCTES,1,70,31,39,1,3
2018/2019,2018,ENSENYAMENTS SUPERIORS DE DISSENY,ESDL - DISSENY DE PRODUCTES,2,53,24,29,1,3
2018/2019,2018,ENSENYAMENTS SUPERIORS DE DISSENY,ESDL - DISSENY DE PRODUCTES,3,53,21,32,1,3
2018/2019,2018,ENSENYAMENTS SUPERIORS DE DISSENY,ESDL - DISSENY DE PRODUCTES,4,35,13,22,1,2
2018/2019,2018,ENSENYAMENTS SUPERIORS DE DISSENY,ESDL - DISSENY GRÀFIC,1,139,100,39,6,8
2018/2019,2018,ENSENYAMENTS SUPERIORS DE DISSENY,ESDL - DISSENY GRÀFIC,2,122,78,44,6,8
2018/2019,2018,ENSENYAMENTS SUPERIORS DE DISSENY,ESDL - DISSENY GRÀFIC,3,117,78,39,6,8
2018/2019,2018,ENSENYAMENTS SUPERIORS DE DISSENY,ESDL - DISSENY GRÀFIC,4,122,78,44,5,7
2018/2019,2018,FORMACIÓ PROFESSIONAL,CFPM - ACTIVITATS COMERCIALAS (LOGÍSTICA),1,58,15,43,3,3
2018/2019,2018,FORMACIÓ PROFESSIONAL,CFPM - ACTIVITATS COMERCIALAS (LOGÍSTICA),2,36,15,21,2,2
2018/2019,2018,FORMACIÓ PROFESSIONAL,CFPM - ACTIVITATS COMERCIALS,1,1830,780,1050,68,63
2018/2019,2018,FORMACIÓ PROFESSIONAL,CFPM - ACTIVITATS COMERCIALS,2,1433,648,785,66,62
2018/2019,2018,FORMACIÓ PROFESSIONAL,CFPM - ACTIVITATS COMERCIALS (PRODUCTES FRESCOS),1,13,5,8,1,1
2018/2019,2018,FORMACIÓ PROFESSIONAL,CFPM - ACTIVITATS COMERCIALS (PRODUCTES FRESCOS),2,10,5,5,1,1
2018/2019,2018,FORMACIÓ PROFESSIONAL,CFPM - ACTIVITATS COMERCIALS (TÈXTIL),1,51,32,19,2,2
2018/2019,2018,FORMACIÓ PROFESSIONAL,CFPM - ACTIVITATS COMERCIALS (TÈXTIL),2,33,19,14,2,2
2018/2019,2018,FORMACIÓ PROFESSIONAL,CFPM - ACTIVITATS EQÜESTRES,1,42,30,12,1,3
2018/2019,2018,FORMACIÓ PROFESSIONAL,CFPM - APROFITAMENT I CONSERVACIÓ DEL MEDI NATURAL,1,83,4,79,3,3
2018/2019,2018,FORMACIÓ PROFESSIONAL,CFPM - APROFITAMENT I CONSERVACIÓ DEL MEDI NATURAL,2,77,4,73,4,3
2018/2019,2018,FORMACIÓ PROFESSIONAL,CFPM - ATENCIÓ A PERSONES EN SITUACIÓ DE DEPENDÈNCIA,1,2452,2041,411,101,75
2018/2019,2018,FORMACIÓ PROFESSIONAL,CFPM - ATENCIÓ A PERSONES EN SITUACIÓ DE DEPENDÈNCIA,2,2208,1846,362,100,73
2018/2019,2018,FORMACIÓ PROFESSIONAL,CFPM - ATENCIÓ A PERSONES EN SITUACIÓ DE DEPENDÊNCIA,NA,302,238,64,0,1
2018/2019,2018,FORMACIÓ PROFESSIONAL,CFPM - CARROSSERIA,1,549,22,527,20,22
2018/2019,2018,FORMACIÓ PROFESSIONAL,CFPM - CARROSSERIA,2,400,13,387,17,20
2018/2019,2018,FORMACIÓ PROFESSIONAL,CFPM - CARROSSERIA,P,2,0,2,0,1
2018/2019,2018,FORMACIÓ PROFESSIONAL,CFPM - CONDUCCIÓ D'ACTIVITATS FISICOESPORTIVES EN EL MEDI NATURAL,1,2418,428,1990,44,49
2018/2019,2018,FORMACIÓ PROFESSIONAL,CFPM - CONDUCCIÓ DE VEHICLES DE TRANSPORT PER CARRETERA,1,8,2,6,1,1
2018/2019,2018,FORMACIÓ PROFESSIONAL,CFPM - CONDUCCIÓ DE VEHICLES DE TRANSPORT PER CARRETERA,2,4,0,4,1,1
2018/2019,2018,FORMACIÓ PROFESSIONAL,CFPM - CONFECCIÓ I MODA,1,177,140,37,6,6
2018/2019,2018,FORMACIÓ PROFESSIONAL,CFPM - CONFECCIÓ I MODA,2,119,108,11,6,6
2018/2019,2018,FORMACIÓ PROFESSIONAL,CFPM - CONSTRUCCIÓ,1,31,8,23,6,2
2018/2019,2018,FORMACIÓ PROFESSIONAL,CFPM - CONSTRUCCIÓ,2,20,1,19,6,2
2018/2019,2018,FORMACIÓ PROFESSIONAL,CFPM - CUINA I GASTRONOMIA,1,946,291,655,30,24
2018/2019,2018,FORMACIÓ PROFESSIONAL,CFPM - CUINA I GASTRONOMIA,2,1258,392,866,32,24
2018/2019,2018,FORMACIÓ PROFESSIONAL,CFPM - CULTIUS AQÜÍCOLES,1,16,3,13,1,1
2018/2019,2018,FORMACIÓ PROFESSIONAL,CFPM - CULTIUS AQÜÍCOLES,2,16,2,14,1,1
2018/2019,2018,FORMACIÓ PROFESSIONAL,CFPM - CURES AUXILIARS D'INFERMERIA,1,9428,7665,1763,152,81
2018/2019,2018,FORMACIÓ PROFESSIONAL,CFPM - CURES AUXILIARS D'INFERMERIA,2,56,45,11,0,4
2018/2019,2018,FORMACIÓ PROFESSIONAL,CFPM - CURES AUXILIARS D'INFERMERIA,P,57,49,8,0,6
2018/2019,2018,FORMACIÓ PROFESSIONAL,CFPM - CURES AUXILIARS D'INFERMERIA,NA,1074,871,203,0,1
2018/2019,2018,FORMACIÓ PROFESSIONAL,CFPM - ELABORACIÓ DE PRODUCTES ALIMENTARIS,1,141,64,77,12,8
2018/2019,2018,FORMACIÓ PROFESSIONAL,CFPM - ELABORACIÓ DE PRODUCTES ALIMENTARIS,2,109,44,65,12,8
2018/2019,2018,FORMACIÓ PROFESSIONAL,CFPM - ELECTROMECÀNICA DE MAQUINÀRIA,1,87,2,85,4,4
2018/2019,2018,FORMACIÓ PROFESSIONAL,CFPM - ELECTROMECÀNICA DE MAQUINÀRIA,2,56,1,55,4,4
2018/2019,2018,FORMACIÓ PROFESSIONAL,CFPM - ELECTROMECÀNICA DE VEHICLES,1,2087,73,2014,69,44
2018/2019,2018,FORMACIÓ PROFESSIONAL,CFPM - ELECTROMECÀNICA DE VEHICLES,2,1772,53,1719,65,45
2018/2019,2018,FORMACIÓ PROFESSIONAL,CFPM - ELECTROMECÀNICA DE VEHICLES,P,3,0,3,0,1
2018/2019,2018,FORMACIÓ PROFESSIONAL,CFPM - ELECTROMECÀNICA DE VEHICLES (AVIONS),1,22,2,20,1,1
2018/2019,2018,FORMACIÓ PROFESSIONAL,CFPM - ELECTROMECÀNICA DE VEHICLES (AVIONS),2,27,1,26,1,1
2018/2019,2018,FORMACIÓ PROFESSIONAL,CFPM - ELECTROMECÀNICA DE VEHICLES (INDUSTRIALS),1,66,0,66,3,3
2018/2019,2018,FORMACIÓ PROFESSIONAL,CFPM - ELECTROMECÀNICA DE VEHICLES (INDUSTRIALS),2,75,1,74,3,3
2018/2019,2018,FORMACIÓ PROFESSIONAL,CFPM - EMERGÈNCIES I PROTECCIÓ CIVIL,1,7,0,7,0,1
2018/2019,2018,FORMACIÓ PROFESSIONAL,CFPM - EMERGÈNCIES I PROTECCIÓ CIVIL,2,10,0,10,0,1
2018/2019,2018,FORMACIÓ PROFESSIONAL,CFPM - EMERGÈNCIES I PROTECCIÓ CIVIL,NA,197,6,191,0,1
2018/2019,2018,FORMACIÓ PROFESSIONAL,CFPM - EMERGÈNCIES SANITÀRIES,1,738,306,432,19,19
2018/2019,2018,FORMACIÓ PROFESSIONAL,CFPM - EMERGÈNCIES SANITÀRIES,2,693,242,451,19,19
2018/2019,2018,FORMACIÓ PROFESSIONAL,CFPM - EMERGÈNCIES SANITÀRIES,NA,354,94,260,0,1
2018/2019,2018,FORMACIÓ PROFESSIONAL,CFPM - ESTÈTICA I BELLESA,1,975,947,28,28,28
2018/2019,2018,FORMACIÓ PROFESSIONAL,CFPM - ESTÈTICA I BELLESA,2,869,851,18,28,28
2018/2019,2018,FORMACIÓ PROFESSIONAL,CFPM - ESTÈTICA PERSONAL DECORATIVA,1,1,1,0,0,1
2018/2019,2018,FORMACIÓ PROFESSIONAL,CFPM - EXCAVACIONS I SONDATGES (OPERACIONS DE MAQUINÀRIA DE LA CONSTRUCCIÓ),1,18,1,17,1,1
2018/2019,2018,FORMACIÓ PROFESSIONAL,CFPM - EXCAVACIONS I SONDATGES (OPERACIONS DE MAQUINÀRIA DE LA CONSTRUCCIÓ),2,25,0,25,1,1
2018/2019,2018,FORMACIÓ PROFESSIONAL,CFPM - EXCAVACIONSCFPM - EXCAVACIONS I SONDATGES,1,25,3,22,1,1
2018/2019,2018,FORMACIÓ PROFESSIONAL,CFPM - EXCAVACIONSCFPM - EXCAVACIONS I SONDATGES,2,18,1,17,1,1
2018/2019,2018,FORMACIÓ PROFESSIONAL,CFPM - FABRICACIÓ I ENNOBLIMENT DE PRODUCTES TEXTILS (GENERES DE PUNT),1,13,8,5,1,1
2018/2019,2018,FORMACIÓ PROFESSIONAL,CFPM - FABRICACIÓ I ENNOBLIMENT DE PRODUCTES TEXTILS (GENERES DE PUNT),2,7,6,1,1,1
2018/2019,2018,FORMACIÓ PROFESSIONAL,CFPM - FABRICACIÓ I ENNOBLIMENT DE PRODUCTES TÈXTILS,1,15,10,5,2,2
2018/2019,2018,FORMACIÓ PROFESSIONAL,CFPM - FABRICACIÓ I ENNOBLIMENT DE PRODUCTES TÈXTILS,2,18,11,7,2,2
2018/2019,2018,FORMACIÓ PROFESSIONAL,CFPM - FARMÀCIA I PARAFARMÀCIA,1,1196,938,258,37,29
2018/2019,2018,FORMACIÓ PROFESSIONAL,CFPM - FARMÀCIA I PARAFARMÀCIA,2,1091,850,241,37,29
2018/2019,2018,FORMACIÓ PROFESSIONAL,CFPM - FARMÀCIA I PARAFARMÀCIA,P,3,3,0,0,1
2018/2019,2018,FORMACIÓ PROFESSIONAL,"CFPM - FORNERIA, PASTISSERIA I CONFITERIA",1,347,195,152,14,14
2018/2019,2018,FORMACIÓ PROFESSIONAL,"CFPM - FORNERIA, PASTISSERIA I CONFITERIA",2,465,270,195,16,16
2018/2019,2018,FORMACIÓ PROFESSIONAL,CFPM - FUSTERIA I MOBLE,1,108,14,94,10,6
2018/2019,2018,FORMACIÓ PROFESSIONAL,CFPM - FUSTERIA I MOBLE,2,102,8,94,11,7
2018/2019,2018,FORMACIÓ PROFESSIONAL,CFPM - GESTIÓ ADMINISTRATIVA,1,3953,2136,1817,199,130
2018/2019,2018,FORMACIÓ PROFESSIONAL,CFPM - GESTIÓ ADMINISTRATIVA,2,2937,1660,1277,198,130
2018/2019,2018,FORMACIÓ PROFESSIONAL,CFPM - GESTIÓ ADMINISTRATIVA,P,1,0,1,0,1
2018/2019,2018,FORMACIÓ PROFESSIONAL,CFPM - GESTIÓ ADMINISTRATIVA,NA,857,668,189,0,1
2018/2019,2018,FORMACIÓ PROFESSIONAL,CFPM - GESTIÓ ADMINISTRATIVA (ÀMBIT JURÍDIC),1,328,225,103,13,13
2018/2019,2018,FORMACIÓ PROFESSIONAL,CFPM - GESTIÓ ADMINISTRATIVA (ÀMBIT JURÍDIC),2,259,198,61,13,13
2018/2019,2018,FORMACIÓ PROFESSIONAL,CFPM - GESTIÓ ADMINISTRATIVA (ÀMBIT SANITARI),1,51,30,21,2,2
2018/2019,2018,FORMACIÓ PROFESSIONAL,CFPM - GESTIÓ ADMINISTRATIVA (ÀMBIT SANITARI),2,71,36,35,3,3
2018/2019,2018,FORMACIÓ PROFESSIONAL,CFPM - IMPRESSIÓ GRÀFICA,1,52,16,36,2,2
2018/2019,2018,FORMACIÓ PROFESSIONAL,CFPM - IMPRESSIÓ GRÀFICA,2,50,15,35,2,2
2018/2019,2018,FORMACIÓ PROFESSIONAL,CFPM - IMPRESSIÓ GRÀFICA (IMPRESSIÓ GRÀFICA I CONVERTING),1,15,1,14,1,1
2018/2019,2018,FORMACIÓ PROFESSIONAL,CFPM - IMPRESSIÓ GRÀFICA (IMPRESSIÓ GRÀFICA I CONVERTING),2,21,2,19,1,1
2018/2019,2018,FORMACIÓ PROFESSIONAL,CFPM - INSTAL·LACIONS DE PRODUCCIÓ DE CALOR,1,70,2,68,8,4
2018/2019,2018,FORMACIÓ PROFESSIONAL,CFPM - INSTAL·LACIONS DE PRODUCCIÓ DE CALOR,2,85,0,85,6,6
2018/2019,2018,FORMACIÓ PROFESSIONAL,CFPM - INSTAL·LACIONS DE TELECOMUNICACIONS,1,365,13,352,30,18
2018/2019,2018,FORMACIÓ PROFESSIONAL,CFPM - INSTAL·LACIONS DE TELECOMUNICACIONS,2,317,11,306,33,21
2018/2019,2018,FORMACIÓ PROFESSIONAL,CFPM - INSTAL·LACIONS ELÈCTRIQUES I AUTOMÀTIQUES,1,1260,25,1235,59,50
2018/2019,2018,FORMACIÓ PROFESSIONAL,CFPM - INSTAL·LACIONS ELÈCTRIQUES I AUTOMÀTIQUES,2,952,26,926,60,51
2018/2019,2018,FORMACIÓ PROFESSIONAL,CFPM - INSTAL·LACIONS ELÈCTRIQUES I AUTOMÀTIQUES,NA,342,18,324,0,1
2018/2019,2018,FORMACIÓ PROFESSIONAL,CFPM - INSTAL·LACIONS FRIGORÍFIQUES I DE CLIMATITZACIÓ,1,122,0,122,10,6
2018/2019,2018,FORMACIÓ PROFESSIONAL,CFPM - INSTAL·LACIONS FRIGORÍFIQUES I DE CLIMATITZACIÓ,2,125,0,125,16,8
2018/2019,2018,FORMACIÓ PROFESSIONAL,CFPM - INSTAL·LACIÓ i MOBLAMENT,1,60,7,53,3,3
2018/2019,2018,FORMACIÓ PROFESSIONAL,CFPM - INSTAL·LACIÓ i MOBLAMENT,2,54,6,48,4,4
2018/2019,2018,FORMACIÓ PROFESSIONAL,CFPM - JARDINERIA I FLORISTERIA,1,191,31,160,12,12
2018/2019,2018,FORMACIÓ PROFESSIONAL,CFPM - JARDINERIA I FLORISTERIA,2,201,38,163,12,12
2018/2019,2018,FORMACIÓ PROFESSIONAL,CFPM - MANTENIMENT D'EMBARCACIONS D'ESBARJO,1,129,6,123,6,5
2018/2019,2018,FORMACIÓ PROFESSIONAL,CFPM - MANTENIMENT DE MATERIAL RODANT FERROVIARI,1,29,0,29,1,1
2018/2019,2018,FORMACIÓ PROFESSIONAL,CFPM - MANTENIMENT DE MATERIAL RODANT FERROVIARI,2,17,0,17,1,1
2018/2019,2018,FORMACIÓ PROFESSIONAL,CFPM - MANTENIMENT ELECTROMECÀNIC,1,827,23,804,35,35
2018/2019,2018,FORMACIÓ PROFESSIONAL,CFPM - MANTENIMENT ELECTROMECÀNIC,2,758,19,739,37,38
2018/2019,2018,FORMACIÓ PROFESSIONAL,CFPM - MANTENIMENT ELECTROMECÀNIC ( VAIXLLS D'ESBARJO I SERVEIS PORTUARIS,2,92,3,89,6,5
2018/2019,2018,FORMACIÓ PROFESSIONAL,CFPM - MANTENIMENT I CONTROL DE LA MAQUINÀRIA DE VAIXELLS I EMBARCACIONS,1,25,1,24,1,1
2018/2019,2018,FORMACIÓ PROFESSIONAL,CFPM - MANTENIMENT I CONTROL DE LA MAQUINÀRIA DE VAIXELLS I EMBARCACIONS,2,13,0,13,1,1
2018/2019,2018,FORMACIÓ PROFESSIONAL,CFPM - MECANITZACIÓ,1,657,29,628,27,25
2018/2019,2018,FORMACIÓ PROFESSIONAL,CFPM - MECANITZACIÓ,2,580,12,568,25,25
2018/2019,2018,FORMACIÓ PROFESSIONAL,CFPM - MECANITZACIÓ,P,5,0,5,0,1
2018/2019,2018,FORMACIÓ PROFESSIONAL,CFPM - MECANITZACIÓ (RELLOTGERIA),1,8,1,7,1,1
2018/2019,2018,FORMACIÓ PROFESSIONAL,CFPM - MECANITZACIÓ (RELLOTGERIA),2,18,2,16,1,1
2018/2019,2018,FORMACIÓ PROFESSIONAL,CFPM - NAVEGACIÓ I PESCA LITORAL,1,30,4,26,1,1
2018/2019,2018,FORMACIÓ PROFESSIONAL,CFPM - NAVEGACIÓ I PESCA LITORAL,2,24,2,22,1,1
2018/2019,2018,FORMACIÓ PROFESSIONAL,"CFPM - OBRES D'INTERIOR, DECORACIÓ i REHABILITACIÓ",1,45,11,34,16,4
2018/2019,2018,FORMACIÓ PROFESSIONAL,"CFPM - OBRES D'INTERIOR, DECORACIÓ i REHABILITACIÓ",2,40,12,28,16,4
2018/2019,2018,FORMACIÓ PROFESSIONAL,CFPM - OLIS D'OLIVA I VINS,1,54,13,41,8,4
2018/2019,2018,FORMACIÓ PROFESSIONAL,CFPM - OLIS D'OLIVA I VINS,2,60,9,51,9,5
2018/2019,2018,FORMACIÓ PROFESSIONAL,CFPM - OPERACIONS DE LABORATORI,1,350,183,167,13,13
2018/2019,2018,FORMACIÓ PROFESSIONAL,CFPM - OPERACIONS DE LABORATORI,2,264,117,147,13,13
2018/2019,2018,FORMACIÓ PROFESSIONAL,CFPM - OPERACIONS SUBAQUÀTIQUES I HIPERBÀRIQUES,1,17,0,17,1,1
2018/2019,2018,FORMACIÓ PROFESSIONAL,CFPM - OPERACIONS SUBAQUÀTIQUES I HIPERBÀRIQUES,2,29,1,28,1,1
2018/2019,2018,FORMACIÓ PROFESSIONAL,CFPM - PEDRA NATURAL,1,5,0,5,1,1
2018/2019,2018,FORMACIÓ PROFESSIONAL,CFPM - PEDRA NATURAL,2,6,0,6,1,1
2018/2019,2018,FORMACIÓ PROFESSIONAL,CFPM - PERRUQUERIA I COSMÈTICA CAPIL·LAR,1,854,662,192,41,37
2018/2019,2018,FORMACIÓ PROFESSIONAL,CFPM - PERRUQUERIA I COSMÈTICA CAPIL·LAR,2,671,570,101,40,36
2018/2019,2018,FORMACIÓ PROFESSIONAL,CFPM - PLANTA QUÍMICA,1,27,4,23,1,1
2018/2019,2018,FORMACIÓ PROFESSIONAL,CFPM - PLANTA QUÍMICA,2,22,0,22,1,1
2018/2019,2018,FORMACIÓ PROFESSIONAL,CFPM - PLANTA QUÍMICA (PRODUCTES FARMACÈUTICS I COSMÈTICS),1,92,40,52,4,4
2018/2019,2018,FORMACIÓ PROFESSIONAL,CFPM - PLANTA QUÍMICA (PRODUCTES FARMACÈUTICS I COSMÈTICS),2,72,33,39,4,4
2018/2019,2018,FORMACIÓ PROFESSIONAL,CFPM - POSTIMPRESSIÓ I ACABATS GRÀFICS,1,15,3,12,5,1
2018/2019,2018,FORMACIÓ PROFESSIONAL,CFPM - POSTIMPRESSIÓ I ACABATS GRÀFICS,2,17,9,8,5,1
2018/2019,2018,FORMACIÓ PROFESSIONAL,CFPM - PREIMPRESSIÓ DIGITAL,1,365,134,231,13,9
2018/2019,2018,FORMACIÓ PROFESSIONAL,CFPM - PREIMPRESSIÓ DIGITAL,2,245,85,160,11,8
2018/2019,2018,FORMACIÓ PROFESSIONAL,CFPM - PRODUCCIÓ AGROECOLÒGICA,1,33,11,22,2,2
2018/2019,2018,FORMACIÓ PROFESSIONAL,CFPM - PRODUCCIÓ AGROECOLÒGICA,2,37,8,29,2,2
2018/2019,2018,FORMACIÓ PROFESSIONAL,CFPM - PRODUCCIÓ AGROECOLÒGICA (AGRÍCOLA),1,60,10,50,4,4
2018/2019,2018,FORMACIÓ PROFESSIONAL,CFPM - PRODUCCIÓ AGROECOLÒGICA (AGRÍCOLA),2,39,4,35,3,3
2018/2019,2018,FORMACIÓ PROFESSIONAL,CFPM - PRODUCCIÓ AGROPECUÀRIA,1,128,26,102,5,5
2018/2019,2018,FORMACIÓ PROFESSIONAL,CFPM - PRODUCCIÓ AGROPECUÀRIA,2,120,21,99,5,5
2018/2019,2018,FORMACIÓ PROFESSIONAL,CFPM - PRODUCCIÓ AGROPECUÀRIA (AGRÍCOLA),1,12,0,12,1,1
2018/2019,2018,FORMACIÓ PROFESSIONAL,CFPM - PRODUCCIÓ AGROPECUÀRIA (AGRÍCOLA),2,19,0,19,1,1
2018/2019,2018,FORMACIÓ PROFESSIONAL,CFPM - PRODUCCIÓ AGROPECUÀRIA (RAMADERA),1,23,8,15,1,1
2018/2019,2018,FORMACIÓ PROFESSIONAL,CFPM - PRODUCCIÓ AGROPECUÀRIA (RAMADERA),2,22,3,19,1,1
2018/2019,2018,FORMACIÓ PROFESSIONAL,CFPM - SERVEIS EN RESTAURACIÓ,1,617,198,419,18,21
2018/2019,2018,FORMACIÓ PROFESSIONAL,CFPM - SERVEIS EN RESTAURACIÓ,2,832,276,556,20,20
2018/2019,2018,FORMACIÓ PROFESSIONAL,CFPM - SISTEMES MICROINFORMÀTICS I XARXES,1,4668,289,4379,151,103
2018/2019,2018,FORMACIÓ PROFESSIONAL,CFPM - SISTEMES MICROINFORMÀTICS I XARXES,2,3715,208,3507,145,101
2018/2019,2018,FORMACIÓ PROFESSIONAL,CFPM - SISTEMES MICROINFORMÀTICS I XARXES,P,2,0,2,0,1
2018/2019,2018,FORMACIÓ PROFESSIONAL,CFPM - SISTEMES MICROINFORMÀTICS I XARXES,NA,505,56,449,0,1
2018/2019,2018,FORMACIÓ PROFESSIONAL,CFPM - SOLDADURA I CALDERERIA,1,197,5,192,9,7
2018/2019,2018,FORMACIÓ PROFESSIONAL,CFPM - SOLDADURA I CALDERERIA,2,171,3,168,10,8
2018/2019,2018,FORMACIÓ PROFESSIONAL,CFPM - VIDEO DISCJÒQUEI I SO,1,450,83,367,10,11
2018/2019,2018,FORMACIÓ PROFESSIONAL,CFPM - VIDEO DISCJÒQUEI I SO,2,375,76,299,9,10
2018/2019,2018,FORMACIÓ PROFESSIONAL,CFPM - XARXES I ESTACIONS DE TRACTAMENT D'AIGÜES,1,29,0,29,2,2
2018/2019,2018,FORMACIÓ PROFESSIONAL,CFPM - XARXES I ESTACIONS DE TRACTAMENT D'AIGÜES,2,32,2,30,2,2
2018/2019,2018,FORMACIÓ PROFESSIONAL,CFPS - ADMINISTRACIÓ DE SISTEMES INFORMÀTICS EN XARXA,1,1311,85,1226,48,44
2018/2019,2018,FORMACIÓ PROFESSIONAL,CFPS - ADMINISTRACIÓ DE SISTEMES INFORMÀTICS EN XARXA,2,1265,82,1183,54,49
2018/2019,2018,FORMACIÓ PROFESSIONAL,CFPS - ADMINISTRACIÓ DE SISTEMES INFORMÀTICS EN XARXA,P,2,1,1,0,2
2018/2019,2018,FORMACIÓ PROFESSIONAL,CFPS - ADMINISTRACIÓ DE SISTEMES INFORMÀTICS EN XARXA,NA,708,63,645,0,1
2018/2019,2018,FORMACIÓ PROFESSIONAL,CFPS - ADMINISTRACIÓ DE SISTEMES INFORMÀTICS EN XARXA (CIBERSEGURETAT),1,148,4,144,5,5
2018/2019,2018,FORMACIÓ PROFESSIONAL,CFPS - ADMINISTRACIÓ DE SISTEMES INFORMÀTICS EN XARXA (CIBERSEGURETAT),2,37,1,36,2,2
2018/2019,2018,FORMACIÓ PROFESSIONAL,CFPS - ADMINISTRACIÓ I FINANCES,1,3114,1799,1315,127,108
2018/2019,2018,FORMACIÓ PROFESSIONAL,CFPS - ADMINISTRACIÓ I FINANCES,2,4385,2699,1686,127,106
2018/2019,2018,FORMACIÓ PROFESSIONAL,CFPS - ADMINISTRACIÓ I FINANCES,P,2,1,1,0,1
2018/2019,2018,FORMACIÓ PROFESSIONAL,CFPS - ADMINISTRACIÓ I FINANCES,NA,1820,1486,334,0,1
2018/2019,2018,FORMACIÓ PROFESSIONAL,CFPS - ADMINISTRACIÓ I FINANCES (GESTOR D'ASSEGURANCES),1,33,23,10,1,2
2018/2019,2018,FORMACIÓ PROFESSIONAL,CFPS - ADMINISTRACIÓ I FINANCES (GESTOR D'ASSEGURANCES),2,22,12,10,1,2
2018/2019,2018,FORMACIÓ PROFESSIONAL,CFPS - AGÈNCIES DE VIATGES I GESTIÓ D'ESDEVENIMENTS,1,229,176,53,6,10
2018/2019,2018,FORMACIÓ PROFESSIONAL,CFPS - AGÈNCIES DE VIATGES I GESTIÓ D'ESDEVENIMENTS,2,287,220,67,9,12
2018/2019,2018,FORMACIÓ PROFESSIONAL,CFPS - ANATOMIA PATOLÒGICA I CITODIAGNÒSTIC,1,299,240,59,6,9
2018/2019,2018,FORMACIÓ PROFESSIONAL,CFPS - ANATOMIA PATOLÒGICA I CITODIAGNÒSTIC,2,283,236,47,6,9
2018/2019,2018,FORMACIÓ PROFESSIONAL,"CFPS - ANIMACIONS EN 3D, JOCS I ENTORNS INTERACTIUS",1,463,93,370,5,12
2018/2019,2018,FORMACIÓ PROFESSIONAL,"CFPS - ANIMACIONS EN 3D, JOCS I ENTORNS INTERACTIUS",2,563,115,448,5,13
2018/2019,2018,FORMACIÓ PROFESSIONAL,"CFPS - ANIMACIONS EN 3D, JOCS I ENTORNS INTERACTIUS",NA,189,51,138,0,1
2018/2019,2018,FORMACIÓ PROFESSIONAL,CFPS - ANIMACIÓ D'ACTIVITATS FÍSIQUES I ESPORTIVES,2,2411,421,1990,67,56
2018/2019,2018,FORMACIÓ PROFESSIONAL,"CFPS - ANIMACIÓ EN 3D, JOCS i ENTORNS INTERACTIUS (MONS VIRTUALS, REALITAT AUGMENTADA i GAMIFICACIÓ)",1,255,31,224,0,2
2018/2019,2018,FORMACIÓ PROFESSIONAL,"CFPS - ANIMACIÓ EN 3D, JOCS i ENTORNS INTERACTIUS (MONS VIRTUALS, REALITAT AUGMENTADA i GAMIFICACIÓ)",2,193,35,158,0,1
2018/2019,2018,FORMACIÓ PROFESSIONAL,CFPS - ANIMACIÓ SOCIOCULTURAL I TURÍSTICA,1,216,155,61,13,13
2018/2019,2018,FORMACIÓ PROFESSIONAL,CFPS - ANIMACIÓ SOCIOCULTURAL I TURÍSTICA,2,239,156,83,13,13
2018/2019,2018,FORMACIÓ PROFESSIONAL,CFPS - AQÜICULTURA,1,17,8,9,1,1
2018/2019,2018,FORMACIÓ PROFESSIONAL,CFPS - AQÜICULTURA,2,20,2,18,1,1
2018/2019,2018,FORMACIÓ PROFESSIONAL,CFPS - ASSESSORIA D'IMATGE PERSONAL I CORPORATIVA,1,182,165,17,3,9
2018/2019,2018,FORMACIÓ PROFESSIONAL,CFPS - ASSESSORIA D'IMATGE PERSONAL I CORPORATIVA,2,192,179,13,3,9
2018/2019,2018,FORMACIÓ PROFESSIONAL,CFPS - ASSISTÈNCIA A LA DIRECCIÓ,1,256,189,67,25,14
2018/2019,2018,FORMACIÓ PROFESSIONAL,CFPS - ASSISTÈNCIA A LA DIRECCIÓ,2,464,339,125,26,16
2018/2019,2018,FORMACIÓ PROFESSIONAL,CFPS - ASSISTÈNCIA A LA DIRECCIÓ,NA,372,343,29,0,1
2018/2019,2018,FORMACIÓ PROFESSIONAL,CFPS - AUDIOLOGIA PROTÈTICA,1,64,44,20,2,3
2018/2019,2018,FORMACIÓ PROFESSIONAL,CFPS - AUDIOLOGIA PROTÈTICA,2,37,21,16,1,2
2018/2019,2018,FORMACIÓ PROFESSIONAL,CFPS - AUTOMATITZACIÓ I ROBÒTICA INDUSTRIAL,1,925,40,885,35,34
2018/2019,2018,FORMACIÓ PROFESSIONAL,CFPS - AUTOMATITZACIÓ I ROBÒTICA INDUSTRIAL,2,841,32,809,33,30
2018/2019,2018,FORMACIÓ PROFESSIONAL,CFPS - AUTOMATITZACIÓ I ROBÒTICA INDUSTRIAL,P,1,1,0,0,1
2018/2019,2018,FORMACIÓ PROFESSIONAL,CFPS - AUTOMOCIÓ,1,1063,29,1034,31,27
2018/2019,2018,FORMACIÓ PROFESSIONAL,CFPS - AUTOMOCIÓ,2,1053,29,1024,31,28
2018/2019,2018,FORMACIÓ PROFESSIONAL,CFPS - AUTOMOCIÓ,P,1,0,1,0,1
2018/2019,2018,FORMACIÓ PROFESSIONAL,CFPS - CARACTERITZACIÓ I MAQUILLATGE PROFESSIONAL,1,162,155,7,3,6
2018/2019,2018,FORMACIÓ PROFESSIONAL,CFPS - CARACTERITZACIÓ I MAQUILLATGE PROFESSIONAL,2,158,146,12,3,6
2018/2019,2018,FORMACIÓ PROFESSIONAL,CFPS - COMERÇ INTERNACIONAL,1,865,369,496,35,32
2018/2019,2018,FORMACIÓ PROFESSIONAL,CFPS - COMERÇ INTERNACIONAL,2,824,337,487,39,32
2018/2019,2018,FORMACIÓ PROFESSIONAL,CFPS - COMERÇ INTERNACIONAL,NA,389,195,194,0,1
2018/2019,2018,FORMACIÓ PROFESSIONAL,CFPS - CONDICIONAMENT FÍSIC,1,532,134,398,11,21
2018/2019,2018,FORMACIÓ PROFESSIONAL,CFPS - CONSTRUCCIONS METÀL·LIQUES,1,58,1,57,3,3
2018/2019,2018,FORMACIÓ PROFESSIONAL,CFPS - CONSTRUCCIONS METÀL·LIQUES,2,57,1,56,3,3
2018/2019,2018,FORMACIÓ PROFESSIONAL,CFPS - DESENV. D'APLICACIONS MULTIPLATAFORMA (INFORMÀTICA APLICADA A LA LOGÍSTICA),1,11,1,10,1,1
2018/2019,2018,FORMACIÓ PROFESSIONAL,CFPS - DESENV. D'APLICACIONS MULTIPLATAFORMA (INFORMÀTICA APLICADA A LA LOGÍSTICA),2,17,0,17,1,1
2018/2019,2018,FORMACIÓ PROFESSIONAL,CFPS - DESENV. D'APLICACIONS MULTIPLATAFORMA (VIDEOJOCS I OCI DIGITAL),1,217,15,202,5,7
2018/2019,2018,FORMACIÓ PROFESSIONAL,CFPS - DESENV. D'APLICACIONS MULTIPLATAFORMA (VIDEOJOCS I OCI DIGITAL),2,103,3,100,2,5
2018/2019,2018,FORMACIÓ PROFESSIONAL,CFPS - DESENVOLUPAMENT D'APLICACIONS MULTIPLATAFORMA,1,1157,94,1063,35,37
2018/2019,2018,FORMACIÓ PROFESSIONAL,CFPS - DESENVOLUPAMENT D'APLICACIONS MULTIPLATAFORMA,2,1980,179,1801,43,42
2018/2019,2018,FORMACIÓ PROFESSIONAL,CFPS - DESENVOLUPAMENT D'APLICACIONS MULTIPLATAFORMA,P,1,0,1,0,1
2018/2019,2018,FORMACIÓ PROFESSIONAL,CFPS - DESENVOLUPAMENT D'APLICACIONS MULTIPLATAFORMA,NA,729,120,609,0,1
2018/2019,2018,FORMACIÓ PROFESSIONAL,CFPS - DESENVOLUPAMENT D'APLICACIONS WEB,1,871,98,773,38,33
2018/2019,2018,FORMACIÓ PROFESSIONAL,CFPS - DESENVOLUPAMENT D'APLICACIONS WEB,2,1659,227,1432,44,43
2018/2019,2018,FORMACIÓ PROFESSIONAL,CFPS - DESENVOLUPAMENT D'APLICACIONS WEB,P,2,0,2,0,1
2018/2019,2018,FORMACIÓ PROFESSIONAL,CFPS - DESENVOLUPAMENT D'APLICACIONS WEB,NA,404,89,315,0,1
2018/2019,2018,FORMACIÓ PROFESSIONAL,CFPS - DESENVOLUPAMENT D'APLICACIONS WEB (BIOINFORMÀTICA),1,49,8,41,1,2
2018/2019,2018,FORMACIÓ PROFESSIONAL,CFPS - DESENVOLUPAMENT D'APLICACIONS WEB (BIOINFORMÀTICA),2,43,4,39,1,2
2018/2019,2018,FORMACIÓ PROFESSIONAL,CFPS - DESENVOLUPAMENT DE PROJECTES D'INSTAL·LACIONS TÈRMIQUES I DE FLUIDS,1,11,0,11,1,1
2018/2019,2018,FORMACIÓ PROFESSIONAL,CFPS - DESENVOLUPAMENT DE PROJECTES D'INSTAL·LACIONS TÈRMIQUES I DE FLUIDS,2,64,3,61,2,2
2018/2019,2018,FORMACIÓ PROFESSIONAL,CFPS - DIETÈTICA,1,1067,749,318,10,16
2018/2019,2018,FORMACIÓ PROFESSIONAL,CFPS - DIETÈTICA,2,513,324,189,10,16
2018/2019,2018,FORMACIÓ PROFESSIONAL,CFPS - DIETÈTICA,P,28,23,5,0,3
2018/2019,2018,FORMACIÓ PROFESSIONAL,CFPS - DIRECCIÓ DE CUINA,1,372,123,249,14,16
2018/2019,2018,FORMACIÓ PROFESSIONAL,CFPS - DIRECCIÓ DE CUINA,2,446,134,312,11,13
2018/2019,2018,FORMACIÓ PROFESSIONAL,CFPS - DIRECCIÓ DE SERVEIS EN RESTAURACIÓ,1,120,48,72,4,6
2018/2019,2018,FORMACIÓ PROFESSIONAL,CFPS - DIRECCIÓ DE SERVEIS EN RESTAURACIÓ,2,208,71,137,5,7
2018/2019,2018,FORMACIÓ PROFESSIONAL,CFPS - DISSENY EN FABRICACIÓ MECÀNICA,1,195,7,188,14,10
2018/2019,2018,FORMACIÓ PROFESSIONAL,CFPS - DISSENY EN FABRICACIÓ MECÀNICA,2,270,14,256,20,13
2018/2019,2018,FORMACIÓ PROFESSIONAL,CFPS - DISSENY EN FABRICACIÓ MECÀNICA (DESENVOLUPAMENT VIRTUAL DE L'AUTOMÒBIL),1,14,1,13,1,1
2018/2019,2018,FORMACIÓ PROFESSIONAL,CFPS - DISSENY I EDICIÓ DE PUBL.IMPRESES I MULTIMÈDIA,1,156,66,90,7,7
2018/2019,2018,FORMACIÓ PROFESSIONAL,CFPS - DISSENY I EDICIÓ DE PUBL.IMPRESES I MULTIMÈDIA,2,164,59,105,8,8
2018/2019,2018,FORMACIÓ PROFESSIONAL,CFPS - DISSENY I GESTIÓ DE LA PRODUCCIÓ GRÀFIC,1,77,30,47,3,3
2018/2019,2018,FORMACIÓ PROFESSIONAL,CFPS - DISSENY I GESTIÓ DE LA PRODUCCIÓ GRÀFIC,2,38,15,23,1,1
2018/2019,2018,FORMACIÓ PROFESSIONAL,CFPS - DISSENY I MOBLAMENT,1,26,7,19,2,2
2018/2019,2018,FORMACIÓ PROFESSIONAL,CFPS - DISSENY I MOBLAMENT,2,29,1,28,2,2
2018/2019,2018,FORMACIÓ PROFESSIONAL,CFPS - DISSENY I MOBLAMENT (CONSTRUCCIONS EFÍMERES I DECORACIÓ),1,18,3,15,1,1
2018/2019,2018,FORMACIÓ PROFESSIONAL,CFPS - DISSENY I MOBLAMENT (CONSTRUCCIONS EFÍMERES I DECORACIÓ),2,16,4,12,1,1
2018/2019,2018,FORMACIÓ PROFESSIONAL,CFPS - DISSENY TÈCNIC EN TÈXTIL i PELL,1,18,11,7,1,1
2018/2019,2018,FORMACIÓ PROFESSIONAL,CFPS - DISSENY TÈCNIC EN TÈXTIL i PELL,2,10,8,2,1,1
2018/2019,2018,FORMACIÓ PROFESSIONAL,CFPS - DOCUMENTACIÓ I ADMINISTRACIÓ SANITÀRIA,1,702,578,124,13,19
2018/2019,2018,FORMACIÓ PROFESSIONAL,CFPS - DOCUMENTACIÓ I ADMINISTRACIÓ SANITÀRIA,2,580,468,112,14,19
2018/2019,2018,FORMACIÓ PROFESSIONAL,CFPS - DOCUMENTACIÓ I ADMINISTRACIÓ SANITÀRIA,P,3,3,0,0,1
2018/2019,2018,FORMACIÓ PROFESSIONAL,CFPS - DOCUMENTACIÓ I ADMINISTRACIÓ SANITÀRIES (GESTIÓ DE DADES),1,29,22,7,1,1
2018/2019,2018,FORMACIÓ PROFESSIONAL,CFPS - DOCUMENTACIÓ I ADMINISTRACIÓ SANITÀRIES (GESTIÓ DE DADES),2,33,28,5,1,1
2018/2019,2018,FORMACIÓ PROFESSIONAL,CFPS - EDUCACIÓ I CONTROL AMBIENTAL,1,106,44,62,14,6
2018/2019,2018,FORMACIÓ PROFESSIONAL,CFPS - EDUCACIÓ I CONTROL AMBIENTAL,2,119,39,80,15,7
2018/2019,2018,FORMACIÓ PROFESSIONAL,CFPS - EDUCACIÓ INFANTIL,1,2730,2447,283,88,76
2018/2019,2018,FORMACIÓ PROFESSIONAL,CFPS - EDUCACIÓ INFANTIL,2,3725,3415,310,88,74
2018/2019,2018,FORMACIÓ PROFESSIONAL,CFPS - EDUCACIÓ INFANTIL,P,2,2,0,0,1
2018/2019,2018,FORMACIÓ PROFESSIONAL,CFPS - EDUCACIÓ INFANTIL,NA,1228,1190,38,0,1
2018/2019,2018,FORMACIÓ PROFESSIONAL,CFPS - EFICIÈNCIA ENERGÈTICA I ENERGIA SOLAR I TÈRMICA,1,57,5,52,8,5
2018/2019,2018,FORMACIÓ PROFESSIONAL,CFPS - EFICIÈNCIA ENERGÈTICA I ENERGIA SOLAR I TÈRMICA,2,24,2,22,7,3
2018/2019,2018,FORMACIÓ PROFESSIONAL,CFPS - ELECTROMEDICINA CLÍNICA,1,29,3,26,1,1
2018/2019,2018,FORMACIÓ PROFESSIONAL,CFPS - ELECTROMEDICINA CLÍNICA,2,30,2,28,1,1
2018/2019,2018,FORMACIÓ PROFESSIONAL,CFPS - ENERGIES RENOVABLES,1,78,3,75,8,4
2018/2019,2018,FORMACIÓ PROFESSIONAL,CFPS - ENERGIES RENOVABLES,2,72,4,68,8,4
2018/2019,2018,FORMACIÓ PROFESSIONAL,CFPS - ENSENYAMENT I ANIMACIÓ SOCIOESPORTIVA,1,1931,390,1541,40,58
2018/2019,2018,FORMACIÓ PROFESSIONAL,CFPS - ENSENYAMENT I ANIMACIÓ SOCIOESPORTIVA,2,1,0,1,0,1
2018/2019,2018,FORMACIÓ PROFESSIONAL,CFPS - ESTILISME I DIRECCIÓ DE PERRUQUERIA,1,87,74,13,4,6
2018/2019,2018,FORMACIÓ PROFESSIONAL,CFPS - ESTILISME I DIRECCIÓ DE PERRUQUERIA,2,85,79,6,4,6
2018/2019,2018,FORMACIÓ PROFESSIONAL,CFPS - ESTÈTICA INTEGRAL I BENESTAR,1,221,218,3,10,12
2018/2019,2018,FORMACIÓ PROFESSIONAL,CFPS - ESTÈTICA INTEGRAL I BENESTAR,2,275,273,2,10,11
2018/2019,2018,FORMACIÓ PROFESSIONAL,"CFPS - FABRICACIÓ DE PRODUCTES FARMACÈUTICS, BIOTECNOLÒGICS I AFINS",1,265,137,128,9,8
2018/2019,2018,FORMACIÓ PROFESSIONAL,"CFPS - FABRICACIÓ DE PRODUCTES FARMACÈUTICS, BIOTECNOLÒGICS I AFINS",2,266,136,130,9,7
2018/2019,2018,FORMACIÓ PROFESSIONAL,CFPS - GESTIÓ D'ALLOTJAMENTS TURÍSTICS,1,399,242,157,20,16
2018/2019,2018,FORMACIÓ PROFESSIONAL,CFPS - GESTIÓ D'ALLOTJAMENTS TURÍSTICS,2,430,289,141,20,16
2018/2019,2018,FORMACIÓ PROFESSIONAL,CFPS - GESTIÓ DE L'AIGUA,1,15,2,13,1,1
2018/2019,2018,FORMACIÓ PROFESSIONAL,CFPS - GESTIÓ DE VENDES I ESPAIS COMERCIALS,1,417,198,219,21,23
2018/2019,2018,FORMACIÓ PROFESSIONAL,CFPS - GESTIÓ DE VENDES I ESPAIS COMERCIALS,2,429,198,231,22,25
2018/2019,2018,FORMACIÓ PROFESSIONAL,CFPS - GESTIÓ DE VENDES I ESPAIS COMERCIALS,P,1,1,0,0,1
2018/2019,2018,FORMACIÓ PROFESSIONAL,CFPS - GESTIÓ DE VENDES I ESPAIS COMERCIALS,NA,252,159,93,0,1
2018/2019,2018,FORMACIÓ PROFESSIONAL,CFPS - GESTIÓ FORESTAL I DEL MEDI NATURAL,1,185,24,161,8,7
2018/2019,2018,FORMACIÓ PROFESSIONAL,CFPS - GESTIÓ FORESTAL I DEL MEDI NATURAL,2,229,29,200,8,8
2018/2019,2018,FORMACIÓ PROFESSIONAL,"CFPS - GUIA, INFORMACIÓ I ASSIST. TURÍST. (DINAMITZACIÓ LÚDICA, CULTURAL I FISICORECREATIVA)",1,19,10,9,2,2
2018/2019,2018,FORMACIÓ PROFESSIONAL,"CFPS - GUIA, INFORMACIÓ I ASSIST. TURÍST. (DINAMITZACIÓ LÚDICA, CULTURAL I FISICORECREATIVA)",2,48,33,15,3,3
2018/2019,2018,FORMACIÓ PROFESSIONAL,"CFPS - GUIA, INFORMACIÓ I ASSISTÈNCIA TURÍSTIQUES",1,278,183,95,14,14
2018/2019,2018,FORMACIÓ PROFESSIONAL,"CFPS - GUIA, INFORMACIÓ I ASSISTÈNCIA TURÍSTIQUES",2,312,212,100,13,13
2018/2019,2018,FORMACIÓ PROFESSIONAL,CFPS - HIGIENE BUCODENTAL,1,968,850,118,23,22
2018/2019,2018,FORMACIÓ PROFESSIONAL,CFPS - HIGIENE BUCODENTAL,2,3752,3281,471,23,22
2018/2019,2018,FORMACIÓ PROFESSIONAL,"CFPS - IL·LUMINACIÓ, CAPTACIÓ i TRACTAMENT D'IMATGE",1,197,89,108,5,7
2018/2019,2018,FORMACIÓ PROFESSIONAL,"CFPS - IL·LUMINACIÓ, CAPTACIÓ i TRACTAMENT D'IMATGE",2,226,121,105,5,7
2018/2019,2018,FORMACIÓ PROFESSIONAL,CFPS - IMATGE PER AL DIAGNÒSTIC,2,3,1,2,0,2
2018/2019,2018,FORMACIÓ PROFESSIONAL,CFPS - IMATGE PER AL DIAGNÒSTIC I MEDICINA NUCLEAR,1,717,477,240,8,14
2018/2019,2018,FORMACIÓ PROFESSIONAL,CFPS - IMATGE PER AL DIAGNÒSTIC I MEDICINA NUCLEAR,2,654,438,216,9,13
2018/2019,2018,FORMACIÓ PROFESSIONAL,CFPS - INTEGRACIÓ SOCIAL,1,2314,1796,518,64,48
2018/2019,2018,FORMACIÓ PROFESSIONAL,CFPS - INTEGRACIÓ SOCIAL,2,2333,1825,508,62,48
2018/2019,2018,FORMACIÓ PROFESSIONAL,CFPS - INTEGRACIÓ SOCIAL,P,1,0,1,0,1
2018/2019,2018,FORMACIÓ PROFESSIONAL,CFPS - INTEGRACIÓ SOCIAL,NA,1802,1478,324,0,1
2018/2019,2018,FORMACIÓ PROFESSIONAL,CFPS - LABORATORI CLÍNIC I BIOMÈDIC,1,809,588,221,22,22
2018/2019,2018,FORMACIÓ PROFESSIONAL,CFPS - LABORATORI CLÍNIC I BIOMÈDIC,2,801,584,217,22,22
2018/2019,2018,FORMACIÓ PROFESSIONAL,CFPS - LABORATORI CLÍNIC I BIOMÈDIC (RECERCA),1,33,25,8,1,1
2018/2019,2018,FORMACIÓ PROFESSIONAL,CFPS - LABORATORI CLÍNIC I BIOMÈDIC (RECERCA),2,27,18,9,1,1
2018/2019,2018,FORMACIÓ PROFESSIONAL,CFPS - LABORATORI D'ANÀLISI I CONTROL DE QUALITAT,1,493,259,234,18,16
2018/2019,2018,FORMACIÓ PROFESSIONAL,CFPS - LABORATORI D'ANÀLISI I CONTROL DE QUALITAT,2,511,254,257,18,16
2018/2019,2018,FORMACIÓ PROFESSIONAL,CFPS - LABORATORI DE DIAGNÒSTIC CLÍNIC,1,1,1,0,0,1
2018/2019,2018,FORMACIÓ PROFESSIONAL,CFPS - MANTENIMENT AEROMECÀNIC,1,28,1,27,1,1
2018/2019,2018,FORMACIÓ PROFESSIONAL,CFPS - MANTENIMENT AEROMECÀNIC,2,34,0,34,1,1
2018/2019,2018,FORMACIÓ PROFESSIONAL,CFPS - MANTENIMENT D'AVIÒNICA,2,20,0,20,1,1
2018/2019,2018,FORMACIÓ PROFESSIONAL,CFPS - MANTENIMENT D'INSTAL·LACIONS TÈRMIQUES I DE FLUIDS,1,122,1,121,7,7
2018/2019,2018,FORMACIÓ PROFESSIONAL,CFPS - MANTENIMENT D'INSTAL·LACIONS TÈRMIQUES I DE FLUIDS,2,94,1,93,6,6
2018/2019,2018,FORMACIÓ PROFESSIONAL,CFPS - MANTENIMENT ELECTRÒNIC,1,114,6,108,16,8
2018/2019,2018,FORMACIÓ PROFESSIONAL,CFPS - MANTENIMENT ELECTRÒNIC,2,97,3,94,16,8
2018/2019,2018,FORMACIÓ PROFESSIONAL,CFPS - MECATRÒNICA INDUSTRIAL,1,530,9,521,20,21
2018/2019,2018,FORMACIÓ PROFESSIONAL,CFPS - MECATRÒNICA INDUSTRIAL,2,544,10,534,23,23
2018/2019,2018,FORMACIÓ PROFESSIONAL,CFPS - MEDIACIÓ COMUNICATIVA,1,73,62,11,7,3
2018/2019,2018,FORMACIÓ PROFESSIONAL,CFPS - MEDIACIÓ COMUNICATIVA,2,76,65,11,7,3
2018/2019,2018,FORMACIÓ PROFESSIONAL,CFPS - MÀRQUETING I PUBLICITAT,1,1318,681,637,31,34
2018/2019,2018,FORMACIÓ PROFESSIONAL,CFPS - MÀRQUETING I PUBLICITAT,2,1551,820,731,30,33
2018/2019,2018,FORMACIÓ PROFESSIONAL,CFPS - MÀRQUETING I PUBLICITAT,P,1,1,0,0,1
2018/2019,2018,FORMACIÓ PROFESSIONAL,CFPS - MÀRQUETING I PUBLICITAT (ENOLÒGIC),1,23,12,11,7,3
2018/2019,2018,FORMACIÓ PROFESSIONAL,CFPS - MÀRQUETING I PUBLICITAT (ENOLÒGIC),2,30,13,17,7,3
2018/2019,2018,FORMACIÓ PROFESSIONAL,CFPS - MÀRQUETING I PUBLICITAT (PROMOCIÓ TURÍSTICA),2,23,15,8,1,1
2018/2019,2018,FORMACIÓ PROFESSIONAL,CFPS - ORGANITZACIÓ DEL MANTENIMENT DE LA MAQUINÀRIA DE VAIXELLS I EMBARCACIONS,1,29,0,29,1,1
2018/2019,2018,FORMACIÓ PROFESSIONAL,CFPS - ORGANITZACIÓ DEL MANTENIMENT DE LA MAQUINÀRIA DE VAIXELLS I EMBARCACIONS,2,35,0,35,1,1
2018/2019,2018,FORMACIÓ PROFESSIONAL,CFPS - ORGANITZACIÓ I CONTROL D'OBRES DE CONSTRUCCIÓ,1,9,3,6,5,1
2018/2019,2018,FORMACIÓ PROFESSIONAL,CFPS - ORGANITZACIÓ I CONTROL D'OBRES DE CONSTRUCCIÓ,2,11,2,9,6,2
2018/2019,2018,FORMACIÓ PROFESSIONAL,CFPS - PAISATGISME I MEDI RURAL,1,93,23,70,5,6
2018/2019,2018,FORMACIÓ PROFESSIONAL,CFPS - PAISATGISME I MEDI RURAL,2,126,17,109,5,6
2018/2019,2018,FORMACIÓ PROFESSIONAL,CFPS - PAISATGISME I MEDI RURAL (GESTIÓ AGROPECUÀRIA),1,33,5,28,3,3
2018/2019,2018,FORMACIÓ PROFESSIONAL,CFPS - PAISATGISME I MEDI RURAL (GESTIÓ AGROPECUÀRIA),2,46,1,45,3,3
2018/2019,2018,FORMACIÓ PROFESSIONAL,CFPS - PATRONATGE I MODA,1,133,114,19,5,6
2018/2019,2018,FORMACIÓ PROFESSIONAL,CFPS - PATRONATGE I MODA,2,124,107,17,5,6
2018/2019,2018,FORMACIÓ PROFESSIONAL,CFPS - PREVENCIÓ DE RISCOS PROFESSIONALS,1,88,23,65,14,6
2018/2019,2018,FORMACIÓ PROFESSIONAL,CFPS - PREVENCIÓ DE RISCOS PROFESSIONALS,2,82,32,50,14,6
2018/2019,2018,FORMACIÓ PROFESSIONAL,CFPS - PREVENCIÓ DE RISCOS PROFESSIONALS,NA,473,192,281,0,1
2018/2019,2018,FORMACIÓ PROFESSIONAL,CFPS - PROCESSOS I QUALITAT EN LA INDÚSRIA ALIMENTÀRIA,1,84,41,43,4,5
2018/2019,2018,FORMACIÓ PROFESSIONAL,CFPS - PROCESSOS I QUALITAT EN LA INDÚSRIA ALIMENTÀRIA,2,74,35,39,3,4
2018/2019,2018,FORMACIÓ PROFESSIONAL,CFPS - PRODUCCIÓ D'AUDIOVISUALS I ESPECTACLES,1,179,57,122,6,6
2018/2019,2018,FORMACIÓ PROFESSIONAL,CFPS - PRODUCCIÓ D'AUDIOVISUALS I ESPECTACLES,2,212,80,132,6,6
2018/2019,2018,FORMACIÓ PROFESSIONAL,CFPS - PROGRAMACIÓ DE LA PRODUCCIÓ EN L'EMMOTLLAMENT DE METALLS I POLÍMERS,1,15,0,15,1,1
2018/2019,2018,FORMACIÓ PROFESSIONAL,CFPS - PROGRAMACIÓ DE LA PRODUCCIÓ EN L'EMMOTLLAMENT DE METALLS I POLÍMERS,2,13,0,13,1,1
2018/2019,2018,FORMACIÓ PROFESSIONAL,CFPS - PROGRAMACIÓ DE PRODUCCIÓ EN FABRICACIÓ MECANICA (MOTLLES I MATRIUS),1,28,1,27,1,1
2018/2019,2018,FORMACIÓ PROFESSIONAL,CFPS - PROGRAMACIÓ DE PRODUCCIÓ EN FABRICACIÓ MECANICA (MOTLLES I MATRIUS),2,19,0,19,1,1
2018/2019,2018,FORMACIÓ PROFESSIONAL,CFPS - PROGRAMACIÓ DE PRODUCCIÓ EN FABRICACIÓ MECÀNICA,1,347,13,334,24,17
2018/2019,2018,FORMACIÓ PROFESSIONAL,CFPS - PROGRAMACIÓ DE PRODUCCIÓ EN FABRICACIÓ MECÀNICA,2,326,11,315,24,17
2018/2019,2018,FORMACIÓ PROFESSIONAL,CFPS - PROJECTES D'EDIFICACIÓ,1,109,34,75,22,7
2018/2019,2018,FORMACIÓ PROFESSIONAL,CFPS - PROJECTES D'EDIFICACIÓ,2,72,28,44,21,6
2018/2019,2018,FORMACIÓ PROFESSIONAL,CFPS - PROJECTES D'EDIFICACIÓ (REHABILITACIÓ I RESTAURACIÓ),1,63,29,34,4,4
2018/2019,2018,FORMACIÓ PROFESSIONAL,CFPS - PROJECTES D'EDIFICACIÓ (REHABILITACIÓ I RESTAURACIÓ),2,52,19,33,4,4
2018/2019,2018,FORMACIÓ PROFESSIONAL,CFPS - PROJECTES D'OBRA CIVIL,1,26,7,19,1,1
2018/2019,2018,FORMACIÓ PROFESSIONAL,CFPS - PROJECTES D'OBRA CIVIL,2,15,2,13,1,1
2018/2019,2018,FORMACIÓ PROFESSIONAL,CFPS - PROJECTES D'OBRA CIVIL (SOBREESTANTS),1,17,1,16,1,1
2018/2019,2018,FORMACIÓ PROFESSIONAL,CFPS - PROJECTES D'OBRA CIVIL (SOBREESTANTS),2,3,0,3,1,1
2018/2019,2018,FORMACIÓ PROFESSIONAL,CFPS - PROJECTES D'OBRA CIVIL (ÚS D'APLICACIONS SIG),2,9,2,7,1,1
2018/2019,2018,FORMACIÓ PROFESSIONAL,CFPS - PROMOCIÓ DE LA IGUALTAT DE GÈNERE,1,77,68,9,2,3
2018/2019,2018,FORMACIÓ PROFESSIONAL,CFPS - PROMOCIÓ DE LA IGUALTAT DE GÈNERE,2,40,31,9,2,3
2018/2019,2018,FORMACIÓ PROFESSIONAL,CFPS - PRÒTESIS DENTALS,1,174,121,53,3,5
2018/2019,2018,FORMACIÓ PROFESSIONAL,CFPS - PRÒTESIS DENTALS,2,209,145,64,3,5
2018/2019,2018,FORMACIÓ PROFESSIONAL,CFPS - QUÍMICA AMBIENTAL,1,220,119,101,6,5
2018/2019,2018,FORMACIÓ PROFESSIONAL,CFPS - QUÍMICA INDUSTRIAL,1,269,56,213,10,6
2018/2019,2018,FORMACIÓ PROFESSIONAL,CFPS - QUÍMICA INDUSTRIAL,2,277,50,227,16,7
2018/2019,2018,FORMACIÓ PROFESSIONAL,CFPS - RADIOTERÀPIA I DOSIMETRIA,1,48,39,9,1,2
2018/2019,2018,FORMACIÓ PROFESSIONAL,CFPS - RADIOTERÀPIA I DOSIMETRIA,2,52,39,13,1,2
2018/2019,2018,FORMACIÓ PROFESSIONAL,CFPS - RAMADERIA I ASSISTÈNCIA EN SANITAT ANIMAL,1,75,49,26,2,3
2018/2019,2018,FORMACIÓ PROFESSIONAL,CFPS - RAMADERIA I ASSISTÈNCIA EN SANITAT ANIMAL,2,85,52,33,2,3
2018/2019,2018,FORMACIÓ PROFESSIONAL,CFPS - REALITZACIÓ DE PROJECTES AUDIOVISUALS I ESPECTACLES,1,268,100,168,6,8
2018/2019,2018,FORMACIÓ PROFESSIONAL,CFPS - REALITZACIÓ DE PROJECTES AUDIOVISUALS I ESPECTACLES,2,341,154,187,6,8
2018/2019,2018,FORMACIÓ PROFESSIONAL,CFPS - REALITZACIÓ I PLANS D'OBRES,2,2,1,1,1,1
2018/2019,2018,FORMACIÓ PROFESSIONAL,CFPS - SALUT AMBIENTAL,1,98,60,38,4,4
2018/2019,2018,FORMACIÓ PROFESSIONAL,CFPS - SALUT AMBIENTAL,2,68,39,29,4,4
2018/2019,2018,FORMACIÓ PROFESSIONAL,CFPS - SISTEMES DE TELECOMUNICACIONS I INFORMÀTICS,1,194,14,180,15,11
2018/2019,2018,FORMACIÓ PROFESSIONAL,CFPS - SISTEMES DE TELECOMUNICACIONS I INFORMÀTICS,2,204,17,187,17,13
2018/2019,2018,FORMACIÓ PROFESSIONAL,CFPS - SISTEMES ELECTROTÈCNICS I AUTOMATITZATS,1,286,10,276,26,18
2018/2019,2018,FORMACIÓ PROFESSIONAL,CFPS - SISTEMES ELECTROTÈCNICS I AUTOMATITZATS,2,329,3,326,26,19
2018/2019,2018,FORMACIÓ PROFESSIONAL,CFPS - SISTEMES ELECTROTÈCNICS I AUTOMATITZATS (INSTAL. ELÈCTRIQUES I COMUNICACIÓ DE VAIXELLS),1,17,0,17,1,1
2018/2019,2018,FORMACIÓ PROFESSIONAL,CFPS - SISTEMES ELECTROTÈCNICS I AUTOMATITZATS (INSTAL. ELÈCTRIQUES I COMUNICACIÓ DE VAIXELLS),2,13,0,13,1,1
2018/2019,2018,FORMACIÓ PROFESSIONAL,CFPS - SO PER AUDIOVISUALS I ESPECTACLES,1,216,18,198,6,6
2018/2019,2018,FORMACIÓ PROFESSIONAL,CFPS - SO PER AUDIOVISUALS I ESPECTACLES,2,262,29,233,6,6
2018/2019,2018,FORMACIÓ PROFESSIONAL,CFPS - TRANSPORT I LOGÍSTICA,1,415,109,306,17,13
2018/2019,2018,FORMACIÓ PROFESSIONAL,CFPS - TRANSPORT I LOGÍSTICA,2,383,119,264,22,13
2018/2019,2018,FORMACIÓ PROFESSIONAL,CFPS - TRANSPORT I LOGÍSTICA,P,1,1,0,0,1
2018/2019,2018,FORMACIÓ PROFESSIONAL,CFPS - TRANSPORT MARÍTIM I PESCA D'ALTURA,1,58,3,55,2,1
2018/2019,2018,FORMACIÓ PROFESSIONAL,CFPS - TRANSPORT MARÍTIM I PESCA D'ALTURA,2,61,5,56,2,1
2018/2019,2018,FORMACIÓ PROFESSIONAL,CFPS - VESTUARI A MIDA PER ESPECTACLES,1,63,54,9,2,3
2018/2019,2018,FORMACIÓ PROFESSIONAL,CFPS - VESTUARI A MIDA PER ESPECTACLES,2,57,50,7,2,3
2018/2019,2018,FORMACIÓ PROFESSIONAL,CFPS - VITIVINICULTURA,1,59,25,34,3,3
2018/2019,2018,FORMACIÓ PROFESSIONAL,CFPS - VITIVINICULTURA,2,62,11,51,3,3
2018/2019,2018,FORMACIÓ PROFESSIONAL,CFPS - ÒPTICA D'ULLERA,1,18,8,10,1,1
2018/2019,2018,FORMACIÓ PROFESSIONAL,CFPS - ÒPTICA D'ULLERA,2,18,10,8,1,1
2018/2019,2018,ITINERARIS FORMATIUS ESPECÍFICS,IFE - AUXILIAR EN CURA D'ANIMALS I ESPAIS VERDS,1,30,14,16,0,4
2018/2019,2018,ITINERARIS FORMATIUS ESPECÍFICS,IFE - AUXILIAR EN CURA D'ANIMALS I ESPAIS VERDS,2,36,17,19,0,4
2018/2019,2018,ITINERARIS FORMATIUS ESPECÍFICS,IFE - AUXILIAR EN CURA D'ANIMALS I ESPAIS VERDS,3,13,7,6,0,3
2018/2019,2018,ITINERARIS FORMATIUS ESPECÍFICS,IFE - AUXILIAR EN VENDES I ATENCIÓ AL PÚBLIC,1,97,42,55,0,9
2018/2019,2018,ITINERARIS FORMATIUS ESPECÍFICS,IFE - AUXILIAR EN VENDES I ATENCIÓ AL PÚBLIC,2,73,35,38,0,9
2018/2019,2018,ITINERARIS FORMATIUS ESPECÍFICS,IFE - AUXILIAR EN VENDES I ATENCIÓ AL PÚBLIC,3,24,9,15,0,4
2018/2019,2018,MÚSICA,ACORDIÓ,1,9,6,3,0,4
2018/2019,2018,MÚSICA,ACORDIÓ,2,5,4,1,0,4
2018/2019,2018,MÚSICA,ACORDIÓ,3,5,3,2,0,4
2018/2019,2018,MÚSICA,ACORDIÓ,4,3,3,0,0,2
2018/2019,2018,MÚSICA,ACORDIÓ,5,2,0,2,0,2
2018/2019,2018,MÚSICA,ACORDIÓ,6,6,2,4,0,3
2018/2019,2018,MÚSICA,ACORDIÓ DIÀTONIC (INTERPRETACIÓ: JAZZ I MÚSICA MODERNA),1,1,0,1,0,1
2018/2019,2018,MÚSICA,ARPA,1,6,4,2,0,3
2018/2019,2018,MÚSICA,ARPA,2,3,3,0,0,2
2018/2019,2018,MÚSICA,ARPA,3,1,1,0,0,1
2018/2019,2018,MÚSICA,ARPA,4,3,3,0,0,1
2018/2019,2018,MÚSICA,ARPA,5,1,1,0,0,1
2018/2019,2018,MÚSICA,ARPA,6,5,4,1,0,2
2018/2019,2018,MÚSICA,ARPA (INTERPRETACIÓ: CLÀSSICA I CONTEMPORÀNIA),2,1,1,0,0,1
2018/2019,2018,MÚSICA,ARPA (INTERPRETACIÓ: CLÀSSICA I CONTEMPORÀNIA),4,1,1,0,0,1
2018/2019,2018,MÚSICA,BAIX ELÈCTRIC,5,3,0,3,0,2
2018/2019,2018,MÚSICA,BAIX ELÈCTRIC,6,2,0,2,0,2
2018/2019,2018,MÚSICA,BAIX ELÈCTRIC (INTERPRETACIÓ: JAZZ I MÚSICA MODERNA),1,10,0,10,0,4
2018/2019,2018,MÚSICA,BAIX ELÈCTRIC (INTERPRETACIÓ: JAZZ I MÚSICA MODERNA),2,7,0,7,0,3
2018/2019,2018,MÚSICA,BAIX ELÈCTRIC (INTERPRETACIÓ: JAZZ I MÚSICA MODERNA),3,11,0,11,0,4
2018/2019,2018,MÚSICA,BAIX ELÈCTRIC (INTERPRETACIÓ: JAZZ I MÚSICA MODERNA),4,17,1,16,0,4
2018/2019,2018,MÚSICA,BATERIA (INTERPRETACIÓ: JAZZ I MÚSICA MODERNA),1,12,0,12,0,4
2018/2019,2018,MÚSICA,BATERIA (INTERPRETACIÓ: JAZZ I MÚSICA MODERNA),2,17,1,16,0,4
2018/2019,2018,MÚSICA,BATERIA (INTERPRETACIÓ: JAZZ I MÚSICA MODERNA),3,12,0,12,0,4
2018/2019,2018,MÚSICA,BATERIA (INTERPRETACIÓ: JAZZ I MÚSICA MODERNA),4,24,0,24,0,4
2018/2019,2018,MÚSICA,CANT,1,23,19,4,0,9
2018/2019,2018,MÚSICA,CANT,2,29,25,4,0,14
2018/2019,2018,MÚSICA,CANT,3,28,22,6,0,15
2018/2019,2018,MÚSICA,CANT,4,24,15,9,0,10
2018/2019,2018,MÚSICA,CANT,5,14,11,3,0,7
2018/2019,2018,MÚSICA,CANT,6,35,24,11,0,15
2018/2019,2018,MÚSICA,CANT (INTERPRETACIÓ: CLÀSSICA I CONTEMPORÀNIA),1,19,14,5,0,2
2018/2019,2018,MÚSICA,CANT (INTERPRETACIÓ: CLÀSSICA I CONTEMPORÀNIA),2,21,15,6,0,2
2018/2019,2018,MÚSICA,CANT (INTERPRETACIÓ: CLÀSSICA I CONTEMPORÀNIA),3,25,19,6,0,2
2018/2019,2018,MÚSICA,CANT (INTERPRETACIÓ: CLÀSSICA I CONTEMPORÀNIA),4,27,19,8,0,2
2018/2019,2018,MÚSICA,CANT (INTERPRETACIÓ: JAZZ I MÚSICA MODERNA),1,19,15,4,0,4
2018/2019,2018,MÚSICA,CANT (INTERPRETACIÓ: JAZZ I MÚSICA MODERNA),2,12,11,1,0,4
2018/2019,2018,MÚSICA,CANT (INTERPRETACIÓ: JAZZ I MÚSICA MODERNA),3,12,11,1,0,4
2018/2019,2018,MÚSICA,CANT (INTERPRETACIÓ: JAZZ I MÚSICA MODERNA),4,17,14,3,0,4
2018/2019,2018,MÚSICA,CANT FLAMENC (INTERPRETACIÓ: MÚSICA TRADICIONAL),1,1,1,0,0,1
2018/2019,2018,MÚSICA,CANT FLAMENC (INTERPRETACIÓ: MÚSICA TRADICIONAL),2,3,3,0,0,1
2018/2019,2018,MÚSICA,CANT FLAMENC (INTERPRETACIÓ: MÚSICA TRADICIONAL),4,1,1,0,0,1
2018/2019,2018,MÚSICA,CANT HISTÒRIC (INTERPRETACIÓ: MÚSICA ANTIGA),1,3,2,1,0,1
2018/2019,2018,MÚSICA,CANT HISTÒRIC (INTERPRETACIÓ: MÚSICA ANTIGA),2,1,1,0,0,1
2018/2019,2018,MÚSICA,CANT HISTÒRIC (INTERPRETACIÓ: MÚSICA ANTIGA),3,3,1,2,0,1
2018/2019,2018,MÚSICA,CANT HISTÒRIC (INTERPRETACIÓ: MÚSICA ANTIGA),4,5,2,3,0,1
2018/2019,2018,MÚSICA,CLARINET,1,30,16,14,0,17
2018/2019,2018,MÚSICA,CLARINET,2,34,21,13,0,17
2018/2019,2018,MÚSICA,CLARINET,3,38,14,24,0,18
2018/2019,2018,MÚSICA,CLARINET,4,30,18,12,0,17
2018/2019,2018,MÚSICA,CLARINET,5,40,25,15,0,19
2018/2019,2018,MÚSICA,CLARINET,6,46,21,25,0,18
2018/2019,2018,MÚSICA,CLARINET (INTERPRETACIÓ: CLÀSSICA I CONTEMPORÀNIA),1,7,4,3,0,2
2018/2019,2018,MÚSICA,CLARINET (INTERPRETACIÓ: CLÀSSICA I CONTEMPORÀNIA),2,5,1,4,0,2
2018/2019,2018,MÚSICA,CLARINET (INTERPRETACIÓ: CLÀSSICA I CONTEMPORÀNIA),3,5,4,1,0,2
2018/2019,2018,MÚSICA,CLARINET (INTERPRETACIÓ: CLÀSSICA I CONTEMPORÀNIA),4,3,1,2,0,2
2018/2019,2018,MÚSICA,CLARINET (INTERPRETACIÓ: JAZZ I MÚSICA MODERNA),1,2,0,2,0,2
2018/2019,2018,MÚSICA,CLARINET (INTERPRETACIÓ: JAZZ I MÚSICA MODERNA),2,2,1,1,0,2
2018/2019,2018,MÚSICA,CLARINET (INTERPRETACIÓ: JAZZ I MÚSICA MODERNA),3,1,0,1,0,1
2018/2019,2018,MÚSICA,CLAVICÈMBAL,1,1,1,0,0,1
2018/2019,2018,MÚSICA,CLAVICÈMBAL,2,2,1,1,0,2
2018/2019,2018,MÚSICA,CLAVICÈMBAL,4,1,1,0,0,1
2018/2019,2018,MÚSICA,CLAVICÈMBAL,5,1,0,1,0,1
2018/2019,2018,MÚSICA,CLAVICÈMBAL,6,4,0,4,0,3
2018/2019,2018,MÚSICA,COMPOSICIÓ,1,23,2,21,0,3
2018/2019,2018,MÚSICA,COMPOSICIÓ,2,13,4,9,0,2
2018/2019,2018,MÚSICA,COMPOSICIÓ,3,17,4,13,0,3
2018/2019,2018,MÚSICA,COMPOSICIÓ,4,25,6,19,0,3
2018/2019,2018,MÚSICA,CONTRABAIX,1,15,5,10,0,12
2018/2019,2018,MÚSICA,CONTRABAIX,2,13,4,9,0,11
2018/2019,2018,MÚSICA,CONTRABAIX,3,15,8,7,0,11
2018/2019,2018,MÚSICA,CONTRABAIX,4,11,2,9,0,6
2018/2019,2018,MÚSICA,CONTRABAIX,5,9,1,8,0,6
2018/2019,2018,MÚSICA,CONTRABAIX,6,8,4,4,0,8
2018/2019,2018,MÚSICA,CONTRABAIX (INTERPRETACIÓ: CLÀSSICA I CONTEMPORÀNIA),1,5,2,3,0,2
2018/2019,2018,MÚSICA,CONTRABAIX (INTERPRETACIÓ: CLÀSSICA I CONTEMPORÀNIA),2,5,1,4,0,2
2018/2019,2018,MÚSICA,CONTRABAIX (INTERPRETACIÓ: CLÀSSICA I CONTEMPORÀNIA),3,2,0,2,0,1
2018/2019,2018,MÚSICA,CONTRABAIX (INTERPRETACIÓ: CLÀSSICA I CONTEMPORÀNIA),4,3,2,1,0,2
2018/2019,2018,MÚSICA,CONTRABAIX (INTERPRETACIÓ: JAZZ I MÚSICA MODERNA),1,4,0,4,0,2
2018/2019,2018,MÚSICA,CONTRABAIX (INTERPRETACIÓ: JAZZ I MÚSICA MODERNA),2,4,1,3,0,2
2018/2019,2018,MÚSICA,CONTRABAIX (INTERPRETACIÓ: JAZZ I MÚSICA MODERNA),3,5,1,4,0,3
2018/2019,2018,MÚSICA,CONTRABAIX (INTERPRETACIÓ: JAZZ I MÚSICA MODERNA),4,7,2,5,0,3
2018/2019,2018,MÚSICA,CORNAMUSA (INTERPRETACIÓ: MÚSICA TRADICIONAL I FLAMENC),4,1,0,1,0,1
2018/2019,2018,MÚSICA,FAGOT,1,10,2,8,0,9
2018/2019,2018,MÚSICA,FAGOT,2,10,5,5,0,7
2018/2019,2018,MÚSICA,FAGOT,3,8,3,5,0,7
2018/2019,2018,MÚSICA,FAGOT,4,13,7,6,0,8
2018/2019,2018,MÚSICA,FAGOT,5,8,4,4,0,6
2018/2019,2018,MÚSICA,FAGOT,6,10,4,6,0,4
2018/2019,2018,MÚSICA,FAGOT (INTERPRETACIÓ: CLÀSSICA I CONTEMPORÀNIA),1,3,1,2,0,2
2018/2019,2018,MÚSICA,FAGOT (INTERPRETACIÓ: CLÀSSICA I CONTEMPORÀNIA),2,2,0,2,0,1
2018/2019,2018,MÚSICA,FAGOT (INTERPRETACIÓ: CLÀSSICA I CONTEMPORÀNIA),3,4,0,4,0,2
2018/2019,2018,MÚSICA,FAGOT (INTERPRETACIÓ: CLÀSSICA I CONTEMPORÀNIA),4,7,3,4,0,2
2018/2019,2018,MÚSICA,FAGOTS HISTÒRICS (INTERPRETACIÓ: MÚSICA ANTIGA),3,1,0,1,0,1
2018/2019,2018,MÚSICA,FLABIOL I TAMBORÍ,1,1,1,0,0,1
2018/2019,2018,MÚSICA,FLABIOL I TAMBORÍ,2,1,0,1,0,1
2018/2019,2018,MÚSICA,FLABIOL I TAMBORÍ,3,1,0,1,0,1
2018/2019,2018,MÚSICA,FLABIOL I TAMBORÍ,4,1,0,1,0,1
2018/2019,2018,MÚSICA,FLABIOL I TAMBORÍ,5,1,1,0,0,1
2018/2019,2018,MÚSICA,FLABIOL I TAMBORÍ,6,7,3,4,0,3
2018/2019,2018,MÚSICA,FLABIOL I TAMBORÍ (INTERPRETACIÓ: MÚSICA TRADICIONAL),1,1,1,0,0,1
2018/2019,2018,MÚSICA,FLABIOL I TAMBORÍ (INTERPRETACIÓ: MÚSICA TRADICIONAL),3,1,1,0,0,1
2018/2019,2018,MÚSICA,FLAUTA DE BEC,1,5,3,2,0,3
2018/2019,2018,MÚSICA,FLAUTA DE BEC,2,4,3,1,0,3
2018/2019,2018,MÚSICA,FLAUTA DE BEC,3,5,3,2,0,5
2018/2019,2018,MÚSICA,FLAUTA DE BEC,4,4,3,1,0,3
2018/2019,2018,MÚSICA,FLAUTA DE BEC,5,3,3,0,0,3
2018/2019,2018,MÚSICA,FLAUTA DE BEC,6,5,3,2,0,4
2018/2019,2018,MÚSICA,FLAUTA DE BEC (INTERPRETACIÓ: CLÀSSICA I CONTEMPORÀNIA),1,4,4,0,0,1
2018/2019,2018,MÚSICA,FLAUTA DE BEC (INTERPRETACIÓ: CLÀSSICA I CONTEMPORÀNIA),2,2,1,1,0,1
2018/2019,2018,MÚSICA,FLAUTA DE BEC (INTERPRETACIÓ: CLÀSSICA I CONTEMPORÀNIA),4,4,3,1,0,1
2018/2019,2018,MÚSICA,FLAUTA DE BEC (INTERPRETACIÓ: MÚSICA ANTIGA),1,2,2,0,0,1
2018/2019,2018,MÚSICA,FLAUTA DE BEC (INTERPRETACIÓ: MÚSICA ANTIGA),2,1,1,0,0,1
2018/2019,2018,MÚSICA,FLAUTA TRAVESSERA,1,46,37,9,0,23
2018/2019,2018,MÚSICA,FLAUTA TRAVESSERA,2,56,46,10,0,22
2018/2019,2018,MÚSICA,FLAUTA TRAVESSERA,3,48,38,10,0,19
2018/2019,2018,MÚSICA,FLAUTA TRAVESSERA,4,46,36,10,0,19
2018/2019,2018,MÚSICA,FLAUTA TRAVESSERA,5,64,50,14,0,22
2018/2019,2018,MÚSICA,FLAUTA TRAVESSERA,6,54,42,12,0,21
2018/2019,2018,MÚSICA,FLAUTA TRAVESSERA (INTERPRETACIÓ: CLÀSSICA I CONTEMPORÀNIA),1,4,2,2,0,1
2018/2019,2018,MÚSICA,FLAUTA TRAVESSERA (INTERPRETACIÓ: CLÀSSICA I CONTEMPORÀNIA),2,3,2,1,0,1
2018/2019,2018,MÚSICA,FLAUTA TRAVESSERA (INTERPRETACIÓ: CLÀSSICA I CONTEMPORÀNIA),3,3,2,1,0,1
2018/2019,2018,MÚSICA,FLAUTA TRAVESSERA (INTERPRETACIÓ: CLÀSSICA I CONTEMPORÀNIA),4,6,5,1,0,1
2018/2019,2018,MÚSICA,FLAUTA TRAVESSERA (INTERPRETACIÓ: JAZZ I MÚSICA MODERNA),1,1,0,1,0,1
2018/2019,2018,MÚSICA,FLAUTA TRAVESSERA (INTERPRETACIÓ: JAZZ I MÚSICA MODERNA),2,2,0,2,0,2
2018/2019,2018,MÚSICA,FLAUTA TRAVESSERA (INTERPRETACIÓ: JAZZ I MÚSICA MODERNA),4,1,0,1,0,1
2018/2019,2018,MÚSICA,GUITARRA,1,66,28,38,0,20
2018/2019,2018,MÚSICA,GUITARRA,2,47,25,22,0,20
2018/2019,2018,MÚSICA,GUITARRA,3,49,33,16,0,18
2018/2019,2018,MÚSICA,GUITARRA,4,48,22,26,0,18
2018/2019,2018,MÚSICA,GUITARRA,5,35,14,21,0,17
2018/2019,2018,MÚSICA,GUITARRA,6,36,18,18,0,15
2018/2019,2018,MÚSICA,GUITARRA (INTERPRETACIÓ: CLÀSSICA I CONTEMPORÀNIA),1,4,2,2,0,2
2018/2019,2018,MÚSICA,GUITARRA (INTERPRETACIÓ: CLÀSSICA I CONTEMPORÀNIA),2,5,2,3,0,2
2018/2019,2018,MÚSICA,GUITARRA (INTERPRETACIÓ: CLÀSSICA I CONTEMPORÀNIA),3,4,0,4,0,2
2018/2019,2018,MÚSICA,GUITARRA (INTERPRETACIÓ: CLÀSSICA I CONTEMPORÀNIA),4,5,1,4,0,2
2018/2019,2018,MÚSICA,GUITARRA ACÚSTICA (INTERPRETACIÓ: JAZZ I MÚSICA MODERNA),1,3,0,3,0,1
2018/2019,2018,MÚSICA,GUITARRA ACÚSTICA (INTERPRETACIÓ: JAZZ I MÚSICA MODERNA),2,1,0,1,0,1
2018/2019,2018,MÚSICA,GUITARRA ACÚSTICA (INTERPRETACIÓ: JAZZ I MÚSICA MODERNA),3,3,0,3,0,1
2018/2019,2018,MÚSICA,GUITARRA ACÚSTICA (INTERPRETACIÓ: JAZZ I MÚSICA MODERNA),4,5,0,5,0,1
2018/2019,2018,MÚSICA,GUITARRA ELÈCTRICA,1,7,1,6,0,5
2018/2019,2018,MÚSICA,GUITARRA ELÈCTRICA,2,3,0,3,0,3
2018/2019,2018,MÚSICA,GUITARRA ELÈCTRICA,3,2,0,2,0,2
2018/2019,2018,MÚSICA,GUITARRA ELÈCTRICA,4,1,0,1,0,1
2018/2019,2018,MÚSICA,GUITARRA ELÈCTRICA,5,11,0,11,0,4
2018/2019,2018,MÚSICA,GUITARRA ELÈCTRICA,6,9,0,9,0,3
2018/2019,2018,MÚSICA,GUITARRA ELÈCTRICA (INTERPRETACIÓ: JAZZ I MÚSICA MODERNA),1,21,4,17,0,3
2018/2019,2018,MÚSICA,GUITARRA ELÈCTRICA (INTERPRETACIÓ: JAZZ I MÚSICA MODERNA),2,21,0,21,0,3
2018/2019,2018,MÚSICA,GUITARRA ELÈCTRICA (INTERPRETACIÓ: JAZZ I MÚSICA MODERNA),3,13,1,12,0,3
2018/2019,2018,MÚSICA,GUITARRA ELÈCTRICA (INTERPRETACIÓ: JAZZ I MÚSICA MODERNA),4,24,0,24,0,3
2018/2019,2018,MÚSICA,GUITARRA FLAMENCA,1,1,0,1,0,1
2018/2019,2018,MÚSICA,GUITARRA FLAMENCA,5,2,1,1,0,1
2018/2019,2018,MÚSICA,GUITARRA FLAMENCA (INTERPRETACIÓ: MÚSICA TRADICIONAL),1,7,0,7,0,3
2018/2019,2018,MÚSICA,GUITARRA FLAMENCA (INTERPRETACIÓ: MÚSICA TRADICIONAL),2,4,0,4,0,2
2018/2019,2018,MÚSICA,GUITARRA FLAMENCA (INTERPRETACIÓ: MÚSICA TRADICIONAL),3,5,0,5,0,2
2018/2019,2018,MÚSICA,GUITARRA FLAMENCA (INTERPRETACIÓ: MÚSICA TRADICIONAL),4,4,0,4,0,2
2018/2019,2018,MÚSICA,INSTRUMENTS HISTÒRICS DE BROQUET (INTERPRETACIÓ: MÚSICA ANTIGA),1,1,0,1,0,1
2018/2019,2018,MÚSICA,INSTRUMENTS HISTÒRICS DE BROQUET (INTERPRETACIÓ: MÚSICA ANTIGA),4,1,1,0,0,1
2018/2019,2018,MÚSICA,OBOÈ,1,15,7,8,0,11
2018/2019,2018,MÚSICA,OBOÈ,2,16,10,6,0,11
2018/2019,2018,MÚSICA,OBOÈ,3,13,10,3,0,9
2018/2019,2018,MÚSICA,OBOÈ,4,14,5,9,0,8
2018/2019,2018,MÚSICA,OBOÈ,5,9,6,3,0,5
2018/2019,2018,MÚSICA,OBOÈ,6,17,8,9,0,13
2018/2019,2018,MÚSICA,OBOÈ (INTERPRETACIÓ: CLÀSSICA I CONTEMPORÀNIA),1,2,1,1,0,1
2018/2019,2018,MÚSICA,OBOÈ (INTERPRETACIÓ: CLÀSSICA I CONTEMPORÀNIA),2,3,1,2,0,1
2018/2019,2018,MÚSICA,OBOÈ (INTERPRETACIÓ: CLÀSSICA I CONTEMPORÀNIA),3,1,1,0,0,1
2018/2019,2018,MÚSICA,OBOÈ (INTERPRETACIÓ: CLÀSSICA I CONTEMPORÀNIA),4,3,3,0,0,1
2018/2019,2018,MÚSICA,ORGUE,1,2,0,2,0,2
2018/2019,2018,MÚSICA,ORGUE,2,2,0,2,0,1
2018/2019,2018,MÚSICA,ORGUE,3,1,0,1,0,1
2018/2019,2018,MÚSICA,ORGUE,4,1,0,1,0,1
2018/2019,2018,MÚSICA,ORGUE,5,2,0,2,0,2
2018/2019,2018,MÚSICA,ORGUE,6,2,1,1,0,2
2018/2019,2018,MÚSICA,ORGUE (INTERPRETACIÓ: CLÀSSICA I CONTEMPORÀNIA),1,2,0,2,0,1
2018/2019,2018,MÚSICA,ORGUE (INTERPRETACIÓ: CLÀSSICA I CONTEMPORÀNIA),2,1,0,1,0,1
2018/2019,2018,MÚSICA,ORGUE (INTERPRETACIÓ: CLÀSSICA I CONTEMPORÀNIA),3,1,0,1,0,1
2018/2019,2018,MÚSICA,PEDAGOGIA DE L'INSTRUMENT,1,7,4,3,0,1
2018/2019,2018,MÚSICA,PEDAGOGIA DE L'INSTRUMENT,2,8,4,4,0,1
2018/2019,2018,MÚSICA,PEDAGOGIA DE L'INSTRUMENT,3,5,1,4,0,1
2018/2019,2018,MÚSICA,PERCUSSIÓ,1,17,4,13,0,9
2018/2019,2018,MÚSICA,PERCUSSIÓ,2,21,6,15,0,12
2018/2019,2018,MÚSICA,PERCUSSIÓ,3,14,2,12,0,11
2018/2019,2018,MÚSICA,PERCUSSIÓ,4,14,3,11,0,8
2018/2019,2018,MÚSICA,PERCUSSIÓ,5,14,2,12,0,9
2018/2019,2018,MÚSICA,PERCUSSIÓ,6,10,1,9,0,8
2018/2019,2018,MÚSICA,PERCUSSIÓ (INTERPRETACIÓ: CLÀSSICA I CONTEMPORÀNIA),1,4,1,3,0,1
2018/2019,2018,MÚSICA,PERCUSSIÓ (INTERPRETACIÓ: CLÀSSICA I CONTEMPORÀNIA),2,2,0,2,0,1
2018/2019,2018,MÚSICA,PERCUSSIÓ (INTERPRETACIÓ: CLÀSSICA I CONTEMPORÀNIA),3,2,1,1,0,1
2018/2019,2018,MÚSICA,PERCUSSIÓ (INTERPRETACIÓ: CLÀSSICA I CONTEMPORÀNIA),4,1,0,1,0,1
2018/2019,2018,MÚSICA,PERCUSSIÓ (INTERPRETACIÓ: JAZZ I MÚSICA MODERNA),3,2,0,2,0,2
2018/2019,2018,MÚSICA,PERCUSSIÓ (MÚSICA MODERNA I JAZZ),1,1,0,1,0,1
2018/2019,2018,MÚSICA,PERCUSSIÓ (MÚSICA MODERNA I JAZZ),2,1,0,1,0,1
2018/2019,2018,MÚSICA,PERCUSSIÓ (MÚSICA MODERNA I JAZZ),4,1,0,1,0,1
2018/2019,2018,MÚSICA,PIANO,1,140,76,64,0,26
2018/2019,2018,MÚSICA,PIANO,2,123,72,51,0,24
2018/2019,2018,MÚSICA,PIANO,3,148,102,46,0,25
2018/2019,2018,MÚSICA,PIANO,4,145,91,54,0,25
2018/2019,2018,MÚSICA,PIANO,5,150,88,62,0,23
2018/2019,2018,MÚSICA,PIANO,6,177,105,72,0,24
2018/2019,2018,MÚSICA,PIANO (INTERPRETACIÓ: CLÀSSICA I CONTEMPORÀNIA),1,29,13,16,0,2
2018/2019,2018,MÚSICA,PIANO (INTERPRETACIÓ: CLÀSSICA I CONTEMPORÀNIA),2,28,14,14,0,2
2018/2019,2018,MÚSICA,PIANO (INTERPRETACIÓ: CLÀSSICA I CONTEMPORÀNIA),3,28,12,16,0,2
2018/2019,2018,MÚSICA,PIANO (INTERPRETACIÓ: CLÀSSICA I CONTEMPORÀNIA),4,36,17,19,0,2
2018/2019,2018,MÚSICA,PIANO (INTERPRETACIÓ: JAZZ I MÚSICA MODERNA),1,10,2,8,0,3
2018/2019,2018,MÚSICA,PIANO (INTERPRETACIÓ: JAZZ I MÚSICA MODERNA),2,11,4,7,0,3
2018/2019,2018,MÚSICA,PIANO (INTERPRETACIÓ: JAZZ I MÚSICA MODERNA),3,8,2,6,0,2
2018/2019,2018,MÚSICA,PIANO (INTERPRETACIÓ: JAZZ I MÚSICA MODERNA),4,20,4,16,0,3
2018/2019,2018,MÚSICA,PRODUCCIÓ I GESTIÓ,1,5,1,4,0,1
2018/2019,2018,MÚSICA,PRODUCCIÓ I GESTIÓ,2,2,1,1,0,1
2018/2019,2018,MÚSICA,PRODUCCIÓ I GESTIÓ,3,3,2,1,0,1
2018/2019,2018,MÚSICA,PRODUCCIÓ I GESTIÓ,4,2,1,1,0,1
2018/2019,2018,MÚSICA,SAXÒFON,1,28,6,22,0,15
2018/2019,2018,MÚSICA,SAXÒFON,2,29,14,15,0,13
2018/2019,2018,MÚSICA,SAXÒFON,3,28,13,15,0,16
2018/2019,2018,MÚSICA,SAXÒFON,4,15,1,14,0,10
2018/2019,2018,MÚSICA,SAXÒFON,5,25,13,12,0,13
2018/2019,2018,MÚSICA,SAXÒFON,6,29,12,17,0,14
2018/2019,2018,MÚSICA,SAXÒFON (INTERPRETACIÓ: CLÀSSICA I CONTEMPORÀNIA),1,3,2,1,0,1
2018/2019,2018,MÚSICA,SAXÒFON (INTERPRETACIÓ: CLÀSSICA I CONTEMPORÀNIA),2,4,2,2,0,1
2018/2019,2018,MÚSICA,SAXÒFON (INTERPRETACIÓ: CLÀSSICA I CONTEMPORÀNIA),3,1,1,0,0,1
2018/2019,2018,MÚSICA,SAXÒFON (INTERPRETACIÓ: CLÀSSICA I CONTEMPORÀNIA),4,2,0,2,0,1
2018/2019,2018,MÚSICA,SAXÒFON (INTERPRETACIÓ: JAZZ I MÚSICA MODERNA),1,2,1,1,0,2
2018/2019,2018,MÚSICA,SAXÒFON (INTERPRETACIÓ: JAZZ I MÚSICA MODERNA),2,9,3,6,0,3
2018/2019,2018,MÚSICA,SAXÒFON (INTERPRETACIÓ: JAZZ I MÚSICA MODERNA),3,9,0,9,0,2
2018/2019,2018,MÚSICA,SAXÒFON (INTERPRETACIÓ: JAZZ I MÚSICA MODERNA),4,9,0,9,0,2
2018/2019,2018,MÚSICA,SENSE MODALITAT (DIRECCIÓ),1,3,0,3,0,1
2018/2019,2018,MÚSICA,SENSE MODALITAT (DIRECCIÓ),2,5,1,4,0,1
2018/2019,2018,MÚSICA,SENSE MODALITAT (DIRECCIÓ),3,3,0,3,0,1
2018/2019,2018,MÚSICA,SENSE MODALITAT (DIRECCIÓ),4,9,3,6,0,1
2018/2019,2018,MÚSICA,SENSE MODALITAT (INTERPRETACIÓ: CLÀSSICA I CONTEMPORÀNIA),1,20,10,10,0,1
2018/2019,2018,MÚSICA,SENSE MODALITAT (INTERPRETACIÓ: CLÀSSICA I CONTEMPORÀNIA),2,21,7,14,0,1
2018/2019,2018,MÚSICA,SENSE MODALITAT (INTERPRETACIÓ: CLÀSSICA I CONTEMPORÀNIA),3,14,3,11,0,1
2018/2019,2018,MÚSICA,SENSE MODALITAT (INTERPRETACIÓ: CLÀSSICA I CONTEMPORÀNIA),4,25,6,19,0,1
2018/2019,2018,MÚSICA,SENSE MODALITAT (INTERPRETACIÓ: JAZZ I MÚSICA MODERNA),1,11,3,8,0,1
2018/2019,2018,MÚSICA,SENSE MODALITAT (INTERPRETACIÓ: JAZZ I MÚSICA MODERNA),2,9,1,8,0,1
2018/2019,2018,MÚSICA,SENSE MODALITAT (INTERPRETACIÓ: JAZZ I MÚSICA MODERNA),3,8,1,7,0,1
2018/2019,2018,MÚSICA,SENSE MODALITAT (INTERPRETACIÓ: JAZZ I MÚSICA MODERNA),4,12,4,8,0,1
2018/2019,2018,MÚSICA,SENSE MODALITAT (INTERPRETACIÓ: MÚSICA ANTIGA),1,4,1,3,0,1
2018/2019,2018,MÚSICA,SENSE MODALITAT (INTERPRETACIÓ: MÚSICA ANTIGA),2,2,0,2,0,1
2018/2019,2018,MÚSICA,SENSE MODALITAT (INTERPRETACIÓ: MÚSICA ANTIGA),3,3,1,2,0,1
2018/2019,2018,MÚSICA,SENSE MODALITAT (INTERPRETACIÓ: MÚSICA ANTIGA),4,2,0,2,0,1
2018/2019,2018,MÚSICA,SENSE MODALITAT (INTERPRETACIÓ: MÚSICA TRADICIONAL I FLAMENC),1,2,1,1,0,1
2018/2019,2018,MÚSICA,SENSE MODALITAT (INTERPRETACIÓ: MÚSICA TRADICIONAL I FLAMENC),2,1,0,1,0,1
2018/2019,2018,MÚSICA,SENSE MODALITAT (INTERPRETACIÓ: MÚSICA TRADICIONAL I FLAMENC),3,5,1,4,0,1
2018/2019,2018,MÚSICA,SENSE MODALITAT (INTERPRETACIÓ: MÚSICA TRADICIONAL I FLAMENC),4,8,3,5,0,1
2018/2019,2018,MÚSICA,SENSE MODALITAT (MUSICOLOGIA),1,6,2,4,0,1
2018/2019,2018,MÚSICA,SENSE MODALITAT (MUSICOLOGIA),2,4,2,2,0,1
2018/2019,2018,MÚSICA,SENSE MODALITAT (MUSICOLOGIA),3,6,2,4,0,1
2018/2019,2018,MÚSICA,SENSE MODALITAT (MUSICOLOGIA),4,10,5,5,0,1
2018/2019,2018,MÚSICA,SENSE MODALITAT (PEDAGOGIA),1,17,11,6,0,2
2018/2019,2018,MÚSICA,SENSE MODALITAT (PEDAGOGIA),2,21,11,10,0,2
2018/2019,2018,MÚSICA,SENSE MODALITAT (PEDAGOGIA),3,29,18,11,0,2
2018/2019,2018,MÚSICA,SENSE MODALITAT (PEDAGOGIA),4,36,19,17,0,2
2018/2019,2018,MÚSICA,SONOLOGIA,1,7,2,5,0,2
2018/2019,2018,MÚSICA,SONOLOGIA,2,5,1,4,0,1
2018/2019,2018,MÚSICA,SONOLOGIA,3,4,0,4,0,1
2018/2019,2018,MÚSICA,SONOLOGIA,4,9,1,8,0,1
2018/2019,2018,MÚSICA,TECLATS (INTERPRETACIÓ: JAZZ I MÚSICA MODERNA),1,4,1,3,0,4
2018/2019,2018,MÚSICA,TECLATS (INTERPRETACIÓ: JAZZ I MÚSICA MODERNA),2,4,1,3,0,3
2018/2019,2018,MÚSICA,TECLATS (INTERPRETACIÓ: JAZZ I MÚSICA MODERNA),3,2,1,1,0,2
2018/2019,2018,MÚSICA,TECLATS (INTERPRETACIÓ: JAZZ I MÚSICA MODERNA),4,4,0,4,0,3
2018/2019,2018,MÚSICA,TENORA,1,1,0,1,0,1
2018/2019,2018,MÚSICA,TENORA,2,1,0,1,0,1
2018/2019,2018,MÚSICA,TENORA,3,3,2,1,0,3
2018/2019,2018,MÚSICA,TENORA,5,2,0,2,0,2
2018/2019,2018,MÚSICA,TENORA,6,2,1,1,0,2
2018/2019,2018,MÚSICA,TENORA (INTERPRETACIÓ: MÚSICA TRADICIONAL),1,1,0,1,0,1
2018/2019,2018,MÚSICA,TENORA (INTERPRETACIÓ: MÚSICA TRADICIONAL),4,3,1,2,0,1
2018/2019,2018,MÚSICA,TIBLE,1,1,1,0,0,1
2018/2019,2018,MÚSICA,TIBLE,2,1,1,0,0,1
2018/2019,2018,MÚSICA,TIBLE,3,1,0,1,0,1
2018/2019,2018,MÚSICA,TIBLE,4,3,0,3,0,2
2018/2019,2018,MÚSICA,TIBLE,5,2,1,1,0,1
2018/2019,2018,MÚSICA,TIBLE,6,1,0,1,0,1
2018/2019,2018,MÚSICA,TIBLE (INTERPRETACIÓ: MÚSICA TRADICIONAL),1,1,0,1,0,1
2018/2019,2018,MÚSICA,TROMBÓ,1,20,3,17,0,14
2018/2019,2018,MÚSICA,TROMBÓ,2,17,1,16,0,9
2018/2019,2018,MÚSICA,TROMBÓ,3,13,1,12,0,10
2018/2019,2018,MÚSICA,TROMBÓ,4,20,5,15,0,13
2018/2019,2018,MÚSICA,TROMBÓ,5,9,4,5,0,7
2018/2019,2018,MÚSICA,TROMBÓ,6,14,4,10,0,9
2018/2019,2018,MÚSICA,TROMBÓ (INTERPRETACIÓ: CLÀSSICA I CONTEMPORÀNIA),1,2,0,2,0,1
2018/2019,2018,MÚSICA,TROMBÓ (INTERPRETACIÓ: CLÀSSICA I CONTEMPORÀNIA),3,4,0,4,0,1
2018/2019,2018,MÚSICA,TROMBÓ (INTERPRETACIÓ: CLÀSSICA I CONTEMPORÀNIA),4,1,1,0,0,1
2018/2019,2018,MÚSICA,TROMBÓ (INTERPRETACIÓ: JAZZ I MÚSICA MODERNA),1,1,0,1,0,1
2018/2019,2018,MÚSICA,TROMBÓ (INTERPRETACIÓ: JAZZ I MÚSICA MODERNA),3,2,0,2,0,1
2018/2019,2018,MÚSICA,TROMBÓ (INTERPRETACIÓ: JAZZ I MÚSICA MODERNA),4,1,0,1,0,1
2018/2019,2018,MÚSICA,TROMPA,1,19,5,14,0,13
2018/2019,2018,MÚSICA,TROMPA,2,9,6,3,0,7
2018/2019,2018,MÚSICA,TROMPA,3,12,3,9,0,7
2018/2019,2018,MÚSICA,TROMPA,4,9,3,6,0,6
2018/2019,2018,MÚSICA,TROMPA,5,10,5,5,0,8
2018/2019,2018,MÚSICA,TROMPA,6,11,2,9,0,8
2018/2019,2018,MÚSICA,TROMPA (INTERPRETACIÓ: CLÀSSICA I CONTEMPORÀNIA),1,4,2,2,0,2
2018/2019,2018,MÚSICA,TROMPA (INTERPRETACIÓ: CLÀSSICA I CONTEMPORÀNIA),2,6,2,4,0,2
2018/2019,2018,MÚSICA,TROMPA (INTERPRETACIÓ: CLÀSSICA I CONTEMPORÀNIA),3,8,0,8,0,2
2018/2019,2018,MÚSICA,TROMPA (INTERPRETACIÓ: CLÀSSICA I CONTEMPORÀNIA),4,8,3,5,0,2
2018/2019,2018,MÚSICA,TROMPA (INTERPRETACIÓ: JAZZ I MÚSICA MODERNA),1,1,0,1,0,1
2018/2019,2018,MÚSICA,TROMPETA,1,33,10,23,0,20
2018/2019,2018,MÚSICA,TROMPETA,2,27,10,17,0,15
2018/2019,2018,MÚSICA,TROMPETA,3,26,8,18,0,18
2018/2019,2018,MÚSICA,TROMPETA,4,23,4,19,0,14
2018/2019,2018,MÚSICA,TROMPETA,5,20,6,14,0,13
2018/2019,2018,MÚSICA,TROMPETA,6,21,5,16,0,10
2018/2019,2018,MÚSICA,TROMPETA (INTERPRETACIÓ: CLÀSSICA I CONTEMPORÀNIA),1,4,0,4,0,2
2018/2019,2018,MÚSICA,TROMPETA (INTERPRETACIÓ: CLÀSSICA I CONTEMPORÀNIA),2,2,0,2,0,1
2018/2019,2018,MÚSICA,TROMPETA (INTERPRETACIÓ: CLÀSSICA I CONTEMPORÀNIA),3,3,1,2,0,2
2018/2019,2018,MÚSICA,TROMPETA (INTERPRETACIÓ: CLÀSSICA I CONTEMPORÀNIA),4,8,1,7,0,2
2018/2019,2018,MÚSICA,TROMPETA (INTERPRETACIÓ: JAZZ I MÚSICA MODERNA),1,5,2,3,0,3
2018/2019,2018,MÚSICA,TROMPETA (INTERPRETACIÓ: JAZZ I MÚSICA MODERNA),2,4,0,4,0,2
2018/2019,2018,MÚSICA,TROMPETA (INTERPRETACIÓ: JAZZ I MÚSICA MODERNA),3,6,0,6,0,3
2018/2019,2018,MÚSICA,TROMPETA (INTERPRETACIÓ: JAZZ I MÚSICA MODERNA),4,7,1,6,0,3
2018/2019,2018,MÚSICA,TUBA,1,4,2,2,0,4
2018/2019,2018,MÚSICA,TUBA,2,4,0,4,0,3
2018/2019,2018,MÚSICA,TUBA,3,4,0,4,0,3
2018/2019,2018,MÚSICA,TUBA,4,9,1,8,0,4
2018/2019,2018,MÚSICA,TUBA,6,6,2,4,0,3
2018/2019,2018,MÚSICA,TUBA (INTERPRETACIÓ: CLÀSSICA I CONTEMPORÀNIA),1,1,0,1,0,1
2018/2019,2018,MÚSICA,TUBA (INTERPRETACIÓ: CLÀSSICA I CONTEMPORÀNIA),2,1,0,1,0,1
2018/2019,2018,MÚSICA,TUBA (INTERPRETACIÓ: CLÀSSICA I CONTEMPORÀNIA),3,1,0,1,0,1
2018/2019,2018,MÚSICA,VIOLA,1,25,17,8,0,14
2018/2019,2018,MÚSICA,VIOLA,2,27,22,5,0,16
2018/2019,2018,MÚSICA,VIOLA,3,27,23,4,0,16
2018/2019,2018,MÚSICA,VIOLA,4,13,10,3,0,9
2018/2019,2018,MÚSICA,VIOLA,5,16,11,5,0,12
2018/2019,2018,MÚSICA,VIOLA,6,21,14,7,0,12
2018/2019,2018,MÚSICA,VIOLA (INTERPRETACIÓ: CLÀSSICA I CONTEMPORÀNIA),1,9,5,4,0,2
2018/2019,2018,MÚSICA,VIOLA (INTERPRETACIÓ: CLÀSSICA I CONTEMPORÀNIA),2,7,3,4,0,2
2018/2019,2018,MÚSICA,VIOLA (INTERPRETACIÓ: CLÀSSICA I CONTEMPORÀNIA),3,9,5,4,0,2
2018/2019,2018,MÚSICA,VIOLA (INTERPRETACIÓ: CLÀSSICA I CONTEMPORÀNIA),4,7,4,3,0,2
2018/2019,2018,MÚSICA,VIOLA DE GAMBA,6,2,0,2,0,1
2018/2019,2018,MÚSICA,VIOLA DE GAMBA (INTERPRETACIÓ: MÚSICA ANTIGA),2,1,0,1,0,1
2018/2019,2018,MÚSICA,VIOLA DE GAMBA (INTERPRETACIÓ: MÚSICA ANTIGA),4,2,0,2,0,1
2018/2019,2018,MÚSICA,VIOLONCEL,1,50,33,17,0,20
2018/2019,2018,MÚSICA,VIOLONCEL,2,52,31,21,0,21
2018/2019,2018,MÚSICA,VIOLONCEL,3,50,35,15,0,18
2018/2019,2018,MÚSICA,VIOLONCEL,4,34,22,12,0,20
2018/2019,2018,MÚSICA,VIOLONCEL,5,39,24,15,0,16
2018/2019,2018,MÚSICA,VIOLONCEL,6,38,24,14,0,17
2018/2019,2018,MÚSICA,VIOLONCEL (INTERPRETACIÓ: CLÀSSICA I CONTEMPORÀNIA),1,9,4,5,0,2
2018/2019,2018,MÚSICA,VIOLONCEL (INTERPRETACIÓ: CLÀSSICA I CONTEMPORÀNIA),2,15,10,5,0,2
2018/2019,2018,MÚSICA,VIOLONCEL (INTERPRETACIÓ: CLÀSSICA I CONTEMPORÀNIA),3,8,6,2,0,2
2018/2019,2018,MÚSICA,VIOLONCEL (INTERPRETACIÓ: CLÀSSICA I CONTEMPORÀNIA),4,15,8,7,0,2
2018/2019,2018,MÚSICA,VIOLONCEL BARROC (INTERPRETACIÓ: MÚSICA ANTIGA),2,1,1,0,0,1
2018/2019,2018,MÚSICA,VIOLÍ,1,91,65,26,0,25
2018/2019,2018,MÚSICA,VIOLÍ,2,127,88,39,0,26
2018/2019,2018,MÚSICA,VIOLÍ,3,96,62,34,0,23
2018/2019,2018,MÚSICA,VIOLÍ,4,91,66,25,0,20
2018/2019,2018,MÚSICA,VIOLÍ,5,96,61,35,0,23
2018/2019,2018,MÚSICA,VIOLÍ,6,92,61,31,0,21
2018/2019,2018,MÚSICA,VIOLÍ (INTERPRETACIÓ: CLÀSSICA I CONTEMPORÀNIA),1,12,5,7,0,1
2018/2019,2018,MÚSICA,VIOLÍ (INTERPRETACIÓ: CLÀSSICA I CONTEMPORÀNIA),2,9,7,2,0,1
2018/2019,2018,MÚSICA,VIOLÍ (INTERPRETACIÓ: CLÀSSICA I CONTEMPORÀNIA),3,17,11,6,0,1
2018/2019,2018,MÚSICA,VIOLÍ (INTERPRETACIÓ: CLÀSSICA I CONTEMPORÀNIA),4,19,10,9,0,1
2018/2019,2018,MÚSICA,VIOLÍ (INTERPRETACIÓ: JAZZ I MÚSICA MODERNA),1,1,0,1,0,1
2018/2019,2018,MÚSICA,VIOLÍ (INTERPRETACIÓ: JAZZ I MÚSICA MODERNA),3,1,0,1,0,1
2018/2019,2018,MÚSICA,VIOLÍ (INTERPRETACIÓ: JAZZ I MÚSICA MODERNA),4,1,0,1,0,1
2018/2019,2018,PROGRAMA DE FORMACIÓ I INSERCIÓ,AUXILIAR D'ACTIVITATS AGROPECUÀRIES,1,57,16,41,0,4
2018/2019,2018,PROGRAMA DE FORMACIÓ I INSERCIÓ,AUXILIAR D'ACTIVITATS D'OFICINA I DE SERVEIS ADMINISTRATIUS GENERALS,1,571,255,316,0,36
2018/2019,2018,PROGRAMA DE FORMACIÓ I INSERCIÓ,AUXILIAR D'ACTIVITATS FORESTALS,1,31,3,28,0,2
2018/2019,2018,PROGRAMA DE FORMACIÓ I INSERCIÓ,AUXILIAR D'ARTS GRÀFIQUES I SERIGRAFIA,1,123,46,77,0,9
2018/2019,2018,PROGRAMA DE FORMACIÓ I INSERCIÓ,AUXILIAR D'HOTELERIA: CUINA I CÀTERING,1,87,29,58,0,6
2018/2019,2018,PROGRAMA DE FORMACIÓ I INSERCIÓ,AUXILIAR D'HOTELERIA: CUINA I SERVEIS DE RESTAURACIÓ,1,897,290,607,0,50
2018/2019,2018,PROGRAMA DE FORMACIÓ I INSERCIÓ,AUXILIAR D'IMATGE PERSONAL: PERRUQUERIA I ESTÈTICA,1,529,474,55,0,28
2018/2019,2018,PROGRAMA DE FORMACIÓ I INSERCIÓ,AUXILIAR DE COMERÇ I ATENCIÓ AL PÚBLIC,1,286,127,159,0,19
2018/2019,2018,PROGRAMA DE FORMACIÓ I INSERCIÓ,AUXILIAR DE CONFECCIÓ EN TÈXTIL I PELL,1,34,18,16,0,2
2018/2019,2018,PROGRAMA DE FORMACIÓ I INSERCIÓ,AUXILIAR DE CUINA,1,37,12,25,0,3
2018/2019,2018,PROGRAMA DE FORMACIÓ I INSERCIÓ,AUXILIAR DE FABRICACIÓ MECÀNICA I D'AJUST I SOLDADURA,1,116,1,115,0,7
2018/2019,2018,PROGRAMA DE FORMACIÓ I INSERCIÓ,AUXILIAR DE FABRICACIÓ MECÀNICA I INSTAL·LACIONS ELECTROTÈCNIQUES,1,191,2,189,0,13
2018/2019,2018,PROGRAMA DE FORMACIÓ I INSERCIÓ,"AUXILIAR DE FONTANERIA, CALEFACCIÓ I CLIMATITZACIÓ",1,90,0,90,0,6
2018/2019,2018,PROGRAMA DE FORMACIÓ I INSERCIÓ,AUXILIAR DE FUSTERIA METÀL·LICA I PVC,1,32,0,32,0,2
2018/2019,2018,PROGRAMA DE FORMACIÓ I INSERCIÓ,AUXILIAR DE MUNTATGE I MANTENIMENT D'EQUIPS INFORMÀTICS,1,473,41,432,0,30
2018/2019,2018,PROGRAMA DE FORMACIÓ I INSERCIÓ,AUXILIAR DE MUNTATGES D'INSTAL·LACIONS ELECTROTÈCNIQUES EN EDIFICIS,1,169,4,165,0,12
2018/2019,2018,PROGRAMA DE FORMACIÓ I INSERCIÓ,"AUXILIAR DE MUNTATGES D'INSTAL·LACIONS ELÈCTRIQUES, D'AIGUA I GAS",1,422,5,417,0,28
2018/2019,2018,PROGRAMA DE FORMACIÓ I INSERCIÓ,AUXILIAR DE PALETA I CONSTRUCCIÓ,1,89,0,89,0,6
2018/2019,2018,PROGRAMA DE FORMACIÓ I INSERCIÓ,AUXILIAR DE PASTISSERIA I DE FLECA,1,12,9,3,0,1
2018/2019,2018,PROGRAMA DE FORMACIÓ I INSERCIÓ,AUXILIAR DE PASTISSERIA I FORNERIA,1,103,34,69,0,5
2018/2019,2018,PROGRAMA DE FORMACIÓ I INSERCIÓ,AUXILIAR DE PINTURA,1,242,27,215,0,15
2018/2019,2018,PROGRAMA DE FORMACIÓ I INSERCIÓ,AUXILIAR DE REPARACIÓ I MANTENIMENT DE VEHICLES LLEUGERS,1,353,9,344,0,21
2018/2019,2018,PROGRAMA DE FORMACIÓ I INSERCIÓ,AUXILIAR DE SERRALLERIA I CONSTRUCCIONS METÀL·LIQUES,1,69,1,68,0,5
2018/2019,2018,PROGRAMA DE FORMACIÓ I INSERCIÓ,"AUXILIAR DE VENDES, OFICINA I ATENCIÓ AL PÚBLIC",1,1108,537,571,0,68
2018/2019,2018,PROGRAMA DE FORMACIÓ I INSERCIÓ,AUXILIAR DE VIVERS I JARDINS,1,420,54,366,0,28
2018/2019,2018,PROGRAMA DE FORMACIÓ I INSERCIÓ,AUXILIAR EN ESTABLIMENTS DEL SECTOR CARNI,1,74,16,58,0,2
2018/2019,2018,PROGRAMA DE FORMACIÓ I INSERCIÓ,AUXILIAR EN ESTABLIMENTS HOTELERS I DE RESTAURACIÓ,1,134,54,80,0,10
2018/2019,2018,PROGRAMA DE FORMACIÓ I INSERCIÓ,AUXILIAR EN TREBALLS DE FUSTERIA I INSTAL·LACIÓ DE MOBLES,1,211,7,204,0,16
2019/2020,2019,ART DRAMÀTIC SUPERIOR,ADRL -  INTERPRETACIÓ,1,75,58,17,0,2
2019/2020,2019,ART DRAMÀTIC SUPERIOR,ADRL -  INTERPRETACIÓ,2,69,49,20,0,2
2019/2020,2019,ART DRAMÀTIC SUPERIOR,ADRL -  INTERPRETACIÓ,3,63,44,19,0,2
2019/2020,2019,ART DRAMÀTIC SUPERIOR,ADRL -  INTERPRETACIÓ,4,89,56,33,0,2
2019/2020,2019,ART DRAMÀTIC SUPERIOR,ADRL - DIRECCIÓ D'ESCENA I DRAMATÚRGIA,1,30,24,6,0,2
2019/2020,2019,ART DRAMÀTIC SUPERIOR,ADRL - DIRECCIÓ D'ESCENA I DRAMATÚRGIA,2,20,8,12,0,2
2019/2020,2019,ART DRAMÀTIC SUPERIOR,ADRL - DIRECCIÓ D'ESCENA I DRAMATÚRGIA,3,19,11,8,0,2
2019/2020,2019,ART DRAMÀTIC SUPERIOR,ADRL - DIRECCIÓ D'ESCENA I DRAMATÚRGIA,4,32,16,16,0,2
2019/2020,2019,ART DRAMÀTIC SUPERIOR,ADRL - ESCENOGRAFIA,1,13,10,3,0,1
2019/2020,2019,ART DRAMÀTIC SUPERIOR,ADRL - ESCENOGRAFIA,2,12,8,4,0,1
2019/2020,2019,ART DRAMÀTIC SUPERIOR,ADRL - ESCENOGRAFIA,3,10,6,4,0,1
2019/2020,2019,ART DRAMÀTIC SUPERIOR,ADRL - ESCENOGRAFIA,4,12,8,4,0,1
2019/2020,2019,ARTS PLÀSTIQUES I DISSENY,CFAM - ARTESANIA DE COMPLEMENTS DE CUIR,1,9,9,0,1,1
2019/2020,2019,ARTS PLÀSTIQUES I DISSENY,CFAM - ARTESANIA DE COMPLEMENTS DE CUIR,2,6,5,1,1,1
2019/2020,2019,ARTS PLÀSTIQUES I DISSENY,CFAM - ASSISTÈNCIA AL PRODUCTE GRÀFIC IMPRÈS,1,283,154,129,10,10
2019/2020,2019,ARTS PLÀSTIQUES I DISSENY,CFAM - ASSISTÈNCIA AL PRODUCTE GRÀFIC IMPRÈS,2,236,122,114,10,10
2019/2020,2019,ARTS PLÀSTIQUES I DISSENY,CFAM - ASSISTÈNCIA AL PRODUCTE GRÀFIC IMPRÈS (ASSISTENT DE FOTOGRAFIA),1,33,26,7,1,1
2019/2020,2019,ARTS PLÀSTIQUES I DISSENY,CFAM - ASSISTÈNCIA AL PRODUCTE GRÀFIC IMPRÈS (ASSISTENT DE FOTOGRAFIA),2,23,13,10,1,1
2019/2020,2019,ARTS PLÀSTIQUES I DISSENY,CFAM - ASSISTÈNCIA AL PRODUCTE GRÀFIC INTERACTIU,1,262,133,129,7,10
2019/2020,2019,ARTS PLÀSTIQUES I DISSENY,CFAM - ASSISTÈNCIA AL PRODUCTE GRÀFIC INTERACTIU,2,269,110,159,8,10
2019/2020,2019,ARTS PLÀSTIQUES I DISSENY,CFAM - DECORACIÓ CERÀMICA,1,19,15,4,2,2
2019/2020,2019,ARTS PLÀSTIQUES I DISSENY,CFAM - DECORACIÓ CERÀMICA,2,25,23,2,2,2
2019/2020,2019,ARTS PLÀSTIQUES I DISSENY,CFAM - EBENISTERIA ARTÍSTICA,2,2,0,2,1,1
2019/2020,2019,ARTS PLÀSTIQUES I DISSENY,CFAM - ESMALTATGE SOBRE METALLS,1,7,4,3,1,1
2019/2020,2019,ARTS PLÀSTIQUES I DISSENY,CFAM - ESMALTATGE SOBRE METALLS,2,7,5,2,1,1
2019/2020,2019,ARTS PLÀSTIQUES I DISSENY,CFAM - FORJA ARTÍSTICA,1,17,5,12,2,2
2019/2020,2019,ARTS PLÀSTIQUES I DISSENY,CFAM - FORJA ARTÍSTICA,2,17,1,16,2,2
2019/2020,2019,ARTS PLÀSTIQUES I DISSENY,CFAM - PROCEDIMENTS DE JOIERIA ARTÍSTICA,1,13,9,4,1,1
2019/2020,2019,ARTS PLÀSTIQUES I DISSENY,CFAM - PROCEDIMENTS DE JOIERIA ARTÍSTICA,2,14,8,6,1,1
2019/2020,2019,ARTS PLÀSTIQUES I DISSENY,CFAM - REPRODUCCIONS ARTÍSTIQUES EN FUSTA,1,26,15,11,2,2
2019/2020,2019,ARTS PLÀSTIQUES I DISSENY,CFAM - REPRODUCCIONS ARTÍSTIQUES EN FUSTA,2,20,9,11,2,2
2019/2020,2019,ARTS PLÀSTIQUES I DISSENY,CFAM - REVESTIMENTS MURALS,1,38,30,8,2,2
2019/2020,2019,ARTS PLÀSTIQUES I DISSENY,CFAM - REVESTIMENTS MURALS,2,41,25,16,2,2
2019/2020,2019,ARTS PLÀSTIQUES I DISSENY,CFAM - SERIGRAFIA ARTÍSTICA,1,42,28,14,2,2
2019/2020,2019,ARTS PLÀSTIQUES I DISSENY,CFAM - TERRISSERIA,2,8,4,4,1,1
2019/2020,2019,ARTS PLÀSTIQUES I DISSENY,CFAS - ANIMACIÓ,1,58,27,31,5,5
2019/2020,2019,ARTS PLÀSTIQUES I DISSENY,CFAS - ANIMACIÓ,2,58,29,29,4,4
2019/2020,2019,ARTS PLÀSTIQUES I DISSENY,CFAS - ANIMACIÓ (VIDEOJOCS I ENTORNS VIRTUALS),1,82,21,61,4,4
2019/2020,2019,ARTS PLÀSTIQUES I DISSENY,CFAS - ANIMACIÓ (VIDEOJOCS I ENTORNS VIRTUALS),2,63,25,38,4,4
2019/2020,2019,ARTS PLÀSTIQUES I DISSENY,CFAS - APARADORISME,2,8,8,0,1,1
2019/2020,2019,ARTS PLÀSTIQUES I DISSENY,CFAS - ARQUITECTURA EFÍMERA,1,15,10,5,2,2
2019/2020,2019,ARTS PLÀSTIQUES I DISSENY,CFAS - ARQUITECTURA EFÍMERA,2,35,28,7,3,3
2019/2020,2019,ARTS PLÀSTIQUES I DISSENY,CFAS - ART TÈXTIL,1,30,25,5,1,1
2019/2020,2019,ARTS PLÀSTIQUES I DISSENY,CFAS - ART TÈXTIL,2,27,23,4,1,1
2019/2020,2019,ARTS PLÀSTIQUES I DISSENY,CFAS - ARTS APLICADES AL MUR,1,61,39,22,5,5
2019/2020,2019,ARTS PLÀSTIQUES I DISSENY,CFAS - ARTS APLICADES AL MUR,2,83,52,31,5,5
2019/2020,2019,ARTS PLÀSTIQUES I DISSENY,CFAS - CERÀMICA ARTÍSTICA,1,56,45,11,5,5
2019/2020,2019,ARTS PLÀSTIQUES I DISSENY,CFAS - CERÀMICA ARTÍSTICA,2,15,11,4,4,4
2019/2020,2019,ARTS PLÀSTIQUES I DISSENY,CFAS - CÒMIC,1,39,16,23,2,2
2019/2020,2019,ARTS PLÀSTIQUES I DISSENY,CFAS - CÒMIC,2,26,15,11,2,2
2019/2020,2019,ARTS PLÀSTIQUES I DISSENY,CFAS - ENQUADERNACIÓ ARTÍSTICA,2,14,14,0,1,1
2019/2020,2019,ARTS PLÀSTIQUES I DISSENY,CFAS - ESCULTURA APLICADA A L'ESPECTACLE,1,18,15,3,3,3
2019/2020,2019,ARTS PLÀSTIQUES I DISSENY,CFAS - ESCULTURA APLICADA A L'ESPECTACLE,2,24,14,10,4,4
2019/2020,2019,ARTS PLÀSTIQUES I DISSENY,CFAS - ESMALT ARTÍSTIC AL FOC SOBRE METALLS,1,4,2,2,1,1
2019/2020,2019,ARTS PLÀSTIQUES I DISSENY,CFAS - ESMALT ARTÍSTIC AL FOC SOBRE METALLS,2,10,8,2,1,2
2019/2020,2019,ARTS PLÀSTIQUES I DISSENY,CFAS - ESTAMPACIONS I TINTATGES ARTÍSTICS,1,5,4,1,1,1
2019/2020,2019,ARTS PLÀSTIQUES I DISSENY,CFAS - ESTAMPACIONS I TINTATGES ARTÍSTICS,2,10,8,2,1,1
2019/2020,2019,ARTS PLÀSTIQUES I DISSENY,CFAS - ESTILISME D'INDUMENTÀRIA,1,51,42,9,3,3
2019/2020,2019,ARTS PLÀSTIQUES I DISSENY,CFAS - ESTILISME D'INDUMENTÀRIA,2,69,63,6,2,3
2019/2020,2019,ARTS PLÀSTIQUES I DISSENY,CFAS - FOSA ARTÍSTICA,1,1,0,1,1,1
2019/2020,2019,ARTS PLÀSTIQUES I DISSENY,CFAS - FOSA ARTÍSTICA,2,9,5,4,1,2
2019/2020,2019,ARTS PLÀSTIQUES I DISSENY,CFAS - FOTOGRAFIA,1,94,64,30,5,5
2019/2020,2019,ARTS PLÀSTIQUES I DISSENY,CFAS - FOTOGRAFIA,2,98,77,21,5,5
2019/2020,2019,ARTS PLÀSTIQUES I DISSENY,CFAS - GRAVAT I TÈCNIQUES D'ESTAMPACIÓ,1,22,16,6,1,1
2019/2020,2019,ARTS PLÀSTIQUES I DISSENY,CFAS - GRAVAT I TÈCNIQUES D'ESTAMPACIÓ,2,20,17,3,1,1
2019/2020,2019,ARTS PLÀSTIQUES I DISSENY,CFAS - GRÀFICA AUDIOVISUAL,1,56,28,28,2,3
2019/2020,2019,ARTS PLÀSTIQUES I DISSENY,CFAS - GRÀFICA AUDIOVISUAL,2,29,14,15,2,2
2019/2020,2019,ARTS PLÀSTIQUES I DISSENY,CFAS - GRÀFICA AUDIOVISUAL (INFOGRAFIA 3D),1,16,4,12,2,2
2019/2020,2019,ARTS PLÀSTIQUES I DISSENY,CFAS - GRÀFICA AUDIOVISUAL (INFOGRAFIA 3D),2,17,5,12,2,2
2019/2020,2019,ARTS PLÀSTIQUES I DISSENY,CFAS - GRÀFICA IMPRESA,1,72,45,27,4,4
2019/2020,2019,ARTS PLÀSTIQUES I DISSENY,CFAS - GRÀFICA IMPRESA,2,88,55,33,4,4
2019/2020,2019,ARTS PLÀSTIQUES I DISSENY,CFAS - GRÀFICA INTERACTIVA,1,73,41,32,7,7
2019/2020,2019,ARTS PLÀSTIQUES I DISSENY,CFAS - GRÀFICA INTERACTIVA,2,115,57,58,8,10
2019/2020,2019,ARTS PLÀSTIQUES I DISSENY,CFAS - GRÀFICA INTERACTIVA (ESPAIS INTERACTIUS),1,5,3,2,1,1
2019/2020,2019,ARTS PLÀSTIQUES I DISSENY,CFAS - GRÀFICA INTERACTIVA (ESPAIS INTERACTIUS),2,13,7,6,1,1
2019/2020,2019,ARTS PLÀSTIQUES I DISSENY,CFAS - GRÀFICA PUBLICITÀRIA,1,323,190,133,12,13
2019/2020,2019,ARTS PLÀSTIQUES I DISSENY,CFAS - GRÀFICA PUBLICITÀRIA,2,334,184,150,12,13
2019/2020,2019,ARTS PLÀSTIQUES I DISSENY,CFAS - IL·LUSTRACIÓ,1,301,216,85,12,11
2019/2020,2019,ARTS PLÀSTIQUES I DISSENY,CFAS - IL·LUSTRACIÓ,2,315,210,105,12,11
2019/2020,2019,ARTS PLÀSTIQUES I DISSENY,CFAS - JOIERIA ARTÍSTICA,1,69,57,12,5,5
2019/2020,2019,ARTS PLÀSTIQUES I DISSENY,CFAS - JOIERIA ARTÍSTICA,2,117,83,34,5,5
2019/2020,2019,ARTS PLÀSTIQUES I DISSENY,CFAS - MOBLAMENT,2,12,9,3,1,1
2019/2020,2019,ARTS PLÀSTIQUES I DISSENY,CFAS - MODELISME I MAQUETISME,2,7,2,5,1,1
2019/2020,2019,ARTS PLÀSTIQUES I DISSENY,CFAS - MODELISME I MATRICERIA CERÀMICA,1,19,16,3,2,2
2019/2020,2019,ARTS PLÀSTIQUES I DISSENY,CFAS - MODELISME I MATRICERIA CERÀMICA,2,7,6,1,1,1
2019/2020,2019,ARTS PLÀSTIQUES I DISSENY,CFAS - MODELISME INDUSTRIAL,1,38,19,19,2,2
2019/2020,2019,ARTS PLÀSTIQUES I DISSENY,CFAS - MODELISME INDUSTRIAL,2,51,23,28,2,2
2019/2020,2019,ARTS PLÀSTIQUES I DISSENY,CFAS - MOTLLES I REPRODUCCIONS ESCULTORIQUES,1,3,1,2,1,1
2019/2020,2019,ARTS PLÀSTIQUES I DISSENY,CFAS - MOTLLES I REPRODUCCIONS ESCULTORIQUES,2,6,1,5,1,1
2019/2020,2019,ARTS PLÀSTIQUES I DISSENY,CFAS - PROJECTES I DIRECCIÓ D'OBRES DE DECORACIÓ,1,187,146,41,12,11
2019/2020,2019,ARTS PLÀSTIQUES I DISSENY,CFAS - PROJECTES I DIRECCIÓ D'OBRES DE DECORACIÓ,2,202,165,37,11,11
2019/2020,2019,ARTS PLÀSTIQUES I DISSENY,CFAS - PUNTES ARTÍSTIQUES,1,1,1,0,1,1
2019/2020,2019,ARTS PLÀSTIQUES I DISSENY,CFAS - PUNTES ARTÍSTIQUES,2,2,2,0,1,1
2019/2020,2019,ARTS PLÀSTIQUES I DISSENY,CFAS - TÈCNIQUES D'ACTUACIÓ TEATRAL,2,14,10,4,1,1
2019/2020,2019,ARTS PLÀSTIQUES I DISSENY,CFAS - TÈCNIQUES ESCULTÒRIQUES,1,47,28,19,4,4
2019/2020,2019,ARTS PLÀSTIQUES I DISSENY,CFAS - TÈCNIQUES ESCULTÒRIQUES,2,42,23,19,4,4
2019/2020,2019,BATXILLERAT,BATXILLERAT,1,2,1,1,0,1
2019/2020,2019,BATXILLERAT,BATXILLERAT,NA,1591,796,795,0,13
2019/2020,2019,BATXILLERAT,BATXILLERAT D'ARTS,1,4127,3127,1000,111,134
2019/2020,2019,BATXILLERAT,BATXILLERAT D'ARTS,2,3655,2742,913,101,132
2019/2020,2019,BATXILLERAT,BATXILLERAT D'ARTS,NA,338,229,109,0,1
2019/2020,2019,BATXILLERAT,BATXILLERAT D'HUMANITATS I CIÈNCIES SOCIALS,1,22952,13797,9155,619,716
2019/2020,2019,BATXILLERAT,BATXILLERAT D'HUMANITATS I CIÈNCIES SOCIALS,2,20491,12528,7963,580,713
2019/2020,2019,BATXILLERAT,BATXILLERAT D'HUMANITATS I CIÈNCIES SOCIALS,NA,1015,555,460,0,1
2019/2020,2019,BATXILLERAT,BATXILLERAT DE CIÈNCIES I TECNOLOGIA,1,23546,10861,12685,619,713
2019/2020,2019,BATXILLERAT,BATXILLERAT DE CIÈNCIES I TECNOLOGIA,2,19664,9201,10463,579,711
2019/2020,2019,BATXILLERAT,BATXILLERAT DE CIÈNCIES I TECNOLOGIA,NA,522,214,308,0,1
2019/2020,2019,CONSERVACIÓ I RESTAURACIÓ DE BÉNS CULTURALS,CONSERVACIÓ I RESTAURACIÓ D'ESCULTURA,3,9,8,1,0,1
2019/2020,2019,CONSERVACIÓ I RESTAURACIÓ DE BÉNS CULTURALS,CONSERVACIÓ I RESTAURACIÓ D'ESCULTURA,4,7,5,2,0,1
2019/2020,2019,CONSERVACIÓ I RESTAURACIÓ DE BÉNS CULTURALS,CONSERVACIÓ I RESTAURACIÓ DE BÉNS ARQUEOLÒGICS,1,31,25,6,0,1
2019/2020,2019,CONSERVACIÓ I RESTAURACIÓ DE BÉNS CULTURALS,CONSERVACIÓ I RESTAURACIÓ DE BÉNS ARQUEOLÒGICS,2,38,28,10,0,1
2019/2020,2019,CONSERVACIÓ I RESTAURACIÓ DE BÉNS CULTURALS,CONSERVACIÓ I RESTAURACIÓ DE BÉNS ARQUEOLÒGICS,3,9,7,2,0,1
2019/2020,2019,CONSERVACIÓ I RESTAURACIÓ DE BÉNS CULTURALS,CONSERVACIÓ I RESTAURACIÓ DE BÉNS ARQUEOLÒGICS,4,13,13,0,0,1
2019/2020,2019,CONSERVACIÓ I RESTAURACIÓ DE BÉNS CULTURALS,CONSERVACIÓ I RESTAURACIÓ DE DOCUMENT GRÀFIC,3,6,6,0,0,1
2019/2020,2019,CONSERVACIÓ I RESTAURACIÓ DE BÉNS CULTURALS,CONSERVACIÓ I RESTAURACIÓ DE DOCUMENT GRÀFIC,4,7,7,0,0,1
2019/2020,2019,CONSERVACIÓ I RESTAURACIÓ DE BÉNS CULTURALS,CONSERVACIÓ I RESTAURACIÓ DE PINTURA,3,9,9,0,0,1
2019/2020,2019,CONSERVACIÓ I RESTAURACIÓ DE BÉNS CULTURALS,CONSERVACIÓ I RESTAURACIÓ DE PINTURA,4,10,9,1,0,1
2019/2020,2019,CONSERVACIÓ I RESTAURACIÓ DE BÉNS CULTURALS,MÀSTER EN ENSENYAMENTS ARTÍSTICS EN CONSERVACIÓ I RESTAURACIÓ DE PATRIMONI FOTOGRÀFIC DE L'ESCRBCC,1,1,1,0,0,1
2019/2020,2019,CURSOS D'ACCÉS SENSE TITULACIÓ,CURS  ESPECÍFIC PER A l'ACCÉS ALS CICLES FORMATIUS DE GRAU MITJÀ D'FP,NA,425,173,252,0,23
2019/2020,2019,DANSA,COREOGRAFIA I INTERPRETACIÓ,1,12,12,0,0,1
2019/2020,2019,DANSA,COREOGRAFIA I INTERPRETACIÓ,2,11,8,3,0,1
2019/2020,2019,DANSA,COREOGRAFIA I INTERPRETACIÓ,3,9,5,4,0,1
2019/2020,2019,DANSA,COREOGRAFIA I INTERPRETACIÓ,4,28,24,4,0,1
2019/2020,2019,DANSA,DANSA CLÀSSICA,1,24,20,4,0,3
2019/2020,2019,DANSA,DANSA CLÀSSICA,2,42,35,7,0,3
2019/2020,2019,DANSA,DANSA CLÀSSICA,3,28,24,4,0,2
2019/2020,2019,DANSA,DANSA CLÀSSICA,4,26,22,4,0,3
2019/2020,2019,DANSA,DANSA CLÀSSICA,5,12,8,4,0,1
2019/2020,2019,DANSA,DANSA CLÀSSICA,6,10,10,0,0,2
2019/2020,2019,DANSA,DANSA CONTEMPORÀNIA,1,22,16,6,0,2
2019/2020,2019,DANSA,DANSA CONTEMPORÀNIA,2,27,23,4,0,2
2019/2020,2019,DANSA,DANSA CONTEMPORÀNIA,3,35,30,5,0,2
2019/2020,2019,DANSA,DANSA CONTEMPORÀNIA,4,35,28,7,0,3
2019/2020,2019,DANSA,DANSA CONTEMPORÀNIA,5,20,15,5,0,2
2019/2020,2019,DANSA,DANSA CONTEMPORÀNIA,6,18,12,6,0,2
2019/2020,2019,DANSA,DANSA ESPANYOLA,1,9,8,1,0,1
2019/2020,2019,DANSA,DANSA ESPANYOLA,2,13,13,0,0,1
2019/2020,2019,DANSA,DANSA ESPANYOLA,3,8,8,0,0,1
2019/2020,2019,DANSA,DANSA ESPANYOLA,4,13,11,2,0,1
2019/2020,2019,DANSA,DANSA ESPANYOLA,5,12,8,4,0,2
2019/2020,2019,DANSA,DANSA ESPANYOLA,6,10,8,2,0,2
2019/2020,2019,DANSA,PEDAGOGIA DE LA DANSA,1,13,12,1,0,1
2019/2020,2019,DANSA,PEDAGOGIA DE LA DANSA,2,14,13,1,0,1
2019/2020,2019,DANSA,PEDAGOGIA DE LA DANSA,3,8,7,1,0,1
2019/2020,2019,DANSA,PEDAGOGIA DE LA DANSA,4,22,20,2,0,1
2019/2020,2019,EDUCACIÓ D'ADULTS,ADAPTACIÓ DE L'EDUCACIÓ SECUNDÀRIA OBLIGATÒRIA PER A PERSONES ADULTES,NA,12680,6042,6638,0,138
2019/2020,2019,EDUCACIÓ D'ADULTS,CICLE DE FORMACIÓ INSTRUMENTAL,NA,8982,4724,4258,0,124
2019/2020,2019,EDUCACIÓ D'ADULTS NO REGLATS,ACCÈS A CICLES FORMATIUS DE GRAU MITJÀ,NA,887,405,482,0,64
2019/2020,2019,EDUCACIÓ D'ADULTS NO REGLATS,ACCÈS A LA UNIVERSITAT PER MAJORS 25,NA,2025,1229,796,0,79
2019/2020,2019,EDUCACIÓ D'ADULTS NO REGLATS,ACCÈS CICLES FORMATIUS DE GRAU SUPERIOR,NA,3876,2000,1876,0,136
2019/2020,2019,EDUCACIÓ D'ADULTS NO REGLATS,INFORMÀTICA NIVELL USUARI,NA,10356,7030,3326,0,142
2019/2020,2019,EDUCACIÓ D'ADULTS NO REGLATS,LLENGUA CASTELLANA,NA,10490,5240,5250,0,130
2019/2020,2019,EDUCACIÓ D'ADULTS NO REGLATS,LLENGUA CATALANA,NA,8538,4147,4391,0,136
2019/2020,2019,EDUCACIÓ D'ADULTS NO REGLATS,LLENGUA ESTRANGERA ANGLÈS INICIAL,NA,14874,9972,4902,0,150
2019/2020,2019,EDUCACIÓ D'ADULTS NO REGLATS,LLENGUA ESTRANGERA FRANCÈS INICIAL,NA,1453,834,619,0,34
2019/2020,2019,EDUCACIÓ ESPECIAL,EDUCACIÓ ESPECIAL INFANTIL,1,110,39,71,0,47
2019/2020,2019,EDUCACIÓ ESPECIAL,EDUCACIÓ ESPECIAL INFANTIL,2,134,44,90,0,47
2019/2020,2019,EDUCACIÓ ESPECIAL,EDUCACIÓ ESPECIAL INFANTIL,3,165,57,108,0,49
2019/2020,2019,EDUCACIÓ ESPECIAL,EDUCACIÓ ESPECIAL PRIMÀRIA,1,211,65,146,0,70
2019/2020,2019,EDUCACIÓ ESPECIAL,EDUCACIÓ ESPECIAL PRIMÀRIA,2,226,67,159,0,67
2019/2020,2019,EDUCACIÓ ESPECIAL,EDUCACIÓ ESPECIAL PRIMÀRIA,3,258,90,168,0,70
2019/2020,2019,EDUCACIÓ ESPECIAL,EDUCACIÓ ESPECIAL PRIMÀRIA,4,296,87,209,0,77
2019/2020,2019,EDUCACIÓ ESPECIAL,EDUCACIÓ ESPECIAL PRIMÀRIA,5,345,107,238,0,80
2019/2020,2019,EDUCACIÓ ESPECIAL,EDUCACIÓ ESPECIAL PRIMÀRIA,6,499,168,331,0,82
2019/2020,2019,EDUCACIÓ ESPECIAL,EDUCACIÓ ESPECIAL SECUNDÀRIA,1,609,213,396,0,89
2019/2020,2019,EDUCACIÓ ESPECIAL,EDUCACIÓ ESPECIAL SECUNDÀRIA,2,736,250,486,0,93
2019/2020,2019,EDUCACIÓ ESPECIAL,EDUCACIÓ ESPECIAL SECUNDÀRIA,3,754,268,486,0,91
2019/2020,2019,EDUCACIÓ ESPECIAL,EDUCACIÓ ESPECIAL SECUNDÀRIA,4,1738,662,1076,0,97
2019/2020,2019,EDUCACIÓ ESPECIAL,PROGRAMA DE FORMACIÓ PER A LA TRANSICIÓ A LA VIDA ADULTA,1,73,27,46,0,10
2019/2020,2019,EDUCACIÓ ESPECIAL,PROGRAMA DE FORMACIÓ PER A LA TRANSICIÓ A LA VIDA ADULTA,2,69,34,35,0,10
2019/2020,2019,EDUCACIÓ INFANTIL,EDUCACIÓ INFANTIL: LLAR D'INFANTS,0,6928,3362,3566,1130,1211
2019/2020,2019,EDUCACIÓ INFANTIL,EDUCACIÓ INFANTIL: LLAR D'INFANTS,1,28653,13774,14879,2644,1620
2019/2020,2019,EDUCACIÓ INFANTIL,EDUCACIÓ INFANTIL: LLAR D'INFANTS,2,42663,20489,22174,2541,1625
2019/2020,2019,EDUCACIÓ INFANTIL,EDUCACIÓ INFANTIL: PARVULARI,1,68789,33781,35008,3081,2285
2019/2020,2019,EDUCACIÓ INFANTIL,EDUCACIÓ INFANTIL: PARVULARI,2,71470,34831,36639,3083,2282
2019/2020,2019,EDUCACIÓ INFANTIL,EDUCACIÓ INFANTIL: PARVULARI,3,73093,35433,37660,3362,2283
2019/2020,2019,EDUCACIÓ INFANTIL,EDUCACIÓ INFANTIL: PARVULARI,NA,2434,1201,1233,0,18
2019/2020,2019,EDUCACIÓ PRIMÀRIA,EDUCACIÓ PRIMÀRIA,1,72952,35577,37375,3105,2269
2019/2020,2019,EDUCACIÓ PRIMÀRIA,EDUCACIÓ PRIMÀRIA,2,77681,37989,39692,3297,2268
2019/2020,2019,EDUCACIÓ PRIMÀRIA,EDUCACIÓ PRIMÀRIA,3,79507,38870,40637,3355,2272
2019/2020,2019,EDUCACIÓ PRIMÀRIA,EDUCACIÓ PRIMÀRIA,4,81773,39660,42113,3382,2278
2019/2020,2019,EDUCACIÓ PRIMÀRIA,EDUCACIÓ PRIMÀRIA,5,82552,39763,42789,3348,2268
2019/2020,2019,EDUCACIÓ PRIMÀRIA,EDUCACIÓ PRIMÀRIA,6,85493,41686,43807,3752,2265
2019/2020,2019,EDUCACIÓ PRIMÀRIA,EDUCACIÓ PRIMÀRIA,NA,6064,2997,3067,0,18
2019/2020,2019,EDUCACIÓ SECUNDÀRIA OBLIGATÒRIA,EDUCACIÓ SECUNDÀRIA OBLIGATÒRIA,1,84213,40601,43612,2919,1128
2019/2020,2019,EDUCACIÓ SECUNDÀRIA OBLIGATÒRIA,EDUCACIÓ SECUNDÀRIA OBLIGATÒRIA,2,84544,40644,43900,2883,1103
2019/2020,2019,EDUCACIÓ SECUNDÀRIA OBLIGATÒRIA,EDUCACIÓ SECUNDÀRIA OBLIGATÒRIA,3,83663,40364,43299,2843,1093
2019/2020,2019,EDUCACIÓ SECUNDÀRIA OBLIGATÒRIA,EDUCACIÓ SECUNDÀRIA OBLIGATÒRIA,4,79261,38830,40431,2756,1081
2019/2020,2019,EDUCACIÓ SECUNDÀRIA OBLIGATÒRIA,EDUCACIÓ SECUNDÀRIA OBLIGATÒRIA,NA,3807,1891,1916,0,14
2019/2020,2019,ENSENYAMENTS D'IDIOMES,ALEMANY - NIVELL AVANÇAT,1,9,8,1,0,1
2019/2020,2019,ENSENYAMENTS D'IDIOMES,ALEMANY - NIVELL AVANÇAT,2,7,5,2,0,1
2019/2020,2019,ENSENYAMENTS D'IDIOMES,ALEMANY - NIVELL BÀSIC,1,123,69,54,0,4
2019/2020,2019,ENSENYAMENTS D'IDIOMES,ALEMANY - NIVELL BÀSIC,2,86,53,33,0,4
2019/2020,2019,ENSENYAMENTS D'IDIOMES,ALEMANY - NIVELL INTERMEDI,1,67,35,32,0,4
2019/2020,2019,ENSENYAMENTS D'IDIOMES,ANGLÈS,1,1393,950,443,0,1
2019/2020,2019,ENSENYAMENTS D'IDIOMES,ANGLÈS,2,651,477,174,0,1
2019/2020,2019,ENSENYAMENTS D'IDIOMES,ANGLÈS - C1,1,291,179,112,0,7
2019/2020,2019,ENSENYAMENTS D'IDIOMES,ANGLÈS - NIVELL AVANÇAT,1,53,32,21,0,4
2019/2020,2019,ENSENYAMENTS D'IDIOMES,ANGLÈS - NIVELL AVANÇAT,2,534,297,237,0,22
2019/2020,2019,ENSENYAMENTS D'IDIOMES,ANGLÈS - NIVELL BÀSIC,1,28,16,12,0,1
2019/2020,2019,ENSENYAMENTS D'IDIOMES,ANGLÈS - NIVELL BÀSIC,2,45,26,19,0,2
2019/2020,2019,ENSENYAMENTS D'IDIOMES,ANGLÈS - NIVELL INTERMEDI,1,341,201,140,0,24
2019/2020,2019,ENSENYAMENTS D'IDIOMES,ESPANYOL PER A PERSONES ESTRANGERES - NIVELL AVANÇAT,1,112,82,30,0,2
2019/2020,2019,ENSENYAMENTS D'IDIOMES,ESPANYOL PER A PERSONES ESTRANGERES - NIVELL AVANÇAT,2,91,78,13,0,5
2019/2020,2019,ENSENYAMENTS D'IDIOMES,ESPANYOL PER A PERSONES ESTRANGERES - NIVELL BÀSIC,1,151,92,59,0,2
2019/2020,2019,ENSENYAMENTS D'IDIOMES,ESPANYOL PER A PERSONES ESTRANGERES - NIVELL BÀSIC,2,235,161,74,0,4
2019/2020,2019,ENSENYAMENTS D'IDIOMES,ESPANYOL PER A PERSONES ESTRANGERES - NIVELL INTERMEDI,1,190,149,41,0,3
2019/2020,2019,ENSENYAMENTS D'IDIOMES,FRANCÈS  - NIVELL BÀSIC,1,30,16,14,0,1
2019/2020,2019,ENSENYAMENTS D'IDIOMES,FRANCÈS  - NIVELL BÀSIC,2,15,9,6,0,1
2019/2020,2019,ENSENYAMENTS D'IDIOMES,FRANCÈS - NIVELL INTERMEDI,1,15,9,6,0,2
2019/2020,2019,ENSENYAMENTS ESPORTIUS,TÈCNIC D'ESPORT EN ALTA MUNTANYA,1,1,0,1,0,1
2019/2020,2019,ENSENYAMENTS ESPORTIUS,TÈCNIC D'ESPORT EN ALTA MUNTANYA,2,13,2,11,2,1
2019/2020,2019,ENSENYAMENTS ESPORTIUS,TÈCNIC D'ESPORT EN DESCENS DE BARRANCS,2,41,2,39,3,2
2019/2020,2019,ENSENYAMENTS ESPORTIUS,TÈCNIC D'ESPORT EN ESCALADA,1,1,0,1,0,1
2019/2020,2019,ENSENYAMENTS ESPORTIUS,TÈCNIC D'ESPORT EN ESCALADA,2,22,2,20,2,2
2019/2020,2019,ENSENYAMENTS ESPORTIUS,TÈCNIC D'ESPORT EN ESQUÍ ALPÍ,1,209,76,133,6,7
2019/2020,2019,ENSENYAMENTS ESPORTIUS,TÈCNIC D'ESPORT EN ESQUÍ ALPÍ,2,116,26,90,6,7
2019/2020,2019,ENSENYAMENTS ESPORTIUS,TÈCNIC D'ESPORT EN ESQUÍ DE FONS,1,11,7,4,2,4
2019/2020,2019,ENSENYAMENTS ESPORTIUS,TÈCNIC D'ESPORT EN ESQUÍ DE FONS,2,1,1,0,1,1
2019/2020,2019,ENSENYAMENTS ESPORTIUS,TÈCNIC D'ESPORT EN FUTBOL,1,531,26,505,12,23
2019/2020,2019,ENSENYAMENTS ESPORTIUS,TÈCNIC D'ESPORT EN FUTBOL,2,332,12,320,6,20
2019/2020,2019,ENSENYAMENTS ESPORTIUS,TÈCNIC D'ESPORT EN FUTBOL SALA,1,22,0,22,2,2
2019/2020,2019,ENSENYAMENTS ESPORTIUS,TÈCNIC D'ESPORT EN FUTBOL SALA,2,8,1,7,1,1
2019/2020,2019,ENSENYAMENTS ESPORTIUS,TÈCNIC D'ESPORT EN HANDBOL,1,5,1,4,2,1
2019/2020,2019,ENSENYAMENTS ESPORTIUS,TÈCNIC D'ESPORT EN MUNTANYA MITJANA,1,198,36,162,7,7
2019/2020,2019,ENSENYAMENTS ESPORTIUS,TÈCNIC D'ESPORT EN MUNTANYA MITJANA,2,142,23,119,6,5
2019/2020,2019,ENSENYAMENTS ESPORTIUS,TÈCNIC D'ESPORT EN SURF DE NEU,1,60,14,46,5,5
2019/2020,2019,ENSENYAMENTS ESPORTIUS,TÈCNIC D'ESPORT EN SURF DE NEU,2,37,11,26,5,6
2019/2020,2019,ENSENYAMENTS ESPORTIUS,TÈCNIC ESPORTIU EN ATLETISME,1,15,2,13,2,3
2019/2020,2019,ENSENYAMENTS ESPORTIUS,TÈCNIC ESPORTIU EN ATLETISME,2,2,0,2,1,1
2019/2020,2019,ENSENYAMENTS ESPORTIUS,TÈCNIC ESPORTIU EN BASQUETBOL,1,27,5,22,3,4
2019/2020,2019,ENSENYAMENTS ESPORTIUS,TÈCNIC ESPORTIU EN BASQUETBOL,2,9,3,6,1,2
2019/2020,2019,ENSENYAMENTS ESPORTIUS,TÈCNIC ESPORTIU EN BUSSEIG ESPORTIU AMB ESCAFANDRE AUTÒNOM,1,5,0,5,3,3
2019/2020,2019,ENSENYAMENTS ESPORTIUS,TÈCNIC ESPORTIU EN BUSSEIG ESPORTIU AMB ESCAFANDRE AUTÒNOM,2,3,1,2,0,2
2019/2020,2019,ENSENYAMENTS ESPORTIUS,TÈCNIC ESPORTIU EN ESPELEOLOGIA,1,19,1,18,2,1
2019/2020,2019,ENSENYAMENTS ESPORTIUS,TÈCNIC ESPORTIU EN ESPELEOLOGIA,2,5,1,4,0,1
2019/2020,2019,ENSENYAMENTS ESPORTIUS,TÈCNIC ESPORTIU EN JUDO I DEFENSA PERSONAL,1,26,8,18,1,2
2019/2020,2019,ENSENYAMENTS ESPORTIUS,TÈCNIC ESPORTIU EN LES DISCIPLINES HÍPIQUES DE RESISTÈNCIA ORIENTACIÓ I TURISME EQÜESTRE,1,64,44,20,0,3
2019/2020,2019,ENSENYAMENTS ESPORTIUS,TÈCNIC ESPORTIU EN LES DISCIPLINES HÍPIQUES DE RESISTÈNCIA ORIENTACIÓ I TURISME EQÜESTRE,2,43,33,10,0,4
2019/2020,2019,ENSENYAMENTS ESPORTIUS,TÈCNIC ESPORTIU EN PIRAGÜISME EN AIGÜES BRAVES,1,53,13,40,1,1
2019/2020,2019,ENSENYAMENTS ESPORTIUS,TÈCNIC ESPORTIU EN PIRAGÜISME EN AIGÜES BRAVES,2,7,0,7,2,1
2019/2020,2019,ENSENYAMENTS ESPORTIUS,TÈCNIC ESPORTIU EN PIRAGÜISME RECREATIU GUIA EN AIGÜES BRAVES,1,11,7,4,1,1
2019/2020,2019,ENSENYAMENTS ESPORTIUS,TÈCNIC ESPORTIU EN PIRAGÜISME RECREATIU GUIA EN AIGÜES BRAVES,2,4,0,4,2,1
2019/2020,2019,ENSENYAMENTS ESPORTIUS,TÈCNIC ESPORTIU EN SALVAMENT I SOCORRISME,1,413,88,325,16,19
2019/2020,2019,ENSENYAMENTS ESPORTIUS,TÈCNIC ESPORTIU EN SALVAMENT I SOCORRISME,2,53,11,42,5,5
2019/2020,2019,ENSENYAMENTS ESPORTIUS,TÈCNIC ESPORTIU EN VELA AMB APARELL FIX,1,50,10,40,4,4
2019/2020,2019,ENSENYAMENTS ESPORTIUS,TÈCNIC ESPORTIU EN VELA AMB APARELL FIX,2,21,3,18,1,1
2019/2020,2019,ENSENYAMENTS ESPORTIUS,TÈCNIC ESPORTIU SUPERIOR EN ATLETISME,1,7,2,5,1,1
2019/2020,2019,ENSENYAMENTS ESPORTIUS,TÈCNIC ESPORTIU SUPERIOR EN BASQUETBOL,1,7,1,6,1,1
2019/2020,2019,ENSENYAMENTS ESPORTIUS,TÈCNIC ESPORTIU SUPERIOR EN HÍPICA,1,17,13,4,0,3
2019/2020,2019,ENSENYAMENTS ESPORTIUS,TÈCNIC ESPORTIU SUPERIOR EN SALVAMENT I SOCORRISME,1,24,4,20,1,2
2019/2020,2019,ENSENYAMENTS ESPORTIUS,"TÈCNIC ESPOTIU EN LES DISCIPLINES HÍPIQUES DE SALT, DOMA I CONCURS COMPLET",1,31,25,6,1,3
2019/2020,2019,ENSENYAMENTS ESPORTIUS,"TÈCNIC ESPOTIU EN LES DISCIPLINES HÍPIQUES DE SALT, DOMA I CONCURS COMPLET",2,36,27,9,1,5
2019/2020,2019,ENSENYAMENTS ESPORTIUS,TÈCNIC SUPERIOR D'ESPORT EN ALTA MUNTANYA,1,7,0,7,2,1
2019/2020,2019,ENSENYAMENTS ESPORTIUS,TÈCNIC SUPERIOR D'ESPORT EN ESCALADA,1,2,0,2,1,1
2019/2020,2019,ENSENYAMENTS ESPORTIUS,TÈCNIC SUPERIOR D'ESPORT EN ESQUÍ ALPÍ,1,26,8,18,3,3
2019/2020,2019,ENSENYAMENTS ESPORTIUS,TÈCNIC SUPERIOR D'ESPORT EN ESQUÍ DE MUNTANYA,1,11,0,11,2,1
2019/2020,2019,ENSENYAMENTS ESPORTIUS,TÈCNIC SUPERIOR D'ESPORT EN FUTBOL,1,143,1,142,3,7
2019/2020,2019,ENSENYAMENTS ESPORTIUS,TÈCNIC SUPERIOR D'ESPORT EN SURF DE NEU,1,9,0,9,3,2
2019/2020,2019,ENSENYAMENTS SUPERIORS DE DISSENY,ESDL - DISSENY D'INTERIORS,1,95,76,19,4,6
2019/2020,2019,ENSENYAMENTS SUPERIORS DE DISSENY,ESDL - DISSENY D'INTERIORS,2,72,63,9,4,6
2019/2020,2019,ENSENYAMENTS SUPERIORS DE DISSENY,ESDL - DISSENY D'INTERIORS,3,59,50,9,3,6
2019/2020,2019,ENSENYAMENTS SUPERIORS DE DISSENY,ESDL - DISSENY D'INTERIORS,4,75,67,8,3,6
2019/2020,2019,ENSENYAMENTS SUPERIORS DE DISSENY,ESDL - DISSENY DE MODA,1,163,147,16,0,2
2019/2020,2019,ENSENYAMENTS SUPERIORS DE DISSENY,ESDL - DISSENY DE MODA,2,110,99,11,0,2
2019/2020,2019,ENSENYAMENTS SUPERIORS DE DISSENY,ESDL - DISSENY DE MODA,3,125,99,26,0,2
2019/2020,2019,ENSENYAMENTS SUPERIORS DE DISSENY,ESDL - DISSENY DE MODA,4,144,129,15,0,2
2019/2020,2019,ENSENYAMENTS SUPERIORS DE DISSENY,ESDL - DISSENY DE PRODUCTES,1,42,15,27,0,2
2019/2020,2019,ENSENYAMENTS SUPERIORS DE DISSENY,ESDL - DISSENY DE PRODUCTES,2,29,15,14,0,2
2019/2020,2019,ENSENYAMENTS SUPERIORS DE DISSENY,ESDL - DISSENY DE PRODUCTES,3,30,12,18,0,2
2019/2020,2019,ENSENYAMENTS SUPERIORS DE DISSENY,ESDL - DISSENY DE PRODUCTES,4,41,15,26,0,2
2019/2020,2019,ENSENYAMENTS SUPERIORS DE DISSENY,ESDL - DISSENY GRÀFIC,1,121,92,29,5,7
2019/2020,2019,ENSENYAMENTS SUPERIORS DE DISSENY,ESDL - DISSENY GRÀFIC,2,101,73,28,5,7
2019/2020,2019,ENSENYAMENTS SUPERIORS DE DISSENY,ESDL - DISSENY GRÀFIC,3,98,70,28,5,7
2019/2020,2019,ENSENYAMENTS SUPERIORS DE DISSENY,ESDL - DISSENY GRÀFIC,4,105,69,36,4,7
2019/2020,2019,ENSENYAMENTS SUPERIORS DE DISSENY,MÀSTER EN ENSENYAMENTS ARTÍSTICS EN CREACIÓ I DESENVOLUPAMENT DE PROJECTES DIGITALS DE LCI,1,7,6,1,0,1
2019/2020,2019,ENSENYAMENTS SUPERIORS DE DISSENY,MÀSTER EN ENSENYAMENTS ARTÍSTICS EN DISSENY D'INTERIORS EXPERIENCIAL DE LCI,1,18,15,3,0,1
2019/2020,2019,FORMACIÓ PROFESSIONAL,CFPM - ACTIVITATS COMERCIALAS (LOGÍSTICA),1,63,16,47,3,3
2019/2020,2019,FORMACIÓ PROFESSIONAL,CFPM - ACTIVITATS COMERCIALAS (LOGÍSTICA),2,33,9,24,3,3
2019/2020,2019,FORMACIÓ PROFESSIONAL,CFPM - ACTIVITATS COMERCIALS,1,1811,752,1059,66,60
2019/2020,2019,FORMACIÓ PROFESSIONAL,CFPM - ACTIVITATS COMERCIALS,2,1547,674,873,67,64
2019/2020,2019,FORMACIÓ PROFESSIONAL,CFPM - ACTIVITATS COMERCIALS (PRODUCTES FRESCOS),2,8,4,4,1,1
2019/2020,2019,FORMACIÓ PROFESSIONAL,CFPM - ACTIVITATS COMERCIALS (TÈXTIL),1,84,57,27,3,2
2019/2020,2019,FORMACIÓ PROFESSIONAL,CFPM - ACTIVITATS COMERCIALS (TÈXTIL),2,37,24,13,2,2
2019/2020,2019,FORMACIÓ PROFESSIONAL,CFPM - ACTIVITATS EQÜESTRES,1,88,67,21,2,5
2019/2020,2019,FORMACIÓ PROFESSIONAL,CFPM - ACTIVITATS EQÜESTRES,2,50,32,18,2,4
2019/2020,2019,FORMACIÓ PROFESSIONAL,CFPM - APROFITAMENT I CONSERVACIÓ DEL MEDI NATURAL,1,77,5,72,4,4
2019/2020,2019,FORMACIÓ PROFESSIONAL,CFPM - APROFITAMENT I CONSERVACIÓ DEL MEDI NATURAL,2,79,4,75,5,4
2019/2020,2019,FORMACIÓ PROFESSIONAL,CFPM - ATENCIÓ A PERSONES EN SITUACIÓ DE DEPENDÈNCIA,1,2504,2110,394,90,75
2019/2020,2019,FORMACIÓ PROFESSIONAL,CFPM - ATENCIÓ A PERSONES EN SITUACIÓ DE DEPENDÈNCIA,2,2214,1873,341,88,74
2019/2020,2019,FORMACIÓ PROFESSIONAL,CFPM - ATENCIÓ A PERSONES EN SITUACIÓ DE DEPENDÊNCIA,NA,278,218,60,0,1
2019/2020,2019,FORMACIÓ PROFESSIONAL,CFPM - CARROSSERIA,1,581,23,558,19,22
2019/2020,2019,FORMACIÓ PROFESSIONAL,CFPM - CARROSSERIA,2,436,14,422,19,22
2019/2020,2019,FORMACIÓ PROFESSIONAL,CFPM - COMERCIALITZACIÓ DE PRODUCTES ALIMENTARIS,1,8,5,3,1,1
2019/2020,2019,FORMACIÓ PROFESSIONAL,CFPM - CONDUCCIÓ D'ACTIVITATS FISICOESPORTIVES EN EL MEDI NATURAL,1,2656,483,2173,54,60
2019/2020,2019,FORMACIÓ PROFESSIONAL,CFPM - CONDUCCIÓ DE VEHICLES DE TRANSPORT PER CARRETERA,1,19,4,15,1,1
2019/2020,2019,FORMACIÓ PROFESSIONAL,CFPM - CONDUCCIÓ DE VEHICLES DE TRANSPORT PER CARRETERA,2,11,3,8,1,1
2019/2020,2019,FORMACIÓ PROFESSIONAL,CFPM - CONFECCIÓ I MODA,1,180,132,48,6,6
2019/2020,2019,FORMACIÓ PROFESSIONAL,CFPM - CONFECCIÓ I MODA,2,121,100,21,6,6
2019/2020,2019,FORMACIÓ PROFESSIONAL,CFPM - CONSTRUCCIÓ,1,37,9,28,2,2
2019/2020,2019,FORMACIÓ PROFESSIONAL,CFPM - CONSTRUCCIÓ,2,14,2,12,2,2
2019/2020,2019,FORMACIÓ PROFESSIONAL,CFPM - CUINA I GASTRONOMIA,1,910,255,655,31,25
2019/2020,2019,FORMACIÓ PROFESSIONAL,CFPM - CUINA I GASTRONOMIA,2,1174,384,790,31,24
2019/2020,2019,FORMACIÓ PROFESSIONAL,CFPM - CULTIUS AQÜÍCOLES,1,18,3,15,1,1
2019/2020,2019,FORMACIÓ PROFESSIONAL,CFPM - CULTIUS AQÜÍCOLES,2,13,4,9,1,1
2019/2020,2019,FORMACIÓ PROFESSIONAL,CFPM - CURES AUXILIARS D'INFERMERIA,1,10329,8427,1902,156,83
2019/2020,2019,FORMACIÓ PROFESSIONAL,CFPM - CURES AUXILIARS D'INFERMERIA,2,223,191,32,0,5
2019/2020,2019,FORMACIÓ PROFESSIONAL,CFPM - CURES AUXILIARS D'INFERMERIA,P,137,118,19,0,7
2019/2020,2019,FORMACIÓ PROFESSIONAL,CFPM - CURES AUXILIARS D'INFERMERIA,NA,1013,853,160,0,1
2019/2020,2019,FORMACIÓ PROFESSIONAL,CFPM - ELABORACIÓ DE PRODUCTES ALIMENTARIS,1,118,36,82,9,9
2019/2020,2019,FORMACIÓ PROFESSIONAL,CFPM - ELABORACIÓ DE PRODUCTES ALIMENTARIS,2,127,61,66,8,8
2019/2020,2019,FORMACIÓ PROFESSIONAL,CFPM - ELECTROMECÀNICA DE MAQUINÀRIA,1,82,1,81,4,4
2019/2020,2019,FORMACIÓ PROFESSIONAL,CFPM - ELECTROMECÀNICA DE MAQUINÀRIA,2,72,2,70,4,4
2019/2020,2019,FORMACIÓ PROFESSIONAL,CFPM - ELECTROMECÀNICA DE VEHICLES,1,1992,65,1927,67,44
2019/2020,2019,FORMACIÓ PROFESSIONAL,CFPM - ELECTROMECÀNICA DE VEHICLES,2,1761,65,1696,63,45
2019/2020,2019,FORMACIÓ PROFESSIONAL,CFPM - ELECTROMECÀNICA DE VEHICLES (AVIONS),1,21,0,21,1,1
2019/2020,2019,FORMACIÓ PROFESSIONAL,CFPM - ELECTROMECÀNICA DE VEHICLES (AVIONS),2,29,2,27,1,1
2019/2020,2019,FORMACIÓ PROFESSIONAL,CFPM - ELECTROMECÀNICA DE VEHICLES (INDUSTRIALS),1,77,1,76,3,3
2019/2020,2019,FORMACIÓ PROFESSIONAL,CFPM - ELECTROMECÀNICA DE VEHICLES (INDUSTRIALS),2,66,0,66,3,3
2019/2020,2019,FORMACIÓ PROFESSIONAL,CFPM - EMERGÈNCIES I PROTECCIÓ CIVIL,1,44,4,40,1,2
2019/2020,2019,FORMACIÓ PROFESSIONAL,CFPM - EMERGÈNCIES I PROTECCIÓ CIVIL,2,6,0,6,0,1
2019/2020,2019,FORMACIÓ PROFESSIONAL,CFPM - EMERGÈNCIES I PROTECCIÓ CIVIL,NA,173,10,163,0,1
2019/2020,2019,FORMACIÓ PROFESSIONAL,CFPM - EMERGÈNCIES SANITÀRIES,1,774,316,458,19,19
2019/2020,2019,FORMACIÓ PROFESSIONAL,CFPM - EMERGÈNCIES SANITÀRIES,2,841,310,531,19,19
2019/2020,2019,FORMACIÓ PROFESSIONAL,CFPM - EMERGÈNCIES SANITÀRIES,NA,249,52,197,0,1
2019/2020,2019,FORMACIÓ PROFESSIONAL,CFPM - ESTÈTICA I BELLESA,1,978,946,32,29,29
2019/2020,2019,FORMACIÓ PROFESSIONAL,CFPM - ESTÈTICA I BELLESA,2,824,803,21,28,28
2019/2020,2019,FORMACIÓ PROFESSIONAL,CFPM - EXCAVACIONS I SONDATGES (OPERACIONS DE MAQUINÀRIA DE LA CONSTRUCCIÓ),1,11,0,11,1,1
2019/2020,2019,FORMACIÓ PROFESSIONAL,CFPM - EXCAVACIONS I SONDATGES (OPERACIONS DE MAQUINÀRIA DE LA CONSTRUCCIÓ),2,27,1,26,1,1
2019/2020,2019,FORMACIÓ PROFESSIONAL,CFPM - EXCAVACIONSCFPM - EXCAVACIONS I SONDATGES,1,22,2,20,1,1
2019/2020,2019,FORMACIÓ PROFESSIONAL,CFPM - EXCAVACIONSCFPM - EXCAVACIONS I SONDATGES,2,28,1,27,1,1
2019/2020,2019,FORMACIÓ PROFESSIONAL,CFPM - EXPLOTACIÓ DE SISTEMES INFORMÀTICS,NA,1,0,1,0,1
2019/2020,2019,FORMACIÓ PROFESSIONAL,CFPM - FABRICACIÓ I ENNOBLIMENT DE PRODUCTES TEXTILS (GENERES DE PUNT),1,14,9,5,1,1
2019/2020,2019,FORMACIÓ PROFESSIONAL,CFPM - FABRICACIÓ I ENNOBLIMENT DE PRODUCTES TEXTILS (GENERES DE PUNT),2,6,5,1,1,1
2019/2020,2019,FORMACIÓ PROFESSIONAL,CFPM - FABRICACIÓ I ENNOBLIMENT DE PRODUCTES TÈXTILS,1,33,16,17,2,2
2019/2020,2019,FORMACIÓ PROFESSIONAL,CFPM - FABRICACIÓ I ENNOBLIMENT DE PRODUCTES TÈXTILS,2,15,10,5,2,2
2019/2020,2019,FORMACIÓ PROFESSIONAL,CFPM - FARMÀCIA I PARAFARMÀCIA,1,1237,956,281,39,31
2019/2020,2019,FORMACIÓ PROFESSIONAL,CFPM - FARMÀCIA I PARAFARMÀCIA,2,1240,985,255,38,29
2019/2020,2019,FORMACIÓ PROFESSIONAL,CFPM - FARMÀCIA I PARAFARMÀCIA,P,2,2,0,0,1
2019/2020,2019,FORMACIÓ PROFESSIONAL,"CFPM - FORNERIA, PASTISSERIA I CONFITERIA",1,315,194,121,13,14
2019/2020,2019,FORMACIÓ PROFESSIONAL,"CFPM - FORNERIA, PASTISSERIA I CONFITERIA",2,444,255,189,15,16
2019/2020,2019,FORMACIÓ PROFESSIONAL,CFPM - FUSTERIA I MOBLE,1,146,9,137,7,7
2019/2020,2019,FORMACIÓ PROFESSIONAL,CFPM - FUSTERIA I MOBLE,2,105,16,89,7,7
2019/2020,2019,FORMACIÓ PROFESSIONAL,CFPM - GESTIÓ ADMINISTRATIVA,1,4063,2237,1826,140,131
2019/2020,2019,FORMACIÓ PROFESSIONAL,CFPM - GESTIÓ ADMINISTRATIVA,2,3101,1655,1446,138,132
2019/2020,2019,FORMACIÓ PROFESSIONAL,CFPM - GESTIÓ ADMINISTRATIVA,NA,959,757,202,0,1
2019/2020,2019,FORMACIÓ PROFESSIONAL,CFPM - GESTIÓ ADMINISTRATIVA (ÀMBIT JURÍDIC),1,336,230,106,13,13
2019/2020,2019,FORMACIÓ PROFESSIONAL,CFPM - GESTIÓ ADMINISTRATIVA (ÀMBIT JURÍDIC),2,279,203,76,13,13
2019/2020,2019,FORMACIÓ PROFESSIONAL,CFPM - GESTIÓ ADMINISTRATIVA (ÀMBIT SANITARI),1,27,12,15,1,1
2019/2020,2019,FORMACIÓ PROFESSIONAL,CFPM - GESTIÓ ADMINISTRATIVA (ÀMBIT SANITARI),2,53,35,18,2,2
2019/2020,2019,FORMACIÓ PROFESSIONAL,CFPM - IMPRESSIÓ GRÀFICA,1,48,14,34,2,2
2019/2020,2019,FORMACIÓ PROFESSIONAL,CFPM - IMPRESSIÓ GRÀFICA,2,51,14,37,2,2
2019/2020,2019,FORMACIÓ PROFESSIONAL,CFPM - IMPRESSIÓ GRÀFICA (IMPRESSIÓ GRÀFICA I CONVERTING),1,11,2,9,1,1
2019/2020,2019,FORMACIÓ PROFESSIONAL,CFPM - IMPRESSIÓ GRÀFICA (IMPRESSIÓ GRÀFICA I CONVERTING),2,20,2,18,1,1
2019/2020,2019,FORMACIÓ PROFESSIONAL,CFPM - INSTAL·LACIONS DE PRODUCCIÓ DE CALOR,1,61,0,61,3,3
2019/2020,2019,FORMACIÓ PROFESSIONAL,CFPM - INSTAL·LACIONS DE PRODUCCIÓ DE CALOR,2,95,1,94,6,6
2019/2020,2019,FORMACIÓ PROFESSIONAL,CFPM - INSTAL·LACIONS DE TELECOMUNICACIONS,1,380,19,361,16,16
2019/2020,2019,FORMACIÓ PROFESSIONAL,CFPM - INSTAL·LACIONS DE TELECOMUNICACIONS,2,277,6,271,18,18
2019/2020,2019,FORMACIÓ PROFESSIONAL,CFPM - INSTAL·LACIONS ELÈCTRIQUES I AUTOMÀTIQUES,1,1310,31,1279,54,50
2019/2020,2019,FORMACIÓ PROFESSIONAL,CFPM - INSTAL·LACIONS ELÈCTRIQUES I AUTOMÀTIQUES,2,1053,22,1031,55,50
2019/2020,2019,FORMACIÓ PROFESSIONAL,CFPM - INSTAL·LACIONS ELÈCTRIQUES I AUTOMÀTIQUES,NA,328,18,310,0,1
2019/2020,2019,FORMACIÓ PROFESSIONAL,CFPM - INSTAL·LACIONS FRIGORÍFIQUES I DE CLIMATITZACIÓ,1,151,4,147,7,7
2019/2020,2019,FORMACIÓ PROFESSIONAL,CFPM - INSTAL·LACIONS FRIGORÍFIQUES I DE CLIMATITZACIÓ,2,127,0,127,8,8
2019/2020,2019,FORMACIÓ PROFESSIONAL,CFPM - INSTAL·LACIÓ i MOBLAMENT,1,50,3,47,2,2
2019/2020,2019,FORMACIÓ PROFESSIONAL,CFPM - INSTAL·LACIÓ i MOBLAMENT,2,59,4,55,5,5
2019/2020,2019,FORMACIÓ PROFESSIONAL,CFPM - JARDINERIA I FLORISTERIA,1,181,30,151,11,11
2019/2020,2019,FORMACIÓ PROFESSIONAL,CFPM - JARDINERIA I FLORISTERIA,2,187,34,153,12,12
2019/2020,2019,FORMACIÓ PROFESSIONAL,CFPM - MANTENIMENT D'EMBARCACIONS D'ESBARJO,1,162,3,159,8,7
2019/2020,2019,FORMACIÓ PROFESSIONAL,CFPM - MANTENIMENT D'EMBARCACIONS D'ESBARJO,2,82,5,77,6,5
2019/2020,2019,FORMACIÓ PROFESSIONAL,CFPM - MANTENIMENT DE MATERIAL RODANT FERROVIARI,1,29,0,29,1,1
2019/2020,2019,FORMACIÓ PROFESSIONAL,CFPM - MANTENIMENT DE MATERIAL RODANT FERROVIARI,2,20,0,20,1,1
2019/2020,2019,FORMACIÓ PROFESSIONAL,CFPM - MANTENIMENT ELECTROMECÀNIC,1,867,17,850,38,37
2019/2020,2019,FORMACIÓ PROFESSIONAL,CFPM - MANTENIMENT ELECTROMECÀNIC,2,772,19,753,38,38
2019/2020,2019,FORMACIÓ PROFESSIONAL,CFPM - MANTENIMENT ELECTROMECÀNIC ( VAIXLLS D'ESBARJO I SERVEIS PORTUARIS,2,17,0,17,4,3
2019/2020,2019,FORMACIÓ PROFESSIONAL,CFPM - MANTENIMENT I CONTROL DE LA MAQUINÀRIA DE VAIXELLS I EMBARCACIONS,1,24,0,24,1,1
2019/2020,2019,FORMACIÓ PROFESSIONAL,CFPM - MANTENIMENT I CONTROL DE LA MAQUINÀRIA DE VAIXELLS I EMBARCACIONS,2,18,1,17,1,1
2019/2020,2019,FORMACIÓ PROFESSIONAL,CFPM - MECANITZACIÓ,1,680,30,650,27,25
2019/2020,2019,FORMACIÓ PROFESSIONAL,CFPM - MECANITZACIÓ,2,570,21,549,27,26
2019/2020,2019,FORMACIÓ PROFESSIONAL,CFPM - MECANITZACIÓ (RELLOTGERIA),1,25,2,23,1,1
2019/2020,2019,FORMACIÓ PROFESSIONAL,CFPM - MECANITZACIÓ (RELLOTGERIA),2,14,3,11,1,1
2019/2020,2019,FORMACIÓ PROFESSIONAL,CFPM - NAVEGACIÓ I PESCA LITORAL,1,27,3,24,1,1
2019/2020,2019,FORMACIÓ PROFESSIONAL,CFPM - NAVEGACIÓ I PESCA LITORAL,2,34,4,30,1,1
2019/2020,2019,FORMACIÓ PROFESSIONAL,"CFPM - OBRES D'INTERIOR, DECORACIÓ i REHABILITACIÓ",1,56,14,42,4,4
2019/2020,2019,FORMACIÓ PROFESSIONAL,"CFPM - OBRES D'INTERIOR, DECORACIÓ i REHABILITACIÓ",2,45,14,31,4,4
2019/2020,2019,FORMACIÓ PROFESSIONAL,CFPM - OLIS D'OLIVA I VINS,1,51,14,37,5,5
2019/2020,2019,FORMACIÓ PROFESSIONAL,CFPM - OLIS D'OLIVA I VINS,2,43,7,36,4,4
2019/2020,2019,FORMACIÓ PROFESSIONAL,CFPM - OPERACIONS DE LABORATORI,1,364,182,182,13,13
2019/2020,2019,FORMACIÓ PROFESSIONAL,CFPM - OPERACIONS DE LABORATORI,2,280,133,147,13,13
2019/2020,2019,FORMACIÓ PROFESSIONAL,CFPM - OPERACIONS SUBAQUÀTIQUES I HIPERBÀRIQUES,1,24,2,22,1,1
2019/2020,2019,FORMACIÓ PROFESSIONAL,CFPM - OPERACIONS SUBAQUÀTIQUES I HIPERBÀRIQUES,2,28,0,28,1,1
2019/2020,2019,FORMACIÓ PROFESSIONAL,CFPM - PEDRA NATURAL,1,11,0,11,1,1
2019/2020,2019,FORMACIÓ PROFESSIONAL,CFPM - PEDRA NATURAL,2,10,0,10,1,1
2019/2020,2019,FORMACIÓ PROFESSIONAL,CFPM - PERRUQUERIA I COSMÈTICA CAPIL·LAR,1,793,622,171,29,35
2019/2020,2019,FORMACIÓ PROFESSIONAL,CFPM - PERRUQUERIA I COSMÈTICA CAPIL·LAR,2,647,523,124,28,36
2019/2020,2019,FORMACIÓ PROFESSIONAL,CFPM - PLANTA QUÍMICA,1,27,2,25,1,1
2019/2020,2019,FORMACIÓ PROFESSIONAL,CFPM - PLANTA QUÍMICA,2,29,4,25,1,1
2019/2020,2019,FORMACIÓ PROFESSIONAL,CFPM - PLANTA QUÍMICA (PRODUCTES FARMACÈUTICS I COSMÈTICS),1,99,48,51,4,4
2019/2020,2019,FORMACIÓ PROFESSIONAL,CFPM - PLANTA QUÍMICA (PRODUCTES FARMACÈUTICS I COSMÈTICS),2,69,29,40,4,4
2019/2020,2019,FORMACIÓ PROFESSIONAL,CFPM - POSTIMPRESSIÓ I ACABATS GRÀFICS,1,15,4,11,1,1
2019/2020,2019,FORMACIÓ PROFESSIONAL,CFPM - POSTIMPRESSIÓ I ACABATS GRÀFICS,2,14,6,8,1,1
2019/2020,2019,FORMACIÓ PROFESSIONAL,CFPM - PREIMPRESSIÓ DIGITAL,1,333,147,186,12,9
2019/2020,2019,FORMACIÓ PROFESSIONAL,CFPM - PREIMPRESSIÓ DIGITAL,2,304,112,192,12,9
2019/2020,2019,FORMACIÓ PROFESSIONAL,CFPM - PRODUCCIÓ AGROECOLÒGICA,1,41,10,31,3,3
2019/2020,2019,FORMACIÓ PROFESSIONAL,CFPM - PRODUCCIÓ AGROECOLÒGICA,2,36,13,23,2,2
2019/2020,2019,FORMACIÓ PROFESSIONAL,CFPM - PRODUCCIÓ AGROECOLÒGICA (AGRÍCOLA),1,38,2,36,4,4
2019/2020,2019,FORMACIÓ PROFESSIONAL,CFPM - PRODUCCIÓ AGROECOLÒGICA (AGRÍCOLA),2,65,7,58,4,4
2019/2020,2019,FORMACIÓ PROFESSIONAL,CFPM - PRODUCCIÓ AGROPECUÀRIA,1,137,31,106,5,5
2019/2020,2019,FORMACIÓ PROFESSIONAL,CFPM - PRODUCCIÓ AGROPECUÀRIA,2,118,19,99,5,5
2019/2020,2019,FORMACIÓ PROFESSIONAL,CFPM - PRODUCCIÓ AGROPECUÀRIA (AGRÍCOLA),1,13,2,11,1,1
2019/2020,2019,FORMACIÓ PROFESSIONAL,CFPM - PRODUCCIÓ AGROPECUÀRIA (AGRÍCOLA),2,14,0,14,1,1
2019/2020,2019,FORMACIÓ PROFESSIONAL,CFPM - PRODUCCIÓ AGROPECUÀRIA (RAMADERA),1,12,2,10,1,1
2019/2020,2019,FORMACIÓ PROFESSIONAL,CFPM - PRODUCCIÓ AGROPECUÀRIA (RAMADERA),2,19,5,14,1,1
2019/2020,2019,FORMACIÓ PROFESSIONAL,CFPM - SERVEIS EN RESTAURACIÓ,1,535,165,370,18,21
2019/2020,2019,FORMACIÓ PROFESSIONAL,CFPM - SERVEIS EN RESTAURACIÓ,2,789,256,533,20,20
2019/2020,2019,FORMACIÓ PROFESSIONAL,CFPM - SISTEMES MICROINFORMÀTICS I XARXES,1,5033,316,4717,148,104
2019/2020,2019,FORMACIÓ PROFESSIONAL,CFPM - SISTEMES MICROINFORMÀTICS I XARXES,2,3904,202,3702,143,105
2019/2020,2019,FORMACIÓ PROFESSIONAL,CFPM - SISTEMES MICROINFORMÀTICS I XARXES,NA,504,72,432,0,1
2019/2020,2019,FORMACIÓ PROFESSIONAL,CFPM - SOLDADURA I CALDERERIA,1,231,4,227,9,7
2019/2020,2019,FORMACIÓ PROFESSIONAL,CFPM - SOLDADURA I CALDERERIA,2,188,2,186,10,8
2019/2020,2019,FORMACIÓ PROFESSIONAL,CFPM - VIDEO DISCJÒQUEI I SO,1,567,115,452,12,11
2019/2020,2019,FORMACIÓ PROFESSIONAL,CFPM - VIDEO DISCJÒQUEI I SO,2,428,79,349,10,11
2019/2020,2019,FORMACIÓ PROFESSIONAL,CFPM - XARXES I ESTACIONS DE TRACTAMENT D'AIGÜES,1,30,2,28,2,2
2019/2020,2019,FORMACIÓ PROFESSIONAL,CFPM - XARXES I ESTACIONS DE TRACTAMENT D'AIGÜES,2,19,0,19,2,2
2019/2020,2019,FORMACIÓ PROFESSIONAL,CFPS - ADMINISTRACIÓ DE SISTEMES INFORMÀTICS EN XARXA,1,1117,83,1034,35,38
2019/2020,2019,FORMACIÓ PROFESSIONAL,CFPS - ADMINISTRACIÓ DE SISTEMES INFORMÀTICS EN XARXA,2,1489,95,1394,42,45
2019/2020,2019,FORMACIÓ PROFESSIONAL,CFPS - ADMINISTRACIÓ DE SISTEMES INFORMÀTICS EN XARXA,P,1,1,0,0,1
2019/2020,2019,FORMACIÓ PROFESSIONAL,CFPS - ADMINISTRACIÓ DE SISTEMES INFORMÀTICS EN XARXA,NA,716,68,648,0,1
2019/2020,2019,FORMACIÓ PROFESSIONAL,CFPS - ADMINISTRACIÓ DE SISTEMES INFORMÀTICS EN XARXA (CIBERSEGURETAT),1,281,20,261,9,10
2019/2020,2019,FORMACIÓ PROFESSIONAL,CFPS - ADMINISTRACIÓ DE SISTEMES INFORMÀTICS EN XARXA (CIBERSEGURETAT),2,155,9,146,7,7
2019/2020,2019,FORMACIÓ PROFESSIONAL,CFPS - ADMINISTRACIÓ I FINANCES,1,3169,1768,1401,106,108
2019/2020,2019,FORMACIÓ PROFESSIONAL,CFPS - ADMINISTRACIÓ I FINANCES,2,4798,2919,1879,107,108
2019/2020,2019,FORMACIÓ PROFESSIONAL,CFPS - ADMINISTRACIÓ I FINANCES,NA,1925,1574,351,0,1
2019/2020,2019,FORMACIÓ PROFESSIONAL,CFPS - ADMINISTRACIÓ I FINANCES (GESTOR D'ASSEGURANCES),1,68,40,28,2,3
2019/2020,2019,FORMACIÓ PROFESSIONAL,CFPS - ADMINISTRACIÓ I FINANCES (GESTOR D'ASSEGURANCES),2,23,17,6,1,2
2019/2020,2019,FORMACIÓ PROFESSIONAL,CFPS - AGÈNCIES DE VIATGES I GESTIÓ D'ESDEVENIMENTS,1,172,134,38,6,7
2019/2020,2019,FORMACIÓ PROFESSIONAL,CFPS - AGÈNCIES DE VIATGES I GESTIÓ D'ESDEVENIMENTS,2,291,221,70,8,10
2019/2020,2019,FORMACIÓ PROFESSIONAL,CFPS - ANATOMIA PATOLÒGICA I CITODIAGNÒSTIC,1,305,250,55,6,9
2019/2020,2019,FORMACIÓ PROFESSIONAL,CFPS - ANATOMIA PATOLÒGICA I CITODIAGNÒSTIC,2,295,236,59,7,10
2019/2020,2019,FORMACIÓ PROFESSIONAL,"CFPS - ANIMACIONS EN 3D, JOCS I ENTORNS INTERACTIUS",1,425,78,347,5,13
2019/2020,2019,FORMACIÓ PROFESSIONAL,"CFPS - ANIMACIONS EN 3D, JOCS I ENTORNS INTERACTIUS",2,727,158,569,5,12
2019/2020,2019,FORMACIÓ PROFESSIONAL,"CFPS - ANIMACIONS EN 3D, JOCS I ENTORNS INTERACTIUS",P,12,3,9,0,1
2019/2020,2019,FORMACIÓ PROFESSIONAL,"CFPS - ANIMACIONS EN 3D, JOCS I ENTORNS INTERACTIUS",NA,179,49,130,0,1
2019/2020,2019,FORMACIÓ PROFESSIONAL,CFPS - ANIMACIÓ D'ACTIVITATS FÍSIQUES I ESPORTIVES,2,271,36,235,29,33
2019/2020,2019,FORMACIÓ PROFESSIONAL,"CFPS - ANIMACIÓ EN 3D, JOCS i ENTORNS INTERACTIUS (MONS VIRTUALS, REALITAT AUGMENTADA i GAMIFICACIÓ)",1,241,39,202,0,2
2019/2020,2019,FORMACIÓ PROFESSIONAL,"CFPS - ANIMACIÓ EN 3D, JOCS i ENTORNS INTERACTIUS (MONS VIRTUALS, REALITAT AUGMENTADA i GAMIFICACIÓ)",2,276,45,231,0,2
2019/2020,2019,FORMACIÓ PROFESSIONAL,CFPS - ANIMACIÓ SOCIOCULTURAL I TURÍSTICA,1,221,162,59,12,12
2019/2020,2019,FORMACIÓ PROFESSIONAL,CFPS - ANIMACIÓ SOCIOCULTURAL I TURÍSTICA,2,231,158,73,13,13
2019/2020,2019,FORMACIÓ PROFESSIONAL,CFPS - AQÜICULTURA,1,20,2,18,1,1
2019/2020,2019,FORMACIÓ PROFESSIONAL,CFPS - AQÜICULTURA,2,15,8,7,1,1
2019/2020,2019,FORMACIÓ PROFESSIONAL,CFPS - ASSESSORIA D'IMATGE PERSONAL I CORPORATIVA,1,175,168,7,3,9
2019/2020,2019,FORMACIÓ PROFESSIONAL,CFPS - ASSESSORIA D'IMATGE PERSONAL I CORPORATIVA,2,185,167,18,3,9
2019/2020,2019,FORMACIÓ PROFESSIONAL,CFPS - ASSISTÈNCIA A LA DIRECCIÓ,1,271,201,70,12,14
2019/2020,2019,FORMACIÓ PROFESSIONAL,CFPS - ASSISTÈNCIA A LA DIRECCIÓ,2,520,347,173,14,16
2019/2020,2019,FORMACIÓ PROFESSIONAL,CFPS - ASSISTÈNCIA A LA DIRECCIÓ,NA,391,363,28,0,1
2019/2020,2019,FORMACIÓ PROFESSIONAL,CFPS - AUDIOLOGIA PROTÈTICA,1,47,41,6,2,2
2019/2020,2019,FORMACIÓ PROFESSIONAL,CFPS - AUDIOLOGIA PROTÈTICA,2,55,36,19,2,3
2019/2020,2019,FORMACIÓ PROFESSIONAL,CFPS - AUTOMATITZACIÓ I ROBÒTICA INDUSTRIAL,1,980,48,932,36,34
2019/2020,2019,FORMACIÓ PROFESSIONAL,CFPS - AUTOMATITZACIÓ I ROBÒTICA INDUSTRIAL,2,915,37,878,35,34
2019/2020,2019,FORMACIÓ PROFESSIONAL,CFPS - AUTOMOCIÓ,1,1115,37,1078,33,32
2019/2020,2019,FORMACIÓ PROFESSIONAL,CFPS - AUTOMOCIÓ,2,1079,27,1052,31,27
2019/2020,2019,FORMACIÓ PROFESSIONAL,CFPS - AUTOMOCIÓ,P,3,0,3,0,1
2019/2020,2019,FORMACIÓ PROFESSIONAL,CFPS - CARACTERITZACIÓ I MAQUILLATGE PROFESSIONAL,1,164,153,11,3,6
2019/2020,2019,FORMACIÓ PROFESSIONAL,CFPS - CARACTERITZACIÓ I MAQUILLATGE PROFESSIONAL,2,160,152,8,3,6
2019/2020,2019,FORMACIÓ PROFESSIONAL,CFPS - COMERÇ INTERNACIONAL,1,971,402,569,29,35
2019/2020,2019,FORMACIÓ PROFESSIONAL,CFPS - COMERÇ INTERNACIONAL,2,931,376,555,27,34
2019/2020,2019,FORMACIÓ PROFESSIONAL,CFPS - COMERÇ INTERNACIONAL,NA,404,213,191,0,1
2019/2020,2019,FORMACIÓ PROFESSIONAL,CFPS - CONDICIONAMENT FÍSIC,1,697,143,554,14,25
2019/2020,2019,FORMACIÓ PROFESSIONAL,CFPS - CONDICIONAMENT FÍSIC,2,449,116,333,12,22
2019/2020,2019,FORMACIÓ PROFESSIONAL,CFPS - CONSTRUCCIONS METÀL·LIQUES,1,60,0,60,3,3
2019/2020,2019,FORMACIÓ PROFESSIONAL,CFPS - CONSTRUCCIONS METÀL·LIQUES,2,67,0,67,3,3
2019/2020,2019,FORMACIÓ PROFESSIONAL,CFPS - DESENV. D'APLICACIONS MULTIPLATAFORMA (INFORMÀTICA APLICADA A LA LOGÍSTICA),1,32,2,30,2,2
2019/2020,2019,FORMACIÓ PROFESSIONAL,CFPS - DESENV. D'APLICACIONS MULTIPLATAFORMA (INFORMÀTICA APLICADA A LA LOGÍSTICA),2,17,0,17,1,1
2019/2020,2019,FORMACIÓ PROFESSIONAL,CFPS - DESENV. D'APLICACIONS MULTIPLATAFORMA (VIDEOJOCS I OCI DIGITAL),1,226,14,212,5,8
2019/2020,2019,FORMACIÓ PROFESSIONAL,CFPS - DESENV. D'APLICACIONS MULTIPLATAFORMA (VIDEOJOCS I OCI DIGITAL),2,203,13,190,5,8
2019/2020,2019,FORMACIÓ PROFESSIONAL,CFPS - DESENVOLUPAMENT D'APLICACIONS MULTIPLATAFORMA,1,1312,113,1199,36,41
2019/2020,2019,FORMACIÓ PROFESSIONAL,CFPS - DESENVOLUPAMENT D'APLICACIONS MULTIPLATAFORMA,2,2404,280,2124,40,43
2019/2020,2019,FORMACIÓ PROFESSIONAL,CFPS - DESENVOLUPAMENT D'APLICACIONS MULTIPLATAFORMA,NA,723,124,599,0,1
2019/2020,2019,FORMACIÓ PROFESSIONAL,CFPS - DESENVOLUPAMENT D'APLICACIONS WEB,1,903,111,792,31,34
2019/2020,2019,FORMACIÓ PROFESSIONAL,CFPS - DESENVOLUPAMENT D'APLICACIONS WEB,2,2094,326,1768,38,42
2019/2020,2019,FORMACIÓ PROFESSIONAL,CFPS - DESENVOLUPAMENT D'APLICACIONS WEB,NA,445,99,346,0,1
2019/2020,2019,FORMACIÓ PROFESSIONAL,CFPS - DESENVOLUPAMENT D'APLICACIONS WEB (BIOINFORMÀTICA),1,73,11,62,3,4
2019/2020,2019,FORMACIÓ PROFESSIONAL,CFPS - DESENVOLUPAMENT D'APLICACIONS WEB (BIOINFORMÀTICA),2,40,5,35,1,2
2019/2020,2019,FORMACIÓ PROFESSIONAL,CFPS - DESENVOLUPAMENT DE PROJECTES D'INSTAL·LACIONS TÈRMIQUES I DE FLUIDS,1,19,0,19,2,2
2019/2020,2019,FORMACIÓ PROFESSIONAL,CFPS - DESENVOLUPAMENT DE PROJECTES D'INSTAL·LACIONS TÈRMIQUES I DE FLUIDS,2,13,0,13,1,1
2019/2020,2019,FORMACIÓ PROFESSIONAL,CFPS - DIETÈTICA,1,882,626,256,10,21
2019/2020,2019,FORMACIÓ PROFESSIONAL,CFPS - DIETÈTICA,2,1519,1031,488,10,19
2019/2020,2019,FORMACIÓ PROFESSIONAL,CFPS - DIRECCIÓ DE CUINA,1,324,112,212,12,15
2019/2020,2019,FORMACIÓ PROFESSIONAL,CFPS - DIRECCIÓ DE CUINA,2,469,157,312,13,16
2019/2020,2019,FORMACIÓ PROFESSIONAL,CFPS - DIRECCIÓ DE SERVEIS EN RESTAURACIÓ,1,123,48,75,5,8
2019/2020,2019,FORMACIÓ PROFESSIONAL,CFPS - DIRECCIÓ DE SERVEIS EN RESTAURACIÓ,2,202,77,125,5,7
2019/2020,2019,FORMACIÓ PROFESSIONAL,CFPS - DISSENY EN FABRICACIÓ MECÀNICA,1,204,13,191,9,10
2019/2020,2019,FORMACIÓ PROFESSIONAL,CFPS - DISSENY EN FABRICACIÓ MECÀNICA,2,266,13,253,12,13
2019/2020,2019,FORMACIÓ PROFESSIONAL,CFPS - DISSENY EN FABRICACIÓ MECÀNICA (DESENVOLUPAMENT VIRTUAL DE L'AUTOMÒBIL),1,10,2,8,1,1
2019/2020,2019,FORMACIÓ PROFESSIONAL,CFPS - DISSENY EN FABRICACIÓ MECÀNICA (DESENVOLUPAMENT VIRTUAL DE L'AUTOMÒBIL),2,11,1,10,1,1
2019/2020,2019,FORMACIÓ PROFESSIONAL,CFPS - DISSENY I EDICIÓ DE PUBL.IMPRESES I MULTIMÈDIA,1,189,91,98,8,8
2019/2020,2019,FORMACIÓ PROFESSIONAL,CFPS - DISSENY I EDICIÓ DE PUBL.IMPRESES I MULTIMÈDIA,2,159,76,83,7,7
2019/2020,2019,FORMACIÓ PROFESSIONAL,CFPS - DISSENY I GESTIÓ DE LA PRODUCCIÓ GRÀFIC,1,32,14,18,1,1
2019/2020,2019,FORMACIÓ PROFESSIONAL,CFPS - DISSENY I GESTIÓ DE LA PRODUCCIÓ GRÀFIC,2,76,32,44,3,3
2019/2020,2019,FORMACIÓ PROFESSIONAL,CFPS - DISSENY I MOBLAMENT,1,48,11,37,3,3
2019/2020,2019,FORMACIÓ PROFESSIONAL,CFPS - DISSENY I MOBLAMENT,2,33,6,27,2,2
2019/2020,2019,FORMACIÓ PROFESSIONAL,CFPS - DISSENY I MOBLAMENT (CONSTRUCCIONS EFÍMERES I DECORACIÓ),1,21,2,19,1,1
2019/2020,2019,FORMACIÓ PROFESSIONAL,CFPS - DISSENY I MOBLAMENT (CONSTRUCCIONS EFÍMERES I DECORACIÓ),2,22,3,19,1,1
2019/2020,2019,FORMACIÓ PROFESSIONAL,CFPS - DISSENY TÈCNIC EN TÈXTIL i PELL,1,11,8,3,1,1
2019/2020,2019,FORMACIÓ PROFESSIONAL,CFPS - DISSENY TÈCNIC EN TÈXTIL i PELL,2,12,9,3,1,1
2019/2020,2019,FORMACIÓ PROFESSIONAL,CFPS - DOCUMENTACIÓ I ADMINISTRACIÓ SANITÀRIA,1,675,551,124,15,22
2019/2020,2019,FORMACIÓ PROFESSIONAL,CFPS - DOCUMENTACIÓ I ADMINISTRACIÓ SANITÀRIA,2,1155,934,221,14,21
2019/2020,2019,FORMACIÓ PROFESSIONAL,CFPS - DOCUMENTACIÓ I ADMINISTRACIÓ SANITÀRIES (GESTIÓ DE DADES),1,32,27,5,1,1
2019/2020,2019,FORMACIÓ PROFESSIONAL,CFPS - DOCUMENTACIÓ I ADMINISTRACIÓ SANITÀRIES (GESTIÓ DE DADES),2,33,24,9,1,1
2019/2020,2019,FORMACIÓ PROFESSIONAL,CFPS - EDUCACIÓ I CONTROL AMBIENTAL,1,149,52,97,7,6
2019/2020,2019,FORMACIÓ PROFESSIONAL,CFPS - EDUCACIÓ I CONTROL AMBIENTAL,2,132,55,77,7,7
2019/2020,2019,FORMACIÓ PROFESSIONAL,CFPS - EDUCACIÓ INFANTIL,1,2620,2339,281,84,79
2019/2020,2019,FORMACIÓ PROFESSIONAL,CFPS - EDUCACIÓ INFANTIL,2,3826,3484,342,84,79
2019/2020,2019,FORMACIÓ PROFESSIONAL,CFPS - EDUCACIÓ INFANTIL,P,3,2,1,0,1
2019/2020,2019,FORMACIÓ PROFESSIONAL,CFPS - EDUCACIÓ INFANTIL,NA,1216,1168,48,0,1
2019/2020,2019,FORMACIÓ PROFESSIONAL,CFPS - EFICIÈNCIA ENERGÈTICA I ENERGIA SOLAR I TÈRMICA,1,39,2,37,2,3
2019/2020,2019,FORMACIÓ PROFESSIONAL,CFPS - EFICIÈNCIA ENERGÈTICA I ENERGIA SOLAR I TÈRMICA,2,41,4,37,3,4
2019/2020,2019,FORMACIÓ PROFESSIONAL,CFPS - ELECTROMEDICINA CLÍNICA,1,52,5,47,2,2
2019/2020,2019,FORMACIÓ PROFESSIONAL,CFPS - ELECTROMEDICINA CLÍNICA,2,36,3,33,1,1
2019/2020,2019,FORMACIÓ PROFESSIONAL,CFPS - ENERGIES RENOVABLES,1,91,6,85,4,4
2019/2020,2019,FORMACIÓ PROFESSIONAL,CFPS - ENERGIES RENOVABLES,2,83,2,81,4,4
2019/2020,2019,FORMACIÓ PROFESSIONAL,CFPS - ENSENYAMENT I ANIMACIÓ SOCIOESPORTIVA,1,1901,371,1530,41,59
2019/2020,2019,FORMACIÓ PROFESSIONAL,CFPS - ENSENYAMENT I ANIMACIÓ SOCIOESPORTIVA,2,1676,350,1326,41,57
2019/2020,2019,FORMACIÓ PROFESSIONAL,CFPS - ESTILISME I DIRECCIÓ DE PERRUQUERIA,1,103,85,18,6,7
2019/2020,2019,FORMACIÓ PROFESSIONAL,CFPS - ESTILISME I DIRECCIÓ DE PERRUQUERIA,2,87,77,10,4,6
2019/2020,2019,FORMACIÓ PROFESSIONAL,CFPS - ESTÈTICA INTEGRAL I BENESTAR,1,231,224,7,10,12
2019/2020,2019,FORMACIÓ PROFESSIONAL,CFPS - ESTÈTICA INTEGRAL I BENESTAR,2,222,220,2,10,12
2019/2020,2019,FORMACIÓ PROFESSIONAL,"CFPS - FABRICACIÓ DE PRODUCTES FARMACÈUTICS, BIOTECNOLÒGICS I AFINS",1,296,152,144,10,9
2019/2020,2019,FORMACIÓ PROFESSIONAL,"CFPS - FABRICACIÓ DE PRODUCTES FARMACÈUTICS, BIOTECNOLÒGICS I AFINS",2,267,133,134,9,8
2019/2020,2019,FORMACIÓ PROFESSIONAL,CFPS - GESTIÓ D'ALLOTJAMENTS TURÍSTICS,1,328,223,105,12,15
2019/2020,2019,FORMACIÓ PROFESSIONAL,CFPS - GESTIÓ D'ALLOTJAMENTS TURÍSTICS,2,415,259,156,13,17
2019/2020,2019,FORMACIÓ PROFESSIONAL,CFPS - GESTIÓ DE L'AIGUA,1,11,1,10,1,1
2019/2020,2019,FORMACIÓ PROFESSIONAL,CFPS - GESTIÓ DE L'AIGUA,2,10,2,8,1,1
2019/2020,2019,FORMACIÓ PROFESSIONAL,CFPS - GESTIÓ DE VENDES I ESPAIS COMERCIALS,1,416,160,256,17,19
2019/2020,2019,FORMACIÓ PROFESSIONAL,CFPS - GESTIÓ DE VENDES I ESPAIS COMERCIALS,2,433,206,227,21,25
2019/2020,2019,FORMACIÓ PROFESSIONAL,CFPS - GESTIÓ DE VENDES I ESPAIS COMERCIALS,NA,275,170,105,0,1
2019/2020,2019,FORMACIÓ PROFESSIONAL,CFPS - GESTIÓ FORESTAL I DEL MEDI NATURAL,1,194,27,167,8,7
2019/2020,2019,FORMACIÓ PROFESSIONAL,CFPS - GESTIÓ FORESTAL I DEL MEDI NATURAL,2,208,23,185,9,8
2019/2020,2019,FORMACIÓ PROFESSIONAL,"CFPS - GUIA, INFORMACIÓ I ASSIST. TURÍST. (DINAMITZACIÓ LÚDICA, CULTURAL I FISICORECREATIVA)",1,11,7,4,1,1
2019/2020,2019,FORMACIÓ PROFESSIONAL,"CFPS - GUIA, INFORMACIÓ I ASSIST. TURÍST. (DINAMITZACIÓ LÚDICA, CULTURAL I FISICORECREATIVA)",2,20,11,9,3,3
2019/2020,2019,FORMACIÓ PROFESSIONAL,"CFPS - GUIA, INFORMACIÓ I ASSISTÈNCIA TURÍSTIQUES",1,277,200,77,13,13
2019/2020,2019,FORMACIÓ PROFESSIONAL,"CFPS - GUIA, INFORMACIÓ I ASSISTÈNCIA TURÍSTIQUES",2,331,219,112,15,15
2019/2020,2019,FORMACIÓ PROFESSIONAL,CFPS - HIGIENE BUCODENTAL,1,1058,921,137,23,23
2019/2020,2019,FORMACIÓ PROFESSIONAL,CFPS - HIGIENE BUCODENTAL,2,4431,3864,567,23,23
2019/2020,2019,FORMACIÓ PROFESSIONAL,"CFPS - IL·LUMINACIÓ, CAPTACIÓ i TRACTAMENT D'IMATGE",1,215,90,125,6,7
2019/2020,2019,FORMACIÓ PROFESSIONAL,"CFPS - IL·LUMINACIÓ, CAPTACIÓ i TRACTAMENT D'IMATGE",2,252,119,133,5,7
2019/2020,2019,FORMACIÓ PROFESSIONAL,CFPS - IMATGE PER AL DIAGNÒSTIC I MEDICINA NUCLEAR,1,684,481,203,8,14
2019/2020,2019,FORMACIÓ PROFESSIONAL,CFPS - IMATGE PER AL DIAGNÒSTIC I MEDICINA NUCLEAR,2,2314,1659,655,9,15
2019/2020,2019,FORMACIÓ PROFESSIONAL,CFPS - INTEGRACIÓ SOCIAL,1,2233,1739,494,66,50
2019/2020,2019,FORMACIÓ PROFESSIONAL,CFPS - INTEGRACIÓ SOCIAL,2,3174,2500,674,64,49
2019/2020,2019,FORMACIÓ PROFESSIONAL,CFPS - INTEGRACIÓ SOCIAL,P,7,5,2,0,1
2019/2020,2019,FORMACIÓ PROFESSIONAL,CFPS - INTEGRACIÓ SOCIAL,NA,1912,1565,347,0,1
2019/2020,2019,FORMACIÓ PROFESSIONAL,CFPS - LABORATORI CLÍNIC I BIOMÈDIC,1,819,598,221,23,22
2019/2020,2019,FORMACIÓ PROFESSIONAL,CFPS - LABORATORI CLÍNIC I BIOMÈDIC,2,825,614,211,22,22
2019/2020,2019,FORMACIÓ PROFESSIONAL,CFPS - LABORATORI CLÍNIC I BIOMÈDIC (RECERCA),1,33,24,9,1,1
2019/2020,2019,FORMACIÓ PROFESSIONAL,CFPS - LABORATORI CLÍNIC I BIOMÈDIC (RECERCA),2,26,19,7,1,1
2019/2020,2019,FORMACIÓ PROFESSIONAL,CFPS - LABORATORI D'ANÀLISI I CONTROL DE QUALITAT,1,528,292,236,19,17
2019/2020,2019,FORMACIÓ PROFESSIONAL,CFPS - LABORATORI D'ANÀLISI I CONTROL DE QUALITAT,2,569,290,279,18,16
2019/2020,2019,FORMACIÓ PROFESSIONAL,CFPS - MANTENIMENT AEROMECÀNIC,2,28,1,27,1,1
2019/2020,2019,FORMACIÓ PROFESSIONAL,CFPS - MANTENIMENT AEROMECÀNIC D'AVIONS AMB MOTOR DE TURBINA,1,25,1,24,1,1
2019/2020,2019,FORMACIÓ PROFESSIONAL,CFPS - MANTENIMENT D'AVIÒNICA,2,32,0,32,1,1
2019/2020,2019,FORMACIÓ PROFESSIONAL,CFPS - MANTENIMENT D'INSTAL·LACIONS TÈRMIQUES I DE FLUIDS,1,115,0,115,7,7
2019/2020,2019,FORMACIÓ PROFESSIONAL,CFPS - MANTENIMENT D'INSTAL·LACIONS TÈRMIQUES I DE FLUIDS,2,103,0,103,7,7
2019/2020,2019,FORMACIÓ PROFESSIONAL,CFPS - MANTENIMENT ELECTRÒNIC,1,107,5,102,8,8
2019/2020,2019,FORMACIÓ PROFESSIONAL,CFPS - MANTENIMENT ELECTRÒNIC,2,103,5,98,8,8
2019/2020,2019,FORMACIÓ PROFESSIONAL,CFPS - MECATRÒNICA INDUSTRIAL,1,568,16,552,23,24
2019/2020,2019,FORMACIÓ PROFESSIONAL,CFPS - MECATRÒNICA INDUSTRIAL,2,593,12,581,24,25
2019/2020,2019,FORMACIÓ PROFESSIONAL,CFPS - MEDIACIÓ COMUNICATIVA,1,67,60,7,3,3
2019/2020,2019,FORMACIÓ PROFESSIONAL,CFPS - MEDIACIÓ COMUNICATIVA,2,74,66,8,3,3
2019/2020,2019,FORMACIÓ PROFESSIONAL,CFPS - MÀRQUETING I PUBLICITAT,1,1465,719,746,32,36
2019/2020,2019,FORMACIÓ PROFESSIONAL,CFPS - MÀRQUETING I PUBLICITAT,2,1977,1053,924,27,34
2019/2020,2019,FORMACIÓ PROFESSIONAL,CFPS - MÀRQUETING I PUBLICITAT (ENOLÒGIC),1,35,18,17,3,3
2019/2020,2019,FORMACIÓ PROFESSIONAL,CFPS - MÀRQUETING I PUBLICITAT (ENOLÒGIC),2,24,12,12,3,3
2019/2020,2019,FORMACIÓ PROFESSIONAL,CFPS - ORGANITZACIÓ DEL MANTENIMENT DE LA MAQUINÀRIA DE VAIXELLS I EMBARCACIONS,1,27,2,25,1,1
2019/2020,2019,FORMACIÓ PROFESSIONAL,CFPS - ORGANITZACIÓ DEL MANTENIMENT DE LA MAQUINÀRIA DE VAIXELLS I EMBARCACIONS,2,36,0,36,1,1
2019/2020,2019,FORMACIÓ PROFESSIONAL,CFPS - ORGANITZACIÓ I CONTROL D'OBRES DE CONSTRUCCIÓ,1,22,5,17,2,2
2019/2020,2019,FORMACIÓ PROFESSIONAL,CFPS - ORGANITZACIÓ I CONTROL D'OBRES DE CONSTRUCCIÓ,2,6,1,5,1,1
2019/2020,2019,FORMACIÓ PROFESSIONAL,CFPS - PAISATGISME I MEDI RURAL,1,114,21,93,6,7
2019/2020,2019,FORMACIÓ PROFESSIONAL,CFPS - PAISATGISME I MEDI RURAL,2,103,25,78,5,6
2019/2020,2019,FORMACIÓ PROFESSIONAL,CFPS - PAISATGISME I MEDI RURAL (GESTIÓ AGROPECUÀRIA),1,29,0,29,3,3
2019/2020,2019,FORMACIÓ PROFESSIONAL,CFPS - PAISATGISME I MEDI RURAL (GESTIÓ AGROPECUÀRIA),2,43,5,38,3,3
2019/2020,2019,FORMACIÓ PROFESSIONAL,CFPS - PATRONATGE I MODA,1,143,120,23,5,6
2019/2020,2019,FORMACIÓ PROFESSIONAL,CFPS - PATRONATGE I MODA,2,136,120,16,5,6
2019/2020,2019,FORMACIÓ PROFESSIONAL,CFPS - PREVENCIÓ DE RISCOS PROFESSIONALS,1,82,28,54,5,5
2019/2020,2019,FORMACIÓ PROFESSIONAL,CFPS - PREVENCIÓ DE RISCOS PROFESSIONALS,2,99,29,70,6,6
2019/2020,2019,FORMACIÓ PROFESSIONAL,CFPS - PREVENCIÓ DE RISCOS PROFESSIONALS,NA,509,215,294,0,1
2019/2020,2019,FORMACIÓ PROFESSIONAL,CFPS - PROCESSOS I QUALITAT EN LA INDÚSRIA ALIMENTÀRIA,1,101,57,44,5,6
2019/2020,2019,FORMACIÓ PROFESSIONAL,CFPS - PROCESSOS I QUALITAT EN LA INDÚSRIA ALIMENTÀRIA,2,71,35,36,3,4
2019/2020,2019,FORMACIÓ PROFESSIONAL,CFPS - PRODUCCIÓ D'AUDIOVISUALS I ESPECTACLES,1,199,75,124,6,7
2019/2020,2019,FORMACIÓ PROFESSIONAL,CFPS - PRODUCCIÓ D'AUDIOVISUALS I ESPECTACLES,2,233,84,149,6,7
2019/2020,2019,FORMACIÓ PROFESSIONAL,CFPS - PROGRAMACIÓ DE LA PRODUCCIÓ EN L'EMMOTLLAMENT DE METALLS I POLÍMERS,1,19,1,18,1,1
2019/2020,2019,FORMACIÓ PROFESSIONAL,CFPS - PROGRAMACIÓ DE LA PRODUCCIÓ EN L'EMMOTLLAMENT DE METALLS I POLÍMERS,2,10,0,10,1,1
2019/2020,2019,FORMACIÓ PROFESSIONAL,CFPS - PROGRAMACIÓ DE PRODUCCIÓ EN FABRICACIÓ MECANICA (MOTLLES I MATRIUS),1,36,0,36,2,2
2019/2020,2019,FORMACIÓ PROFESSIONAL,CFPS - PROGRAMACIÓ DE PRODUCCIÓ EN FABRICACIÓ MECANICA (MOTLLES I MATRIUS),2,18,1,17,1,1
2019/2020,2019,FORMACIÓ PROFESSIONAL,CFPS - PROGRAMACIÓ DE PRODUCCIÓ EN FABRICACIÓ MECÀNICA,1,331,19,312,16,18
2019/2020,2019,FORMACIÓ PROFESSIONAL,CFPS - PROGRAMACIÓ DE PRODUCCIÓ EN FABRICACIÓ MECÀNICA,2,367,10,357,17,19
2019/2020,2019,FORMACIÓ PROFESSIONAL,CFPS - PROJECTES D'EDIFICACIÓ,1,94,29,65,5,6
2019/2020,2019,FORMACIÓ PROFESSIONAL,CFPS - PROJECTES D'EDIFICACIÓ,2,100,28,72,6,7
2019/2020,2019,FORMACIÓ PROFESSIONAL,CFPS - PROJECTES D'EDIFICACIÓ (REHABILITACIÓ I RESTAURACIÓ),1,68,21,47,4,4
2019/2020,2019,FORMACIÓ PROFESSIONAL,CFPS - PROJECTES D'EDIFICACIÓ (REHABILITACIÓ I RESTAURACIÓ),2,56,19,37,4,4
2019/2020,2019,FORMACIÓ PROFESSIONAL,CFPS - PROJECTES D'OBRA CIVIL,1,34,9,25,2,2
2019/2020,2019,FORMACIÓ PROFESSIONAL,CFPS - PROJECTES D'OBRA CIVIL,2,24,5,19,2,2
2019/2020,2019,FORMACIÓ PROFESSIONAL,CFPS - PROJECTES D'OBRA CIVIL (ÚS D'APLICACIONS SIG),2,4,0,4,1,1
2019/2020,2019,FORMACIÓ PROFESSIONAL,CFPS - PROMOCIÓ DE LA IGUALTAT DE GÈNERE,1,93,82,11,2,3
2019/2020,2019,FORMACIÓ PROFESSIONAL,CFPS - PROMOCIÓ DE LA IGUALTAT DE GÈNERE,2,62,54,8,2,3
2019/2020,2019,FORMACIÓ PROFESSIONAL,CFPS - PRÒTESIS DENTALS,1,162,118,44,3,5
2019/2020,2019,FORMACIÓ PROFESSIONAL,CFPS - PRÒTESIS DENTALS,2,206,140,66,3,5
2019/2020,2019,FORMACIÓ PROFESSIONAL,CFPS - QUÍMICA AMBIENTAL,1,214,113,101,6,5
2019/2020,2019,FORMACIÓ PROFESSIONAL,CFPS - QUÍMICA INDUSTRIAL,1,261,67,194,10,6
2019/2020,2019,FORMACIÓ PROFESSIONAL,CFPS - QUÍMICA INDUSTRIAL,2,284,49,235,11,6
2019/2020,2019,FORMACIÓ PROFESSIONAL,CFPS - RADIOTERÀPIA I DOSIMETRIA,1,55,43,12,1,2
2019/2020,2019,FORMACIÓ PROFESSIONAL,CFPS - RADIOTERÀPIA I DOSIMETRIA,2,74,56,18,1,2
2019/2020,2019,FORMACIÓ PROFESSIONAL,CFPS - RAMADERIA I ASSISTÈNCIA EN SANITAT ANIMAL,1,134,80,54,3,4
2019/2020,2019,FORMACIÓ PROFESSIONAL,CFPS - RAMADERIA I ASSISTÈNCIA EN SANITAT ANIMAL,2,76,51,25,2,3
2019/2020,2019,FORMACIÓ PROFESSIONAL,CFPS - REALITZACIÓ DE PROJECTES AUDIOVISUALS I ESPECTACLES,1,361,152,209,6,10
2019/2020,2019,FORMACIÓ PROFESSIONAL,CFPS - REALITZACIÓ DE PROJECTES AUDIOVISUALS I ESPECTACLES,2,449,186,263,6,10
2019/2020,2019,FORMACIÓ PROFESSIONAL,CFPS - SALUT AMBIENTAL,1,83,52,31,4,4
2019/2020,2019,FORMACIÓ PROFESSIONAL,CFPS - SALUT AMBIENTAL,2,80,46,34,4,4
2019/2020,2019,FORMACIÓ PROFESSIONAL,CFPS - SECRETARIAT,NA,1,1,0,0,1
2019/2020,2019,FORMACIÓ PROFESSIONAL,CFPS - SISTEMES DE TELECOMUNICACIONS I INFORMÀTICS,1,195,15,180,10,10
2019/2020,2019,FORMACIÓ PROFESSIONAL,CFPS - SISTEMES DE TELECOMUNICACIONS I INFORMÀTICS,2,206,13,193,11,11
2019/2020,2019,FORMACIÓ PROFESSIONAL,CFPS - SISTEMES ELECTROTÈCNICS I AUTOMATITZATS,1,280,15,265,18,18
2019/2020,2019,FORMACIÓ PROFESSIONAL,CFPS - SISTEMES ELECTROTÈCNICS I AUTOMATITZATS,2,274,3,271,18,18
2019/2020,2019,FORMACIÓ PROFESSIONAL,CFPS - SISTEMES ELECTROTÈCNICS I AUTOMATITZATS (INSTAL. ELÈCTRIQUES I COMUNICACIÓ DE VAIXELLS),1,17,2,15,1,1
2019/2020,2019,FORMACIÓ PROFESSIONAL,CFPS - SISTEMES ELECTROTÈCNICS I AUTOMATITZATS (INSTAL. ELÈCTRIQUES I COMUNICACIÓ DE VAIXELLS),2,17,0,17,1,1
2019/2020,2019,FORMACIÓ PROFESSIONAL,CFPS - SO PER AUDIOVISUALS I ESPECTACLES,1,224,34,190,6,6
2019/2020,2019,FORMACIÓ PROFESSIONAL,CFPS - SO PER AUDIOVISUALS I ESPECTACLES,2,276,21,255,6,6
2019/2020,2019,FORMACIÓ PROFESSIONAL,CFPS - TRANSPORT I LOGÍSTICA,1,398,115,283,13,14
2019/2020,2019,FORMACIÓ PROFESSIONAL,CFPS - TRANSPORT I LOGÍSTICA,2,618,200,418,15,16
2019/2020,2019,FORMACIÓ PROFESSIONAL,CFPS - TRANSPORT MARÍTIM I PESCA D'ALTURA,1,51,3,48,2,1
2019/2020,2019,FORMACIÓ PROFESSIONAL,CFPS - TRANSPORT MARÍTIM I PESCA D'ALTURA,2,63,2,61,2,1
2019/2020,2019,FORMACIÓ PROFESSIONAL,CFPS - VESTUARI A MIDA PER ESPECTACLES,1,61,53,8,2,3
2019/2020,2019,FORMACIÓ PROFESSIONAL,CFPS - VESTUARI A MIDA PER ESPECTACLES,2,67,61,6,2,3
2019/2020,2019,FORMACIÓ PROFESSIONAL,CFPS - VITIVINICULTURA,1,44,10,34,3,3
2019/2020,2019,FORMACIÓ PROFESSIONAL,CFPS - VITIVINICULTURA,2,71,22,49,3,3
2019/2020,2019,FORMACIÓ PROFESSIONAL,CFPS - ÒPTICA D'ULLERA,1,22,14,8,1,1
2019/2020,2019,FORMACIÓ PROFESSIONAL,CFPS - ÒPTICA D'ULLERA,2,16,9,7,1,1
2019/2020,2019,ITINERARIS FORMATIUS ESPECÍFICS,IFE - AUXILIAR EN CURA D'ANIMALS I ESPAIS VERDS,1,57,15,42,0,7
2019/2020,2019,ITINERARIS FORMATIUS ESPECÍFICS,IFE - AUXILIAR EN CURA D'ANIMALS I ESPAIS VERDS,2,32,16,16,0,5
2019/2020,2019,ITINERARIS FORMATIUS ESPECÍFICS,IFE - AUXILIAR EN CURA D'ANIMALS I ESPAIS VERDS,3,39,15,24,0,5
2019/2020,2019,ITINERARIS FORMATIUS ESPECÍFICS,IFE - AUXILIAR EN CURA D'ANIMALS I ESPAIS VERDS,4,10,5,5,0,3
2019/2020,2019,ITINERARIS FORMATIUS ESPECÍFICS,IFE - AUXILIAR EN VENDES I ATENCIÓ AL PÚBLIC,1,133,59,74,0,12
2019/2020,2019,ITINERARIS FORMATIUS ESPECÍFICS,IFE - AUXILIAR EN VENDES I ATENCIÓ AL PÚBLIC,2,109,50,59,0,11
2019/2020,2019,ITINERARIS FORMATIUS ESPECÍFICS,IFE - AUXILIAR EN VENDES I ATENCIÓ AL PÚBLIC,3,75,33,42,0,10
2019/2020,2019,ITINERARIS FORMATIUS ESPECÍFICS,IFE - AUXILIAR EN VENDES I ATENCIÓ AL PÚBLIC,4,24,10,14,0,4
2019/2020,2019,MÚSICA,ACORDIÓ,1,6,1,5,0,5
2019/2020,2019,MÚSICA,ACORDIÓ,2,9,6,3,0,5
2019/2020,2019,MÚSICA,ACORDIÓ,3,6,5,1,0,5
2019/2020,2019,MÚSICA,ACORDIÓ,4,5,2,3,0,3
2019/2020,2019,MÚSICA,ACORDIÓ,5,4,4,0,0,3
2019/2020,2019,MÚSICA,ACORDIÓ,6,6,1,5,0,4
2019/2020,2019,MÚSICA,ACORDIÓ DIATÓNIC (INTERPRETACIÓ: MÚSICA TRADICIONAL I FLAMENC),1,1,1,0,0,1
2019/2020,2019,MÚSICA,ARPA,1,4,3,1,0,4
2019/2020,2019,MÚSICA,ARPA,2,9,7,2,0,3
2019/2020,2019,MÚSICA,ARPA,3,2,2,0,0,2
2019/2020,2019,MÚSICA,ARPA,4,1,1,0,0,1
2019/2020,2019,MÚSICA,ARPA,5,4,4,0,0,1
2019/2020,2019,MÚSICA,ARPA,6,1,1,0,0,1
2019/2020,2019,MÚSICA,ARPA (INTERPRETACIÓ: CLÀSSICA I CONTEMPORÀNIA),1,2,1,1,0,2
2019/2020,2019,MÚSICA,BAIX ELÈCTRIC,1,1,0,1,0,1
2019/2020,2019,MÚSICA,BAIX ELÈCTRIC,5,3,0,3,0,2
2019/2020,2019,MÚSICA,BAIX ELÈCTRIC,6,3,0,3,0,3
2019/2020,2019,MÚSICA,BAIX ELÈCTRIC (INTERPRETACIÓ: JAZZ I MÚSICA MODERNA),1,9,1,8,0,4
2019/2020,2019,MÚSICA,BAIX ELÈCTRIC (INTERPRETACIÓ: JAZZ I MÚSICA MODERNA),2,10,3,7,0,4
2019/2020,2019,MÚSICA,BAIX ELÈCTRIC (INTERPRETACIÓ: JAZZ I MÚSICA MODERNA),3,7,2,5,0,3
2019/2020,2019,MÚSICA,BAIX ELÈCTRIC (INTERPRETACIÓ: JAZZ I MÚSICA MODERNA),4,20,3,17,0,4
2019/2020,2019,MÚSICA,BATERIA (INTERPRETACIÓ: JAZZ I MÚSICA MODERNA),1,14,1,13,0,4
2019/2020,2019,MÚSICA,BATERIA (INTERPRETACIÓ: JAZZ I MÚSICA MODERNA),2,14,3,11,0,4
2019/2020,2019,MÚSICA,BATERIA (INTERPRETACIÓ: JAZZ I MÚSICA MODERNA),3,16,4,12,0,4
2019/2020,2019,MÚSICA,BATERIA (INTERPRETACIÓ: JAZZ I MÚSICA MODERNA),4,27,2,25,0,4
2019/2020,2019,MÚSICA,CANT,1,17,10,7,0,11
2019/2020,2019,MÚSICA,CANT,2,28,23,5,0,10
2019/2020,2019,MÚSICA,CANT,3,26,24,2,0,14
2019/2020,2019,MÚSICA,CANT,4,36,27,9,0,14
2019/2020,2019,MÚSICA,CANT,5,26,17,9,0,10
2019/2020,2019,MÚSICA,CANT,6,25,19,6,0,11
2019/2020,2019,MÚSICA,CANT (INTERPRETACIÓ: CLÀSSICA I CONTEMPORÀNIA),1,16,6,10,0,2
2019/2020,2019,MÚSICA,CANT (INTERPRETACIÓ: CLÀSSICA I CONTEMPORÀNIA),2,18,6,12,0,2
2019/2020,2019,MÚSICA,CANT (INTERPRETACIÓ: CLÀSSICA I CONTEMPORÀNIA),3,18,7,11,0,2
2019/2020,2019,MÚSICA,CANT (INTERPRETACIÓ: CLÀSSICA I CONTEMPORÀNIA),4,28,14,14,0,2
2019/2020,2019,MÚSICA,CANT (INTERPRETACIÓ: JAZZ I MÚSICA MODERNA),1,13,9,4,0,3
2019/2020,2019,MÚSICA,CANT (INTERPRETACIÓ: JAZZ I MÚSICA MODERNA),2,19,13,6,0,4
2019/2020,2019,MÚSICA,CANT (INTERPRETACIÓ: JAZZ I MÚSICA MODERNA),3,14,11,3,0,4
2019/2020,2019,MÚSICA,CANT (INTERPRETACIÓ: JAZZ I MÚSICA MODERNA),4,16,13,3,0,4
2019/2020,2019,MÚSICA,CANT FLAMENC (INTERPRETACIÓ: MÚSICA TRADICIONAL),1,1,1,0,0,1
2019/2020,2019,MÚSICA,CANT FLAMENC (INTERPRETACIÓ: MÚSICA TRADICIONAL),2,1,1,0,0,1
2019/2020,2019,MÚSICA,CANT FLAMENC (INTERPRETACIÓ: MÚSICA TRADICIONAL),3,3,3,0,0,1
2019/2020,2019,MÚSICA,CANT HISTÒRIC (INTERPRETACIÓ: MÚSICA ANTIGA),1,3,2,1,0,1
2019/2020,2019,MÚSICA,CANT HISTÒRIC (INTERPRETACIÓ: MÚSICA ANTIGA),2,2,1,1,0,1
2019/2020,2019,MÚSICA,CANT HISTÒRIC (INTERPRETACIÓ: MÚSICA ANTIGA),3,1,1,0,0,1
2019/2020,2019,MÚSICA,CANT HISTÒRIC (INTERPRETACIÓ: MÚSICA ANTIGA),4,5,2,3,0,1
2019/2020,2019,MÚSICA,CLARINET,1,32,16,16,0,17
2019/2020,2019,MÚSICA,CLARINET,2,34,19,15,0,19
2019/2020,2019,MÚSICA,CLARINET,3,35,23,12,0,17
2019/2020,2019,MÚSICA,CLARINET,4,39,15,24,0,19
2019/2020,2019,MÚSICA,CLARINET,5,29,15,14,0,18
2019/2020,2019,MÚSICA,CLARINET,6,64,40,24,0,21
2019/2020,2019,MÚSICA,CLARINET (INTERPRETACIÓ: CLÀSSICA I CONTEMPORÀNIA),1,7,6,1,0,2
2019/2020,2019,MÚSICA,CLARINET (INTERPRETACIÓ: CLÀSSICA I CONTEMPORÀNIA),2,3,1,2,0,1
2019/2020,2019,MÚSICA,CLARINET (INTERPRETACIÓ: CLÀSSICA I CONTEMPORÀNIA),3,7,5,2,0,2
2019/2020,2019,MÚSICA,CLARINET (INTERPRETACIÓ: CLÀSSICA I CONTEMPORÀNIA),4,5,3,2,0,2
2019/2020,2019,MÚSICA,CLARINET (INTERPRETACIÓ: JAZZ I MÚSICA MODERNA),1,1,0,1,0,1
2019/2020,2019,MÚSICA,CLARINET (INTERPRETACIÓ: JAZZ I MÚSICA MODERNA),2,2,0,2,0,2
2019/2020,2019,MÚSICA,CLARINET (INTERPRETACIÓ: JAZZ I MÚSICA MODERNA),3,2,0,2,0,2
2019/2020,2019,MÚSICA,CLARINET (INTERPRETACIÓ: JAZZ I MÚSICA MODERNA),4,1,0,1,0,1
2019/2020,2019,MÚSICA,CLAVICÈMBAL,1,2,0,2,0,2
2019/2020,2019,MÚSICA,CLAVICÈMBAL,2,2,1,1,0,2
2019/2020,2019,MÚSICA,CLAVICÈMBAL,3,2,1,1,0,2
2019/2020,2019,MÚSICA,CLAVICÈMBAL,4,1,1,0,0,1
2019/2020,2019,MÚSICA,CLAVICÈMBAL,6,4,1,3,0,4
2019/2020,2019,MÚSICA,CLAVICÈMBAL (INTERPRETACIÓ: MÚSICA ANTIGA),1,2,0,2,0,1
2019/2020,2019,MÚSICA,COMPOSICIÓ,1,19,6,13,0,3
2019/2020,2019,MÚSICA,COMPOSICIÓ,2,20,2,18,0,3
2019/2020,2019,MÚSICA,COMPOSICIÓ,3,13,8,5,0,2
2019/2020,2019,MÚSICA,COMPOSICIÓ,4,22,7,15,0,3
2019/2020,2019,MÚSICA,CONTRABAIX,1,26,5,21,0,16
2019/2020,2019,MÚSICA,CONTRABAIX,2,16,7,9,0,13
2019/2020,2019,MÚSICA,CONTRABAIX,3,13,5,8,0,11
2019/2020,2019,MÚSICA,CONTRABAIX,4,15,6,9,0,10
2019/2020,2019,MÚSICA,CONTRABAIX,5,9,3,6,0,7
2019/2020,2019,MÚSICA,CONTRABAIX,6,10,2,8,0,7
2019/2020,2019,MÚSICA,CONTRABAIX (INTERPRETACIÓ: CLÀSSICA I CONTEMPORÀNIA),1,1,1,0,0,1
2019/2020,2019,MÚSICA,CONTRABAIX (INTERPRETACIÓ: CLÀSSICA I CONTEMPORÀNIA),2,4,3,1,0,2
2019/2020,2019,MÚSICA,CONTRABAIX (INTERPRETACIÓ: CLÀSSICA I CONTEMPORÀNIA),3,5,1,4,0,2
2019/2020,2019,MÚSICA,CONTRABAIX (INTERPRETACIÓ: CLÀSSICA I CONTEMPORÀNIA),4,7,2,5,0,2
2019/2020,2019,MÚSICA,CONTRABAIX (INTERPRETACIÓ: JAZZ I MÚSICA MODERNA),1,3,1,2,0,2
2019/2020,2019,MÚSICA,CONTRABAIX (INTERPRETACIÓ: JAZZ I MÚSICA MODERNA),2,4,1,3,0,2
2019/2020,2019,MÚSICA,CONTRABAIX (INTERPRETACIÓ: JAZZ I MÚSICA MODERNA),3,4,1,3,0,2
2019/2020,2019,MÚSICA,CONTRABAIX (INTERPRETACIÓ: JAZZ I MÚSICA MODERNA),4,7,3,4,0,3
2019/2020,2019,MÚSICA,CORNAMUSA (INTERPRETACIÓ: MÚSICA TRADICIONAL I FLAMENC),1,1,0,1,0,1
2019/2020,2019,MÚSICA,FAGOT,1,6,5,1,0,5
2019/2020,2019,MÚSICA,FAGOT,2,11,3,8,0,10
2019/2020,2019,MÚSICA,FAGOT,3,9,5,4,0,7
2019/2020,2019,MÚSICA,FAGOT,4,7,3,4,0,7
2019/2020,2019,MÚSICA,FAGOT,5,12,7,5,0,8
2019/2020,2019,MÚSICA,FAGOT,6,14,6,8,0,7
2019/2020,2019,MÚSICA,FAGOT (INTERPRETACIÓ: CLÀSSICA I CONTEMPORÀNIA),1,3,3,0,0,2
2019/2020,2019,MÚSICA,FAGOT (INTERPRETACIÓ: CLÀSSICA I CONTEMPORÀNIA),2,3,1,2,0,2
2019/2020,2019,MÚSICA,FAGOT (INTERPRETACIÓ: CLÀSSICA I CONTEMPORÀNIA),3,2,0,2,0,1
2019/2020,2019,MÚSICA,FAGOT (INTERPRETACIÓ: CLÀSSICA I CONTEMPORÀNIA),4,4,0,4,0,2
2019/2020,2019,MÚSICA,FAGOTS HISTÒRICS (INTERPRETACIÓ: MÚSICA ANTIGA),4,1,0,1,0,1
2019/2020,2019,MÚSICA,FLABIOL I TAMBORÍ,2,1,1,0,0,1
2019/2020,2019,MÚSICA,FLABIOL I TAMBORÍ,3,1,1,0,0,1
2019/2020,2019,MÚSICA,FLABIOL I TAMBORÍ,4,1,0,1,0,1
2019/2020,2019,MÚSICA,FLABIOL I TAMBORÍ,5,1,0,1,0,1
2019/2020,2019,MÚSICA,FLABIOL I TAMBORÍ,6,3,3,0,0,3
2019/2020,2019,MÚSICA,FLABIOL I TAMBORÍ (INTERPRETACIÓ: MÚSICA TRADICIONAL),1,2,1,1,0,1
2019/2020,2019,MÚSICA,FLABIOL I TAMBORÍ (INTERPRETACIÓ: MÚSICA TRADICIONAL),2,1,1,0,0,1
2019/2020,2019,MÚSICA,FLABIOL I TAMBORÍ (INTERPRETACIÓ: MÚSICA TRADICIONAL),4,1,1,0,0,1
2019/2020,2019,MÚSICA,FLAUTA DE BEC,1,6,2,4,0,5
2019/2020,2019,MÚSICA,FLAUTA DE BEC,2,5,2,3,0,3
2019/2020,2019,MÚSICA,FLAUTA DE BEC,3,4,3,1,0,3
2019/2020,2019,MÚSICA,FLAUTA DE BEC,4,5,3,2,0,5
2019/2020,2019,MÚSICA,FLAUTA DE BEC,5,3,3,0,0,2
2019/2020,2019,MÚSICA,FLAUTA DE BEC,6,4,4,0,0,3
2019/2020,2019,MÚSICA,FLAUTA DE BEC (INTERPRETACIÓ: CLÀSSICA I CONTEMPORÀNIA),1,4,3,1,0,1
2019/2020,2019,MÚSICA,FLAUTA DE BEC (INTERPRETACIÓ: CLÀSSICA I CONTEMPORÀNIA),2,1,1,0,0,1
2019/2020,2019,MÚSICA,FLAUTA DE BEC (INTERPRETACIÓ: CLÀSSICA I CONTEMPORÀNIA),3,3,2,1,0,1
2019/2020,2019,MÚSICA,FLAUTA DE BEC (INTERPRETACIÓ: MÚSICA ANTIGA),2,2,2,0,0,1
2019/2020,2019,MÚSICA,FLAUTA DE BEC (INTERPRETACIÓ: MÚSICA ANTIGA),3,1,1,0,0,1
2019/2020,2019,MÚSICA,FLAUTA TRAVESSERA,1,46,40,6,0,19
2019/2020,2019,MÚSICA,FLAUTA TRAVESSERA,2,46,38,8,0,22
2019/2020,2019,MÚSICA,FLAUTA TRAVESSERA,3,61,50,11,0,21
2019/2020,2019,MÚSICA,FLAUTA TRAVESSERA,4,52,40,12,0,23
2019/2020,2019,MÚSICA,FLAUTA TRAVESSERA,5,48,38,10,0,18
2019/2020,2019,MÚSICA,FLAUTA TRAVESSERA,6,76,61,15,0,24
2019/2020,2019,MÚSICA,FLAUTA TRAVESSERA (INTERPRETACIÓ: CLÀSSICA I CONTEMPORÀNIA),1,5,4,1,0,1
2019/2020,2019,MÚSICA,FLAUTA TRAVESSERA (INTERPRETACIÓ: CLÀSSICA I CONTEMPORÀNIA),2,4,1,3,0,1
2019/2020,2019,MÚSICA,FLAUTA TRAVESSERA (INTERPRETACIÓ: CLÀSSICA I CONTEMPORÀNIA),3,3,1,2,0,1
2019/2020,2019,MÚSICA,FLAUTA TRAVESSERA (INTERPRETACIÓ: CLÀSSICA I CONTEMPORÀNIA),4,3,3,0,0,1
2019/2020,2019,MÚSICA,FLAUTA TRAVESSERA (INTERPRETACIÓ: JAZZ I MÚSICA MODERNA),2,1,0,1,0,1
2019/2020,2019,MÚSICA,FLAUTA TRAVESSERA (INTERPRETACIÓ: JAZZ I MÚSICA MODERNA),3,1,0,1,0,1
2019/2020,2019,MÚSICA,FLAUTA TRAVESSERA (INTERPRETACIÓ: JAZZ I MÚSICA MODERNA),4,1,0,1,0,1
2019/2020,2019,MÚSICA,GUITARRA,1,48,24,24,0,22
2019/2020,2019,MÚSICA,GUITARRA,2,64,25,39,0,19
2019/2020,2019,MÚSICA,GUITARRA,3,47,21,26,0,20
2019/2020,2019,MÚSICA,GUITARRA,4,51,32,19,0,18
2019/2020,2019,MÚSICA,GUITARRA,5,40,20,20,0,18
2019/2020,2019,MÚSICA,GUITARRA,6,43,19,24,0,19
2019/2020,2019,MÚSICA,GUITARRA (INTERPRETACIÓ: CLÀSSICA I CONTEMPORÀNIA),1,10,2,8,0,2
2019/2020,2019,MÚSICA,GUITARRA (INTERPRETACIÓ: CLÀSSICA I CONTEMPORÀNIA),2,3,1,2,0,1
2019/2020,2019,MÚSICA,GUITARRA (INTERPRETACIÓ: CLÀSSICA I CONTEMPORÀNIA),3,6,1,5,0,2
2019/2020,2019,MÚSICA,GUITARRA (INTERPRETACIÓ: CLÀSSICA I CONTEMPORÀNIA),4,5,1,4,0,2
2019/2020,2019,MÚSICA,GUITARRA ACÚSTICA (INTERPRETACIÓ: JAZZ I MÚSICA MODERNA),1,3,0,3,0,1
2019/2020,2019,MÚSICA,GUITARRA ACÚSTICA (INTERPRETACIÓ: JAZZ I MÚSICA MODERNA),2,1,0,1,0,1
2019/2020,2019,MÚSICA,GUITARRA ACÚSTICA (INTERPRETACIÓ: JAZZ I MÚSICA MODERNA),3,1,0,1,0,1
2019/2020,2019,MÚSICA,GUITARRA ACÚSTICA (INTERPRETACIÓ: JAZZ I MÚSICA MODERNA),4,4,0,4,0,1
2019/2020,2019,MÚSICA,GUITARRA ELÈCTRICA,1,5,0,5,0,3
2019/2020,2019,MÚSICA,GUITARRA ELÈCTRICA,2,6,1,5,0,4
2019/2020,2019,MÚSICA,GUITARRA ELÈCTRICA,3,4,0,4,0,4
2019/2020,2019,MÚSICA,GUITARRA ELÈCTRICA,4,3,0,3,0,3
2019/2020,2019,MÚSICA,GUITARRA ELÈCTRICA,5,9,2,7,0,3
2019/2020,2019,MÚSICA,GUITARRA ELÈCTRICA,6,17,0,17,0,5
2019/2020,2019,MÚSICA,GUITARRA ELÈCTRICA (INTERPRETACIÓ: JAZZ I MÚSICA MODERNA),1,15,1,14,0,3
2019/2020,2019,MÚSICA,GUITARRA ELÈCTRICA (INTERPRETACIÓ: JAZZ I MÚSICA MODERNA),2,19,5,14,0,3
2019/2020,2019,MÚSICA,GUITARRA ELÈCTRICA (INTERPRETACIÓ: JAZZ I MÚSICA MODERNA),3,22,5,17,0,3
2019/2020,2019,MÚSICA,GUITARRA ELÈCTRICA (INTERPRETACIÓ: JAZZ I MÚSICA MODERNA),4,29,0,29,0,3
2019/2020,2019,MÚSICA,GUITARRA FLAMENCA,6,1,0,1,0,1
2019/2020,2019,MÚSICA,GUITARRA FLAMENCA (INTERPRETACIÓ: MÚSICA TRADICIONAL),1,7,2,5,0,3
2019/2020,2019,MÚSICA,GUITARRA FLAMENCA (INTERPRETACIÓ: MÚSICA TRADICIONAL),2,7,1,6,0,3
2019/2020,2019,MÚSICA,GUITARRA FLAMENCA (INTERPRETACIÓ: MÚSICA TRADICIONAL),3,4,1,3,0,2
2019/2020,2019,MÚSICA,GUITARRA FLAMENCA (INTERPRETACIÓ: MÚSICA TRADICIONAL),4,6,0,6,0,2
2019/2020,2019,MÚSICA,INSTRUMENTS DE CORDA POLSADA,3,1,0,1,0,1
2019/2020,2019,MÚSICA,INSTRUMENTS HISTÒRICS DE BROQUET (INTERPRETACIÓ: MÚSICA ANTIGA),1,1,0,1,0,1
2019/2020,2019,MÚSICA,INSTRUMENTS HISTÒRICS DE BROQUET (INTERPRETACIÓ: MÚSICA ANTIGA),2,1,0,1,0,1
2019/2020,2019,MÚSICA,INSTRUMENTS HISTÒRICS DE BROQUET (INTERPRETACIÓ: MÚSICA ANTIGA),4,1,1,0,0,1
2019/2020,2019,MÚSICA,INSTRUMENTS PROPIS D'ALTRES TRADICIONS I FOLKLORES (INTERPRETACIÓ: MÚSICA TRADICIONAL),4,1,0,1,0,1
2019/2020,2019,MÚSICA,OBOÈ,1,16,7,9,0,12
2019/2020,2019,MÚSICA,OBOÈ,2,13,6,7,0,10
2019/2020,2019,MÚSICA,OBOÈ,3,14,11,3,0,9
2019/2020,2019,MÚSICA,OBOÈ,4,14,11,3,0,10
2019/2020,2019,MÚSICA,OBOÈ,5,14,4,10,0,9
2019/2020,2019,MÚSICA,OBOÈ,6,15,10,5,0,9
2019/2020,2019,MÚSICA,OBOÈ (INTERPRETACIÓ: CLÀSSICA I CONTEMPORÀNIA),1,5,3,2,0,2
2019/2020,2019,MÚSICA,OBOÈ (INTERPRETACIÓ: CLÀSSICA I CONTEMPORÀNIA),3,3,0,3,0,1
2019/2020,2019,MÚSICA,OBOÈ (INTERPRETACIÓ: CLÀSSICA I CONTEMPORÀNIA),4,1,0,1,0,1
2019/2020,2019,MÚSICA,ORGUE,1,3,0,3,0,2
2019/2020,2019,MÚSICA,ORGUE,2,2,0,2,0,2
2019/2020,2019,MÚSICA,ORGUE,3,1,0,1,0,1
2019/2020,2019,MÚSICA,ORGUE,4,1,0,1,0,1
2019/2020,2019,MÚSICA,ORGUE,5,1,0,1,0,1
2019/2020,2019,MÚSICA,ORGUE,6,2,0,2,0,2
2019/2020,2019,MÚSICA,ORGUE (INTERPRETACIÓ: CLÀSSICA I CONTEMPORÀNIA),1,1,0,1,0,1
2019/2020,2019,MÚSICA,ORGUE (INTERPRETACIÓ: CLÀSSICA I CONTEMPORÀNIA),2,2,0,2,0,1
2019/2020,2019,MÚSICA,ORGUE (INTERPRETACIÓ: CLÀSSICA I CONTEMPORÀNIA),3,2,0,2,0,1
2019/2020,2019,MÚSICA,PEDAGOGIA DE L'INSTRUMENT,1,6,0,6,0,1
2019/2020,2019,MÚSICA,PEDAGOGIA DE L'INSTRUMENT,2,7,4,3,0,1
2019/2020,2019,MÚSICA,PEDAGOGIA DE L'INSTRUMENT,3,9,5,4,0,1
2019/2020,2019,MÚSICA,PEDAGOGIA DE L'INSTRUMENT,4,5,1,4,0,1
2019/2020,2019,MÚSICA,PERCUSSIÓ,1,22,4,18,0,13
2019/2020,2019,MÚSICA,PERCUSSIÓ,2,13,3,10,0,7
2019/2020,2019,MÚSICA,PERCUSSIÓ,3,23,6,17,0,13
2019/2020,2019,MÚSICA,PERCUSSIÓ,4,15,2,13,0,13
2019/2020,2019,MÚSICA,PERCUSSIÓ,5,16,2,14,0,8
2019/2020,2019,MÚSICA,PERCUSSIÓ,6,16,1,15,0,11
2019/2020,2019,MÚSICA,PERCUSSIÓ (INTERPRETACIÓ: CLÀSSICA I CONTEMPORÀNIA),1,4,1,3,0,2
2019/2020,2019,MÚSICA,PERCUSSIÓ (INTERPRETACIÓ: CLÀSSICA I CONTEMPORÀNIA),2,4,2,2,0,1
2019/2020,2019,MÚSICA,PERCUSSIÓ (INTERPRETACIÓ: CLÀSSICA I CONTEMPORÀNIA),3,1,1,0,0,1
2019/2020,2019,MÚSICA,PERCUSSIÓ (INTERPRETACIÓ: CLÀSSICA I CONTEMPORÀNIA),4,2,2,0,0,1
2019/2020,2019,MÚSICA,PERCUSSIÓ (INTERPRETACIÓ: JAZZ I MÚSICA MODERNA),3,1,0,1,0,1
2019/2020,2019,MÚSICA,PERCUSSIÓ (INTERPRETACIÓ: JAZZ I MÚSICA MODERNA),4,3,1,2,0,3
2019/2020,2019,MÚSICA,PERCUSSIÓ (MÚSICA MODERNA I JAZZ),2,1,0,1,0,1
2019/2020,2019,MÚSICA,PERCUSSIÓ (MÚSICA MODERNA I JAZZ),3,1,0,1,0,1
2019/2020,2019,MÚSICA,PERCUSSIÓ (MÚSICA MODERNA I JAZZ),5,1,0,1,0,1
2019/2020,2019,MÚSICA,PERCUSSIÓ HISTÒRICA (INTERPRETACIÓ: MÚSICA ANTIGA),1,1,0,1,0,1
2019/2020,2019,MÚSICA,PIANO,1,160,92,68,0,27
2019/2020,2019,MÚSICA,PIANO,2,138,70,68,0,23
2019/2020,2019,MÚSICA,PIANO,3,129,80,49,0,25
2019/2020,2019,MÚSICA,PIANO,4,143,97,46,0,25
2019/2020,2019,MÚSICA,PIANO,5,159,97,62,0,25
2019/2020,2019,MÚSICA,PIANO,6,182,97,85,0,25
2019/2020,2019,MÚSICA,PIANO (INTERPRETACIÓ: CLÀSSICA I CONTEMPORÀNIA),1,27,11,16,0,2
2019/2020,2019,MÚSICA,PIANO (INTERPRETACIÓ: CLÀSSICA I CONTEMPORÀNIA),2,27,15,12,0,2
2019/2020,2019,MÚSICA,PIANO (INTERPRETACIÓ: CLÀSSICA I CONTEMPORÀNIA),3,28,11,17,0,2
2019/2020,2019,MÚSICA,PIANO (INTERPRETACIÓ: CLÀSSICA I CONTEMPORÀNIA),4,36,15,21,0,2
2019/2020,2019,MÚSICA,PIANO (INTERPRETACIÓ: JAZZ I MÚSICA MODERNA),1,13,3,10,0,3
2019/2020,2019,MÚSICA,PIANO (INTERPRETACIÓ: JAZZ I MÚSICA MODERNA),2,9,2,7,0,3
2019/2020,2019,MÚSICA,PIANO (INTERPRETACIÓ: JAZZ I MÚSICA MODERNA),3,12,6,6,0,3
2019/2020,2019,MÚSICA,PIANO (INTERPRETACIÓ: JAZZ I MÚSICA MODERNA),4,16,4,12,0,3
2019/2020,2019,MÚSICA,PRODUCCIÓ I GESTIÓ,1,8,3,5,0,2
2019/2020,2019,MÚSICA,PRODUCCIÓ I GESTIÓ,2,1,0,1,0,1
2019/2020,2019,MÚSICA,PRODUCCIÓ I GESTIÓ,3,3,2,1,0,2
2019/2020,2019,MÚSICA,PRODUCCIÓ I GESTIÓ,4,4,3,1,0,1
2019/2020,2019,MÚSICA,SAXÒFON,1,31,12,19,0,17
2019/2020,2019,MÚSICA,SAXÒFON,2,26,4,22,0,15
2019/2020,2019,MÚSICA,SAXÒFON,3,34,17,17,0,13
2019/2020,2019,MÚSICA,SAXÒFON,4,23,11,12,0,15
2019/2020,2019,MÚSICA,SAXÒFON,5,22,6,16,0,10
2019/2020,2019,MÚSICA,SAXÒFON,6,29,16,13,0,18
2019/2020,2019,MÚSICA,SAXÒFON (INTERPRETACIÓ: CLÀSSICA I CONTEMPORÀNIA),1,4,2,2,0,2
2019/2020,2019,MÚSICA,SAXÒFON (INTERPRETACIÓ: CLÀSSICA I CONTEMPORÀNIA),2,4,0,4,0,1
2019/2020,2019,MÚSICA,SAXÒFON (INTERPRETACIÓ: CLÀSSICA I CONTEMPORÀNIA),3,3,1,2,0,1
2019/2020,2019,MÚSICA,SAXÒFON (INTERPRETACIÓ: CLÀSSICA I CONTEMPORÀNIA),4,2,2,0,0,1
2019/2020,2019,MÚSICA,SAXÒFON (INTERPRETACIÓ: JAZZ I MÚSICA MODERNA),1,10,3,7,0,3
2019/2020,2019,MÚSICA,SAXÒFON (INTERPRETACIÓ: JAZZ I MÚSICA MODERNA),2,2,0,2,0,2
2019/2020,2019,MÚSICA,SAXÒFON (INTERPRETACIÓ: JAZZ I MÚSICA MODERNA),3,11,4,7,0,3
2019/2020,2019,MÚSICA,SAXÒFON (INTERPRETACIÓ: JAZZ I MÚSICA MODERNA),4,9,1,8,0,2
2019/2020,2019,MÚSICA,SENSE MODALITAT (DIRECCIÓ),1,2,1,1,0,1
2019/2020,2019,MÚSICA,SENSE MODALITAT (DIRECCIÓ),2,4,0,4,0,1
2019/2020,2019,MÚSICA,SENSE MODALITAT (DIRECCIÓ),3,5,1,4,0,1
2019/2020,2019,MÚSICA,SENSE MODALITAT (DIRECCIÓ),4,8,2,6,0,1
2019/2020,2019,MÚSICA,SENSE MODALITAT (INTERPRETACIÓ: CLÀSSICA I CONTEMPORÀNIA),2,18,9,9,0,1
2019/2020,2019,MÚSICA,SENSE MODALITAT (INTERPRETACIÓ: CLÀSSICA I CONTEMPORÀNIA),3,20,7,13,0,1
2019/2020,2019,MÚSICA,SENSE MODALITAT (INTERPRETACIÓ: CLÀSSICA I CONTEMPORÀNIA),4,19,3,16,0,1
2019/2020,2019,MÚSICA,SENSE MODALITAT (INTERPRETACIÓ: JAZZ I MÚSICA MODERNA),1,1,0,1,0,1
2019/2020,2019,MÚSICA,SENSE MODALITAT (INTERPRETACIÓ: JAZZ I MÚSICA MODERNA),2,13,2,11,0,2
2019/2020,2019,MÚSICA,SENSE MODALITAT (INTERPRETACIÓ: JAZZ I MÚSICA MODERNA),3,9,1,8,0,1
2019/2020,2019,MÚSICA,SENSE MODALITAT (INTERPRETACIÓ: JAZZ I MÚSICA MODERNA),4,20,4,16,0,2
2019/2020,2019,MÚSICA,SENSE MODALITAT (INTERPRETACIÓ: MÚSICA ANTIGA),2,4,1,3,0,1
2019/2020,2019,MÚSICA,SENSE MODALITAT (INTERPRETACIÓ: MÚSICA ANTIGA),3,2,0,2,0,1
2019/2020,2019,MÚSICA,SENSE MODALITAT (INTERPRETACIÓ: MÚSICA ANTIGA),4,4,2,2,0,1
2019/2020,2019,MÚSICA,SENSE MODALITAT (INTERPRETACIÓ: MÚSICA TRADICIONAL I FLAMENC),1,3,2,1,0,1
2019/2020,2019,MÚSICA,SENSE MODALITAT (INTERPRETACIÓ: MÚSICA TRADICIONAL I FLAMENC),2,3,1,2,0,1
2019/2020,2019,MÚSICA,SENSE MODALITAT (INTERPRETACIÓ: MÚSICA TRADICIONAL I FLAMENC),3,1,0,1,0,1
2019/2020,2019,MÚSICA,SENSE MODALITAT (INTERPRETACIÓ: MÚSICA TRADICIONAL I FLAMENC),4,8,2,6,0,1
2019/2020,2019,MÚSICA,SENSE MODALITAT (MUSICOLOGIA),1,2,2,0,0,1
2019/2020,2019,MÚSICA,SENSE MODALITAT (MUSICOLOGIA),2,4,2,2,0,1
2019/2020,2019,MÚSICA,SENSE MODALITAT (MUSICOLOGIA),3,4,2,2,0,1
2019/2020,2019,MÚSICA,SENSE MODALITAT (MUSICOLOGIA),4,8,3,5,0,1
2019/2020,2019,MÚSICA,SENSE MODALITAT (PEDAGOGIA),1,21,12,9,0,2
2019/2020,2019,MÚSICA,SENSE MODALITAT (PEDAGOGIA),2,33,16,17,0,2
2019/2020,2019,MÚSICA,SENSE MODALITAT (PEDAGOGIA),3,20,8,12,0,2
2019/2020,2019,MÚSICA,SENSE MODALITAT (PEDAGOGIA),4,43,22,21,0,2
2019/2020,2019,MÚSICA,SONOLOGIA,1,3,0,3,0,1
2019/2020,2019,MÚSICA,SONOLOGIA,2,3,0,3,0,1
2019/2020,2019,MÚSICA,SONOLOGIA,3,5,1,4,0,1
2019/2020,2019,MÚSICA,SONOLOGIA,4,8,0,8,0,1
2019/2020,2019,MÚSICA,TECLATS (INTERPRETACIÓ: JAZZ I MÚSICA MODERNA),1,3,1,2,0,3
2019/2020,2019,MÚSICA,TECLATS (INTERPRETACIÓ: JAZZ I MÚSICA MODERNA),2,3,0,3,0,3
2019/2020,2019,MÚSICA,TECLATS (INTERPRETACIÓ: JAZZ I MÚSICA MODERNA),3,2,0,2,0,2
2019/2020,2019,MÚSICA,TECLATS (INTERPRETACIÓ: JAZZ I MÚSICA MODERNA),4,4,1,3,0,2
2019/2020,2019,MÚSICA,TENORA,1,1,1,0,0,1
2019/2020,2019,MÚSICA,TENORA,3,3,0,3,0,2
2019/2020,2019,MÚSICA,TENORA,4,1,1,0,0,1
2019/2020,2019,MÚSICA,TENORA,6,2,0,2,0,2
2019/2020,2019,MÚSICA,TENORA (INTERPRETACIÓ: MÚSICA TRADICIONAL),2,1,0,1,0,1
2019/2020,2019,MÚSICA,TIBLE,2,1,1,0,0,1
2019/2020,2019,MÚSICA,TIBLE,3,1,1,0,0,1
2019/2020,2019,MÚSICA,TIBLE,4,1,0,1,0,1
2019/2020,2019,MÚSICA,TIBLE,5,1,0,1,0,1
2019/2020,2019,MÚSICA,TIBLE,6,2,1,1,0,1
2019/2020,2019,MÚSICA,TIBLE (INTERPRETACIÓ: MÚSICA TRADICIONAL),2,1,0,1,0,1
2019/2020,2019,MÚSICA,TROMBÓ,1,14,6,8,0,10
2019/2020,2019,MÚSICA,TROMBÓ,2,20,3,17,0,13
2019/2020,2019,MÚSICA,TROMBÓ,3,16,3,13,0,10
2019/2020,2019,MÚSICA,TROMBÓ,4,15,1,14,0,11
2019/2020,2019,MÚSICA,TROMBÓ,5,15,3,12,0,10
2019/2020,2019,MÚSICA,TROMBÓ,6,12,5,7,0,10
2019/2020,2019,MÚSICA,TROMBÓ (INTERPRETACIÓ: CLÀSSICA I CONTEMPORÀNIA),1,7,3,4,0,2
2019/2020,2019,MÚSICA,TROMBÓ (INTERPRETACIÓ: CLÀSSICA I CONTEMPORÀNIA),2,2,1,1,0,1
2019/2020,2019,MÚSICA,TROMBÓ (INTERPRETACIÓ: CLÀSSICA I CONTEMPORÀNIA),3,1,0,1,0,1
2019/2020,2019,MÚSICA,TROMBÓ (INTERPRETACIÓ: CLÀSSICA I CONTEMPORÀNIA),4,5,2,3,0,1
2019/2020,2019,MÚSICA,TROMBÓ (INTERPRETACIÓ: JAZZ I MÚSICA MODERNA),1,2,1,1,0,1
2019/2020,2019,MÚSICA,TROMBÓ (INTERPRETACIÓ: JAZZ I MÚSICA MODERNA),2,1,1,0,0,1
2019/2020,2019,MÚSICA,TROMBÓ (INTERPRETACIÓ: JAZZ I MÚSICA MODERNA),4,3,1,2,0,1
2019/2020,2019,MÚSICA,TROMPA,1,17,5,12,0,13
2019/2020,2019,MÚSICA,TROMPA,2,18,5,13,0,13
2019/2020,2019,MÚSICA,TROMPA,3,5,4,1,0,5
2019/2020,2019,MÚSICA,TROMPA,4,14,3,11,0,10
2019/2020,2019,MÚSICA,TROMPA,5,11,4,7,0,6
2019/2020,2019,MÚSICA,TROMPA,6,14,7,7,0,9
2019/2020,2019,MÚSICA,TROMPA (INTERPRETACIÓ: CLÀSSICA I CONTEMPORÀNIA),1,6,2,4,0,2
2019/2020,2019,MÚSICA,TROMPA (INTERPRETACIÓ: CLÀSSICA I CONTEMPORÀNIA),2,3,1,2,0,2
2019/2020,2019,MÚSICA,TROMPA (INTERPRETACIÓ: CLÀSSICA I CONTEMPORÀNIA),3,6,2,4,0,2
2019/2020,2019,MÚSICA,TROMPA (INTERPRETACIÓ: CLÀSSICA I CONTEMPORÀNIA),4,8,1,7,0,2
2019/2020,2019,MÚSICA,TROMPETA,1,28,6,22,0,13
2019/2020,2019,MÚSICA,TROMPETA,2,34,13,21,0,21
2019/2020,2019,MÚSICA,TROMPETA,3,28,9,19,0,15
2019/2020,2019,MÚSICA,TROMPETA,4,29,9,20,0,18
2019/2020,2019,MÚSICA,TROMPETA,5,22,4,18,0,16
2019/2020,2019,MÚSICA,TROMPETA,6,26,9,17,0,15
2019/2020,2019,MÚSICA,TROMPETA (INTERPRETACIÓ: CLÀSSICA I CONTEMPORÀNIA),1,4,2,2,0,2
2019/2020,2019,MÚSICA,TROMPETA (INTERPRETACIÓ: CLÀSSICA I CONTEMPORÀNIA),2,4,0,4,0,2
2019/2020,2019,MÚSICA,TROMPETA (INTERPRETACIÓ: CLÀSSICA I CONTEMPORÀNIA),3,2,0,2,0,1
2019/2020,2019,MÚSICA,TROMPETA (INTERPRETACIÓ: CLÀSSICA I CONTEMPORÀNIA),4,6,3,3,0,2
2019/2020,2019,MÚSICA,TROMPETA (INTERPRETACIÓ: JAZZ I MÚSICA MODERNA),1,6,2,4,0,3
2019/2020,2019,MÚSICA,TROMPETA (INTERPRETACIÓ: JAZZ I MÚSICA MODERNA),2,4,2,2,0,3
2019/2020,2019,MÚSICA,TROMPETA (INTERPRETACIÓ: JAZZ I MÚSICA MODERNA),3,5,0,5,0,3
2019/2020,2019,MÚSICA,TROMPETA (INTERPRETACIÓ: JAZZ I MÚSICA MODERNA),4,6,0,6,0,3
2019/2020,2019,MÚSICA,TUBA,1,3,0,3,0,2
2019/2020,2019,MÚSICA,TUBA,2,4,2,2,0,3
2019/2020,2019,MÚSICA,TUBA,3,5,1,4,0,4
2019/2020,2019,MÚSICA,TUBA,4,2,0,2,0,1
2019/2020,2019,MÚSICA,TUBA,5,7,1,6,0,4
2019/2020,2019,MÚSICA,TUBA,6,5,1,4,0,2
2019/2020,2019,MÚSICA,TUBA (INTERPRETACIÓ: CLÀSSICA I CONTEMPORÀNIA),1,2,0,2,0,2
2019/2020,2019,MÚSICA,TUBA (INTERPRETACIÓ: CLÀSSICA I CONTEMPORÀNIA),2,1,0,1,0,1
2019/2020,2019,MÚSICA,TUBA (INTERPRETACIÓ: CLÀSSICA I CONTEMPORÀNIA),3,1,0,1,0,1
2019/2020,2019,MÚSICA,TUBA (INTERPRETACIÓ: CLÀSSICA I CONTEMPORÀNIA),4,2,1,1,0,1
2019/2020,2019,MÚSICA,VIOLA,1,24,13,11,0,16
2019/2020,2019,MÚSICA,VIOLA,2,23,16,7,0,14
2019/2020,2019,MÚSICA,VIOLA,3,23,18,5,0,16
2019/2020,2019,MÚSICA,VIOLA,4,30,24,6,0,16
2019/2020,2019,MÚSICA,VIOLA,5,10,8,2,0,9
2019/2020,2019,MÚSICA,VIOLA,6,19,13,6,0,13
2019/2020,2019,MÚSICA,VIOLA (INTERPRETACIÓ: CLÀSSICA I CONTEMPORÀNIA),1,9,6,3,0,2
2019/2020,2019,MÚSICA,VIOLA (INTERPRETACIÓ: CLÀSSICA I CONTEMPORÀNIA),2,7,5,2,0,2
2019/2020,2019,MÚSICA,VIOLA (INTERPRETACIÓ: CLÀSSICA I CONTEMPORÀNIA),3,7,5,2,0,2
2019/2020,2019,MÚSICA,VIOLA (INTERPRETACIÓ: CLÀSSICA I CONTEMPORÀNIA),4,12,6,6,0,2
2019/2020,2019,MÚSICA,VIOLA DE GAMBA (INTERPRETACIÓ: MÚSICA ANTIGA),3,1,0,1,0,1
2019/2020,2019,MÚSICA,VIOLA DE GAMBA (INTERPRETACIÓ: MÚSICA ANTIGA),4,1,0,1,0,1
2019/2020,2019,MÚSICA,VIOLONCEL,1,41,27,14,0,20
2019/2020,2019,MÚSICA,VIOLONCEL,2,53,38,15,0,20
2019/2020,2019,MÚSICA,VIOLONCEL,3,46,29,17,0,20
2019/2020,2019,MÚSICA,VIOLONCEL,4,48,35,13,0,19
2019/2020,2019,MÚSICA,VIOLONCEL,5,36,24,12,0,20
2019/2020,2019,MÚSICA,VIOLONCEL,6,50,33,17,0,18
2019/2020,2019,MÚSICA,VIOLONCEL (INTERPRETACIÓ: CLÀSSICA I CONTEMPORÀNIA),1,14,7,7,0,2
2019/2020,2019,MÚSICA,VIOLONCEL (INTERPRETACIÓ: CLÀSSICA I CONTEMPORÀNIA),2,8,3,5,0,2
2019/2020,2019,MÚSICA,VIOLONCEL (INTERPRETACIÓ: CLÀSSICA I CONTEMPORÀNIA),3,16,5,11,0,2
2019/2020,2019,MÚSICA,VIOLONCEL (INTERPRETACIÓ: CLÀSSICA I CONTEMPORÀNIA),4,13,5,8,0,2
2019/2020,2019,MÚSICA,VIOLONCEL BARROC (INTERPRETACIÓ: MÚSICA ANTIGA),1,2,1,1,0,1
2019/2020,2019,MÚSICA,VIOLONCEL BARROC (INTERPRETACIÓ: MÚSICA ANTIGA),3,1,1,0,0,1
2019/2020,2019,MÚSICA,VIOLÍ,1,94,62,32,0,24
2019/2020,2019,MÚSICA,VIOLÍ,2,97,68,29,0,25
2019/2020,2019,MÚSICA,VIOLÍ,3,131,91,40,0,26
2019/2020,2019,MÚSICA,VIOLÍ,4,98,66,32,0,25
2019/2020,2019,MÚSICA,VIOLÍ,5,91,64,27,0,20
2019/2020,2019,MÚSICA,VIOLÍ,6,112,76,36,0,24
2019/2020,2019,MÚSICA,VIOLÍ (INTERPRETACIÓ: CLÀSSICA I CONTEMPORÀNIA),1,25,13,12,0,2
2019/2020,2019,MÚSICA,VIOLÍ (INTERPRETACIÓ: CLÀSSICA I CONTEMPORÀNIA),2,11,6,5,0,1
2019/2020,2019,MÚSICA,VIOLÍ (INTERPRETACIÓ: CLÀSSICA I CONTEMPORÀNIA),3,9,3,6,0,1
2019/2020,2019,MÚSICA,VIOLÍ (INTERPRETACIÓ: CLÀSSICA I CONTEMPORÀNIA),4,18,9,9,0,1
2019/2020,2019,MÚSICA,VIOLÍ (INTERPRETACIÓ: JAZZ I MÚSICA MODERNA),1,2,0,2,0,2
2019/2020,2019,MÚSICA,VIOLÍ (INTERPRETACIÓ: JAZZ I MÚSICA MODERNA),2,1,0,1,0,1
2019/2020,2019,MÚSICA,VIOLÍ (INTERPRETACIÓ: JAZZ I MÚSICA MODERNA),3,1,0,1,0,1
2019/2020,2019,MÚSICA,VIOLÍ I VIOLA BARROCS (INTERPRETACIÓ: MÚSICA ANTIGA),1,1,0,1,0,1
2019/2020,2019,PROGRAMA DE FORMACIÓ I INSERCIÓ,AUXILIAR D'ACTIVITATS AGROPECUÀRIES,1,85,19,66,0,6
2019/2020,2019,PROGRAMA DE FORMACIÓ I INSERCIÓ,AUXILIAR D'ACTIVITATS D'OFICINA I DE SERVEIS ADMINISTRATIUS GENERALS,1,578,255,323,0,36
2019/2020,2019,PROGRAMA DE FORMACIÓ I INSERCIÓ,AUXILIAR D'ACTIVITATS FORESTALS,1,33,0,33,0,2
2019/2020,2019,PROGRAMA DE FORMACIÓ I INSERCIÓ,AUXILIAR D'ARTS GRÀFIQUES I SERIGRAFIA,1,121,43,78,0,9
2019/2020,2019,PROGRAMA DE FORMACIÓ I INSERCIÓ,AUXILIAR D'HOTELERIA: CUINA I CÀTERING,1,85,25,60,0,6
2019/2020,2019,PROGRAMA DE FORMACIÓ I INSERCIÓ,AUXILIAR D'HOTELERIA: CUINA I SERVEIS DE RESTAURACIÓ,1,898,283,615,0,49
2019/2020,2019,PROGRAMA DE FORMACIÓ I INSERCIÓ,AUXILIAR D'IMATGE PERSONAL: PERRUQUERIA I ESTÈTICA,1,566,474,92,0,30
2019/2020,2019,PROGRAMA DE FORMACIÓ I INSERCIÓ,AUXILIAR DE COMERÇ I ATENCIÓ AL PÚBLIC,1,284,140,144,0,19
2019/2020,2019,PROGRAMA DE FORMACIÓ I INSERCIÓ,AUXILIAR DE CONFECCIÓ EN TÈXTIL I PELL,1,48,23,25,0,4
2019/2020,2019,PROGRAMA DE FORMACIÓ I INSERCIÓ,AUXILIAR DE CUINA,1,42,13,29,0,3
2019/2020,2019,PROGRAMA DE FORMACIÓ I INSERCIÓ,AUXILIAR DE FABRICACIÓ MECÀNICA I D'AJUST I SOLDADURA,1,128,0,128,0,8
2019/2020,2019,PROGRAMA DE FORMACIÓ I INSERCIÓ,AUXILIAR DE FABRICACIÓ MECÀNICA I INSTAL·LACIONS ELECTROTÈCNIQUES,1,176,2,174,0,12
2019/2020,2019,PROGRAMA DE FORMACIÓ I INSERCIÓ,"AUXILIAR DE FONTANERIA, CALEFACCIÓ I CLIMATITZACIÓ",1,105,3,102,0,7
2019/2020,2019,PROGRAMA DE FORMACIÓ I INSERCIÓ,AUXILIAR DE FUSTERIA METÀL·LICA I PVC,1,31,0,31,0,2
2019/2020,2019,PROGRAMA DE FORMACIÓ I INSERCIÓ,AUXILIAR DE MUNTATGE I MANTENIMENT D'EQUIPS INFORMÀTICS,1,491,27,464,0,32
2019/2020,2019,PROGRAMA DE FORMACIÓ I INSERCIÓ,AUXILIAR DE MUNTATGES D'INSTAL·LACIONS ELECTROTÈCNIQUES EN EDIFICIS,1,212,6,206,0,14
2019/2020,2019,PROGRAMA DE FORMACIÓ I INSERCIÓ,"AUXILIAR DE MUNTATGES D'INSTAL·LACIONS ELÈCTRIQUES, D'AIGUA I GAS",1,404,4,400,0,26
2019/2020,2019,PROGRAMA DE FORMACIÓ I INSERCIÓ,AUXILIAR DE PALETA I CONSTRUCCIÓ,1,7,0,7,0,1
2019/2020,2019,PROGRAMA DE FORMACIÓ I INSERCIÓ,AUXILIAR DE PASTISSERIA I FORNERIA,1,110,38,72,0,6
2019/2020,2019,PROGRAMA DE FORMACIÓ I INSERCIÓ,AUXILIAR DE PINTURA,1,221,20,201,0,14
2019/2020,2019,PROGRAMA DE FORMACIÓ I INSERCIÓ,AUXILIAR DE REPARACIÓ I MANTENIMENT DE VEHICLES LLEUGERS,1,381,10,371,0,22
2019/2020,2019,PROGRAMA DE FORMACIÓ I INSERCIÓ,AUXILIAR DE SERRALLERIA I CONSTRUCCIONS METÀL·LIQUES,1,79,1,78,0,5
2019/2020,2019,PROGRAMA DE FORMACIÓ I INSERCIÓ,"AUXILIAR DE VENDES, OFICINA I ATENCIÓ AL PÚBLIC",1,1125,539,586,0,70
2019/2020,2019,PROGRAMA DE FORMACIÓ I INSERCIÓ,AUXILIAR DE VIVERS I JARDINS,1,500,66,434,0,34
2019/2020,2019,PROGRAMA DE FORMACIÓ I INSERCIÓ,AUXILIAR EN ESTABLIMENTS DEL SECTOR CARNI,1,46,6,40,0,2
2019/2020,2019,PROGRAMA DE FORMACIÓ I INSERCIÓ,AUXILIAR EN ESTABLIMENTS HOTELERS I DE RESTAURACIÓ,1,111,38,73,0,8
2019/2020,2019,PROGRAMA DE FORMACIÓ I INSERCIÓ,AUXILIAR EN TREBALLS DE FUSTERIA I INSTAL·LACIÓ DE MOBLES,1,259,6,253,0,19
2020/2021,2020,ART DRAMÀTIC SUPERIOR,ADRL -  INTERPRETACIÓ,1,74,46,28,0,2
2020/2021,2020,ART DRAMÀTIC SUPERIOR,ADRL -  INTERPRETACIÓ,2,67,51,16,0,2
2020/2021,2020,ART DRAMÀTIC SUPERIOR,ADRL -  INTERPRETACIÓ,3,66,47,19,0,2
2020/2021,2020,ART DRAMÀTIC SUPERIOR,ADRL -  INTERPRETACIÓ,4,82,56,26,0,2
2020/2021,2020,ART DRAMÀTIC SUPERIOR,ADRL - DIRECCIÓ D'ESCENA I DRAMATÚRGIA,1,27,19,8,0,2
2020/2021,2020,ART DRAMÀTIC SUPERIOR,ADRL - DIRECCIÓ D'ESCENA I DRAMATÚRGIA,2,28,20,8,0,2
2020/2021,2020,ART DRAMÀTIC SUPERIOR,ADRL - DIRECCIÓ D'ESCENA I DRAMATÚRGIA,3,21,10,11,0,2
2020/2021,2020,ART DRAMÀTIC SUPERIOR,ADRL - DIRECCIÓ D'ESCENA I DRAMATÚRGIA,4,26,14,12,0,2
2020/2021,2020,ART DRAMÀTIC SUPERIOR,ADRL - ESCENOGRAFIA,1,12,6,6,0,1
2020/2021,2020,ART DRAMÀTIC SUPERIOR,ADRL - ESCENOGRAFIA,2,12,9,3,0,1
2020/2021,2020,ART DRAMÀTIC SUPERIOR,ADRL - ESCENOGRAFIA,3,12,8,4,0,1
2020/2021,2020,ART DRAMÀTIC SUPERIOR,ADRL - ESCENOGRAFIA,4,19,12,7,0,1
2020/2021,2020,ARTS PLÀSTIQUES I DISSENY,CFAM - ARTESANIA DE COMPLEMENTS DE CUIR,1,10,6,4,1,1
2020/2021,2020,ARTS PLÀSTIQUES I DISSENY,CFAM - ARTESANIA DE COMPLEMENTS DE CUIR,2,7,7,0,1,1
2020/2021,2020,ARTS PLÀSTIQUES I DISSENY,CFAM - ASSISTÈNCIA AL PROD. GRÀFIC INTERACTIU (ASSIS.CREACIÓ I PRODUCCIÓ DE VIDEOJOCS),1,29,15,14,0,1
2020/2021,2020,ARTS PLÀSTIQUES I DISSENY,CFAM - ASSISTÈNCIA AL PRODUCTE GRÀFIC IMPRÈS,1,270,175,95,10,10
2020/2021,2020,ARTS PLÀSTIQUES I DISSENY,CFAM - ASSISTÈNCIA AL PRODUCTE GRÀFIC IMPRÈS,2,270,146,124,10,10
2020/2021,2020,ARTS PLÀSTIQUES I DISSENY,CFAM - ASSISTÈNCIA AL PRODUCTE GRÀFIC IMPRÈS (ASSISTENT DE FOTOGRAFIA),1,30,19,11,1,1
2020/2021,2020,ARTS PLÀSTIQUES I DISSENY,CFAM - ASSISTÈNCIA AL PRODUCTE GRÀFIC IMPRÈS (ASSISTENT DE FOTOGRAFIA),2,28,23,5,1,1
2020/2021,2020,ARTS PLÀSTIQUES I DISSENY,CFAM - ASSISTÈNCIA AL PRODUCTE GRÀFIC INTERACTIU,1,264,136,128,7,11
2020/2021,2020,ARTS PLÀSTIQUES I DISSENY,CFAM - ASSISTÈNCIA AL PRODUCTE GRÀFIC INTERACTIU,2,233,113,120,7,10
2020/2021,2020,ARTS PLÀSTIQUES I DISSENY,CFAM - DECORACIÓ CERÀMICA,1,31,24,7,2,2
2020/2021,2020,ARTS PLÀSTIQUES I DISSENY,CFAM - DECORACIÓ CERÀMICA,2,19,15,4,2,2
2020/2021,2020,ARTS PLÀSTIQUES I DISSENY,CFAM - ESMALTATGE SOBRE METALLS,1,4,1,3,1,1
2020/2021,2020,ARTS PLÀSTIQUES I DISSENY,CFAM - ESMALTATGE SOBRE METALLS,2,11,7,4,1,1
2020/2021,2020,ARTS PLÀSTIQUES I DISSENY,CFAM - FORJA ARTÍSTICA,1,16,1,15,2,2
2020/2021,2020,ARTS PLÀSTIQUES I DISSENY,CFAM - FORJA ARTÍSTICA,2,17,4,13,2,2
2020/2021,2020,ARTS PLÀSTIQUES I DISSENY,CFAM - PROCEDIMENTS DE JOIERIA ARTÍSTICA,1,16,10,6,1,1
2020/2021,2020,ARTS PLÀSTIQUES I DISSENY,CFAM - PROCEDIMENTS DE JOIERIA ARTÍSTICA,2,15,10,5,1,1
2020/2021,2020,ARTS PLÀSTIQUES I DISSENY,CFAM - REPRODUCCIONS ARTÍSTIQUES EN FUSTA,1,26,11,15,2,2
2020/2021,2020,ARTS PLÀSTIQUES I DISSENY,CFAM - REPRODUCCIONS ARTÍSTIQUES EN FUSTA,2,27,15,12,2,2
2020/2021,2020,ARTS PLÀSTIQUES I DISSENY,CFAM - REVESTIMENTS MURALS,1,29,21,8,2,2
2020/2021,2020,ARTS PLÀSTIQUES I DISSENY,CFAM - REVESTIMENTS MURALS,2,37,27,10,2,2
2020/2021,2020,ARTS PLÀSTIQUES I DISSENY,CFAM - SERIGRAFIA ARTÍSTICA,1,47,28,19,2,2
2020/2021,2020,ARTS PLÀSTIQUES I DISSENY,CFAM - TERRISSERIA,1,9,7,2,1,1
2020/2021,2020,ARTS PLÀSTIQUES I DISSENY,CFAS - ANIMACIÓ,1,72,47,25,5,5
2020/2021,2020,ARTS PLÀSTIQUES I DISSENY,CFAS - ANIMACIÓ,2,46,25,21,4,4
2020/2021,2020,ARTS PLÀSTIQUES I DISSENY,CFAS - ANIMACIÓ (VIDEOJOCS I ENTORNS PROFESSIONALS I PROJECTE),1,27,8,19,0,1
2020/2021,2020,ARTS PLÀSTIQUES I DISSENY,CFAS - ANIMACIÓ (VIDEOJOCS I ENTORNS VIRTUALS),1,48,18,30,3,4
2020/2021,2020,ARTS PLÀSTIQUES I DISSENY,CFAS - ANIMACIÓ (VIDEOJOCS I ENTORNS VIRTUALS),2,65,22,43,4,4
2020/2021,2020,ARTS PLÀSTIQUES I DISSENY,CFAS - APARADORISME,2,5,5,0,1,1
2020/2021,2020,ARTS PLÀSTIQUES I DISSENY,CFAS - ARQUITECTURA EFÍMERA,1,20,16,4,2,2
2020/2021,2020,ARTS PLÀSTIQUES I DISSENY,CFAS - ARQUITECTURA EFÍMERA,2,35,29,6,2,3
2020/2021,2020,ARTS PLÀSTIQUES I DISSENY,CFAS - ART TÈXTIL,1,20,14,6,1,1
2020/2021,2020,ARTS PLÀSTIQUES I DISSENY,CFAS - ART TÈXTIL,2,29,28,1,1,1
2020/2021,2020,ARTS PLÀSTIQUES I DISSENY,CFAS - ARTS APLICADES AL MUR,1,66,43,23,5,5
2020/2021,2020,ARTS PLÀSTIQUES I DISSENY,CFAS - ARTS APLICADES AL MUR,2,83,49,34,5,5
2020/2021,2020,ARTS PLÀSTIQUES I DISSENY,CFAS - CERÀMICA ARTÍSTICA,1,32,22,10,4,4
2020/2021,2020,ARTS PLÀSTIQUES I DISSENY,CFAS - CERÀMICA ARTÍSTICA,2,29,22,7,5,5
2020/2021,2020,ARTS PLÀSTIQUES I DISSENY,CFAS - CERÀMICA ARTÍSTICA (FORMACIÓ EN ENTORN PROFESSIONAL),1,18,15,3,0,1
2020/2021,2020,ARTS PLÀSTIQUES I DISSENY,CFAS - CÒMIC,1,42,20,22,2,2
2020/2021,2020,ARTS PLÀSTIQUES I DISSENY,CFAS - CÒMIC,2,35,15,20,2,2
2020/2021,2020,ARTS PLÀSTIQUES I DISSENY,CFAS - ENQUADERNACIÓ ARTÍSTICA,2,14,14,0,1,1
2020/2021,2020,ARTS PLÀSTIQUES I DISSENY,CFAS - ESCULTURA APLICADA A L'ESPECTACLE,1,20,12,8,3,3
2020/2021,2020,ARTS PLÀSTIQUES I DISSENY,CFAS - ESCULTURA APLICADA A L'ESPECTACLE,2,26,18,8,4,4
2020/2021,2020,ARTS PLÀSTIQUES I DISSENY,CFAS - ESMALT ARTÍSTIC AL FOC SOBRE METALLS,1,4,3,1,1,1
2020/2021,2020,ARTS PLÀSTIQUES I DISSENY,CFAS - ESMALT ARTÍSTIC AL FOC SOBRE METALLS,2,13,9,4,1,2
2020/2021,2020,ARTS PLÀSTIQUES I DISSENY,CFAS - ESTAMPACIONS I TINTATGES ARTÍSTICS,1,8,6,2,1,1
2020/2021,2020,ARTS PLÀSTIQUES I DISSENY,CFAS - ESTAMPACIONS I TINTATGES ARTÍSTICS,2,8,6,2,1,1
2020/2021,2020,ARTS PLÀSTIQUES I DISSENY,CFAS - ESTILISME D'INDUMENTÀRIA,1,54,45,9,2,3
2020/2021,2020,ARTS PLÀSTIQUES I DISSENY,CFAS - ESTILISME D'INDUMENTÀRIA,2,75,65,10,2,3
2020/2021,2020,ARTS PLÀSTIQUES I DISSENY,CFAS - FOSA ARTÍSTICA,1,4,3,1,1,1
2020/2021,2020,ARTS PLÀSTIQUES I DISSENY,CFAS - FOSA ARTÍSTICA,2,5,2,3,1,2
2020/2021,2020,ARTS PLÀSTIQUES I DISSENY,CFAS - FOTOGRAFIA,1,95,67,28,5,5
2020/2021,2020,ARTS PLÀSTIQUES I DISSENY,CFAS - FOTOGRAFIA,2,90,60,30,5,5
2020/2021,2020,ARTS PLÀSTIQUES I DISSENY,CFAS - GRAVAT I TÈCNIQUES D'ESTAMPACIÓ,1,15,15,0,1,1
2020/2021,2020,ARTS PLÀSTIQUES I DISSENY,CFAS - GRAVAT I TÈCNIQUES D'ESTAMPACIÓ,2,21,15,6,1,1
2020/2021,2020,ARTS PLÀSTIQUES I DISSENY,CFAS - GRÀFICA AUDIOVISUAL,1,57,26,31,2,3
2020/2021,2020,ARTS PLÀSTIQUES I DISSENY,CFAS - GRÀFICA AUDIOVISUAL,2,55,24,31,2,3
2020/2021,2020,ARTS PLÀSTIQUES I DISSENY,CFAS - GRÀFICA AUDIOVISUAL (INFOGRAFIA 3D),1,14,8,6,1,2
2020/2021,2020,ARTS PLÀSTIQUES I DISSENY,CFAS - GRÀFICA AUDIOVISUAL (INFOGRAFIA 3D),2,17,8,9,2,2
2020/2021,2020,ARTS PLÀSTIQUES I DISSENY,CFAS - GRÀFICA AUDIOVISUAL (REALITAT VIRTUAL I GAMIFICACIÓ),1,11,8,3,0,1
2020/2021,2020,ARTS PLÀSTIQUES I DISSENY,CFAS - GRÀFICA IMPRESA,1,74,49,25,4,4
2020/2021,2020,ARTS PLÀSTIQUES I DISSENY,CFAS - GRÀFICA IMPRESA,2,90,58,32,4,4
2020/2021,2020,ARTS PLÀSTIQUES I DISSENY,CFAS - GRÀFICA INTERACTIVA,1,83,52,31,6,6
2020/2021,2020,ARTS PLÀSTIQUES I DISSENY,CFAS - GRÀFICA INTERACTIVA,2,100,53,47,8,9
2020/2021,2020,ARTS PLÀSTIQUES I DISSENY,CFAS - GRÀFICA INTERACTIVA (ESPAIS INTERACTIUS),1,3,3,0,1,1
2020/2021,2020,ARTS PLÀSTIQUES I DISSENY,CFAS - GRÀFICA INTERACTIVA (ESPAIS INTERACTIUS),2,9,3,6,1,1
2020/2021,2020,ARTS PLÀSTIQUES I DISSENY,CFAS - GRÀFICA PUBLICITÀRIA,1,293,180,113,12,13
2020/2021,2020,ARTS PLÀSTIQUES I DISSENY,CFAS - GRÀFICA PUBLICITÀRIA,2,336,189,147,12,13
2020/2021,2020,ARTS PLÀSTIQUES I DISSENY,CFAS - IL·LUSTRACIÓ,1,269,188,81,12,11
2020/2021,2020,ARTS PLÀSTIQUES I DISSENY,CFAS - IL·LUSTRACIÓ,2,292,210,82,12,11
2020/2021,2020,ARTS PLÀSTIQUES I DISSENY,CFAS - JOIERIA ARTÍSTICA,1,62,50,12,5,5
2020/2021,2020,ARTS PLÀSTIQUES I DISSENY,CFAS - JOIERIA ARTÍSTICA,2,114,85,29,5,5
2020/2021,2020,ARTS PLÀSTIQUES I DISSENY,CFAS - MOBILIARI,2,1,0,1,1,1
2020/2021,2020,ARTS PLÀSTIQUES I DISSENY,CFAS - MOBLAMENT,2,9,8,1,0,1
2020/2021,2020,ARTS PLÀSTIQUES I DISSENY,CFAS - MODELISME I MAQUETISME,2,5,2,3,1,1
2020/2021,2020,ARTS PLÀSTIQUES I DISSENY,CFAS - MODELISME I MATRICERIA CERÀMICA,1,5,2,3,1,1
2020/2021,2020,ARTS PLÀSTIQUES I DISSENY,CFAS - MODELISME I MATRICERIA CERÀMICA,2,9,8,1,1,1
2020/2021,2020,ARTS PLÀSTIQUES I DISSENY,CFAS - MODELISME INDUSTRIAL,1,35,14,21,2,2
2020/2021,2020,ARTS PLÀSTIQUES I DISSENY,CFAS - MODELISME INDUSTRIAL,2,50,25,25,2,2
2020/2021,2020,ARTS PLÀSTIQUES I DISSENY,CFAS - MOTLLES I REPRODUCCIONS ESCULTORIQUES,2,6,1,5,1,1
2020/2021,2020,ARTS PLÀSTIQUES I DISSENY,"CFAS - MOTLLES I REPRODUCCIONS ESCULTÒRIQUES (MODELS 3D, MOTLLES I ART TOYS)",1,5,5,0,0,1
2020/2021,2020,ARTS PLÀSTIQUES I DISSENY,CFAS - PROJECTES I DIRECCIÓ D'OBRES DE DECORACIÓ,1,225,182,43,12,11
2020/2021,2020,ARTS PLÀSTIQUES I DISSENY,CFAS - PROJECTES I DIRECCIÓ D'OBRES DE DECORACIÓ,2,225,175,50,11,11
2020/2021,2020,ARTS PLÀSTIQUES I DISSENY,CFAS - PUNTES ARTÍSTIQUES,1,3,1,2,1,1
2020/2021,2020,ARTS PLÀSTIQUES I DISSENY,CFAS - PUNTES ARTÍSTIQUES,2,1,1,0,1,1
2020/2021,2020,ARTS PLÀSTIQUES I DISSENY,CFAS - TÈCNIQUES ESCULTÒRIQUES,1,32,21,11,4,4
2020/2021,2020,ARTS PLÀSTIQUES I DISSENY,CFAS - TÈCNIQUES ESCULTÒRIQUES,2,45,24,21,4,4
2020/2021,2020,ARTS PLÀSTIQUES I DISSENY,MODELISME I MATRICERIA CERÀMICA  (INDÚSTRIA ALIMENTÀRIA),1,4,2,2,1,1
2020/2021,2020,ARTS PLÀSTIQUES I DISSENY,MODELISME I MATRICERIA CERÀMICA  (INDÚSTRIA ALIMENTÀRIA),2,2,2,0,1,1
2020/2021,2020,BATXILLERAT,BATXILLERAT,NA,1762,909,853,0,14
2020/2021,2020,BATXILLERAT,BATXILLERAT D'ARTS,1,4233,3244,989,117,135
2020/2021,2020,BATXILLERAT,BATXILLERAT D'ARTS,2,3828,2918,910,111,131
2020/2021,2020,BATXILLERAT,BATXILLERAT D'ARTS,NA,334,234,100,0,1
2020/2021,2020,BATXILLERAT,BATXILLERAT D'HUMANITATS I CIÈNCIES SOCIALS,1,23921,14327,9594,636,720
2020/2021,2020,BATXILLERAT,BATXILLERAT D'HUMANITATS I CIÈNCIES SOCIALS,2,21326,13008,8318,599,714
2020/2021,2020,BATXILLERAT,BATXILLERAT D'HUMANITATS I CIÈNCIES SOCIALS,NA,1015,569,446,0,1
2020/2021,2020,BATXILLERAT,BATXILLERAT DE CIÈNCIES I TECNOLOGIA,1,23958,11119,12839,636,719
2020/2021,2020,BATXILLERAT,BATXILLERAT DE CIÈNCIES I TECNOLOGIA,2,20694,9660,11034,599,711
2020/2021,2020,BATXILLERAT,BATXILLERAT DE CIÈNCIES I TECNOLOGIA,NA,545,244,301,0,1
2020/2021,2020,CONSERVACIÓ I RESTAURACIÓ DE BÉNS CULTURALS,CONSERVACIÓ I RESTAURACIÓ D'ESCULTURA,3,5,3,2,0,1
2020/2021,2020,CONSERVACIÓ I RESTAURACIÓ DE BÉNS CULTURALS,CONSERVACIÓ I RESTAURACIÓ D'ESCULTURA,4,14,11,3,0,1
2020/2021,2020,CONSERVACIÓ I RESTAURACIÓ DE BÉNS CULTURALS,CONSERVACIÓ I RESTAURACIÓ D'ESCULTURA,A,5,5,0,0,1
2020/2021,2020,CONSERVACIÓ I RESTAURACIÓ DE BÉNS CULTURALS,CONSERVACIÓ I RESTAURACIÓ DE BÉNS ARQUEOLÒGICS,1,32,25,7,0,1
2020/2021,2020,CONSERVACIÓ I RESTAURACIÓ DE BÉNS CULTURALS,CONSERVACIÓ I RESTAURACIÓ DE BÉNS ARQUEOLÒGICS,2,33,28,5,0,1
2020/2021,2020,CONSERVACIÓ I RESTAURACIÓ DE BÉNS CULTURALS,CONSERVACIÓ I RESTAURACIÓ DE BÉNS ARQUEOLÒGICS,3,13,7,6,0,1
2020/2021,2020,CONSERVACIÓ I RESTAURACIÓ DE BÉNS CULTURALS,CONSERVACIÓ I RESTAURACIÓ DE BÉNS ARQUEOLÒGICS,4,12,11,1,0,1
2020/2021,2020,CONSERVACIÓ I RESTAURACIÓ DE BÉNS CULTURALS,CONSERVACIÓ I RESTAURACIÓ DE BÉNS ARQUEOLÒGICS,A,5,4,1,0,1
2020/2021,2020,CONSERVACIÓ I RESTAURACIÓ DE BÉNS CULTURALS,CONSERVACIÓ I RESTAURACIÓ DE DOCUMENT GRÀFIC,3,13,12,1,0,1
2020/2021,2020,CONSERVACIÓ I RESTAURACIÓ DE BÉNS CULTURALS,CONSERVACIÓ I RESTAURACIÓ DE DOCUMENT GRÀFIC,4,8,8,0,0,1
2020/2021,2020,CONSERVACIÓ I RESTAURACIÓ DE BÉNS CULTURALS,CONSERVACIÓ I RESTAURACIÓ DE DOCUMENT GRÀFIC,A,1,1,0,0,1
2020/2021,2020,CONSERVACIÓ I RESTAURACIÓ DE BÉNS CULTURALS,CONSERVACIÓ I RESTAURACIÓ DE PINTURA,3,10,9,1,0,1
2020/2021,2020,CONSERVACIÓ I RESTAURACIÓ DE BÉNS CULTURALS,CONSERVACIÓ I RESTAURACIÓ DE PINTURA,4,10,10,0,0,1
2020/2021,2020,CONSERVACIÓ I RESTAURACIÓ DE BÉNS CULTURALS,CONSERVACIÓ I RESTAURACIÓ DE PINTURA,A,3,3,0,0,1
2020/2021,2020,CURSOS D'ACCÉS SENSE TITULACIÓ,CURS  ESPECÍFIC PER A l'ACCÉS ALS CICLES FORMATIUS DE GRAU MITJÀ D'FP,NA,368,175,193,0,26
2020/2021,2020,DANSA,COREOGRAFIA I INTERPRETACIÓ,1,12,10,2,0,1
2020/2021,2020,DANSA,COREOGRAFIA I INTERPRETACIÓ,2,11,10,1,0,1
2020/2021,2020,DANSA,COREOGRAFIA I INTERPRETACIÓ,3,14,11,3,0,1
2020/2021,2020,DANSA,COREOGRAFIA I INTERPRETACIÓ,4,18,15,3,0,1
2020/2021,2020,DANSA,DANSA CLÀSSICA,1,21,18,3,0,2
2020/2021,2020,DANSA,DANSA CLÀSSICA,2,23,18,5,0,2
2020/2021,2020,DANSA,DANSA CLÀSSICA,3,31,26,5,0,2
2020/2021,2020,DANSA,DANSA CLÀSSICA,4,25,22,3,0,2
2020/2021,2020,DANSA,DANSA CLÀSSICA,5,20,18,2,0,2
2020/2021,2020,DANSA,DANSA CLÀSSICA,6,15,12,3,0,1
2020/2021,2020,DANSA,DANSA CONTEMPORÀNIA,1,20,17,3,0,2
2020/2021,2020,DANSA,DANSA CONTEMPORÀNIA,2,29,21,8,0,2
2020/2021,2020,DANSA,DANSA CONTEMPORÀNIA,3,30,26,4,0,2
2020/2021,2020,DANSA,DANSA CONTEMPORÀNIA,4,28,25,3,0,2
2020/2021,2020,DANSA,DANSA CONTEMPORÀNIA,5,30,24,6,0,2
2020/2021,2020,DANSA,DANSA CONTEMPORÀNIA,6,18,13,5,0,1
2020/2021,2020,DANSA,DANSA ESPANYOLA,1,8,6,2,0,1
2020/2021,2020,DANSA,DANSA ESPANYOLA,2,12,12,0,0,1
2020/2021,2020,DANSA,DANSA ESPANYOLA,3,9,9,0,0,1
2020/2021,2020,DANSA,DANSA ESPANYOLA,4,9,9,0,0,1
2020/2021,2020,DANSA,DANSA ESPANYOLA,5,10,7,3,0,1
2020/2021,2020,DANSA,DANSA ESPANYOLA,6,10,7,3,0,1
2020/2021,2020,DANSA,PEDAGOGIA DE LA DANSA,1,9,8,1,0,1
2020/2021,2020,DANSA,PEDAGOGIA DE LA DANSA,2,12,11,1,0,1
2020/2021,2020,DANSA,PEDAGOGIA DE LA DANSA,3,12,12,0,0,1
2020/2021,2020,DANSA,PEDAGOGIA DE LA DANSA,4,23,21,2,0,1
2020/2021,2020,EDUCACIÓ D'ADULTS,ADAPTACIÓ DE L'EDUCACIÓ SECUNDÀRIA OBLIGATÒRIA PER A PERSONES ADULTES,NA,12960,6314,6646,0,138
2020/2021,2020,EDUCACIÓ D'ADULTS,CICLE DE FORMACIÓ INSTRUMENTAL,NA,7063,3659,3404,0,123
2020/2021,2020,EDUCACIÓ D'ADULTS NO REGLATS,ACCÈS A CICLES FORMATIUS DE GRAU MITJÀ,NA,634,344,290,0,56
2020/2021,2020,EDUCACIÓ D'ADULTS NO REGLATS,ACCÈS A LA UNIVERSITAT PER MAJORS 25,NA,1879,1167,712,0,85
2020/2021,2020,EDUCACIÓ D'ADULTS NO REGLATS,ACCÈS CICLES FORMATIUS DE GRAU SUPERIOR,NA,2904,1486,1418,0,127
2020/2021,2020,EDUCACIÓ D'ADULTS NO REGLATS,INFORMÀTICA NIVELL USUARI,NA,8390,5774,2616,0,134
2020/2021,2020,EDUCACIÓ D'ADULTS NO REGLATS,LLENGUA CASTELLANA,NA,8636,4210,4426,0,137
2020/2021,2020,EDUCACIÓ D'ADULTS NO REGLATS,LLENGUA CATALANA,NA,7282,3459,3823,0,137
2020/2021,2020,EDUCACIÓ D'ADULTS NO REGLATS,LLENGUA ESTRANGERA ANGLÈS INICIAL,NA,10923,7348,3575,0,149
2020/2021,2020,EDUCACIÓ D'ADULTS NO REGLATS,LLENGUA ESTRANGERA FRANCÈS INICIAL,NA,1046,629,417,0,36
2020/2021,2020,EDUCACIÓ ESPECIAL,EDUCACIÓ ESPECIAL INFANTIL,1,88,37,51,0,35
2020/2021,2020,EDUCACIÓ ESPECIAL,EDUCACIÓ ESPECIAL INFANTIL,2,142,53,89,0,54
2020/2021,2020,EDUCACIÓ ESPECIAL,EDUCACIÓ ESPECIAL INFANTIL,3,186,59,127,0,55
2020/2021,2020,EDUCACIÓ ESPECIAL,EDUCACIÓ ESPECIAL PRIMÀRIA,1,220,73,147,0,63
2020/2021,2020,EDUCACIÓ ESPECIAL,EDUCACIÓ ESPECIAL PRIMÀRIA,2,260,82,178,0,74
2020/2021,2020,EDUCACIÓ ESPECIAL,EDUCACIÓ ESPECIAL PRIMÀRIA,3,267,85,182,0,70
2020/2021,2020,EDUCACIÓ ESPECIAL,EDUCACIÓ ESPECIAL PRIMÀRIA,4,266,94,172,0,72
2020/2021,2020,EDUCACIÓ ESPECIAL,EDUCACIÓ ESPECIAL PRIMÀRIA,5,333,93,240,0,83
2020/2021,2020,EDUCACIÓ ESPECIAL,EDUCACIÓ ESPECIAL PRIMÀRIA,6,476,160,316,0,86
2020/2021,2020,EDUCACIÓ ESPECIAL,EDUCACIÓ ESPECIAL SECUNDÀRIA,1,687,215,472,0,90
2020/2021,2020,EDUCACIÓ ESPECIAL,EDUCACIÓ ESPECIAL SECUNDÀRIA,2,697,249,448,0,94
2020/2021,2020,EDUCACIÓ ESPECIAL,EDUCACIÓ ESPECIAL SECUNDÀRIA,3,753,259,494,0,92
2020/2021,2020,EDUCACIÓ ESPECIAL,EDUCACIÓ ESPECIAL SECUNDÀRIA,4,1728,669,1059,0,97
2020/2021,2020,EDUCACIÓ ESPECIAL,PROGRAMA DE FORMACIÓ PER A LA TRANSICIÓ A LA VIDA ADULTA,1,63,23,40,0,9
2020/2021,2020,EDUCACIÓ ESPECIAL,PROGRAMA DE FORMACIÓ PER A LA TRANSICIÓ A LA VIDA ADULTA,2,74,34,40,0,9
2020/2021,2020,EDUCACIÓ INFANTIL,EDUCACIÓ INFANTIL: LLAR D'INFANTS,0,4891,2365,2526,910,1047
2020/2021,2020,EDUCACIÓ INFANTIL,EDUCACIÓ INFANTIL: LLAR D'INFANTS,1,23415,11296,12119,2393,1580
2020/2021,2020,EDUCACIÓ INFANTIL,EDUCACIÓ INFANTIL: LLAR D'INFANTS,2,35036,16826,18210,2504,1597
2020/2021,2020,EDUCACIÓ INFANTIL,EDUCACIÓ INFANTIL: PARVULARI,1,65020,31553,33467,3123,2279
2020/2021,2020,EDUCACIÓ INFANTIL,EDUCACIÓ INFANTIL: PARVULARI,2,69239,33971,35268,3118,2280
2020/2021,2020,EDUCACIÓ INFANTIL,EDUCACIÓ INFANTIL: PARVULARI,3,71873,35017,36856,3448,2280
2020/2021,2020,EDUCACIÓ INFANTIL,EDUCACIÓ INFANTIL: PARVULARI,NA,2173,1079,1094,0,18
2020/2021,2020,EDUCACIÓ PRIMÀRIA,EDUCACIÓ PRIMÀRIA,1,73529,35705,37824,3205,2275
2020/2021,2020,EDUCACIÓ PRIMÀRIA,EDUCACIÓ PRIMÀRIA,2,73333,35791,37542,3271,2270
2020/2021,2020,EDUCACIÓ PRIMÀRIA,EDUCACIÓ PRIMÀRIA,3,77633,37882,39751,3426,2267
2020/2021,2020,EDUCACIÓ PRIMÀRIA,EDUCACIÓ PRIMÀRIA,4,79729,38925,40804,3421,2271
2020/2021,2020,EDUCACIÓ PRIMÀRIA,EDUCACIÓ PRIMÀRIA,5,82038,39783,42255,3404,2278
2020/2021,2020,EDUCACIÓ PRIMÀRIA,EDUCACIÓ PRIMÀRIA,6,82917,39921,42996,3714,2267
2020/2021,2020,EDUCACIÓ PRIMÀRIA,EDUCACIÓ PRIMÀRIA,NA,5769,2864,2905,0,18
2020/2021,2020,EDUCACIÓ SECUNDÀRIA OBLIGATÒRIA,EDUCACIÓ SECUNDÀRIA OBLIGATÒRIA,1,86399,41925,44474,3096,1152
2020/2021,2020,EDUCACIÓ SECUNDÀRIA OBLIGATÒRIA,EDUCACIÓ SECUNDÀRIA OBLIGATÒRIA,2,84514,40764,43750,2975,1125
2020/2021,2020,EDUCACIÓ SECUNDÀRIA OBLIGATÒRIA,EDUCACIÓ SECUNDÀRIA OBLIGATÒRIA,3,84296,40568,43728,2947,1100
2020/2021,2020,EDUCACIÓ SECUNDÀRIA OBLIGATÒRIA,EDUCACIÓ SECUNDÀRIA OBLIGATÒRIA,4,81922,39887,42035,2898,1090
2020/2021,2020,EDUCACIÓ SECUNDÀRIA OBLIGATÒRIA,EDUCACIÓ SECUNDÀRIA OBLIGATÒRIA,NA,3790,1797,1993,0,15
2020/2021,2020,ENSENYAMENTS D'IDIOMES,ALEMANY,Bàsic,138,91,47,0,1
2020/2021,2020,ENSENYAMENTS D'IDIOMES,ALEMANY - C1,1,181,109,72,8,8
2020/2021,2020,ENSENYAMENTS D'IDIOMES,ALEMANY - NIVELL AVANÇAT,1,536,309,227,32,25
2020/2021,2020,ENSENYAMENTS D'IDIOMES,ALEMANY - NIVELL AVANÇAT,2,433,275,158,24,23
2020/2021,2020,ENSENYAMENTS D'IDIOMES,ALEMANY - NIVELL BÀSIC,1,1513,839,674,81,31
2020/2021,2020,ENSENYAMENTS D'IDIOMES,ALEMANY - NIVELL BÀSIC,2,1041,622,419,69,31
2020/2021,2020,ENSENYAMENTS D'IDIOMES,ALEMANY - NIVELL INTERMEDI,1,958,585,373,57,31
2020/2021,2020,ENSENYAMENTS D'IDIOMES,ANGLÈS,1,1152,772,380,0,1
2020/2021,2020,ENSENYAMENTS D'IDIOMES,ANGLÈS,2,627,416,211,0,1
2020/2021,2020,ENSENYAMENTS D'IDIOMES,ANGLÈS - C1,1,3738,2335,1403,110,44
2020/2021,2020,ENSENYAMENTS D'IDIOMES,ANGLÈS - C2,1,410,270,140,0,7
2020/2021,2020,ENSENYAMENTS D'IDIOMES,ANGLÈS - C2,2,189,122,67,0,6
2020/2021,2020,ENSENYAMENTS D'IDIOMES,ANGLÈS - NIVELL AVANÇAT,1,4783,3115,1668,203,45
2020/2021,2020,ENSENYAMENTS D'IDIOMES,ANGLÈS - NIVELL AVANÇAT,2,6073,3701,2372,180,45
2020/2021,2020,ENSENYAMENTS D'IDIOMES,ANGLÈS - NIVELL BÀSIC,1,1989,1290,699,103,42
2020/2021,2020,ENSENYAMENTS D'IDIOMES,ANGLÈS - NIVELL BÀSIC,2,3338,2118,1220,166,45
2020/2021,2020,ENSENYAMENTS D'IDIOMES,ANGLÈS - NIVELL INTERMEDI,1,5982,3749,2233,213,45
2020/2021,2020,ENSENYAMENTS D'IDIOMES,CATALÀ PER A NO CATALANOPARLANTS - C1,1,122,77,45,2,6
2020/2021,2020,ENSENYAMENTS D'IDIOMES,CATALÀ PER A NO CATALANOPARLANTS - C2,1,179,128,51,3,6
2020/2021,2020,ENSENYAMENTS D'IDIOMES,CATALÀ PER A NO CATALANOPARLANTS - NIVELL AVANÇAT,1,91,63,28,3,6
2020/2021,2020,ENSENYAMENTS D'IDIOMES,CATALÀ PER A NO CATALANOPARLANTS - NIVELL BÀSIC,1,140,86,54,6,3
2020/2021,2020,ENSENYAMENTS D'IDIOMES,CATALÀ PER A NO CATALANOPARLANTS - NIVELL BÀSIC,2,97,60,37,6,5
2020/2021,2020,ENSENYAMENTS D'IDIOMES,CATALÀ PER A NO CATALANOPARLANTS - NIVELL INTERMEDI,1,75,57,18,5,4
2020/2021,2020,ENSENYAMENTS D'IDIOMES,COREÀ  - NIVELL BÀSIC,1,87,75,12,3,1
2020/2021,2020,ENSENYAMENTS D'IDIOMES,COREÀ  - NIVELL BÀSIC,2,55,45,10,2,1
2020/2021,2020,ENSENYAMENTS D'IDIOMES,COREÀ  - NIVELL INTERMEDI,1,32,31,1,2,1
2020/2021,2020,ENSENYAMENTS D'IDIOMES,COREÀ  - NIVELL INTERMEDI,2,16,15,1,0,1
2020/2021,2020,ENSENYAMENTS D'IDIOMES,ESPANYOL PER A PERSONES ESTRANGERES - NIVELL AVANÇAT,1,274,211,63,0,5
2020/2021,2020,ENSENYAMENTS D'IDIOMES,ESPANYOL PER A PERSONES ESTRANGERES - NIVELL AVANÇAT,2,218,180,38,0,5
2020/2021,2020,ENSENYAMENTS D'IDIOMES,ESPANYOL PER A PERSONES ESTRANGERES - NIVELL BÀSIC,1,296,176,120,1,5
2020/2021,2020,ENSENYAMENTS D'IDIOMES,ESPANYOL PER A PERSONES ESTRANGERES - NIVELL BÀSIC,2,529,353,176,1,5
2020/2021,2020,ENSENYAMENTS D'IDIOMES,ESPANYOL PER A PERSONES ESTRANGERES - NIVELL INTERMEDI,1,501,356,145,4,5
2020/2021,2020,ENSENYAMENTS D'IDIOMES,FRANCÈS  - NIVELL BÀSIC,1,1597,1040,557,99,39
2020/2021,2020,ENSENYAMENTS D'IDIOMES,FRANCÈS  - NIVELL BÀSIC,2,1357,896,461,82,39
2020/2021,2020,ENSENYAMENTS D'IDIOMES,FRANCÈS - C1,1,401,268,133,12,14
2020/2021,2020,ENSENYAMENTS D'IDIOMES,FRANCÈS - NIVELL AVANÇAT,1,904,623,281,52,33
2020/2021,2020,ENSENYAMENTS D'IDIOMES,FRANCÈS - NIVELL AVANÇAT,2,703,487,216,45,32
2020/2021,2020,ENSENYAMENTS D'IDIOMES,FRANCÈS - NIVELL INTERMEDI,1,1319,892,427,72,39
2020/2021,2020,ENSENYAMENTS D'IDIOMES,GREC - NIVELL AVANÇAT,1,23,14,9,1,1
2020/2021,2020,ENSENYAMENTS D'IDIOMES,GREC - NIVELL AVANÇAT,2,19,8,11,0,1
2020/2021,2020,ENSENYAMENTS D'IDIOMES,GREC - NIVELL BÀSIC,1,28,18,10,2,1
2020/2021,2020,ENSENYAMENTS D'IDIOMES,GREC - NIVELL BÀSIC,2,30,10,20,1,1
2020/2021,2020,ENSENYAMENTS D'IDIOMES,GREC - NIVELL INTERMEDI,1,16,11,5,1,1
2020/2021,2020,ENSENYAMENTS D'IDIOMES,ITALIÀ - C1,1,54,40,14,1,2
2020/2021,2020,ENSENYAMENTS D'IDIOMES,ITALIÀ - NIVELL AVANÇAT,1,156,97,59,8,6
2020/2021,2020,ENSENYAMENTS D'IDIOMES,ITALIÀ - NIVELL AVANÇAT,2,143,82,61,8,6
2020/2021,2020,ENSENYAMENTS D'IDIOMES,ITALIÀ - NIVELL BÀSIC,1,314,204,110,19,6
2020/2021,2020,ENSENYAMENTS D'IDIOMES,ITALIÀ - NIVELL BÀSIC,2,236,158,78,15,6
2020/2021,2020,ENSENYAMENTS D'IDIOMES,ITALIÀ - NIVELL INTERMEDI,1,220,137,83,9,6
2020/2021,2020,ENSENYAMENTS D'IDIOMES,JAPONÈS - NIVELL AVANÇAT,1,30,17,13,1,1
2020/2021,2020,ENSENYAMENTS D'IDIOMES,JAPONÈS - NIVELL AVANÇAT,2,25,11,14,0,1
2020/2021,2020,ENSENYAMENTS D'IDIOMES,JAPONÈS - NIVELL BÀSIC,1,179,87,92,6,1
2020/2021,2020,ENSENYAMENTS D'IDIOMES,JAPONÈS - NIVELL BÀSIC,2,115,65,50,4,1
2020/2021,2020,ENSENYAMENTS D'IDIOMES,JAPONÈS - NIVELL INTERMEDI,1,67,31,36,4,1
2020/2021,2020,ENSENYAMENTS D'IDIOMES,JAPONÈS - NIVELL INTERMEDI,2,46,24,22,1,1
2020/2021,2020,ENSENYAMENTS D'IDIOMES,NEERLANDÈS - NIVELL AVANÇAT,1,16,12,4,1,1
2020/2021,2020,ENSENYAMENTS D'IDIOMES,NEERLANDÈS - NIVELL AVANÇAT,2,13,6,7,1,1
2020/2021,2020,ENSENYAMENTS D'IDIOMES,NEERLANDÈS - NIVELL BÀSIC,1,29,15,14,2,1
2020/2021,2020,ENSENYAMENTS D'IDIOMES,NEERLANDÈS - NIVELL BÀSIC,2,27,18,9,1,1
2020/2021,2020,ENSENYAMENTS D'IDIOMES,NEERLANDÈS - NIVELL INTERMEDI,1,23,13,10,1,1
2020/2021,2020,ENSENYAMENTS D'IDIOMES,PORTUGUÈS - NIVELL AVANÇAT,1,21,12,9,1,1
2020/2021,2020,ENSENYAMENTS D'IDIOMES,PORTUGUÈS - NIVELL AVANÇAT,2,31,10,21,1,1
2020/2021,2020,ENSENYAMENTS D'IDIOMES,PORTUGUÈS - NIVELL BÀSIC,1,46,26,20,2,1
2020/2021,2020,ENSENYAMENTS D'IDIOMES,PORTUGUÈS - NIVELL BÀSIC,2,21,12,9,1,1
2020/2021,2020,ENSENYAMENTS D'IDIOMES,PORTUGUÈS - NIVELL INTERMEDI,1,33,19,14,1,1
2020/2021,2020,ENSENYAMENTS D'IDIOMES,RUS - NIVELL AVANÇAT,1,32,14,18,2,3
2020/2021,2020,ENSENYAMENTS D'IDIOMES,RUS - NIVELL AVANÇAT,2,44,22,22,0,3
2020/2021,2020,ENSENYAMENTS D'IDIOMES,RUS - NIVELL BÀSIC,1,143,65,78,13,6
2020/2021,2020,ENSENYAMENTS D'IDIOMES,RUS - NIVELL BÀSIC,2,125,56,69,8,6
2020/2021,2020,ENSENYAMENTS D'IDIOMES,RUS - NIVELL INTERMEDI,1,75,29,46,11,4
2020/2021,2020,ENSENYAMENTS D'IDIOMES,RUS - NIVELL INTERMEDI,2,73,39,34,3,4
2020/2021,2020,ENSENYAMENTS D'IDIOMES,XINÈS - NIVELL AVANÇAT,1,13,7,6,1,1
2020/2021,2020,ENSENYAMENTS D'IDIOMES,XINÈS - NIVELL AVANÇAT,2,20,14,6,0,1
2020/2021,2020,ENSENYAMENTS D'IDIOMES,XINÈS - NIVELL BÀSIC,1,131,67,64,7,1
2020/2021,2020,ENSENYAMENTS D'IDIOMES,XINÈS - NIVELL BÀSIC,2,91,48,43,4,1
2020/2021,2020,ENSENYAMENTS D'IDIOMES,XINÈS - NIVELL INTERMEDI,1,48,20,28,3,1
2020/2021,2020,ENSENYAMENTS D'IDIOMES,XINÈS - NIVELL INTERMEDI,2,36,22,14,1,1
2020/2021,2020,ENSENYAMENTS D'IDIOMES,ÀRAB - NIVELL AVANÇAT,1,19,15,4,0,1
2020/2021,2020,ENSENYAMENTS D'IDIOMES,ÀRAB - NIVELL AVANÇAT,2,22,9,13,0,1
2020/2021,2020,ENSENYAMENTS D'IDIOMES,ÀRAB - NIVELL BÀSIC,1,214,133,81,15,5
2020/2021,2020,ENSENYAMENTS D'IDIOMES,ÀRAB - NIVELL BÀSIC,2,131,82,49,9,5
2020/2021,2020,ENSENYAMENTS D'IDIOMES,ÀRAB - NIVELL INTERMEDI,1,83,57,26,10,4
2020/2021,2020,ENSENYAMENTS D'IDIOMES,ÀRAB - NIVELL INTERMEDI,2,67,40,27,1,4
2020/2021,2020,ENSENYAMENTS D'IDIOMES,ÈUSCAR - NIVELL AVANÇAT,1,17,9,8,0,1
2020/2021,2020,ENSENYAMENTS D'IDIOMES,ÈUSCAR - NIVELL AVANÇAT,2,11,5,6,0,1
2020/2021,2020,ENSENYAMENTS D'IDIOMES,ÈUSCAR - NIVELL BÀSIC,1,32,17,15,2,1
2020/2021,2020,ENSENYAMENTS D'IDIOMES,ÈUSCAR - NIVELL BÀSIC,2,26,12,14,1,1
2020/2021,2020,ENSENYAMENTS D'IDIOMES,ÈUSCAR - NIVELL INTERMEDI,1,15,8,7,1,1
2020/2021,2020,ENSENYAMENTS ESPORTIUS,TÈCNIC D'ESPORT EN ALTA MUNTANYA,1,2,1,1,2,1
2020/2021,2020,ENSENYAMENTS ESPORTIUS,TÈCNIC D'ESPORT EN ALTA MUNTANYA,2,12,1,11,0,1
2020/2021,2020,ENSENYAMENTS ESPORTIUS,TÈCNIC D'ESPORT EN DESCENS DE BARRANCS,1,1,1,0,1,1
2020/2021,2020,ENSENYAMENTS ESPORTIUS,TÈCNIC D'ESPORT EN DESCENS DE BARRANCS,2,90,9,81,6,3
2020/2021,2020,ENSENYAMENTS ESPORTIUS,TÈCNIC D'ESPORT EN ESCALADA,1,3,0,3,1,2
2020/2021,2020,ENSENYAMENTS ESPORTIUS,TÈCNIC D'ESPORT EN ESCALADA,2,55,4,51,3,3
2020/2021,2020,ENSENYAMENTS ESPORTIUS,TÈCNIC D'ESPORT EN ESQUÍ ALPÍ,1,270,101,169,10,6
2020/2021,2020,ENSENYAMENTS ESPORTIUS,TÈCNIC D'ESPORT EN ESQUÍ ALPÍ,2,167,65,102,10,6
2020/2021,2020,ENSENYAMENTS ESPORTIUS,TÈCNIC D'ESPORT EN ESQUÍ DE FONS,1,21,11,10,5,2
2020/2021,2020,ENSENYAMENTS ESPORTIUS,TÈCNIC D'ESPORT EN ESQUÍ DE FONS,2,13,7,6,2,3
2020/2021,2020,ENSENYAMENTS ESPORTIUS,TÈCNIC D'ESPORT EN FUTBOL,1,547,19,528,10,23
2020/2021,2020,ENSENYAMENTS ESPORTIUS,TÈCNIC D'ESPORT EN FUTBOL,2,334,8,326,10,19
2020/2021,2020,ENSENYAMENTS ESPORTIUS,TÈCNIC D'ESPORT EN FUTBOL SALA,1,18,1,17,1,1
2020/2021,2020,ENSENYAMENTS ESPORTIUS,TÈCNIC D'ESPORT EN FUTBOL SALA,2,11,0,11,2,1
2020/2021,2020,ENSENYAMENTS ESPORTIUS,TÈCNIC D'ESPORT EN HANDBOL,2,5,2,3,1,1
2020/2021,2020,ENSENYAMENTS ESPORTIUS,TÈCNIC D'ESPORT EN MUNTANYA MITJANA,1,142,36,106,8,5
2020/2021,2020,ENSENYAMENTS ESPORTIUS,TÈCNIC D'ESPORT EN MUNTANYA MITJANA,2,178,39,139,8,6
2020/2021,2020,ENSENYAMENTS ESPORTIUS,TÈCNIC D'ESPORT EN SURF DE NEU,1,55,11,44,9,7
2020/2021,2020,ENSENYAMENTS ESPORTIUS,TÈCNIC D'ESPORT EN SURF DE NEU,2,43,12,31,6,4
2020/2021,2020,ENSENYAMENTS ESPORTIUS,TÈCNIC ESPORTIU EN ATLETISME,1,47,16,31,3,2
2020/2021,2020,ENSENYAMENTS ESPORTIUS,TÈCNIC ESPORTIU EN ATLETISME,2,29,6,23,2,2
2020/2021,2020,ENSENYAMENTS ESPORTIUS,TÈCNIC ESPORTIU EN BARRANCS,1,5,0,5,0,1
2020/2021,2020,ENSENYAMENTS ESPORTIUS,TÈCNIC ESPORTIU EN BASQUETBOL,1,41,11,30,3,3
2020/2021,2020,ENSENYAMENTS ESPORTIUS,TÈCNIC ESPORTIU EN BASQUETBOL,2,26,4,22,4,3
2020/2021,2020,ENSENYAMENTS ESPORTIUS,TÈCNIC ESPORTIU EN BUSSEIG ESPORTIU AMB ESCAFANDRE AUTÒNOM,1,1,1,0,1,1
2020/2021,2020,ENSENYAMENTS ESPORTIUS,TÈCNIC ESPORTIU EN BUSSEIG ESPORTIU AMB ESCAFANDRE AUTÒNOM,2,13,1,12,3,3
2020/2021,2020,ENSENYAMENTS ESPORTIUS,TÈCNIC ESPORTIU EN ESGRIMA,1,15,5,10,2,1
2020/2021,2020,ENSENYAMENTS ESPORTIUS,TÈCNIC ESPORTIU EN ESGRIMA,2,3,0,3,0,1
2020/2021,2020,ENSENYAMENTS ESPORTIUS,TÈCNIC ESPORTIU EN ESPELEOLOGIA,1,11,0,11,0,1
2020/2021,2020,ENSENYAMENTS ESPORTIUS,TÈCNIC ESPORTIU EN ESPELEOLOGIA,2,15,0,15,3,1
2020/2021,2020,ENSENYAMENTS ESPORTIUS,TÈCNIC ESPORTIU EN JUDO I DEFENSA PERSONAL,1,16,7,9,2,1
2020/2021,2020,ENSENYAMENTS ESPORTIUS,TÈCNIC ESPORTIU EN JUDO I DEFENSA PERSONAL,2,9,1,8,1,1
2020/2021,2020,ENSENYAMENTS ESPORTIUS,TÈCNIC ESPORTIU EN LES DISCIPLINES HÍPIQUES DE RESISTÈNCIA ORIENTACIÓ I TURISME EQÜESTRE,1,63,38,25,0,2
2020/2021,2020,ENSENYAMENTS ESPORTIUS,TÈCNIC ESPORTIU EN LES DISCIPLINES HÍPIQUES DE RESISTÈNCIA ORIENTACIÓ I TURISME EQÜESTRE,2,95,66,29,0,5
2020/2021,2020,ENSENYAMENTS ESPORTIUS,TÈCNIC ESPORTIU EN PIRAGÜISME EN AIGÜES BRAVES,1,36,8,28,3,2
2020/2021,2020,ENSENYAMENTS ESPORTIUS,TÈCNIC ESPORTIU EN PIRAGÜISME EN AIGÜES BRAVES,2,14,1,13,3,1
2020/2021,2020,ENSENYAMENTS ESPORTIUS,TÈCNIC ESPORTIU EN PIRAGÜISME EN AIGÜES TRANQUIL·LES,1,26,6,20,1,3
2020/2021,2020,ENSENYAMENTS ESPORTIUS,TÈCNIC ESPORTIU EN PIRAGÜISME EN AIGÜES TRANQUIL·LES,2,1,0,1,1,1
2020/2021,2020,ENSENYAMENTS ESPORTIUS,TÈCNIC ESPORTIU EN PIRAGÜISME RECREATIU GUIA EN AIGÜES BRAVES,1,20,7,13,0,1
2020/2021,2020,ENSENYAMENTS ESPORTIUS,TÈCNIC ESPORTIU EN PIRAGÜISME RECREATIU GUIA EN AIGÜES BRAVES,2,16,1,15,3,1
2020/2021,2020,ENSENYAMENTS ESPORTIUS,TÈCNIC ESPORTIU EN SALVAMENT I SOCORRISME,1,405,72,333,13,21
2020/2021,2020,ENSENYAMENTS ESPORTIUS,TÈCNIC ESPORTIU EN SALVAMENT I SOCORRISME,2,203,27,176,9,13
2020/2021,2020,ENSENYAMENTS ESPORTIUS,TÈCNIC ESPORTIU EN VELA AMB APARELL FIX,1,314,116,198,6,5
2020/2021,2020,ENSENYAMENTS ESPORTIUS,TÈCNIC ESPORTIU EN VELA AMB APARELL FIX,2,83,25,58,4,4
2020/2021,2020,ENSENYAMENTS ESPORTIUS,TÈCNIC ESPORTIU EN VELA AMB APARELL LLIURE,1,1,0,1,1,1
2020/2021,2020,ENSENYAMENTS ESPORTIUS,TÈCNIC ESPORTIU SUPERIOR EN ATLETISME,1,7,2,5,2,1
2020/2021,2020,ENSENYAMENTS ESPORTIUS,TÈCNIC ESPORTIU SUPERIOR EN BASQUETBOL,1,14,3,11,2,1
2020/2021,2020,ENSENYAMENTS ESPORTIUS,TÈCNIC ESPORTIU SUPERIOR EN HÍPICA,1,9,6,3,0,2
2020/2021,2020,ENSENYAMENTS ESPORTIUS,TÈCNIC ESPORTIU SUPERIOR EN SALVAMENT I SOCORRISME,1,21,2,19,2,2
2020/2021,2020,ENSENYAMENTS ESPORTIUS,"TÈCNIC ESPOTIU EN LES DISCIPLINES HÍPIQUES DE SALT, DOMA I CONCURS COMPLET",1,61,38,23,1,4
2020/2021,2020,ENSENYAMENTS ESPORTIUS,"TÈCNIC ESPOTIU EN LES DISCIPLINES HÍPIQUES DE SALT, DOMA I CONCURS COMPLET",2,27,16,11,0,4
2020/2021,2020,ENSENYAMENTS ESPORTIUS,TÈCNIC SUPERIOR D'ESPORT EN ALTA MUNTANYA,1,8,0,8,3,1
2020/2021,2020,ENSENYAMENTS ESPORTIUS,TÈCNIC SUPERIOR D'ESPORT EN ESCALADA,1,8,1,7,2,1
2020/2021,2020,ENSENYAMENTS ESPORTIUS,TÈCNIC SUPERIOR D'ESPORT EN ESQUÍ ALPÍ,1,44,12,32,3,3
2020/2021,2020,ENSENYAMENTS ESPORTIUS,TÈCNIC SUPERIOR D'ESPORT EN ESQUÍ DE MUNTANYA,1,4,0,4,3,1
2020/2021,2020,ENSENYAMENTS ESPORTIUS,TÈCNIC SUPERIOR D'ESPORT EN FUTBOL,1,156,1,155,2,8
2020/2021,2020,ENSENYAMENTS ESPORTIUS,TÈCNIC SUPERIOR D'ESPORT EN SURF DE NEU,1,11,3,8,2,1
2020/2021,2020,ENSENYAMENTS ESPORTIUS,TÈCNIC SUPERIOR ESPORTIU EN VELA AMB APARELL FIX,1,4,1,3,0,1
2020/2021,2020,ENSENYAMENTS ESPORTIUS,TÈCNICS ESPORTIU EN ESCALADA,1,2,0,2,0,1
2020/2021,2020,ENSENYAMENTS ESPORTIUS,TÈCNICS ESPORTIU EN ESCALADA,2,1,0,1,0,1
2020/2021,2020,ENSENYAMENTS ESPORTIUS,TÈCNICS ESPORTIU EN MUNTANYA MITJANA,1,118,17,101,3,5
2020/2021,2020,ENSENYAMENTS ESPORTIUS,TÈCNICS ESPORTIU EN MUNTANYA MITJANA,2,5,0,5,1,2
2020/2021,2020,ENSENYAMENTS SUPERIORS DE DISSENY,ESDL - DISSENY D'INTERIORS,1,130,112,18,1,3
2020/2021,2020,ENSENYAMENTS SUPERIORS DE DISSENY,ESDL - DISSENY D'INTERIORS,2,106,84,22,1,3
2020/2021,2020,ENSENYAMENTS SUPERIORS DE DISSENY,ESDL - DISSENY D'INTERIORS,3,92,82,10,1,3
2020/2021,2020,ENSENYAMENTS SUPERIORS DE DISSENY,ESDL - DISSENY D'INTERIORS,4,82,71,11,1,3
2020/2021,2020,ENSENYAMENTS SUPERIORS DE DISSENY,ESDL - DISSENY DE MODA,1,149,125,24,1,3
2020/2021,2020,ENSENYAMENTS SUPERIORS DE DISSENY,ESDL - DISSENY DE MODA,2,142,127,15,1,3
2020/2021,2020,ENSENYAMENTS SUPERIORS DE DISSENY,ESDL - DISSENY DE MODA,3,131,115,16,1,3
2020/2021,2020,ENSENYAMENTS SUPERIORS DE DISSENY,ESDL - DISSENY DE MODA,4,166,138,28,1,3
2020/2021,2020,ENSENYAMENTS SUPERIORS DE DISSENY,ESDL - DISSENY DE PRODUCTES,1,52,24,28,1,2
2020/2021,2020,ENSENYAMENTS SUPERIORS DE DISSENY,ESDL - DISSENY DE PRODUCTES,2,48,24,24,1,3
2020/2021,2020,ENSENYAMENTS SUPERIORS DE DISSENY,ESDL - DISSENY DE PRODUCTES,3,53,27,26,1,3
2020/2021,2020,ENSENYAMENTS SUPERIORS DE DISSENY,ESDL - DISSENY DE PRODUCTES,4,39,18,21,1,3
2020/2021,2020,ENSENYAMENTS SUPERIORS DE DISSENY,ESDL - DISSENY GRÀFIC,1,145,107,38,1,3
2020/2021,2020,ENSENYAMENTS SUPERIORS DE DISSENY,ESDL - DISSENY GRÀFIC,2,136,103,33,1,3
2020/2021,2020,ENSENYAMENTS SUPERIORS DE DISSENY,ESDL - DISSENY GRÀFIC,3,111,83,28,1,3
2020/2021,2020,ENSENYAMENTS SUPERIORS DE DISSENY,ESDL - DISSENY GRÀFIC,4,117,88,29,1,3
2020/2021,2020,FORMACIÓ PROFESSIONAL,CFPM - ACTIVITATS COMERCIALAS (LOGÍSTICA),1,63,9,54,3,3
2020/2021,2020,FORMACIÓ PROFESSIONAL,CFPM - ACTIVITATS COMERCIALAS (LOGÍSTICA),2,48,11,37,3,3
2020/2021,2020,FORMACIÓ PROFESSIONAL,CFPM - ACTIVITATS COMERCIALS,1,1775,723,1052,65,59
2020/2021,2020,FORMACIÓ PROFESSIONAL,CFPM - ACTIVITATS COMERCIALS,2,1530,674,856,66,61
2020/2021,2020,FORMACIÓ PROFESSIONAL,CFPM - ACTIVITATS COMERCIALS (TÈXTIL),1,87,53,34,3,2
2020/2021,2020,FORMACIÓ PROFESSIONAL,CFPM - ACTIVITATS COMERCIALS (TÈXTIL),2,63,45,18,3,2
2020/2021,2020,FORMACIÓ PROFESSIONAL,CFPM - ACTIVITATS EQÜESTRES,1,108,82,26,3,6
2020/2021,2020,FORMACIÓ PROFESSIONAL,CFPM - ACTIVITATS EQÜESTRES,2,94,69,25,2,5
2020/2021,2020,FORMACIÓ PROFESSIONAL,CFPM - APROFITAMENT I CONSERVACIÓ DEL MEDI NATURAL,1,91,10,81,4,4
2020/2021,2020,FORMACIÓ PROFESSIONAL,CFPM - APROFITAMENT I CONSERVACIÓ DEL MEDI NATURAL,2,66,5,61,5,4
2020/2021,2020,FORMACIÓ PROFESSIONAL,CFPM - ATENCIÓ A PERSONES EN SITUACIÓ DE DEPENDÈNCIA,1,2491,2058,433,93,75
2020/2021,2020,FORMACIÓ PROFESSIONAL,CFPM - ATENCIÓ A PERSONES EN SITUACIÓ DE DEPENDÈNCIA,2,2325,1978,347,91,75
2020/2021,2020,FORMACIÓ PROFESSIONAL,CFPM - ATENCIÓ A PERSONES EN SITUACIÓ DE DEPENDÊNCIA,NA,307,234,73,0,1
2020/2021,2020,FORMACIÓ PROFESSIONAL,CFPM - CARROSSERIA,1,578,18,560,20,22
2020/2021,2020,FORMACIÓ PROFESSIONAL,CFPM - CARROSSERIA,2,477,20,457,19,21
2020/2021,2020,FORMACIÓ PROFESSIONAL,CFPM - COMERCIALITZACIÓ DE PRODUCTES ALIMENTARIS,2,6,3,3,1,1
2020/2021,2020,FORMACIÓ PROFESSIONAL,CFPM - CONDUCCIÓ D'ACTIVITATS FISICOESPORTIVES EN EL MEDI NATURAL,1,2543,467,2076,59,64
2020/2021,2020,FORMACIÓ PROFESSIONAL,CFPM - CONDUCCIÓ DE VEHICLES DE TRANSPORT PER CARRETERA,1,15,1,14,1,1
2020/2021,2020,FORMACIÓ PROFESSIONAL,CFPM - CONDUCCIÓ DE VEHICLES DE TRANSPORT PER CARRETERA,2,12,3,9,1,1
2020/2021,2020,FORMACIÓ PROFESSIONAL,CFPM - CONFECCIÓ I MODA,1,204,170,34,7,6
2020/2021,2020,FORMACIÓ PROFESSIONAL,CFPM - CONFECCIÓ I MODA,2,140,108,32,6,6
2020/2021,2020,FORMACIÓ PROFESSIONAL,CFPM - CONSTRUCCIÓ,1,38,6,32,2,2
2020/2021,2020,FORMACIÓ PROFESSIONAL,CFPM - CONSTRUCCIÓ,2,28,7,21,2,2
2020/2021,2020,FORMACIÓ PROFESSIONAL,CFPM - CUINA I GASTRONOMIA,1,896,267,629,32,25
2020/2021,2020,FORMACIÓ PROFESSIONAL,CFPM - CUINA I GASTRONOMIA,2,1122,339,783,32,24
2020/2021,2020,FORMACIÓ PROFESSIONAL,CFPM - CULTIUS AQÜÍCOLES,1,8,6,2,1,1
2020/2021,2020,FORMACIÓ PROFESSIONAL,CFPM - CULTIUS AQÜÍCOLES,2,16,4,12,1,1
2020/2021,2020,FORMACIÓ PROFESSIONAL,CFPM - CURES AUXILIARS D'INFERMERIA,1,13673,11157,2516,162,84
2020/2021,2020,FORMACIÓ PROFESSIONAL,CFPM - CURES AUXILIARS D'INFERMERIA,2,191,160,31,0,8
2020/2021,2020,FORMACIÓ PROFESSIONAL,CFPM - CURES AUXILIARS D'INFERMERIA,P,196,160,36,0,6
2020/2021,2020,FORMACIÓ PROFESSIONAL,CFPM - CURES AUXILIARS D'INFERMERIA,NA,1010,835,175,0,1
2020/2021,2020,FORMACIÓ PROFESSIONAL,CFPM - ELABORACIÓ DE PRODUCTES ALIMENTARIS,1,138,51,87,9,9
2020/2021,2020,FORMACIÓ PROFESSIONAL,CFPM - ELABORACIÓ DE PRODUCTES ALIMENTARIS,2,112,37,75,9,9
2020/2021,2020,FORMACIÓ PROFESSIONAL,CFPM - ELECTROMECÀNICA DE MAQUINÀRIA,1,71,1,70,4,4
2020/2021,2020,FORMACIÓ PROFESSIONAL,CFPM - ELECTROMECÀNICA DE MAQUINÀRIA,2,80,1,79,4,4
2020/2021,2020,FORMACIÓ PROFESSIONAL,CFPM - ELECTROMECÀNICA DE VEHICLES,1,1851,52,1799,64,44
2020/2021,2020,FORMACIÓ PROFESSIONAL,CFPM - ELECTROMECÀNICA DE VEHICLES,2,1759,47,1712,62,44
2020/2021,2020,FORMACIÓ PROFESSIONAL,CFPM - ELECTROMECÀNICA DE VEHICLES (AVIONS),1,24,1,23,1,1
2020/2021,2020,FORMACIÓ PROFESSIONAL,CFPM - ELECTROMECÀNICA DE VEHICLES (AVIONS),2,20,0,20,1,1
2020/2021,2020,FORMACIÓ PROFESSIONAL,CFPM - ELECTROMECÀNICA DE VEHICLES (INDUSTRIALS),1,70,2,68,3,3
2020/2021,2020,FORMACIÓ PROFESSIONAL,CFPM - ELECTROMECÀNICA DE VEHICLES (INDUSTRIALS),2,73,0,73,3,3
2020/2021,2020,FORMACIÓ PROFESSIONAL,CFPM - EMERGÈNCIES I PROTECCIÓ CIVIL,1,49,5,44,1,2
2020/2021,2020,FORMACIÓ PROFESSIONAL,CFPM - EMERGÈNCIES I PROTECCIÓ CIVIL,2,40,2,38,1,2
2020/2021,2020,FORMACIÓ PROFESSIONAL,CFPM - EMERGÈNCIES I PROTECCIÓ CIVIL,NA,197,6,191,0,1
2020/2021,2020,FORMACIÓ PROFESSIONAL,CFPM - EMERGÈNCIES SANITÀRIES,1,953,388,565,25,20
2020/2021,2020,FORMACIÓ PROFESSIONAL,CFPM - EMERGÈNCIES SANITÀRIES,2,840,347,493,19,20
2020/2021,2020,FORMACIÓ PROFESSIONAL,CFPM - EMERGÈNCIES SANITÀRIES,P,1,1,0,0,1
2020/2021,2020,FORMACIÓ PROFESSIONAL,CFPM - EMERGÈNCIES SANITÀRIES,NA,198,48,150,0,1
2020/2021,2020,FORMACIÓ PROFESSIONAL,CFPM - ESTÈTICA I BELLESA,1,988,961,27,29,29
2020/2021,2020,FORMACIÓ PROFESSIONAL,CFPM - ESTÈTICA I BELLESA,2,892,868,24,29,29
2020/2021,2020,FORMACIÓ PROFESSIONAL,CFPM - ESTÈTICA I BELLESA,P,1,1,0,0,1
2020/2021,2020,FORMACIÓ PROFESSIONAL,CFPM - EXCAVACIONS I SONDATGES (OPERACIONS DE MAQUINÀRIA DE LA CONSTRUCCIÓ),1,21,0,21,1,1
2020/2021,2020,FORMACIÓ PROFESSIONAL,CFPM - EXCAVACIONS I SONDATGES (OPERACIONS DE MAQUINÀRIA DE LA CONSTRUCCIÓ),2,20,1,19,1,1
2020/2021,2020,FORMACIÓ PROFESSIONAL,CFPM - EXCAVACIONSCFPM - EXCAVACIONS I SONDATGES,1,20,1,19,1,1
2020/2021,2020,FORMACIÓ PROFESSIONAL,CFPM - EXCAVACIONSCFPM - EXCAVACIONS I SONDATGES,2,26,3,23,1,1
2020/2021,2020,FORMACIÓ PROFESSIONAL,CFPM - EXPLOTACIÓ DE SISTEMES INFORMÀTICS,NA,1,0,1,0,1
2020/2021,2020,FORMACIÓ PROFESSIONAL,CFPM - FABRICACIÓ I ENNOBLIMENT DE PRODUCTES TEXTILS (GENERES DE PUNT),1,22,15,7,1,1
2020/2021,2020,FORMACIÓ PROFESSIONAL,CFPM - FABRICACIÓ I ENNOBLIMENT DE PRODUCTES TEXTILS (GENERES DE PUNT),2,6,5,1,1,1
2020/2021,2020,FORMACIÓ PROFESSIONAL,CFPM - FABRICACIÓ I ENNOBLIMENT DE PRODUCTES TÈXTILS,1,41,20,21,2,2
2020/2021,2020,FORMACIÓ PROFESSIONAL,CFPM - FABRICACIÓ I ENNOBLIMENT DE PRODUCTES TÈXTILS,2,17,11,6,2,2
2020/2021,2020,FORMACIÓ PROFESSIONAL,CFPM - FARMÀCIA I PARAFARMÀCIA,1,1450,1123,327,41,35
2020/2021,2020,FORMACIÓ PROFESSIONAL,CFPM - FARMÀCIA I PARAFARMÀCIA,2,1380,1108,272,39,32
2020/2021,2020,FORMACIÓ PROFESSIONAL,CFPM - FARMÀCIA I PARAFARMÀCIA,P,2,2,0,0,1
2020/2021,2020,FORMACIÓ PROFESSIONAL,"CFPM - FORNERIA, PASTISSERIA I CONFITERIA",1,323,201,122,15,16
2020/2021,2020,FORMACIÓ PROFESSIONAL,"CFPM - FORNERIA, PASTISSERIA I CONFITERIA",2,408,229,179,15,16
2020/2021,2020,FORMACIÓ PROFESSIONAL,CFPM - FUSTERIA I MOBLE,1,121,11,110,6,6
2020/2021,2020,FORMACIÓ PROFESSIONAL,CFPM - FUSTERIA I MOBLE,2,141,12,129,8,8
2020/2021,2020,FORMACIÓ PROFESSIONAL,CFPM - GESTIÓ ADMINISTRATIVA,1,3756,1947,1809,139,131
2020/2021,2020,FORMACIÓ PROFESSIONAL,CFPM - GESTIÓ ADMINISTRATIVA,2,4044,2286,1758,138,131
2020/2021,2020,FORMACIÓ PROFESSIONAL,CFPM - GESTIÓ ADMINISTRATIVA,NA,1081,872,209,0,1
2020/2021,2020,FORMACIÓ PROFESSIONAL,CFPM - GESTIÓ ADMINISTRATIVA (ÀMBIT JURÍDIC),1,317,221,96,13,13
2020/2021,2020,FORMACIÓ PROFESSIONAL,CFPM - GESTIÓ ADMINISTRATIVA (ÀMBIT JURÍDIC),2,330,239,91,13,13
2020/2021,2020,FORMACIÓ PROFESSIONAL,CFPM - GESTIÓ ADMINISTRATIVA (ÀMBIT SANITARI),1,26,14,12,1,1
2020/2021,2020,FORMACIÓ PROFESSIONAL,CFPM - IMPRESSIÓ GRÀFICA,1,22,10,12,1,1
2020/2021,2020,FORMACIÓ PROFESSIONAL,CFPM - IMPRESSIÓ GRÀFICA,2,58,17,41,2,2
2020/2021,2020,FORMACIÓ PROFESSIONAL,CFPM - IMPRESSIÓ GRÀFICA (IMPRESSIÓ GRÀFICA I CONVERTING),1,17,4,13,1,1
2020/2021,2020,FORMACIÓ PROFESSIONAL,CFPM - IMPRESSIÓ GRÀFICA (IMPRESSIÓ GRÀFICA I CONVERTING),2,16,2,14,1,1
2020/2021,2020,FORMACIÓ PROFESSIONAL,CFPM - INSTAL·LACIONS DE PRODUCCIÓ DE CALOR,1,65,0,65,3,3
2020/2021,2020,FORMACIÓ PROFESSIONAL,CFPM - INSTAL·LACIONS DE PRODUCCIÓ DE CALOR,2,96,0,96,6,6
2020/2021,2020,FORMACIÓ PROFESSIONAL,CFPM - INSTAL·LACIONS DE TELECOMUNICACIONS,1,358,12,346,15,15
2020/2021,2020,FORMACIÓ PROFESSIONAL,CFPM - INSTAL·LACIONS DE TELECOMUNICACIONS,2,316,16,300,17,17
2020/2021,2020,FORMACIÓ PROFESSIONAL,CFPM - INSTAL·LACIONS ELÈCTRIQUES I AUTOMÀTIQUES,1,1387,34,1353,55,52
2020/2021,2020,FORMACIÓ PROFESSIONAL,CFPM - INSTAL·LACIONS ELÈCTRIQUES I AUTOMÀTIQUES,2,1086,19,1067,54,50
2020/2021,2020,FORMACIÓ PROFESSIONAL,CFPM - INSTAL·LACIONS ELÈCTRIQUES I AUTOMÀTIQUES,NA,362,15,347,0,1
2020/2021,2020,FORMACIÓ PROFESSIONAL,CFPM - INSTAL·LACIONS FRIGORÍFIQUES I DE CLIMATITZACIÓ,1,156,2,154,6,6
2020/2021,2020,FORMACIÓ PROFESSIONAL,CFPM - INSTAL·LACIONS FRIGORÍFIQUES I DE CLIMATITZACIÓ,2,150,3,147,8,8
2020/2021,2020,FORMACIÓ PROFESSIONAL,CFPM - INSTAL·LACIÓ i MOBLAMENT,1,65,9,56,3,3
2020/2021,2020,FORMACIÓ PROFESSIONAL,CFPM - INSTAL·LACIÓ i MOBLAMENT,2,59,6,53,4,4
2020/2021,2020,FORMACIÓ PROFESSIONAL,CFPM - JARDINERIA I FLORISTERIA,1,241,39,202,12,12
2020/2021,2020,FORMACIÓ PROFESSIONAL,CFPM - JARDINERIA I FLORISTERIA,2,181,30,151,11,11
2020/2021,2020,FORMACIÓ PROFESSIONAL,CFPM - MANTENIMENT D'EMBARCACIONS D'ESBARJO,1,168,4,164,8,7
2020/2021,2020,FORMACIÓ PROFESSIONAL,CFPM - MANTENIMENT D'EMBARCACIONS D'ESBARJO,2,123,3,120,8,7
2020/2021,2020,FORMACIÓ PROFESSIONAL,CFPM - MANTENIMENT D'ESTRUCTURES DE FUSTA I MOBILIARI D'EMBARCACIONS D'ESBARJO,1,20,1,19,1,1
2020/2021,2020,FORMACIÓ PROFESSIONAL,CFPM - MANTENIMENT DE MATERIAL RODANT FERROVIARI,1,32,3,29,1,1
2020/2021,2020,FORMACIÓ PROFESSIONAL,CFPM - MANTENIMENT DE MATERIAL RODANT FERROVIARI,2,23,0,23,1,1
2020/2021,2020,FORMACIÓ PROFESSIONAL,CFPM - MANTENIMENT ELECTROMECÀNIC,1,854,22,832,37,36
2020/2021,2020,FORMACIÓ PROFESSIONAL,CFPM - MANTENIMENT ELECTROMECÀNIC,2,751,16,735,39,38
2020/2021,2020,FORMACIÓ PROFESSIONAL,CFPM - MANTENIMENT ELECTROMECÀNIC ( VAIXLLS D'ESBARJO I SERVEIS PORTUARIS,2,1,0,1,1,1
2020/2021,2020,FORMACIÓ PROFESSIONAL,CFPM - MANTENIMENT I CONTROL DE LA MAQUINÀRIA DE VAIXELLS I EMBARCACIONS,1,22,0,22,1,1
2020/2021,2020,FORMACIÓ PROFESSIONAL,CFPM - MANTENIMENT I CONTROL DE LA MAQUINÀRIA DE VAIXELLS I EMBARCACIONS,2,18,0,18,1,1
2020/2021,2020,FORMACIÓ PROFESSIONAL,CFPM - MECANITZACIÓ,1,665,18,647,27,25
2020/2021,2020,FORMACIÓ PROFESSIONAL,CFPM - MECANITZACIÓ,2,588,25,563,27,25
2020/2021,2020,FORMACIÓ PROFESSIONAL,CFPM - MECANITZACIÓ (RELLOTGERIA),1,26,5,21,1,1
2020/2021,2020,FORMACIÓ PROFESSIONAL,CFPM - MECANITZACIÓ (RELLOTGERIA),2,22,2,20,1,1
2020/2021,2020,FORMACIÓ PROFESSIONAL,CFPM - NAVEGACIÓ I PESCA LITORAL,1,25,5,20,1,1
2020/2021,2020,FORMACIÓ PROFESSIONAL,CFPM - NAVEGACIÓ I PESCA LITORAL,2,31,2,29,1,1
2020/2021,2020,FORMACIÓ PROFESSIONAL,"CFPM - OBRES D'INTERIOR, DECORACIÓ i REHABILITACIÓ",1,57,11,46,4,4
2020/2021,2020,FORMACIÓ PROFESSIONAL,"CFPM - OBRES D'INTERIOR, DECORACIÓ i REHABILITACIÓ",2,54,11,43,4,4
2020/2021,2020,FORMACIÓ PROFESSIONAL,CFPM - OLIS D'OLIVA I VINS,1,54,16,38,4,4
2020/2021,2020,FORMACIÓ PROFESSIONAL,CFPM - OLIS D'OLIVA I VINS,2,52,15,37,5,5
2020/2021,2020,FORMACIÓ PROFESSIONAL,CFPM - OPERACIONS DE LABORATORI,1,352,169,183,13,13
2020/2021,2020,FORMACIÓ PROFESSIONAL,CFPM - OPERACIONS DE LABORATORI,2,307,162,145,13,13
2020/2021,2020,FORMACIÓ PROFESSIONAL,CFPM - OPERACIONS SUBAQUÀTIQUES I HIPERBÀRIQUES,1,23,0,23,1,1
2020/2021,2020,FORMACIÓ PROFESSIONAL,CFPM - OPERACIONS SUBAQUÀTIQUES I HIPERBÀRIQUES,2,25,1,24,1,1
2020/2021,2020,FORMACIÓ PROFESSIONAL,CFPM - PEDRA NATURAL,1,14,1,13,1,1
2020/2021,2020,FORMACIÓ PROFESSIONAL,CFPM - PEDRA NATURAL,2,11,0,11,1,1
2020/2021,2020,FORMACIÓ PROFESSIONAL,CFPM - PERRUQUERIA I COSMÈTICA CAPIL·LAR,1,838,625,213,29,37
2020/2021,2020,FORMACIÓ PROFESSIONAL,CFPM - PERRUQUERIA I COSMÈTICA CAPIL·LAR,2,704,564,140,29,36
2020/2021,2020,FORMACIÓ PROFESSIONAL,CFPM - PLANTA QUÍMICA,1,27,6,21,1,1
2020/2021,2020,FORMACIÓ PROFESSIONAL,CFPM - PLANTA QUÍMICA,2,33,4,29,1,1
2020/2021,2020,FORMACIÓ PROFESSIONAL,CFPM - PLANTA QUÍMICA (PRODUCTES FARMACÈUTICS I COSMÈTICS),1,108,53,55,4,4
2020/2021,2020,FORMACIÓ PROFESSIONAL,CFPM - PLANTA QUÍMICA (PRODUCTES FARMACÈUTICS I COSMÈTICS),2,73,36,37,4,4
2020/2021,2020,FORMACIÓ PROFESSIONAL,CFPM - POSTIMPRESSIÓ I ACABATS GRÀFICS,2,15,6,9,1,1
2020/2021,2020,FORMACIÓ PROFESSIONAL,CFPM - PREIMPRESSIÓ DIGITAL,1,279,121,158,11,8
2020/2021,2020,FORMACIÓ PROFESSIONAL,CFPM - PREIMPRESSIÓ DIGITAL,2,315,137,178,11,9
2020/2021,2020,FORMACIÓ PROFESSIONAL,CFPM - PRODUCCIÓ AGROECOLÒGICA,1,55,14,41,3,3
2020/2021,2020,FORMACIÓ PROFESSIONAL,CFPM - PRODUCCIÓ AGROECOLÒGICA,2,41,14,27,3,3
2020/2021,2020,FORMACIÓ PROFESSIONAL,CFPM - PRODUCCIÓ AGROECOLÒGICA (AGRÍCOLA),1,64,14,50,4,4
2020/2021,2020,FORMACIÓ PROFESSIONAL,CFPM - PRODUCCIÓ AGROECOLÒGICA (AGRÍCOLA),2,45,1,44,4,4
2020/2021,2020,FORMACIÓ PROFESSIONAL,CFPM - PRODUCCIÓ AGROPECUÀRIA,1,112,19,93,5,5
2020/2021,2020,FORMACIÓ PROFESSIONAL,CFPM - PRODUCCIÓ AGROPECUÀRIA,2,90,15,75,4,5
2020/2021,2020,FORMACIÓ PROFESSIONAL,CFPM - PRODUCCIÓ AGROPECUÀRIA (AGRÍCOLA),1,19,1,18,1,1
2020/2021,2020,FORMACIÓ PROFESSIONAL,CFPM - PRODUCCIÓ AGROPECUÀRIA (AGRÍCOLA),2,15,2,13,1,1
2020/2021,2020,FORMACIÓ PROFESSIONAL,CFPM - PRODUCCIÓ AGROPECUÀRIA (RAMADERA),1,17,5,12,1,1
2020/2021,2020,FORMACIÓ PROFESSIONAL,CFPM - PRODUCCIÓ AGROPECUÀRIA (RAMADERA),2,11,2,9,1,1
2020/2021,2020,FORMACIÓ PROFESSIONAL,CFPM - SERVEIS EN RESTAURACIÓ,1,504,178,326,18,20
2020/2021,2020,FORMACIÓ PROFESSIONAL,CFPM - SERVEIS EN RESTAURACIÓ,2,712,228,484,19,20
2020/2021,2020,FORMACIÓ PROFESSIONAL,CFPM - SISTEMES MICROINFORMÀTICS I XARXES,1,4892,280,4612,153,104
2020/2021,2020,FORMACIÓ PROFESSIONAL,CFPM - SISTEMES MICROINFORMÀTICS I XARXES,2,4649,288,4361,145,104
2020/2021,2020,FORMACIÓ PROFESSIONAL,CFPM - SISTEMES MICROINFORMÀTICS I XARXES,NA,528,65,463,0,1
2020/2021,2020,FORMACIÓ PROFESSIONAL,CFPM - SOLDADURA I CALDERERIA,1,234,9,225,10,8
2020/2021,2020,FORMACIÓ PROFESSIONAL,CFPM - SOLDADURA I CALDERERIA,2,179,4,175,10,8
2020/2021,2020,FORMACIÓ PROFESSIONAL,CFPM - VIDEO DISCJÒQUEI I SO,1,562,110,452,14,13
2020/2021,2020,FORMACIÓ PROFESSIONAL,CFPM - VIDEO DISCJÒQUEI I SO,2,511,105,406,12,11
2020/2021,2020,FORMACIÓ PROFESSIONAL,CFPM - XARXES I ESTACIONS DE TRACTAMENT D'AIGÜES,1,38,1,37,2,2
2020/2021,2020,FORMACIÓ PROFESSIONAL,CFPM - XARXES I ESTACIONS DE TRACTAMENT D'AIGÜES,2,25,2,23,2,2
2020/2021,2020,FORMACIÓ PROFESSIONAL,CFPS - ADMINISTRACIÓ DE SISTEMES INFORMÀTICS EN XARXA,1,1145,89,1056,33,36
2020/2021,2020,FORMACIÓ PROFESSIONAL,CFPS - ADMINISTRACIÓ DE SISTEMES INFORMÀTICS EN XARXA,2,1351,102,1249,38,43
2020/2021,2020,FORMACIÓ PROFESSIONAL,CFPS - ADMINISTRACIÓ DE SISTEMES INFORMÀTICS EN XARXA,NA,735,69,666,0,1
2020/2021,2020,FORMACIÓ PROFESSIONAL,CFPS - ADMINISTRACIÓ DE SISTEMES INFORMÀTICS EN XARXA (CIBERSEGURETAT),1,769,86,683,15,17
2020/2021,2020,FORMACIÓ PROFESSIONAL,CFPS - ADMINISTRACIÓ DE SISTEMES INFORMÀTICS EN XARXA (CIBERSEGURETAT),2,301,20,281,12,13
2020/2021,2020,FORMACIÓ PROFESSIONAL,CFPS - ADMINISTRACIÓ I FINANCES,1,3359,1885,1474,106,109
2020/2021,2020,FORMACIÓ PROFESSIONAL,CFPS - ADMINISTRACIÓ I FINANCES,2,5504,3347,2157,106,109
2020/2021,2020,FORMACIÓ PROFESSIONAL,CFPS - ADMINISTRACIÓ I FINANCES,P,1,1,0,0,1
2020/2021,2020,FORMACIÓ PROFESSIONAL,CFPS - ADMINISTRACIÓ I FINANCES,NA,2177,1786,391,0,1
2020/2021,2020,FORMACIÓ PROFESSIONAL,CFPS - ADMINISTRACIÓ I FINANCES (GESTOR D'ASSEGURANCES),1,62,36,26,2,3
2020/2021,2020,FORMACIÓ PROFESSIONAL,CFPS - ADMINISTRACIÓ I FINANCES (GESTOR D'ASSEGURANCES),2,60,35,25,2,3
2020/2021,2020,FORMACIÓ PROFESSIONAL,CFPS - AGÈNCIES DE VIATGES I GESTIÓ D'ESDEVENIMENTS,1,164,116,48,6,7
2020/2021,2020,FORMACIÓ PROFESSIONAL,CFPS - AGÈNCIES DE VIATGES I GESTIÓ D'ESDEVENIMENTS,2,311,238,73,9,10
2020/2021,2020,FORMACIÓ PROFESSIONAL,CFPS - ANATOMIA PATOLÒGICA I CITODIAGNÒSTIC,1,376,317,59,8,10
2020/2021,2020,FORMACIÓ PROFESSIONAL,CFPS - ANATOMIA PATOLÒGICA I CITODIAGNÒSTIC,2,325,259,66,7,10
2020/2021,2020,FORMACIÓ PROFESSIONAL,CFPS - ANATOMIA PATOLÒGICA I CITODIAGNÒSTIC,P,4,4,0,0,1
2020/2021,2020,FORMACIÓ PROFESSIONAL,"CFPS - ANIMACIONS EN 3D, JOCS I ENTORNS INTERACTIUS",1,363,70,293,6,13
2020/2021,2020,FORMACIÓ PROFESSIONAL,"CFPS - ANIMACIONS EN 3D, JOCS I ENTORNS INTERACTIUS",2,742,184,558,5,13
2020/2021,2020,FORMACIÓ PROFESSIONAL,"CFPS - ANIMACIONS EN 3D, JOCS I ENTORNS INTERACTIUS",P,17,7,10,0,1
2020/2021,2020,FORMACIÓ PROFESSIONAL,"CFPS - ANIMACIONS EN 3D, JOCS I ENTORNS INTERACTIUS",NA,226,64,162,0,1
2020/2021,2020,FORMACIÓ PROFESSIONAL,CFPS - ANIMACIÓ D'ACTIVITATS FÍSIQUES I ESPORTIVES,2,77,8,69,19,21
2020/2021,2020,FORMACIÓ PROFESSIONAL,"CFPS - ANIMACIÓ EN 3D, JOCS i ENTORNS INTERACTIUS (MONS VIRTUALS, REALITAT AUGMENTADA i GAMIFICACIÓ)",1,209,31,178,0,2
2020/2021,2020,FORMACIÓ PROFESSIONAL,"CFPS - ANIMACIÓ EN 3D, JOCS i ENTORNS INTERACTIUS (MONS VIRTUALS, REALITAT AUGMENTADA i GAMIFICACIÓ)",2,252,47,205,0,2
2020/2021,2020,FORMACIÓ PROFESSIONAL,CFPS - ANIMACIÓ SOCIOCULTURAL I TURÍSTICA,1,169,118,51,12,12
2020/2021,2020,FORMACIÓ PROFESSIONAL,CFPS - ANIMACIÓ SOCIOCULTURAL I TURÍSTICA,2,186,144,42,12,12
2020/2021,2020,FORMACIÓ PROFESSIONAL,CFPS - AQÜICULTURA,1,14,2,12,1,1
2020/2021,2020,FORMACIÓ PROFESSIONAL,CFPS - AQÜICULTURA,2,28,7,21,1,1
2020/2021,2020,FORMACIÓ PROFESSIONAL,CFPS - ASSESSORIA D'IMATGE PERSONAL I CORPORATIVA,1,174,165,9,3,9
2020/2021,2020,FORMACIÓ PROFESSIONAL,CFPS - ASSESSORIA D'IMATGE PERSONAL I CORPORATIVA,2,163,157,6,3,8
2020/2021,2020,FORMACIÓ PROFESSIONAL,CFPS - ASSISTÈNCIA A LA DIRECCIÓ,1,295,196,99,12,14
2020/2021,2020,FORMACIÓ PROFESSIONAL,CFPS - ASSISTÈNCIA A LA DIRECCIÓ,2,703,454,249,13,16
2020/2021,2020,FORMACIÓ PROFESSIONAL,CFPS - ASSISTÈNCIA A LA DIRECCIÓ,NA,438,397,41,0,1
2020/2021,2020,FORMACIÓ PROFESSIONAL,CFPS - AUDIOLOGIA PROTÈTICA,1,110,55,55,2,3
2020/2021,2020,FORMACIÓ PROFESSIONAL,CFPS - AUDIOLOGIA PROTÈTICA,2,102,65,37,2,3
2020/2021,2020,FORMACIÓ PROFESSIONAL,CFPS - AUTOMATITZACIÓ I ROBÒTICA INDUSTRIAL,1,932,44,888,36,35
2020/2021,2020,FORMACIÓ PROFESSIONAL,CFPS - AUTOMATITZACIÓ I ROBÒTICA INDUSTRIAL,2,973,41,932,36,34
2020/2021,2020,FORMACIÓ PROFESSIONAL,CFPS - AUTOMOCIÓ,1,1175,39,1136,36,32
2020/2021,2020,FORMACIÓ PROFESSIONAL,CFPS - AUTOMOCIÓ,2,1202,36,1166,34,32
2020/2021,2020,FORMACIÓ PROFESSIONAL,CFPS - AUTOMOCIÓ,P,5,0,5,0,1
2020/2021,2020,FORMACIÓ PROFESSIONAL,CFPS - CARACTERITZACIÓ I MAQUILLATGE PROFESSIONAL,1,160,153,7,3,6
2020/2021,2020,FORMACIÓ PROFESSIONAL,CFPS - CARACTERITZACIÓ I MAQUILLATGE PROFESSIONAL,2,147,135,12,3,6
2020/2021,2020,FORMACIÓ PROFESSIONAL,CFPS - COMERÇ INTERNACIONAL,1,1029,443,586,27,34
2020/2021,2020,FORMACIÓ PROFESSIONAL,CFPS - COMERÇ INTERNACIONAL,2,1146,471,675,28,36
2020/2021,2020,FORMACIÓ PROFESSIONAL,CFPS - COMERÇ INTERNACIONAL,NA,452,249,203,0,1
2020/2021,2020,FORMACIÓ PROFESSIONAL,CFPS - CONDICIONAMENT FÍSIC,1,765,153,612,15,29
2020/2021,2020,FORMACIÓ PROFESSIONAL,CFPS - CONDICIONAMENT FÍSIC,2,688,143,545,14,25
2020/2021,2020,FORMACIÓ PROFESSIONAL,CFPS - CONSTRUCCIONS METÀL·LIQUES,1,63,2,61,3,3
2020/2021,2020,FORMACIÓ PROFESSIONAL,CFPS - CONSTRUCCIONS METÀL·LIQUES,2,83,0,83,3,3
2020/2021,2020,FORMACIÓ PROFESSIONAL,CFPS - DESENV. D'APLICACIONS MULTIPLATAFORMA (INFORMÀTICA APLICADA A LA LOGÍSTICA),1,35,5,30,2,2
2020/2021,2020,FORMACIÓ PROFESSIONAL,CFPS - DESENV. D'APLICACIONS MULTIPLATAFORMA (INFORMÀTICA APLICADA A LA LOGÍSTICA),2,26,2,24,2,2
2020/2021,2020,FORMACIÓ PROFESSIONAL,CFPS - DESENV. D'APLICACIONS MULTIPLATAFORMA (VIDEOJOCS I OCI DIGITAL),1,243,23,220,5,9
2020/2021,2020,FORMACIÓ PROFESSIONAL,CFPS - DESENV. D'APLICACIONS MULTIPLATAFORMA (VIDEOJOCS I OCI DIGITAL),2,213,12,201,6,9
2020/2021,2020,FORMACIÓ PROFESSIONAL,CFPS - DESENVOLUPAMENT D'APLICACIONS MULTIPLATAFORMA,1,1394,156,1238,38,43
2020/2021,2020,FORMACIÓ PROFESSIONAL,CFPS - DESENVOLUPAMENT D'APLICACIONS MULTIPLATAFORMA,2,2919,386,2533,41,45
2020/2021,2020,FORMACIÓ PROFESSIONAL,CFPS - DESENVOLUPAMENT D'APLICACIONS MULTIPLATAFORMA,NA,784,126,658,0,1
2020/2021,2020,FORMACIÓ PROFESSIONAL,CFPS - DESENVOLUPAMENT D'APLICACIONS WEB,1,1116,137,979,34,38
2020/2021,2020,FORMACIÓ PROFESSIONAL,CFPS - DESENVOLUPAMENT D'APLICACIONS WEB,2,2751,479,2272,39,42
2020/2021,2020,FORMACIÓ PROFESSIONAL,CFPS - DESENVOLUPAMENT D'APLICACIONS WEB,NA,486,119,367,0,1
2020/2021,2020,FORMACIÓ PROFESSIONAL,CFPS - DESENVOLUPAMENT D'APLICACIONS WEB (BIOINFORMÀTICA),1,69,6,63,3,4
2020/2021,2020,FORMACIÓ PROFESSIONAL,CFPS - DESENVOLUPAMENT D'APLICACIONS WEB (BIOINFORMÀTICA),2,75,8,67,3,4
2020/2021,2020,FORMACIÓ PROFESSIONAL,CFPS - DESENVOLUPAMENT DE PROJECTES D'INSTAL·LACIONS TÈRMIQUES I DE FLUIDS,1,13,0,13,1,1
2020/2021,2020,FORMACIÓ PROFESSIONAL,CFPS - DESENVOLUPAMENT DE PROJECTES D'INSTAL·LACIONS TÈRMIQUES I DE FLUIDS,2,17,0,17,2,2
2020/2021,2020,FORMACIÓ PROFESSIONAL,CFPS - DIETÈTICA,1,804,533,271,11,21
2020/2021,2020,FORMACIÓ PROFESSIONAL,CFPS - DIETÈTICA,2,2426,1690,736,11,22
2020/2021,2020,FORMACIÓ PROFESSIONAL,CFPS - DIETÈTICA,P,11,8,3,0,2
2020/2021,2020,FORMACIÓ PROFESSIONAL,CFPS - DIRECCIÓ DE CUINA,1,390,123,267,14,17
2020/2021,2020,FORMACIÓ PROFESSIONAL,CFPS - DIRECCIÓ DE CUINA,2,370,131,239,12,15
2020/2021,2020,FORMACIÓ PROFESSIONAL,CFPS - DIRECCIÓ DE SERVEIS EN RESTAURACIÓ,1,122,41,81,5,7
2020/2021,2020,FORMACIÓ PROFESSIONAL,CFPS - DIRECCIÓ DE SERVEIS EN RESTAURACIÓ,2,184,68,116,6,9
2020/2021,2020,FORMACIÓ PROFESSIONAL,CFPS - DISSENY EN FABRICACIÓ MECÀNICA,1,202,14,188,9,10
2020/2021,2020,FORMACIÓ PROFESSIONAL,CFPS - DISSENY EN FABRICACIÓ MECÀNICA,2,277,15,262,12,13
2020/2021,2020,FORMACIÓ PROFESSIONAL,CFPS - DISSENY EN FABRICACIÓ MECÀNICA (DESENVOLUPAMENT VIRTUAL DE L'AUTOMÒBIL),1,17,1,16,1,1
2020/2021,2020,FORMACIÓ PROFESSIONAL,CFPS - DISSENY EN FABRICACIÓ MECÀNICA (DESENVOLUPAMENT VIRTUAL DE L'AUTOMÒBIL),2,7,1,6,1,1
2020/2021,2020,FORMACIÓ PROFESSIONAL,CFPS - DISSENY I EDICIÓ DE PUBL.IMPRESES I MULTIMÈDIA,1,144,67,77,6,6
2020/2021,2020,FORMACIÓ PROFESSIONAL,CFPS - DISSENY I EDICIÓ DE PUBL.IMPRESES I MULTIMÈDIA,2,176,84,92,8,8
2020/2021,2020,FORMACIÓ PROFESSIONAL,CFPS - DISSENY I GESTIÓ DE LA PRODUCCIÓ GRÀFIC,1,51,21,30,2,2
2020/2021,2020,FORMACIÓ PROFESSIONAL,CFPS - DISSENY I GESTIÓ DE LA PRODUCCIÓ GRÀFIC,2,34,10,24,1,2
2020/2021,2020,FORMACIÓ PROFESSIONAL,CFPS - DISSENY I GESTIÓ DE LA PRODUCCIÓ GRÀFIC,P,1,0,1,0,1
2020/2021,2020,FORMACIÓ PROFESSIONAL,CFPS - DISSENY I MOBLAMENT,1,65,11,54,4,4
2020/2021,2020,FORMACIÓ PROFESSIONAL,CFPS - DISSENY I MOBLAMENT,2,44,7,37,3,3
2020/2021,2020,FORMACIÓ PROFESSIONAL,CFPS - DISSENY I MOBLAMENT (CONSTRUCCIONS EFÍMERES I DECORACIÓ),1,13,5,8,1,1
2020/2021,2020,FORMACIÓ PROFESSIONAL,CFPS - DISSENY I MOBLAMENT (CONSTRUCCIONS EFÍMERES I DECORACIÓ),2,21,3,18,1,1
2020/2021,2020,FORMACIÓ PROFESSIONAL,CFPS - DISSENY TÈCNIC EN TÈXTIL i PELL,1,12,6,6,1,1
2020/2021,2020,FORMACIÓ PROFESSIONAL,CFPS - DISSENY TÈCNIC EN TÈXTIL i PELL,2,11,9,2,1,1
2020/2021,2020,FORMACIÓ PROFESSIONAL,CFPS - DOCUMENTACIÓ I ADMINISTRACIÓ SANITÀRIA,1,641,539,102,14,21
2020/2021,2020,FORMACIÓ PROFESSIONAL,CFPS - DOCUMENTACIÓ I ADMINISTRACIÓ SANITÀRIA,2,2038,1635,403,15,23
2020/2021,2020,FORMACIÓ PROFESSIONAL,CFPS - DOCUMENTACIÓ I ADMINISTRACIÓ SANITÀRIA,P,1,1,0,0,1
2020/2021,2020,FORMACIÓ PROFESSIONAL,CFPS - DOCUMENTACIÓ I ADMINISTRACIÓ SANITÀRIES (GESTIÓ DE DADES),1,30,24,6,1,1
2020/2021,2020,FORMACIÓ PROFESSIONAL,CFPS - DOCUMENTACIÓ I ADMINISTRACIÓ SANITÀRIES (GESTIÓ DE DADES),2,32,27,5,1,1
2020/2021,2020,FORMACIÓ PROFESSIONAL,CFPS - EDUCACIÓ I CONTROL AMBIENTAL,1,118,57,61,8,7
2020/2021,2020,FORMACIÓ PROFESSIONAL,CFPS - EDUCACIÓ I CONTROL AMBIENTAL,2,149,58,91,8,7
2020/2021,2020,FORMACIÓ PROFESSIONAL,CFPS - EDUCACIÓ INFANTIL,1,2782,2472,310,81,80
2020/2021,2020,FORMACIÓ PROFESSIONAL,CFPS - EDUCACIÓ INFANTIL,2,4055,3703,352,83,80
2020/2021,2020,FORMACIÓ PROFESSIONAL,CFPS - EDUCACIÓ INFANTIL,P,4,4,0,0,1
2020/2021,2020,FORMACIÓ PROFESSIONAL,CFPS - EDUCACIÓ INFANTIL,NA,1215,1172,43,0,1
2020/2021,2020,FORMACIÓ PROFESSIONAL,CFPS - EFICIÈNCIA ENERGÈTICA I ENERGIA SOLAR I TÈRMICA,1,47,2,45,3,3
2020/2021,2020,FORMACIÓ PROFESSIONAL,CFPS - EFICIÈNCIA ENERGÈTICA I ENERGIA SOLAR I TÈRMICA,2,33,4,29,2,3
2020/2021,2020,FORMACIÓ PROFESSIONAL,CFPS - ELECTROMEDICINA CLÍNICA,1,56,3,53,2,2
2020/2021,2020,FORMACIÓ PROFESSIONAL,CFPS - ELECTROMEDICINA CLÍNICA,2,42,4,38,2,2
2020/2021,2020,FORMACIÓ PROFESSIONAL,CFPS - ENERGIES RENOVABLES,1,88,9,79,4,4
2020/2021,2020,FORMACIÓ PROFESSIONAL,CFPS - ENERGIES RENOVABLES,2,120,6,114,4,4
2020/2021,2020,FORMACIÓ PROFESSIONAL,CFPS - ENSENYAMENT I ANIMACIÓ SOCIOESPORTIVA,1,1878,376,1502,43,59
2020/2021,2020,FORMACIÓ PROFESSIONAL,CFPS - ENSENYAMENT I ANIMACIÓ SOCIOESPORTIVA,2,1875,358,1517,41,59
2020/2021,2020,FORMACIÓ PROFESSIONAL,CFPS - ESTILISME I DIRECCIÓ DE PERRUQUERIA,1,118,97,21,7,9
2020/2021,2020,FORMACIÓ PROFESSIONAL,CFPS - ESTILISME I DIRECCIÓ DE PERRUQUERIA,2,99,81,18,6,8
2020/2021,2020,FORMACIÓ PROFESSIONAL,CFPS - ESTÈTICA INTEGRAL I BENESTAR,1,274,263,11,10,12
2020/2021,2020,FORMACIÓ PROFESSIONAL,CFPS - ESTÈTICA INTEGRAL I BENESTAR,2,258,252,6,10,12
2020/2021,2020,FORMACIÓ PROFESSIONAL,"CFPS - FABRICACIÓ DE PRODUCTES FARMACÈUTICS, BIOTECNOLÒGICS I AFINS",1,298,158,140,10,9
2020/2021,2020,FORMACIÓ PROFESSIONAL,"CFPS - FABRICACIÓ DE PRODUCTES FARMACÈUTICS, BIOTECNOLÒGICS I AFINS",2,291,136,155,10,9
2020/2021,2020,FORMACIÓ PROFESSIONAL,CFPS - GESTIÓ D'ALLOTJAMENTS TURÍSTICS,1,373,241,132,13,16
2020/2021,2020,FORMACIÓ PROFESSIONAL,CFPS - GESTIÓ D'ALLOTJAMENTS TURÍSTICS,2,497,338,159,13,17
2020/2021,2020,FORMACIÓ PROFESSIONAL,CFPS - GESTIÓ DE L'AIGUA,1,47,6,41,2,2
2020/2021,2020,FORMACIÓ PROFESSIONAL,CFPS - GESTIÓ DE L'AIGUA,2,11,2,9,1,1
2020/2021,2020,FORMACIÓ PROFESSIONAL,CFPS - GESTIÓ DE VENDES I ESPAIS COMERCIALS,1,422,166,256,17,18
2020/2021,2020,FORMACIÓ PROFESSIONAL,CFPS - GESTIÓ DE VENDES I ESPAIS COMERCIALS,2,397,159,238,17,19
2020/2021,2020,FORMACIÓ PROFESSIONAL,CFPS - GESTIÓ DE VENDES I ESPAIS COMERCIALS,NA,279,188,91,0,1
2020/2021,2020,FORMACIÓ PROFESSIONAL,CFPS - GESTIÓ FORESTAL I DEL MEDI NATURAL,1,195,44,151,8,7
2020/2021,2020,FORMACIÓ PROFESSIONAL,CFPS - GESTIÓ FORESTAL I DEL MEDI NATURAL,2,215,31,184,8,7
2020/2021,2020,FORMACIÓ PROFESSIONAL,"CFPS - GUIA, INFORMACIÓ I ASSIST. TURÍST. (DINAMITZACIÓ LÚDICA, CULTURAL I FISICORECREATIVA)",2,14,10,4,2,2
2020/2021,2020,FORMACIÓ PROFESSIONAL,"CFPS - GUIA, INFORMACIÓ I ASSISTÈNCIA TURÍSTIQUES",1,202,138,64,12,12
2020/2021,2020,FORMACIÓ PROFESSIONAL,"CFPS - GUIA, INFORMACIÓ I ASSISTÈNCIA TURÍSTIQUES",2,341,227,114,15,15
2020/2021,2020,FORMACIÓ PROFESSIONAL,CFPS - HIGIENE BUCODENTAL,1,1213,1029,184,23,27
2020/2021,2020,FORMACIÓ PROFESSIONAL,CFPS - HIGIENE BUCODENTAL,2,4992,4349,643,23,25
2020/2021,2020,FORMACIÓ PROFESSIONAL,"CFPS - IL·LUMINACIÓ, CAPTACIÓ i TRACTAMENT D'IMATGE",1,219,88,131,6,7
2020/2021,2020,FORMACIÓ PROFESSIONAL,"CFPS - IL·LUMINACIÓ, CAPTACIÓ i TRACTAMENT D'IMATGE",2,245,106,139,6,7
2020/2021,2020,FORMACIÓ PROFESSIONAL,CFPS - IMATGE PER AL DIAGNÒSTIC I MEDICINA NUCLEAR,1,782,533,249,8,16
2020/2021,2020,FORMACIÓ PROFESSIONAL,CFPS - IMATGE PER AL DIAGNÒSTIC I MEDICINA NUCLEAR,2,5020,3782,1238,9,16
2020/2021,2020,FORMACIÓ PROFESSIONAL,CFPS - INTEGRACIÓ SOCIAL,1,2325,1835,490,71,56
2020/2021,2020,FORMACIÓ PROFESSIONAL,CFPS - INTEGRACIÓ SOCIAL,2,3896,3080,816,66,50
2020/2021,2020,FORMACIÓ PROFESSIONAL,CFPS - INTEGRACIÓ SOCIAL,P,4,3,1,0,1
2020/2021,2020,FORMACIÓ PROFESSIONAL,CFPS - INTEGRACIÓ SOCIAL,NA,2002,1643,359,0,1
2020/2021,2020,FORMACIÓ PROFESSIONAL,CFPS - LABORATORI CLÍNIC I BIOMÈDIC,1,859,626,233,23,23
2020/2021,2020,FORMACIÓ PROFESSIONAL,CFPS - LABORATORI CLÍNIC I BIOMÈDIC,2,905,666,239,23,23
2020/2021,2020,FORMACIÓ PROFESSIONAL,CFPS - LABORATORI CLÍNIC I BIOMÈDIC,P,3,2,1,0,1
2020/2021,2020,FORMACIÓ PROFESSIONAL,CFPS - LABORATORI CLÍNIC I BIOMÈDIC (RECERCA),1,30,24,6,1,1
2020/2021,2020,FORMACIÓ PROFESSIONAL,CFPS - LABORATORI CLÍNIC I BIOMÈDIC (RECERCA),2,27,20,7,1,1
2020/2021,2020,FORMACIÓ PROFESSIONAL,CFPS - LABORATORI D'ANÀLISI I CONTROL DE QUALITAT,1,501,256,245,19,17
2020/2021,2020,FORMACIÓ PROFESSIONAL,CFPS - LABORATORI D'ANÀLISI I CONTROL DE QUALITAT,2,586,313,273,19,17
2020/2021,2020,FORMACIÓ PROFESSIONAL,CFPS - MANTENIMENT AEROMECÀNIC,2,6,0,6,1,1
2020/2021,2020,FORMACIÓ PROFESSIONAL,CFPS - MANTENIMENT AEROMECÀNIC D'AVIONS AMB MOTOR DE TURBINA,1,24,2,22,1,1
2020/2021,2020,FORMACIÓ PROFESSIONAL,CFPS - MANTENIMENT AEROMECÀNIC D'AVIONS AMB MOTOR DE TURBINA,2,23,1,22,1,1
2020/2021,2020,FORMACIÓ PROFESSIONAL,CFPS - MANTENIMENT D'AVIÒNICA,2,34,0,34,1,1
2020/2021,2020,FORMACIÓ PROFESSIONAL,CFPS - MANTENIMENT D'INSTAL·LACIONS TÈRMIQUES I DE FLUIDS,1,118,1,117,7,7
2020/2021,2020,FORMACIÓ PROFESSIONAL,CFPS - MANTENIMENT D'INSTAL·LACIONS TÈRMIQUES I DE FLUIDS,2,103,0,103,7,7
2020/2021,2020,FORMACIÓ PROFESSIONAL,CFPS - MANTENIMENT ELECTRÒNIC,1,100,5,95,7,7
2020/2021,2020,FORMACIÓ PROFESSIONAL,CFPS - MANTENIMENT ELECTRÒNIC,2,89,6,83,8,8
2020/2021,2020,FORMACIÓ PROFESSIONAL,CFPS - MECATRÒNICA INDUSTRIAL,1,589,21,568,23,25
2020/2021,2020,FORMACIÓ PROFESSIONAL,CFPS - MECATRÒNICA INDUSTRIAL,2,674,16,658,27,28
2020/2021,2020,FORMACIÓ PROFESSIONAL,CFPS - MEDIACIÓ COMUNICATIVA,1,55,49,6,3,3
2020/2021,2020,FORMACIÓ PROFESSIONAL,CFPS - MEDIACIÓ COMUNICATIVA,2,69,61,8,3,3
2020/2021,2020,FORMACIÓ PROFESSIONAL,CFPS - MÀRQUETING I PUBLICITAT,1,1668,794,874,35,38
2020/2021,2020,FORMACIÓ PROFESSIONAL,CFPS - MÀRQUETING I PUBLICITAT,2,2453,1272,1181,34,40
2020/2021,2020,FORMACIÓ PROFESSIONAL,CFPS - MÀRQUETING I PUBLICITAT (ENOLÒGIC),1,41,15,26,3,3
2020/2021,2020,FORMACIÓ PROFESSIONAL,CFPS - MÀRQUETING I PUBLICITAT (ENOLÒGIC),2,33,17,16,3,3
2020/2021,2020,FORMACIÓ PROFESSIONAL,CFPS - ORGANITZACIÓ DEL MANTENIMENT DE LA MAQUINÀRIA DE VAIXELLS I EMBARCACIONS,1,27,0,27,1,1
2020/2021,2020,FORMACIÓ PROFESSIONAL,CFPS - ORGANITZACIÓ DEL MANTENIMENT DE LA MAQUINÀRIA DE VAIXELLS I EMBARCACIONS,2,32,2,30,1,1
2020/2021,2020,FORMACIÓ PROFESSIONAL,CFPS - ORGANITZACIÓ I CONTROL D'OBRES DE CONSTRUCCIÓ,1,21,7,14,2,2
2020/2021,2020,FORMACIÓ PROFESSIONAL,CFPS - ORGANITZACIÓ I CONTROL D'OBRES DE CONSTRUCCIÓ,2,22,6,16,2,2
2020/2021,2020,FORMACIÓ PROFESSIONAL,CFPS - ORTOPRÒTESI I PRODUCTES DE SUPORT,1,13,6,7,0,1
2020/2021,2020,FORMACIÓ PROFESSIONAL,CFPS - ORTOPRÒTESI I PRODUCTES DE SUPORT,2,11,2,9,0,1
2020/2021,2020,FORMACIÓ PROFESSIONAL,CFPS - PAISATGISME I MEDI RURAL,1,122,22,100,6,7
2020/2021,2020,FORMACIÓ PROFESSIONAL,CFPS - PAISATGISME I MEDI RURAL,2,107,22,85,6,7
2020/2021,2020,FORMACIÓ PROFESSIONAL,CFPS - PAISATGISME I MEDI RURAL (GESTIÓ AGROPECUÀRIA),1,38,7,31,3,3
2020/2021,2020,FORMACIÓ PROFESSIONAL,CFPS - PAISATGISME I MEDI RURAL (GESTIÓ AGROPECUÀRIA),2,32,0,32,3,3
2020/2021,2020,FORMACIÓ PROFESSIONAL,CFPS - PATRONATGE I MODA,1,140,115,25,5,6
2020/2021,2020,FORMACIÓ PROFESSIONAL,CFPS - PATRONATGE I MODA,2,136,119,17,5,6
2020/2021,2020,FORMACIÓ PROFESSIONAL,CFPS - PREVENCIÓ DE RISCOS PROFESSIONALS,1,71,28,43,4,4
2020/2021,2020,FORMACIÓ PROFESSIONAL,CFPS - PREVENCIÓ DE RISCOS PROFESSIONALS,2,88,28,60,6,6
2020/2021,2020,FORMACIÓ PROFESSIONAL,CFPS - PREVENCIÓ DE RISCOS PROFESSIONALS,NA,612,291,321,0,1
2020/2021,2020,FORMACIÓ PROFESSIONAL,CFPS - PROCESSOS I QUALITAT EN LA INDÚSRIA ALIMENTÀRIA,1,102,47,55,6,7
2020/2021,2020,FORMACIÓ PROFESSIONAL,CFPS - PROCESSOS I QUALITAT EN LA INDÚSRIA ALIMENTÀRIA,2,86,49,37,4,5
2020/2021,2020,FORMACIÓ PROFESSIONAL,CFPS - PRODUCCIÓ D'AUDIOVISUALS I ESPECTACLES,1,254,113,141,6,7
2020/2021,2020,FORMACIÓ PROFESSIONAL,CFPS - PRODUCCIÓ D'AUDIOVISUALS I ESPECTACLES,2,212,78,134,6,7
2020/2021,2020,FORMACIÓ PROFESSIONAL,CFPS - PROGRAMACIÓ DE LA PRODUCCIÓ EN L'EMMOTLLAMENT DE METALLS I POLÍMERS,1,17,1,16,1,1
2020/2021,2020,FORMACIÓ PROFESSIONAL,CFPS - PROGRAMACIÓ DE LA PRODUCCIÓ EN L'EMMOTLLAMENT DE METALLS I POLÍMERS,2,22,0,22,1,1
2020/2021,2020,FORMACIÓ PROFESSIONAL,CFPS - PROGRAMACIÓ DE PRODUCCIÓ EN FABRICACIÓ MECANICA (MOTLLES I MATRIUS),1,33,0,33,2,2
2020/2021,2020,FORMACIÓ PROFESSIONAL,CFPS - PROGRAMACIÓ DE PRODUCCIÓ EN FABRICACIÓ MECANICA (MOTLLES I MATRIUS),2,38,1,37,2,2
2020/2021,2020,FORMACIÓ PROFESSIONAL,CFPS - PROGRAMACIÓ DE PRODUCCIÓ EN FABRICACIÓ MECÀNICA,1,335,8,327,16,19
2020/2021,2020,FORMACIÓ PROFESSIONAL,CFPS - PROGRAMACIÓ DE PRODUCCIÓ EN FABRICACIÓ MECÀNICA,2,345,16,329,17,19
2020/2021,2020,FORMACIÓ PROFESSIONAL,CFPS - PROJECTES D'EDIFICACIÓ,1,91,31,60,5,6
2020/2021,2020,FORMACIÓ PROFESSIONAL,CFPS - PROJECTES D'EDIFICACIÓ,2,96,29,67,5,6
2020/2021,2020,FORMACIÓ PROFESSIONAL,CFPS - PROJECTES D'EDIFICACIÓ (REHABILITACIÓ I RESTAURACIÓ),1,71,26,45,4,4
2020/2021,2020,FORMACIÓ PROFESSIONAL,CFPS - PROJECTES D'EDIFICACIÓ (REHABILITACIÓ I RESTAURACIÓ),2,52,15,37,4,4
2020/2021,2020,FORMACIÓ PROFESSIONAL,CFPS - PROJECTES D'OBRA CIVIL,1,28,7,21,2,2
2020/2021,2020,FORMACIÓ PROFESSIONAL,CFPS - PROJECTES D'OBRA CIVIL,2,26,7,19,2,2
2020/2021,2020,FORMACIÓ PROFESSIONAL,CFPS - PROMOCIÓ DE LA IGUALTAT DE GÈNERE,1,73,67,6,2,3
2020/2021,2020,FORMACIÓ PROFESSIONAL,CFPS - PROMOCIÓ DE LA IGUALTAT DE GÈNERE,2,83,75,8,2,3
2020/2021,2020,FORMACIÓ PROFESSIONAL,CFPS - PRÒTESIS DENTALS,1,183,132,51,3,6
2020/2021,2020,FORMACIÓ PROFESSIONAL,CFPS - PRÒTESIS DENTALS,2,201,143,58,3,6
2020/2021,2020,FORMACIÓ PROFESSIONAL,CFPS - QUÍMICA AMBIENTAL,1,48,21,27,4,4
2020/2021,2020,FORMACIÓ PROFESSIONAL,CFPS - QUÍMICA I SALUT AMBIENTAL,1,100,54,46,5,5
2020/2021,2020,FORMACIÓ PROFESSIONAL,CFPS - QUÍMICA INDUSTRIAL,1,237,74,163,10,6
2020/2021,2020,FORMACIÓ PROFESSIONAL,CFPS - QUÍMICA INDUSTRIAL,2,305,62,243,11,6
2020/2021,2020,FORMACIÓ PROFESSIONAL,CFPS - RADIOTERÀPIA I DOSIMETRIA,1,51,38,13,1,2
2020/2021,2020,FORMACIÓ PROFESSIONAL,CFPS - RADIOTERÀPIA I DOSIMETRIA,2,71,52,19,1,2
2020/2021,2020,FORMACIÓ PROFESSIONAL,CFPS - RAMADERIA I ASSISTÈNCIA EN SANITAT ANIMAL,1,152,91,61,5,4
2020/2021,2020,FORMACIÓ PROFESSIONAL,CFPS - RAMADERIA I ASSISTÈNCIA EN SANITAT ANIMAL,2,136,80,56,4,4
2020/2021,2020,FORMACIÓ PROFESSIONAL,CFPS - REALITZACIÓ DE PROJECTES AUDIOVISUALS I ESPECTACLES,1,367,141,226,6,10
2020/2021,2020,FORMACIÓ PROFESSIONAL,CFPS - REALITZACIÓ DE PROJECTES AUDIOVISUALS I ESPECTACLES,2,597,255,342,6,10
2020/2021,2020,FORMACIÓ PROFESSIONAL,CFPS - SALUT AMBIENTAL,2,77,44,33,4,4
2020/2021,2020,FORMACIÓ PROFESSIONAL,CFPS - SISTEMES DE TELECOMUNICACIONS I INFORMÀTICS,1,186,14,172,9,10
2020/2021,2020,FORMACIÓ PROFESSIONAL,CFPS - SISTEMES DE TELECOMUNICACIONS I INFORMÀTICS,2,201,15,186,9,10
2020/2021,2020,FORMACIÓ PROFESSIONAL,CFPS - SISTEMES ELECTROTÈCNICS I AUTOMATITZATS,1,321,11,310,17,18
2020/2021,2020,FORMACIÓ PROFESSIONAL,CFPS - SISTEMES ELECTROTÈCNICS I AUTOMATITZATS,2,287,10,277,17,18
2020/2021,2020,FORMACIÓ PROFESSIONAL,CFPS - SISTEMES ELECTROTÈCNICS I AUTOMATITZATS (INSTAL. ELÈCTRIQUES I COMUNICACIÓ DE VAIXELLS),1,27,2,25,1,1
2020/2021,2020,FORMACIÓ PROFESSIONAL,CFPS - SISTEMES ELECTROTÈCNICS I AUTOMATITZATS (INSTAL. ELÈCTRIQUES I COMUNICACIÓ DE VAIXELLS),2,18,2,16,1,1
2020/2021,2020,FORMACIÓ PROFESSIONAL,CFPS - SO PER AUDIOVISUALS I ESPECTACLES,1,221,33,188,6,6
2020/2021,2020,FORMACIÓ PROFESSIONAL,CFPS - SO PER AUDIOVISUALS I ESPECTACLES,2,256,33,223,6,6
2020/2021,2020,FORMACIÓ PROFESSIONAL,CFPS - TRANSPORT I LOGÍSTICA,1,426,111,315,13,14
2020/2021,2020,FORMACIÓ PROFESSIONAL,CFPS - TRANSPORT I LOGÍSTICA,2,915,321,594,16,17
2020/2021,2020,FORMACIÓ PROFESSIONAL,CFPS - TRANSPORT MARÍTIM I PESCA D'ALTURA,1,47,8,39,2,1
2020/2021,2020,FORMACIÓ PROFESSIONAL,CFPS - TRANSPORT MARÍTIM I PESCA D'ALTURA,2,59,3,56,2,1
2020/2021,2020,FORMACIÓ PROFESSIONAL,CFPS - VESTUARI A MIDA PER ESPECTACLES,1,58,49,9,2,3
2020/2021,2020,FORMACIÓ PROFESSIONAL,CFPS - VESTUARI A MIDA PER ESPECTACLES,2,56,49,7,2,3
2020/2021,2020,FORMACIÓ PROFESSIONAL,CFPS - VITIVINICULTURA,1,49,19,30,3,3
2020/2021,2020,FORMACIÓ PROFESSIONAL,CFPS - VITIVINICULTURA,2,44,11,33,3,3
2020/2021,2020,FORMACIÓ PROFESSIONAL,CFPS - ÒPTICA D'ULLERA,1,17,10,7,1,1
2020/2021,2020,FORMACIÓ PROFESSIONAL,CFPS - ÒPTICA D'ULLERA,2,21,13,8,1,1
2020/2021,2020,ITINERARIS FORMATIUS ESPECÍFICS,AUXILIAR EN MANTENIMENT D'INSTAL·LACIONS ESPORTIVES,1,79,11,68,0,10
2020/2021,2020,ITINERARIS FORMATIUS ESPECÍFICS,AUXILIAR EN MANTENIMENT D'INSTAL·LACIONS ESPORTIVES,2,17,4,13,0,2
2020/2021,2020,ITINERARIS FORMATIUS ESPECÍFICS,IFE - AUXILIAR EN CURA D'ANIMALS I ESPAIS VERDS,1,55,15,40,0,7
2020/2021,2020,ITINERARIS FORMATIUS ESPECÍFICS,IFE - AUXILIAR EN CURA D'ANIMALS I ESPAIS VERDS,2,62,18,44,0,8
2020/2021,2020,ITINERARIS FORMATIUS ESPECÍFICS,IFE - AUXILIAR EN CURA D'ANIMALS I ESPAIS VERDS,3,30,14,16,0,5
2020/2021,2020,ITINERARIS FORMATIUS ESPECÍFICS,IFE - AUXILIAR EN CURA D'ANIMALS I ESPAIS VERDS,4,34,14,20,0,5
2020/2021,2020,ITINERARIS FORMATIUS ESPECÍFICS,IFE - AUXILIAR EN VENDES I ATENCIÓ AL PÚBLIC,1,163,75,88,0,16
2020/2021,2020,ITINERARIS FORMATIUS ESPECÍFICS,IFE - AUXILIAR EN VENDES I ATENCIÓ AL PÚBLIC,2,147,62,85,0,15
2020/2021,2020,ITINERARIS FORMATIUS ESPECÍFICS,IFE - AUXILIAR EN VENDES I ATENCIÓ AL PÚBLIC,3,123,51,72,0,13
2020/2021,2020,ITINERARIS FORMATIUS ESPECÍFICS,IFE - AUXILIAR EN VENDES I ATENCIÓ AL PÚBLIC,4,74,31,43,0,10
2020/2021,2020,MÚSICA,ACORDIÓ,1,6,6,0,0,4
2020/2021,2020,MÚSICA,ACORDIÓ,2,6,1,5,0,5
2020/2021,2020,MÚSICA,ACORDIÓ,3,10,7,3,0,5
2020/2021,2020,MÚSICA,ACORDIÓ,4,6,5,1,0,5
2020/2021,2020,MÚSICA,ACORDIÓ,5,3,1,2,0,2
2020/2021,2020,MÚSICA,ACORDIÓ,6,6,4,2,0,4
2020/2021,2020,MÚSICA,ACORDIÓ (MÚSICA TRADICIONAL),5,1,1,0,0,1
2020/2021,2020,MÚSICA,ACORDIÓ DIATÓNIC (INTERPRETACIÓ: MÚSICA TRADICIONAL I FLAMENC),1,1,0,1,0,1
2020/2021,2020,MÚSICA,ACORDIÓ DIÀTONIC (INTERPRETACIÓ: JAZZ I MÚSICA MODERNA),1,1,1,0,0,1
2020/2021,2020,MÚSICA,ACORDIÓ DIÀTONIC (INTERPRETACIÓ: JAZZ I MÚSICA MODERNA),3,1,0,1,0,1
2020/2021,2020,MÚSICA,ARPA,1,3,2,1,0,3
2020/2021,2020,MÚSICA,ARPA,2,2,1,1,0,2
2020/2021,2020,MÚSICA,ARPA,3,5,3,2,0,3
2020/2021,2020,MÚSICA,ARPA,4,4,3,1,0,3
2020/2021,2020,MÚSICA,ARPA,5,1,1,0,0,1
2020/2021,2020,MÚSICA,ARPA,6,4,4,0,0,2
2020/2021,2020,MÚSICA,ARPA (INTERPRETACIÓ: CLÀSSICA I CONTEMPORÀNIA),1,1,1,0,0,1
2020/2021,2020,MÚSICA,ARPA (INTERPRETACIÓ: CLÀSSICA I CONTEMPORÀNIA),2,2,1,1,0,2
2020/2021,2020,MÚSICA,BAIX ELÈCTRIC,2,1,0,1,0,1
2020/2021,2020,MÚSICA,BAIX ELÈCTRIC,5,3,0,3,0,1
2020/2021,2020,MÚSICA,BAIX ELÈCTRIC,6,1,0,1,0,1
2020/2021,2020,MÚSICA,BAIX ELÈCTRIC (INTERPRETACIÓ: JAZZ I MÚSICA MODERNA),1,14,0,14,0,4
2020/2021,2020,MÚSICA,BAIX ELÈCTRIC (INTERPRETACIÓ: JAZZ I MÚSICA MODERNA),2,10,1,9,0,3
2020/2021,2020,MÚSICA,BAIX ELÈCTRIC (INTERPRETACIÓ: JAZZ I MÚSICA MODERNA),3,9,0,9,0,4
2020/2021,2020,MÚSICA,BAIX ELÈCTRIC (INTERPRETACIÓ: JAZZ I MÚSICA MODERNA),4,14,0,14,0,4
2020/2021,2020,MÚSICA,BATERIA (INTERPRETACIÓ: JAZZ I MÚSICA MODERNA),1,21,3,18,0,4
2020/2021,2020,MÚSICA,BATERIA (INTERPRETACIÓ: JAZZ I MÚSICA MODERNA),2,10,1,9,0,4
2020/2021,2020,MÚSICA,BATERIA (INTERPRETACIÓ: JAZZ I MÚSICA MODERNA),3,13,0,13,0,4
2020/2021,2020,MÚSICA,BATERIA (INTERPRETACIÓ: JAZZ I MÚSICA MODERNA),4,28,1,27,0,3
2020/2021,2020,MÚSICA,CANT,1,14,11,3,0,8
2020/2021,2020,MÚSICA,CANT,2,18,14,4,0,10
2020/2021,2020,MÚSICA,CANT,3,29,24,5,0,13
2020/2021,2020,MÚSICA,CANT,4,26,23,3,0,14
2020/2021,2020,MÚSICA,CANT,5,37,30,7,0,15
2020/2021,2020,MÚSICA,CANT,6,25,19,6,0,9
2020/2021,2020,MÚSICA,CANT (INTERPRETACIÓ: CLÀSSICA I CONTEMPORÀNIA),1,16,11,5,0,2
2020/2021,2020,MÚSICA,CANT (INTERPRETACIÓ: CLÀSSICA I CONTEMPORÀNIA),2,20,16,4,0,2
2020/2021,2020,MÚSICA,CANT (INTERPRETACIÓ: CLÀSSICA I CONTEMPORÀNIA),3,19,12,7,0,2
2020/2021,2020,MÚSICA,CANT (INTERPRETACIÓ: CLÀSSICA I CONTEMPORÀNIA),4,16,11,5,0,2
2020/2021,2020,MÚSICA,CANT (INTERPRETACIÓ: JAZZ I MÚSICA MODERNA),1,20,18,2,0,4
2020/2021,2020,MÚSICA,CANT (INTERPRETACIÓ: JAZZ I MÚSICA MODERNA),2,14,12,2,0,3
2020/2021,2020,MÚSICA,CANT (INTERPRETACIÓ: JAZZ I MÚSICA MODERNA),3,19,16,3,0,4
2020/2021,2020,MÚSICA,CANT (INTERPRETACIÓ: JAZZ I MÚSICA MODERNA),4,23,18,5,0,4
2020/2021,2020,MÚSICA,CANT FLAMENC (INTERPRETACIÓ: MÚSICA TRADICIONAL),1,2,2,0,0,1
2020/2021,2020,MÚSICA,CANT FLAMENC (INTERPRETACIÓ: MÚSICA TRADICIONAL),3,1,1,0,0,1
2020/2021,2020,MÚSICA,CANT FLAMENC (INTERPRETACIÓ: MÚSICA TRADICIONAL),4,4,4,0,0,1
2020/2021,2020,MÚSICA,CANT HISTÒRIC (INTERPRETACIÓ: MÚSICA ANTIGA),1,2,2,0,0,1
2020/2021,2020,MÚSICA,CANT HISTÒRIC (INTERPRETACIÓ: MÚSICA ANTIGA),2,2,1,1,0,1
2020/2021,2020,MÚSICA,CANT HISTÒRIC (INTERPRETACIÓ: MÚSICA ANTIGA),3,2,1,1,0,1
2020/2021,2020,MÚSICA,CANT HISTÒRIC (INTERPRETACIÓ: MÚSICA ANTIGA),4,3,1,2,0,1
2020/2021,2020,MÚSICA,CLARINET,1,35,15,20,0,20
2020/2021,2020,MÚSICA,CLARINET,2,33,16,17,0,18
2020/2021,2020,MÚSICA,CLARINET,3,31,19,12,0,15
2020/2021,2020,MÚSICA,CLARINET,4,26,17,9,0,16
2020/2021,2020,MÚSICA,CLARINET,5,37,12,25,0,19
2020/2021,2020,MÚSICA,CLARINET,6,38,21,17,0,21
2020/2021,2020,MÚSICA,CLARINET (INTERPRETACIÓ: CLÀSSICA I CONTEMPORÀNIA),1,7,3,4,0,2
2020/2021,2020,MÚSICA,CLARINET (INTERPRETACIÓ: CLÀSSICA I CONTEMPORÀNIA),2,7,3,4,0,2
2020/2021,2020,MÚSICA,CLARINET (INTERPRETACIÓ: CLÀSSICA I CONTEMPORÀNIA),3,4,1,3,0,2
2020/2021,2020,MÚSICA,CLARINET (INTERPRETACIÓ: CLÀSSICA I CONTEMPORÀNIA),4,3,0,3,0,1
2020/2021,2020,MÚSICA,CLARINET (INTERPRETACIÓ: JAZZ I MÚSICA MODERNA),1,2,1,1,0,2
2020/2021,2020,MÚSICA,CLARINET (INTERPRETACIÓ: JAZZ I MÚSICA MODERNA),3,2,0,2,0,2
2020/2021,2020,MÚSICA,CLARINET (INTERPRETACIÓ: JAZZ I MÚSICA MODERNA),4,1,1,0,0,1
2020/2021,2020,MÚSICA,CLAVICÈMBAL,1,2,0,2,0,2
2020/2021,2020,MÚSICA,CLAVICÈMBAL,2,1,1,0,0,1
2020/2021,2020,MÚSICA,CLAVICÈMBAL,3,2,2,0,0,2
2020/2021,2020,MÚSICA,CLAVICÈMBAL,4,1,0,1,0,1
2020/2021,2020,MÚSICA,CLAVICÈMBAL (INTERPRETACIÓ: MÚSICA ANTIGA),1,1,0,1,0,1
2020/2021,2020,MÚSICA,COMPOSICIÓ,1,21,7,14,0,3
2020/2021,2020,MÚSICA,COMPOSICIÓ,2,19,4,15,0,3
2020/2021,2020,MÚSICA,COMPOSICIÓ,3,18,1,17,0,3
2020/2021,2020,MÚSICA,COMPOSICIÓ,4,14,2,12,0,3
2020/2021,2020,MÚSICA,CONTRABAIX,1,14,5,9,0,10
2020/2021,2020,MÚSICA,CONTRABAIX,2,26,6,20,0,13
2020/2021,2020,MÚSICA,CONTRABAIX,3,16,6,10,0,12
2020/2021,2020,MÚSICA,CONTRABAIX,4,11,5,6,0,8
2020/2021,2020,MÚSICA,CONTRABAIX,5,10,3,7,0,8
2020/2021,2020,MÚSICA,CONTRABAIX,6,11,4,7,0,8
2020/2021,2020,MÚSICA,CONTRABAIX (INTERPRETACIÓ: CLÀSSICA I CONTEMPORÀNIA),1,4,2,2,0,1
2020/2021,2020,MÚSICA,CONTRABAIX (INTERPRETACIÓ: CLÀSSICA I CONTEMPORÀNIA),2,2,1,1,0,1
2020/2021,2020,MÚSICA,CONTRABAIX (INTERPRETACIÓ: CLÀSSICA I CONTEMPORÀNIA),3,4,2,2,0,2
2020/2021,2020,MÚSICA,CONTRABAIX (INTERPRETACIÓ: CLÀSSICA I CONTEMPORÀNIA),4,5,1,4,0,2
2020/2021,2020,MÚSICA,CONTRABAIX (INTERPRETACIÓ: JAZZ I MÚSICA MODERNA),1,3,0,3,0,2
2020/2021,2020,MÚSICA,CONTRABAIX (INTERPRETACIÓ: JAZZ I MÚSICA MODERNA),2,3,0,3,0,2
2020/2021,2020,MÚSICA,CONTRABAIX (INTERPRETACIÓ: JAZZ I MÚSICA MODERNA),3,4,0,4,0,2
2020/2021,2020,MÚSICA,CONTRABAIX (INTERPRETACIÓ: JAZZ I MÚSICA MODERNA),4,6,1,5,0,3
2020/2021,2020,MÚSICA,CORNAMUSA (INTERPRETACIÓ: MÚSICA TRADICIONAL I FLAMENC),2,1,0,1,0,1
2020/2021,2020,MÚSICA,FAGOT,1,11,4,7,0,9
2020/2021,2020,MÚSICA,FAGOT,2,6,4,2,0,5
2020/2021,2020,MÚSICA,FAGOT,3,6,1,5,0,6
2020/2021,2020,MÚSICA,FAGOT,4,9,6,3,0,8
2020/2021,2020,MÚSICA,FAGOT,5,7,3,4,0,5
2020/2021,2020,MÚSICA,FAGOT,6,12,6,6,0,9
2020/2021,2020,MÚSICA,FAGOT (INTERPRETACIÓ: CLÀSSICA I CONTEMPORÀNIA),1,1,1,0,0,1
2020/2021,2020,MÚSICA,FAGOT (INTERPRETACIÓ: CLÀSSICA I CONTEMPORÀNIA),2,3,2,1,0,2
2020/2021,2020,MÚSICA,FAGOT (INTERPRETACIÓ: CLÀSSICA I CONTEMPORÀNIA),3,3,1,2,0,2
2020/2021,2020,MÚSICA,FAGOTS HISTÒRICS (INTERPRETACIÓ: MÚSICA ANTIGA),1,1,0,1,0,1
2020/2021,2020,MÚSICA,FAGOTS HISTÒRICS (INTERPRETACIÓ: MÚSICA ANTIGA),4,1,0,1,0,1
2020/2021,2020,MÚSICA,FLABIOL I TAMBORÍ,1,2,2,0,0,2
2020/2021,2020,MÚSICA,FLABIOL I TAMBORÍ,3,3,3,0,0,3
2020/2021,2020,MÚSICA,FLABIOL I TAMBORÍ,5,1,0,1,0,1
2020/2021,2020,MÚSICA,FLABIOL I TAMBORÍ,6,1,0,1,0,1
2020/2021,2020,MÚSICA,FLABIOL I TAMBORÍ (INTERPRETACIÓ: MÚSICA TRADICIONAL),2,1,0,1,0,1
2020/2021,2020,MÚSICA,FLABIOL I TAMBORÍ (INTERPRETACIÓ: MÚSICA TRADICIONAL),3,1,1,0,0,1
2020/2021,2020,MÚSICA,FLAUTA DE BEC,1,3,1,2,0,2
2020/2021,2020,MÚSICA,FLAUTA DE BEC,2,7,3,4,0,6
2020/2021,2020,MÚSICA,FLAUTA DE BEC,3,4,2,2,0,3
2020/2021,2020,MÚSICA,FLAUTA DE BEC,4,5,3,2,0,4
2020/2021,2020,MÚSICA,FLAUTA DE BEC,5,3,2,1,0,3
2020/2021,2020,MÚSICA,FLAUTA DE BEC,6,4,4,0,0,4
2020/2021,2020,MÚSICA,FLAUTA DE BEC (INTERPRETACIÓ: CLÀSSICA I CONTEMPORÀNIA),1,2,2,0,0,1
2020/2021,2020,MÚSICA,FLAUTA DE BEC (INTERPRETACIÓ: CLÀSSICA I CONTEMPORÀNIA),2,1,1,0,0,1
2020/2021,2020,MÚSICA,FLAUTA DE BEC (INTERPRETACIÓ: CLÀSSICA I CONTEMPORÀNIA),3,1,1,0,0,1
2020/2021,2020,MÚSICA,FLAUTA DE BEC (INTERPRETACIÓ: MÚSICA ANTIGA),3,2,2,0,0,1
2020/2021,2020,MÚSICA,FLAUTA TRAVESSERA,1,35,28,7,0,20
2020/2021,2020,MÚSICA,FLAUTA TRAVESSERA,2,41,36,5,0,20
2020/2021,2020,MÚSICA,FLAUTA TRAVESSERA,3,41,35,6,0,20
2020/2021,2020,MÚSICA,FLAUTA TRAVESSERA,4,57,46,11,0,22
2020/2021,2020,MÚSICA,FLAUTA TRAVESSERA,5,51,40,11,0,20
2020/2021,2020,MÚSICA,FLAUTA TRAVESSERA,6,65,54,11,0,20
2020/2021,2020,MÚSICA,FLAUTA TRAVESSERA (INTERPRETACIÓ: CLÀSSICA I CONTEMPORÀNIA),1,5,3,2,0,1
2020/2021,2020,MÚSICA,FLAUTA TRAVESSERA (INTERPRETACIÓ: CLÀSSICA I CONTEMPORÀNIA),2,5,5,0,0,1
2020/2021,2020,MÚSICA,FLAUTA TRAVESSERA (INTERPRETACIÓ: CLÀSSICA I CONTEMPORÀNIA),3,4,2,2,0,1
2020/2021,2020,MÚSICA,FLAUTA TRAVESSERA (INTERPRETACIÓ: CLÀSSICA I CONTEMPORÀNIA),4,3,2,1,0,1
2020/2021,2020,MÚSICA,FLAUTA TRAVESSERA (INTERPRETACIÓ: JAZZ I MÚSICA MODERNA),1,2,0,2,0,2
2020/2021,2020,MÚSICA,FLAUTA TRAVESSERA (INTERPRETACIÓ: JAZZ I MÚSICA MODERNA),3,1,0,1,0,1
2020/2021,2020,MÚSICA,GUITARRA,1,61,24,37,0,21
2020/2021,2020,MÚSICA,GUITARRA,2,49,23,26,0,22
2020/2021,2020,MÚSICA,GUITARRA,3,55,21,34,0,20
2020/2021,2020,MÚSICA,GUITARRA,4,48,20,28,0,20
2020/2021,2020,MÚSICA,GUITARRA,5,54,29,25,0,17
2020/2021,2020,MÚSICA,GUITARRA,6,46,24,22,0,18
2020/2021,2020,MÚSICA,GUITARRA (INTERPRETACIÓ: CLÀSSICA I CONTEMPORÀNIA),1,7,2,5,0,2
2020/2021,2020,MÚSICA,GUITARRA (INTERPRETACIÓ: CLÀSSICA I CONTEMPORÀNIA),2,7,2,5,0,2
2020/2021,2020,MÚSICA,GUITARRA (INTERPRETACIÓ: CLÀSSICA I CONTEMPORÀNIA),3,3,1,2,0,1
2020/2021,2020,MÚSICA,GUITARRA (INTERPRETACIÓ: CLÀSSICA I CONTEMPORÀNIA),4,3,1,2,0,2
2020/2021,2020,MÚSICA,GUITARRA ACÚSTICA (INTERPRETACIÓ: JAZZ I MÚSICA MODERNA),1,3,0,3,0,1
2020/2021,2020,MÚSICA,GUITARRA ACÚSTICA (INTERPRETACIÓ: JAZZ I MÚSICA MODERNA),2,3,0,3,0,1
2020/2021,2020,MÚSICA,GUITARRA ACÚSTICA (INTERPRETACIÓ: JAZZ I MÚSICA MODERNA),3,1,0,1,0,1
2020/2021,2020,MÚSICA,GUITARRA ACÚSTICA (INTERPRETACIÓ: JAZZ I MÚSICA MODERNA),4,1,0,1,0,1
2020/2021,2020,MÚSICA,GUITARRA ELÈCTRICA,1,5,1,4,0,4
2020/2021,2020,MÚSICA,GUITARRA ELÈCTRICA,2,6,1,5,0,5
2020/2021,2020,MÚSICA,GUITARRA ELÈCTRICA,3,5,1,4,0,3
2020/2021,2020,MÚSICA,GUITARRA ELÈCTRICA,4,4,0,4,0,4
2020/2021,2020,MÚSICA,GUITARRA ELÈCTRICA,5,11,1,10,0,3
2020/2021,2020,MÚSICA,GUITARRA ELÈCTRICA,6,10,2,8,0,3
2020/2021,2020,MÚSICA,GUITARRA ELÈCTRICA (INTERPRETACIÓ: JAZZ I MÚSICA MODERNA),1,21,0,21,0,3
2020/2021,2020,MÚSICA,GUITARRA ELÈCTRICA (INTERPRETACIÓ: JAZZ I MÚSICA MODERNA),2,17,0,17,0,3
2020/2021,2020,MÚSICA,GUITARRA ELÈCTRICA (INTERPRETACIÓ: JAZZ I MÚSICA MODERNA),3,21,4,17,0,3
2020/2021,2020,MÚSICA,GUITARRA ELÈCTRICA (INTERPRETACIÓ: JAZZ I MÚSICA MODERNA),4,43,1,42,0,3
2020/2021,2020,MÚSICA,GUITARRA FLAMENCA (INTERPRETACIÓ: MÚSICA TRADICIONAL),1,8,1,7,0,3
2020/2021,2020,MÚSICA,GUITARRA FLAMENCA (INTERPRETACIÓ: MÚSICA TRADICIONAL),2,5,0,5,0,3
2020/2021,2020,MÚSICA,GUITARRA FLAMENCA (INTERPRETACIÓ: MÚSICA TRADICIONAL),3,6,0,6,0,3
2020/2021,2020,MÚSICA,GUITARRA FLAMENCA (INTERPRETACIÓ: MÚSICA TRADICIONAL),4,5,0,5,0,2
2020/2021,2020,MÚSICA,INSTRUMENTS DE CORDA POLSADA,4,1,0,1,0,1
2020/2021,2020,MÚSICA,INSTRUMENTS HISTÒRICS DE BROQUET (INTERPRETACIÓ: MÚSICA ANTIGA),1,1,0,1,0,1
2020/2021,2020,MÚSICA,INSTRUMENTS HISTÒRICS DE BROQUET (INTERPRETACIÓ: MÚSICA ANTIGA),2,1,0,1,0,1
2020/2021,2020,MÚSICA,INSTRUMENTS HISTÒRICS DE BROQUET (INTERPRETACIÓ: MÚSICA ANTIGA),3,1,0,1,0,1
2020/2021,2020,MÚSICA,INSTRUMENTS PROPIS D'ALTRES TRADICIONS I FOLKLORES (INTERPRETACIÓ: MÚSICA TRADICIONAL),4,1,0,1,0,1
2020/2021,2020,MÚSICA,OBOÈ,1,13,5,8,0,8
2020/2021,2020,MÚSICA,OBOÈ,2,16,8,8,0,13
2020/2021,2020,MÚSICA,OBOÈ,3,10,4,6,0,8
2020/2021,2020,MÚSICA,OBOÈ,4,14,11,3,0,9
2020/2021,2020,MÚSICA,OBOÈ,5,13,10,3,0,11
2020/2021,2020,MÚSICA,OBOÈ,6,17,5,12,0,11
2020/2021,2020,MÚSICA,OBOÈ (INTERPRETACIÓ: CLÀSSICA I CONTEMPORÀNIA),1,2,2,0,0,1
2020/2021,2020,MÚSICA,OBOÈ (INTERPRETACIÓ: CLÀSSICA I CONTEMPORÀNIA),2,3,0,3,0,2
2020/2021,2020,MÚSICA,OBOÈ (INTERPRETACIÓ: CLÀSSICA I CONTEMPORÀNIA),4,2,0,2,0,1
2020/2021,2020,MÚSICA,ORGUE,1,2,1,1,0,1
2020/2021,2020,MÚSICA,ORGUE,2,1,0,1,0,1
2020/2021,2020,MÚSICA,ORGUE,3,4,0,4,0,3
2020/2021,2020,MÚSICA,ORGUE,5,1,0,1,0,1
2020/2021,2020,MÚSICA,ORGUE,6,2,0,2,0,2
2020/2021,2020,MÚSICA,ORGUE (INTERPRETACIÓ: CLÀSSICA I CONTEMPORÀNIA),1,1,0,1,0,1
2020/2021,2020,MÚSICA,ORGUE (INTERPRETACIÓ: CLÀSSICA I CONTEMPORÀNIA),2,1,0,1,0,1
2020/2021,2020,MÚSICA,ORGUE (INTERPRETACIÓ: CLÀSSICA I CONTEMPORÀNIA),3,3,0,3,0,1
2020/2021,2020,MÚSICA,PEDAGOGIA DE L'INSTRUMENT,3,8,6,2,0,1
2020/2021,2020,MÚSICA,PEDAGOGIA DE L'INSTRUMENT,4,10,4,6,0,1
2020/2021,2020,MÚSICA,PERCUSSIÓ,1,17,4,13,0,11
2020/2021,2020,MÚSICA,PERCUSSIÓ,2,20,3,17,0,12
2020/2021,2020,MÚSICA,PERCUSSIÓ,3,14,3,11,0,9
2020/2021,2020,MÚSICA,PERCUSSIÓ,4,19,6,13,0,10
2020/2021,2020,MÚSICA,PERCUSSIÓ,5,15,2,13,0,13
2020/2021,2020,MÚSICA,PERCUSSIÓ,6,17,2,15,0,9
2020/2021,2020,MÚSICA,PERCUSSIÓ (INTERPRETACIÓ: CLÀSSICA I CONTEMPORÀNIA),1,2,0,2,0,1
2020/2021,2020,MÚSICA,PERCUSSIÓ (INTERPRETACIÓ: CLÀSSICA I CONTEMPORÀNIA),2,1,0,1,0,1
2020/2021,2020,MÚSICA,PERCUSSIÓ (INTERPRETACIÓ: CLÀSSICA I CONTEMPORÀNIA),3,4,1,3,0,1
2020/2021,2020,MÚSICA,PERCUSSIÓ (INTERPRETACIÓ: CLÀSSICA I CONTEMPORÀNIA),4,1,0,1,0,1
2020/2021,2020,MÚSICA,PERCUSSIÓ (INTERPRETACIÓ: JAZZ I MÚSICA MODERNA),1,2,0,2,0,1
2020/2021,2020,MÚSICA,PERCUSSIÓ (INTERPRETACIÓ: JAZZ I MÚSICA MODERNA),4,1,0,1,0,1
2020/2021,2020,MÚSICA,PERCUSSIÓ (MÚSICA MODERNA I JAZZ),2,2,0,2,0,1
2020/2021,2020,MÚSICA,PERCUSSIÓ (MÚSICA MODERNA I JAZZ),3,1,0,1,0,1
2020/2021,2020,MÚSICA,PERCUSSIÓ (MÚSICA MODERNA I JAZZ),4,2,0,2,0,2
2020/2021,2020,MÚSICA,PERCUSSIÓ (MÚSICA MODERNA I JAZZ),5,1,0,1,0,1
2020/2021,2020,MÚSICA,PERCUSSIÓ (MÚSICA MODERNA I JAZZ),6,1,0,1,0,1
2020/2021,2020,MÚSICA,PIANO,1,164,93,71,0,28
2020/2021,2020,MÚSICA,PIANO,2,147,89,58,0,25
2020/2021,2020,MÚSICA,PIANO,3,138,71,67,0,22
2020/2021,2020,MÚSICA,PIANO,4,117,74,43,0,24
2020/2021,2020,MÚSICA,PIANO,5,142,90,52,0,24
2020/2021,2020,MÚSICA,PIANO,6,206,133,73,0,26
2020/2021,2020,MÚSICA,PIANO (INTERPRETACIÓ: CLÀSSICA I CONTEMPORÀNIA),1,32,18,14,0,2
2020/2021,2020,MÚSICA,PIANO (INTERPRETACIÓ: CLÀSSICA I CONTEMPORÀNIA),2,26,11,15,0,2
2020/2021,2020,MÚSICA,PIANO (INTERPRETACIÓ: CLÀSSICA I CONTEMPORÀNIA),3,26,12,14,0,2
2020/2021,2020,MÚSICA,PIANO (INTERPRETACIÓ: CLÀSSICA I CONTEMPORÀNIA),4,21,10,11,0,2
2020/2021,2020,MÚSICA,PIANO (INTERPRETACIÓ: JAZZ I MÚSICA MODERNA),1,10,4,6,0,4
2020/2021,2020,MÚSICA,PIANO (INTERPRETACIÓ: JAZZ I MÚSICA MODERNA),2,14,4,10,0,3
2020/2021,2020,MÚSICA,PIANO (INTERPRETACIÓ: JAZZ I MÚSICA MODERNA),3,10,2,8,0,3
2020/2021,2020,MÚSICA,PIANO (INTERPRETACIÓ: JAZZ I MÚSICA MODERNA),4,15,4,11,0,2
2020/2021,2020,MÚSICA,PRODUCCIÓ I GESTIÓ,1,7,5,2,0,2
2020/2021,2020,MÚSICA,PRODUCCIÓ I GESTIÓ,2,7,4,3,0,2
2020/2021,2020,MÚSICA,PRODUCCIÓ I GESTIÓ,3,6,1,5,0,1
2020/2021,2020,MÚSICA,SAXÒFON,1,37,14,23,0,21
2020/2021,2020,MÚSICA,SAXÒFON,2,28,8,20,0,13
2020/2021,2020,MÚSICA,SAXÒFON,3,23,5,18,0,15
2020/2021,2020,MÚSICA,SAXÒFON,4,28,10,18,0,13
2020/2021,2020,MÚSICA,SAXÒFON,5,23,12,11,0,15
2020/2021,2020,MÚSICA,SAXÒFON,6,25,8,17,0,12
2020/2021,2020,MÚSICA,SAXÒFON (INTERPRETACIÓ: CLÀSSICA I CONTEMPORÀNIA),1,4,1,3,0,2
2020/2021,2020,MÚSICA,SAXÒFON (INTERPRETACIÓ: CLÀSSICA I CONTEMPORÀNIA),2,2,0,2,0,1
2020/2021,2020,MÚSICA,SAXÒFON (INTERPRETACIÓ: CLÀSSICA I CONTEMPORÀNIA),3,7,3,4,0,2
2020/2021,2020,MÚSICA,SAXÒFON (INTERPRETACIÓ: CLÀSSICA I CONTEMPORÀNIA),4,2,1,1,0,1
2020/2021,2020,MÚSICA,SAXÒFON (INTERPRETACIÓ: JAZZ I MÚSICA MODERNA),1,9,2,7,0,3
2020/2021,2020,MÚSICA,SAXÒFON (INTERPRETACIÓ: JAZZ I MÚSICA MODERNA),2,7,2,5,0,2
2020/2021,2020,MÚSICA,SAXÒFON (INTERPRETACIÓ: JAZZ I MÚSICA MODERNA),3,4,2,2,0,2
2020/2021,2020,MÚSICA,SAXÒFON (INTERPRETACIÓ: JAZZ I MÚSICA MODERNA),4,15,2,13,0,3
2020/2021,2020,MÚSICA,SENSE MODALITAT (DIRECCIÓ),1,5,1,4,0,1
2020/2021,2020,MÚSICA,SENSE MODALITAT (DIRECCIÓ),2,2,1,1,0,1
2020/2021,2020,MÚSICA,SENSE MODALITAT (DIRECCIÓ),3,5,1,4,0,1
2020/2021,2020,MÚSICA,SENSE MODALITAT (DIRECCIÓ),4,2,1,1,0,1
2020/2021,2020,MÚSICA,SENSE MODALITAT (INTERPRETACIÓ: CLÀSSICA I CONTEMPORÀNIA),1,2,0,2,0,1
2020/2021,2020,MÚSICA,SENSE MODALITAT (INTERPRETACIÓ: CLÀSSICA I CONTEMPORÀNIA),2,18,6,12,0,1
2020/2021,2020,MÚSICA,SENSE MODALITAT (INTERPRETACIÓ: CLÀSSICA I CONTEMPORÀNIA),3,18,9,9,0,1
2020/2021,2020,MÚSICA,SENSE MODALITAT (INTERPRETACIÓ: CLÀSSICA I CONTEMPORÀNIA),4,3,1,2,0,1
2020/2021,2020,MÚSICA,SENSE MODALITAT (INTERPRETACIÓ: JAZZ I MÚSICA MODERNA),1,1,0,1,0,1
2020/2021,2020,MÚSICA,SENSE MODALITAT (INTERPRETACIÓ: JAZZ I MÚSICA MODERNA),2,6,0,6,0,1
2020/2021,2020,MÚSICA,SENSE MODALITAT (INTERPRETACIÓ: JAZZ I MÚSICA MODERNA),3,9,1,8,0,1
2020/2021,2020,MÚSICA,SENSE MODALITAT (INTERPRETACIÓ: JAZZ I MÚSICA MODERNA),4,7,1,6,0,1
2020/2021,2020,MÚSICA,SENSE MODALITAT (INTERPRETACIÓ: MÚSICA ANTIGA),1,1,0,1,0,1
2020/2021,2020,MÚSICA,SENSE MODALITAT (INTERPRETACIÓ: MÚSICA ANTIGA),2,3,0,3,0,1
2020/2021,2020,MÚSICA,SENSE MODALITAT (INTERPRETACIÓ: MÚSICA ANTIGA),3,4,1,3,0,1
2020/2021,2020,MÚSICA,SENSE MODALITAT (INTERPRETACIÓ: MÚSICA ANTIGA),4,1,0,1,0,1
2020/2021,2020,MÚSICA,SENSE MODALITAT (INTERPRETACIÓ: MÚSICA TRADICIONAL I FLAMENC),1,6,2,4,0,2
2020/2021,2020,MÚSICA,SENSE MODALITAT (INTERPRETACIÓ: MÚSICA TRADICIONAL I FLAMENC),2,4,3,1,0,1
2020/2021,2020,MÚSICA,SENSE MODALITAT (INTERPRETACIÓ: MÚSICA TRADICIONAL I FLAMENC),3,3,1,2,0,1
2020/2021,2020,MÚSICA,SENSE MODALITAT (INTERPRETACIÓ: MÚSICA TRADICIONAL I FLAMENC),4,2,1,1,0,1
2020/2021,2020,MÚSICA,SENSE MODALITAT (MUSICOLOGIA),1,9,7,2,0,1
2020/2021,2020,MÚSICA,SENSE MODALITAT (MUSICOLOGIA),2,1,1,0,0,1
2020/2021,2020,MÚSICA,SENSE MODALITAT (MUSICOLOGIA),3,4,2,2,0,1
2020/2021,2020,MÚSICA,SENSE MODALITAT (MUSICOLOGIA),4,2,1,1,0,1
2020/2021,2020,MÚSICA,SENSE MODALITAT (PEDAGOGIA),1,28,17,11,0,3
2020/2021,2020,MÚSICA,SENSE MODALITAT (PEDAGOGIA),2,33,17,16,0,3
2020/2021,2020,MÚSICA,SENSE MODALITAT (PEDAGOGIA),3,33,20,13,0,2
2020/2021,2020,MÚSICA,SENSE MODALITAT (PEDAGOGIA),4,27,16,11,0,2
2020/2021,2020,MÚSICA,SONOLOGIA,1,3,1,2,0,1
2020/2021,2020,MÚSICA,SONOLOGIA,2,5,0,5,0,1
2020/2021,2020,MÚSICA,SONOLOGIA,3,9,2,7,0,2
2020/2021,2020,MÚSICA,SONOLOGIA,4,1,0,1,0,1
2020/2021,2020,MÚSICA,TECLATS (INTERPRETACIÓ: JAZZ I MÚSICA MODERNA),1,2,0,2,0,1
2020/2021,2020,MÚSICA,TECLATS (INTERPRETACIÓ: JAZZ I MÚSICA MODERNA),2,2,0,2,0,2
2020/2021,2020,MÚSICA,TECLATS (INTERPRETACIÓ: JAZZ I MÚSICA MODERNA),3,3,0,3,0,3
2020/2021,2020,MÚSICA,TECLATS (INTERPRETACIÓ: JAZZ I MÚSICA MODERNA),4,5,1,4,0,2
2020/2021,2020,MÚSICA,TENORA,1,1,1,0,0,1
2020/2021,2020,MÚSICA,TENORA,2,2,1,1,0,1
2020/2021,2020,MÚSICA,TENORA,3,1,0,1,0,1
2020/2021,2020,MÚSICA,TENORA,4,3,0,3,0,2
2020/2021,2020,MÚSICA,TENORA,5,1,1,0,0,1
2020/2021,2020,MÚSICA,TENORA (INTERPRETACIÓ: MÚSICA TRADICIONAL),1,2,0,2,0,1
2020/2021,2020,MÚSICA,TENORA (INTERPRETACIÓ: MÚSICA TRADICIONAL),3,1,0,1,0,1
2020/2021,2020,MÚSICA,TIBLE,1,1,1,0,0,1
2020/2021,2020,MÚSICA,TIBLE,3,1,1,0,0,1
2020/2021,2020,MÚSICA,TIBLE,4,1,1,0,0,1
2020/2021,2020,MÚSICA,TIBLE,5,1,0,1,0,1
2020/2021,2020,MÚSICA,TIBLE,6,1,0,1,0,1
2020/2021,2020,MÚSICA,TIBLE (INTERPRETACIÓ: MÚSICA TRADICIONAL),3,1,0,1,0,1
2020/2021,2020,MÚSICA,TROMBÓ,1,25,6,19,0,16
2020/2021,2020,MÚSICA,TROMBÓ,2,15,5,10,0,11
2020/2021,2020,MÚSICA,TROMBÓ,3,18,3,15,0,11
2020/2021,2020,MÚSICA,TROMBÓ,4,13,2,11,0,9
2020/2021,2020,MÚSICA,TROMBÓ,5,13,2,11,0,8
2020/2021,2020,MÚSICA,TROMBÓ,6,16,2,14,0,10
2020/2021,2020,MÚSICA,TROMBÓ (INTERPRETACIÓ: CLÀSSICA I CONTEMPORÀNIA),1,2,0,2,0,2
2020/2021,2020,MÚSICA,TROMBÓ (INTERPRETACIÓ: CLÀSSICA I CONTEMPORÀNIA),2,4,0,4,0,1
2020/2021,2020,MÚSICA,TROMBÓ (INTERPRETACIÓ: CLÀSSICA I CONTEMPORÀNIA),3,1,0,1,0,1
2020/2021,2020,MÚSICA,TROMBÓ (INTERPRETACIÓ: CLÀSSICA I CONTEMPORÀNIA),4,1,0,1,0,1
2020/2021,2020,MÚSICA,TROMBÓ (INTERPRETACIÓ: JAZZ I MÚSICA MODERNA),1,2,0,2,0,2
2020/2021,2020,MÚSICA,TROMBÓ (INTERPRETACIÓ: JAZZ I MÚSICA MODERNA),2,3,1,2,0,2
2020/2021,2020,MÚSICA,TROMBÓ (INTERPRETACIÓ: JAZZ I MÚSICA MODERNA),3,1,0,1,0,1
2020/2021,2020,MÚSICA,TROMBÓ-FISCORN BAIX (MÚSICA TRADICIONAL),5,1,0,1,0,1
2020/2021,2020,MÚSICA,TROMBÓ-FISCORN BAIX (MÚSICA TRADICIONAL),6,1,1,0,0,1
2020/2021,2020,MÚSICA,TROMPA,1,17,6,11,0,12
2020/2021,2020,MÚSICA,TROMPA,2,12,3,9,0,10
2020/2021,2020,MÚSICA,TROMPA,3,18,5,13,0,12
2020/2021,2020,MÚSICA,TROMPA,4,5,3,2,0,5
2020/2021,2020,MÚSICA,TROMPA,5,13,3,10,0,7
2020/2021,2020,MÚSICA,TROMPA,6,8,2,6,0,7
2020/2021,2020,MÚSICA,TROMPA (INTERPRETACIÓ: CLÀSSICA I CONTEMPORÀNIA),1,4,1,3,0,2
2020/2021,2020,MÚSICA,TROMPA (INTERPRETACIÓ: CLÀSSICA I CONTEMPORÀNIA),2,6,1,5,0,2
2020/2021,2020,MÚSICA,TROMPA (INTERPRETACIÓ: CLÀSSICA I CONTEMPORÀNIA),3,2,1,1,0,2
2020/2021,2020,MÚSICA,TROMPA (INTERPRETACIÓ: CLÀSSICA I CONTEMPORÀNIA),4,3,2,1,0,1
2020/2021,2020,MÚSICA,TROMPA (INTERPRETACIÓ: JAZZ I MÚSICA MODERNA),2,1,0,1,0,1
2020/2021,2020,MÚSICA,TROMPETA,1,28,13,15,0,17
2020/2021,2020,MÚSICA,TROMPETA,2,23,4,19,0,13
2020/2021,2020,MÚSICA,TROMPETA,3,31,9,22,0,17
2020/2021,2020,MÚSICA,TROMPETA,4,24,7,17,0,15
2020/2021,2020,MÚSICA,TROMPETA,5,24,8,16,0,17
2020/2021,2020,MÚSICA,TROMPETA,6,32,5,27,0,18
2020/2021,2020,MÚSICA,TROMPETA (INTERPRETACIÓ: CLÀSSICA I CONTEMPORÀNIA),1,9,3,6,0,2
2020/2021,2020,MÚSICA,TROMPETA (INTERPRETACIÓ: CLÀSSICA I CONTEMPORÀNIA),2,3,2,1,0,2
2020/2021,2020,MÚSICA,TROMPETA (INTERPRETACIÓ: CLÀSSICA I CONTEMPORÀNIA),3,4,0,4,0,2
2020/2021,2020,MÚSICA,TROMPETA (INTERPRETACIÓ: CLÀSSICA I CONTEMPORÀNIA),4,1,0,1,0,1
2020/2021,2020,MÚSICA,TROMPETA (INTERPRETACIÓ: JAZZ I MÚSICA MODERNA),1,3,0,3,0,2
2020/2021,2020,MÚSICA,TROMPETA (INTERPRETACIÓ: JAZZ I MÚSICA MODERNA),2,6,1,5,0,3
2020/2021,2020,MÚSICA,TROMPETA (INTERPRETACIÓ: JAZZ I MÚSICA MODERNA),3,6,2,4,0,3
2020/2021,2020,MÚSICA,TROMPETA (INTERPRETACIÓ: JAZZ I MÚSICA MODERNA),4,8,0,8,0,3
2020/2021,2020,MÚSICA,TUBA,1,4,0,4,0,4
2020/2021,2020,MÚSICA,TUBA,2,2,0,2,0,2
2020/2021,2020,MÚSICA,TUBA,3,3,1,2,0,3
2020/2021,2020,MÚSICA,TUBA,4,5,1,4,0,3
2020/2021,2020,MÚSICA,TUBA,5,2,0,2,0,1
2020/2021,2020,MÚSICA,TUBA,6,6,0,6,0,4
2020/2021,2020,MÚSICA,TUBA (INTERPRETACIÓ: CLÀSSICA I CONTEMPORÀNIA),1,4,2,2,0,2
2020/2021,2020,MÚSICA,TUBA (INTERPRETACIÓ: CLÀSSICA I CONTEMPORÀNIA),2,1,0,1,0,1
2020/2021,2020,MÚSICA,TUBA (INTERPRETACIÓ: CLÀSSICA I CONTEMPORÀNIA),3,1,0,1,0,1
2020/2021,2020,MÚSICA,TUBA (INTERPRETACIÓ: CLÀSSICA I CONTEMPORÀNIA),4,1,0,1,0,1
2020/2021,2020,MÚSICA,VIOLA,1,24,17,7,0,13
2020/2021,2020,MÚSICA,VIOLA,2,22,12,10,0,15
2020/2021,2020,MÚSICA,VIOLA,3,23,16,7,0,13
2020/2021,2020,MÚSICA,VIOLA,4,21,17,4,0,17
2020/2021,2020,MÚSICA,VIOLA,5,25,21,4,0,13
2020/2021,2020,MÚSICA,VIOLA,6,14,11,3,0,13
2020/2021,2020,MÚSICA,VIOLA (INTERPRETACIÓ: CLÀSSICA I CONTEMPORÀNIA),1,11,8,3,0,2
2020/2021,2020,MÚSICA,VIOLA (INTERPRETACIÓ: CLÀSSICA I CONTEMPORÀNIA),2,8,4,4,0,2
2020/2021,2020,MÚSICA,VIOLA (INTERPRETACIÓ: CLÀSSICA I CONTEMPORÀNIA),3,7,4,3,0,2
2020/2021,2020,MÚSICA,VIOLA (INTERPRETACIÓ: CLÀSSICA I CONTEMPORÀNIA),4,4,2,2,0,2
2020/2021,2020,MÚSICA,VIOLONCEL,1,31,19,12,0,18
2020/2021,2020,MÚSICA,VIOLONCEL,2,41,28,13,0,19
2020/2021,2020,MÚSICA,VIOLONCEL,3,56,38,18,0,20
2020/2021,2020,MÚSICA,VIOLONCEL,4,38,25,13,0,20
2020/2021,2020,MÚSICA,VIOLONCEL,5,42,28,14,0,16
2020/2021,2020,MÚSICA,VIOLONCEL,6,47,31,16,0,23
2020/2021,2020,MÚSICA,VIOLONCEL (INTERPRETACIÓ: CLÀSSICA I CONTEMPORÀNIA),1,11,8,3,0,2
2020/2021,2020,MÚSICA,VIOLONCEL (INTERPRETACIÓ: CLÀSSICA I CONTEMPORÀNIA),2,13,7,6,0,2
2020/2021,2020,MÚSICA,VIOLONCEL (INTERPRETACIÓ: CLÀSSICA I CONTEMPORÀNIA),3,8,4,4,0,2
2020/2021,2020,MÚSICA,VIOLONCEL (INTERPRETACIÓ: CLÀSSICA I CONTEMPORÀNIA),4,14,9,5,0,2
2020/2021,2020,MÚSICA,VIOLONCEL BARROC (INTERPRETACIÓ: MÚSICA ANTIGA),2,2,1,1,0,1
2020/2021,2020,MÚSICA,VIOLÍ,1,115,73,42,0,24
2020/2021,2020,MÚSICA,VIOLÍ,2,96,63,33,0,23
2020/2021,2020,MÚSICA,VIOLÍ,3,92,62,30,0,25
2020/2021,2020,MÚSICA,VIOLÍ,4,124,88,36,0,25
2020/2021,2020,MÚSICA,VIOLÍ,5,85,61,24,0,23
2020/2021,2020,MÚSICA,VIOLÍ,6,108,75,33,0,22
2020/2021,2020,MÚSICA,VIOLÍ (INTERPRETACIÓ: CLÀSSICA I CONTEMPORÀNIA),1,17,10,7,0,2
2020/2021,2020,MÚSICA,VIOLÍ (INTERPRETACIÓ: CLÀSSICA I CONTEMPORÀNIA),2,17,10,7,0,1
2020/2021,2020,MÚSICA,VIOLÍ (INTERPRETACIÓ: CLÀSSICA I CONTEMPORÀNIA),3,12,5,7,0,2
2020/2021,2020,MÚSICA,VIOLÍ (INTERPRETACIÓ: CLÀSSICA I CONTEMPORÀNIA),4,12,9,3,0,1
2020/2021,2020,MÚSICA,VIOLÍ (INTERPRETACIÓ: JAZZ I MÚSICA MODERNA),1,2,1,1,0,1
2020/2021,2020,MÚSICA,VIOLÍ (INTERPRETACIÓ: JAZZ I MÚSICA MODERNA),2,2,0,2,0,2
2020/2021,2020,MÚSICA,VIOLÍ (INTERPRETACIÓ: JAZZ I MÚSICA MODERNA),3,2,1,1,0,2
2020/2021,2020,MÚSICA,VIOLÍ (INTERPRETACIÓ: JAZZ I MÚSICA MODERNA),4,1,1,0,0,1
2020/2021,2020,MÚSICA,VIOLÍ I VIOLA BARROCS (INTERPRETACIÓ: MÚSICA ANTIGA),1,1,0,1,0,1
2020/2021,2020,MÚSICA,VIOLÍ I VIOLA BARROCS (INTERPRETACIÓ: MÚSICA ANTIGA),2,1,0,1,0,1
2020/2021,2020,PROGRAMA DE FORMACIÓ I INSERCIÓ,AUXILIAR D'ACTIVITATS AGROPECUÀRIES,1,77,13,64,0,5
2020/2021,2020,PROGRAMA DE FORMACIÓ I INSERCIÓ,AUXILIAR D'ACTIVITATS D'OFICINA I DE SERVEIS ADMINISTRATIUS GENERALS,1,458,217,241,0,29
2020/2021,2020,PROGRAMA DE FORMACIÓ I INSERCIÓ,AUXILIAR D'ACTIVITATS FORESTALS,1,46,2,44,0,3
2020/2021,2020,PROGRAMA DE FORMACIÓ I INSERCIÓ,AUXILIAR D'ARTS GRÀFIQUES I SERIGRAFIA,1,129,45,84,0,10
2020/2021,2020,PROGRAMA DE FORMACIÓ I INSERCIÓ,AUXILIAR D'HOTELERIA: CUINA I CÀTERING,1,85,26,59,0,7
2020/2021,2020,PROGRAMA DE FORMACIÓ I INSERCIÓ,AUXILIAR D'HOTELERIA: CUINA I SERVEIS DE RESTAURACIÓ,1,844,287,557,0,48
2020/2021,2020,PROGRAMA DE FORMACIÓ I INSERCIÓ,AUXILIAR D'IMATGE PERSONAL: PERRUQUERIA I ESTÈTICA,1,512,416,96,0,28
2020/2021,2020,PROGRAMA DE FORMACIÓ I INSERCIÓ,AUXILIAR D'OBRES D'INTERIOR I PINTURA,1,36,1,35,0,2
2020/2021,2020,PROGRAMA DE FORMACIÓ I INSERCIÓ,AUXILIAR D'OPERACIONS EN AEROPORTS,1,15,3,12,0,1
2020/2021,2020,PROGRAMA DE FORMACIÓ I INSERCIÓ,AUXILIAR DE COMERÇ I ATENCIÓ AL PÚBLIC,1,276,119,157,0,19
2020/2021,2020,PROGRAMA DE FORMACIÓ I INSERCIÓ,AUXILIAR DE CONFECCIÓ EN TÈXTIL I PELL,1,35,19,16,0,4
2020/2021,2020,PROGRAMA DE FORMACIÓ I INSERCIÓ,AUXILIAR DE CONSTRUCCIÓ,1,76,0,76,0,5
2020/2021,2020,PROGRAMA DE FORMACIÓ I INSERCIÓ,AUXILIAR DE CUINA,1,54,10,44,0,4
2020/2021,2020,PROGRAMA DE FORMACIÓ I INSERCIÓ,AUXILIAR DE FABRICACIÓ MECÀNICA I D'AJUST I SOLDADURA,1,165,0,165,0,10
2020/2021,2020,PROGRAMA DE FORMACIÓ I INSERCIÓ,AUXILIAR DE FABRICACIÓ MECÀNICA I INSTAL·LACIONS ELECTROTÈCNIQUES,1,176,2,174,0,13
2020/2021,2020,PROGRAMA DE FORMACIÓ I INSERCIÓ,"AUXILIAR DE FONTANERIA, CALEFACCIÓ I CLIMATITZACIÓ",1,109,0,109,0,7
2020/2021,2020,PROGRAMA DE FORMACIÓ I INSERCIÓ,AUXILIAR DE FUSTERIA METÀL·LICA I PVC,1,30,1,29,0,2
2020/2021,2020,PROGRAMA DE FORMACIÓ I INSERCIÓ,AUXILIAR DE MANTENIMENT D'EMBARCACIONS ESPORTIVES I D'ESBARJO,1,49,1,48,0,3
2020/2021,2020,PROGRAMA DE FORMACIÓ I INSERCIÓ,AUXILIAR DE MUNTATGE I MANTENIMENT D'EQUIPS INFORMÀTICS,1,459,29,430,0,31
2020/2021,2020,PROGRAMA DE FORMACIÓ I INSERCIÓ,AUXILIAR DE MUNTATGES D'INSTAL·LACIONS ELECTROTÈCNIQUES EN EDIFICIS,1,214,6,208,0,14
2020/2021,2020,PROGRAMA DE FORMACIÓ I INSERCIÓ,"AUXILIAR DE MUNTATGES D'INSTAL·LACIONS ELÈCTRIQUES, D'AIGUA I GAS",1,374,3,371,0,26
2020/2021,2020,PROGRAMA DE FORMACIÓ I INSERCIÓ,AUXILIAR DE PASTISSERIA I FORNERIA,1,111,34,77,0,6
2020/2021,2020,PROGRAMA DE FORMACIÓ I INSERCIÓ,AUXILIAR DE PINTURA,1,203,15,188,0,13
2020/2021,2020,PROGRAMA DE FORMACIÓ I INSERCIÓ,AUXILIAR DE REPARACIÓ I MANTENIMENT DE VEHICLES LLEUGERS,1,397,3,394,0,21
2020/2021,2020,PROGRAMA DE FORMACIÓ I INSERCIÓ,AUXILIAR DE SERRALLERIA I CONSTRUCCIONS METÀL·LIQUES,1,73,3,70,0,5
2020/2021,2020,PROGRAMA DE FORMACIÓ I INSERCIÓ,"AUXILIAR DE VENDES, OFICINA I ATENCIÓ AL PÚBLIC",1,1085,456,629,0,70
2020/2021,2020,PROGRAMA DE FORMACIÓ I INSERCIÓ,AUXILIAR DE VIVERS I JARDINS,1,562,60,502,0,36
2020/2021,2020,PROGRAMA DE FORMACIÓ I INSERCIÓ,AUXILIAR EN CONSTRUCCIÓ,1,8,0,8,0,1
2020/2021,2020,PROGRAMA DE FORMACIÓ I INSERCIÓ,AUXILIAR EN ESTABLIMENTS DEL SECTOR CARNI,1,50,4,46,0,2
2020/2021,2020,PROGRAMA DE FORMACIÓ I INSERCIÓ,AUXILIAR EN ESTABLIMENTS HOTELERS I DE RESTAURACIÓ,1,116,32,84,0,8
2020/2021,2020,PROGRAMA DE FORMACIÓ I INSERCIÓ,AUXILIAR EN PASTISSERIA I FORNERIA,1,26,15,11,0,1
2020/2021,2020,PROGRAMA DE FORMACIÓ I INSERCIÓ,AUXILIAR EN TREBALLS DE FUSTERIA I INSTAL·LACIÓ DE MOBLES,1,227,6,221,0,17
2021/2022,2021,ART DRAMÀTIC SUPERIOR,ADRL -  INTERPRETACIÓ,1,73,58,15,0,2
2021/2022,2021,ART DRAMÀTIC SUPERIOR,ADRL -  INTERPRETACIÓ,2,72,47,25,0,2
2021/2022,2021,ART DRAMÀTIC SUPERIOR,ADRL -  INTERPRETACIÓ,3,68,53,15,0,2
2021/2022,2021,ART DRAMÀTIC SUPERIOR,ADRL -  INTERPRETACIÓ,4,106,74,32,0,2
2021/2022,2021,ART DRAMÀTIC SUPERIOR,ADRL - DIRECCIÓ D'ESCENA I DRAMATÚRGIA,1,20,8,12,0,2
2021/2022,2021,ART DRAMÀTIC SUPERIOR,ADRL - DIRECCIÓ D'ESCENA I DRAMATÚRGIA,2,25,17,8,0,2
2021/2022,2021,ART DRAMÀTIC SUPERIOR,ADRL - DIRECCIÓ D'ESCENA I DRAMATÚRGIA,3,29,19,10,0,2
2021/2022,2021,ART DRAMÀTIC SUPERIOR,ADRL - DIRECCIÓ D'ESCENA I DRAMATÚRGIA,4,33,20,13,0,2
2021/2022,2021,ART DRAMÀTIC SUPERIOR,ADRL - ESCENOGRAFIA,1,11,10,1,0,1
2021/2022,2021,ART DRAMÀTIC SUPERIOR,ADRL - ESCENOGRAFIA,2,11,5,6,0,1
2021/2022,2021,ART DRAMÀTIC SUPERIOR,ADRL - ESCENOGRAFIA,3,13,11,2,0,1
2021/2022,2021,ART DRAMÀTIC SUPERIOR,ADRL - ESCENOGRAFIA,4,22,15,7,0,1
2021/2022,2021,ARTS PLÀSTIQUES I DISSENY,CFAM - ARTESANIA DE COMPLEMENTS DE CUIR,1,8,5,3,1,1
2021/2022,2021,ARTS PLÀSTIQUES I DISSENY,CFAM - ARTESANIA DE COMPLEMENTS DE CUIR,2,10,7,3,1,1
2021/2022,2021,ARTS PLÀSTIQUES I DISSENY,CFAM - ASSISTÈNCIA AL PROD. GRÀFIC INTERACTIU (ASSIS.CREACIÓ I PRODUCCIÓ DE VIDEOJOCS),1,28,13,15,1,1
2021/2022,2021,ARTS PLÀSTIQUES I DISSENY,CFAM - ASSISTÈNCIA AL PROD. GRÀFIC INTERACTIU (ASSIS.CREACIÓ I PRODUCCIÓ DE VIDEOJOCS),2,16,8,8,1,1
2021/2022,2021,ARTS PLÀSTIQUES I DISSENY,CFAM - ASSISTÈNCIA AL PRODUCTE GRÀFIC IMPRÈS,1,267,163,104,10,10
2021/2022,2021,ARTS PLÀSTIQUES I DISSENY,CFAM - ASSISTÈNCIA AL PRODUCTE GRÀFIC IMPRÈS,2,258,156,102,10,10
2021/2022,2021,ARTS PLÀSTIQUES I DISSENY,CFAM - ASSISTÈNCIA AL PRODUCTE GRÀFIC IMPRÈS (ASSISTENT DE FOTOGRAFIA),1,45,31,14,2,2
2021/2022,2021,ARTS PLÀSTIQUES I DISSENY,CFAM - ASSISTÈNCIA AL PRODUCTE GRÀFIC IMPRÈS (ASSISTENT DE FOTOGRAFIA),2,21,13,8,1,1
2021/2022,2021,ARTS PLÀSTIQUES I DISSENY,CFAM - ASSISTÈNCIA AL PRODUCTE GRÀFIC INTERACTIU,1,289,159,130,7,10
2021/2022,2021,ARTS PLÀSTIQUES I DISSENY,CFAM - ASSISTÈNCIA AL PRODUCTE GRÀFIC INTERACTIU,2,221,100,121,7,10
2021/2022,2021,ARTS PLÀSTIQUES I DISSENY,CFAM - DECORACIÓ CERÀMICA,1,27,20,7,2,2
2021/2022,2021,ARTS PLÀSTIQUES I DISSENY,CFAM - DECORACIÓ CERÀMICA,2,28,24,4,2,2
2021/2022,2021,ARTS PLÀSTIQUES I DISSENY,CFAM - ESMALTATGE SOBRE METALLS,1,5,2,3,1,1
2021/2022,2021,ARTS PLÀSTIQUES I DISSENY,CFAM - ESMALTATGE SOBRE METALLS,2,6,3,3,1,1
2021/2022,2021,ARTS PLÀSTIQUES I DISSENY,CFAM - FORJA ARTÍSTICA,1,19,7,12,10,2
2021/2022,2021,ARTS PLÀSTIQUES I DISSENY,CFAM - FORJA ARTÍSTICA,2,13,2,11,10,2
2021/2022,2021,ARTS PLÀSTIQUES I DISSENY,CFAM - PROCEDIMENTS DE JOIERIA ARTÍSTICA,1,20,10,10,1,1
2021/2022,2021,ARTS PLÀSTIQUES I DISSENY,CFAM - PROCEDIMENTS DE JOIERIA ARTÍSTICA,2,16,11,5,1,1
2021/2022,2021,ARTS PLÀSTIQUES I DISSENY,CFAM - REPRODUCCIONS ARTÍSTIQUES EN FUSTA,1,28,13,15,6,2
2021/2022,2021,ARTS PLÀSTIQUES I DISSENY,CFAM - REPRODUCCIONS ARTÍSTIQUES EN FUSTA,2,21,15,6,6,2
2021/2022,2021,ARTS PLÀSTIQUES I DISSENY,CFAM - REVESTIMENTS MURALS,1,42,26,16,6,2
2021/2022,2021,ARTS PLÀSTIQUES I DISSENY,CFAM - REVESTIMENTS MURALS,2,35,28,7,6,2
2021/2022,2021,ARTS PLÀSTIQUES I DISSENY,CFAM - SERIGRAFIA ARTÍSTICA,1,91,64,27,4,4
2021/2022,2021,ARTS PLÀSTIQUES I DISSENY,CFAM - TERRISSERIA,2,11,9,2,5,1
2021/2022,2021,ARTS PLÀSTIQUES I DISSENY,CFAS - ANIMACIÓ,1,103,67,36,10,6
2021/2022,2021,ARTS PLÀSTIQUES I DISSENY,CFAS - ANIMACIÓ,2,71,49,22,9,5
2021/2022,2021,ARTS PLÀSTIQUES I DISSENY,CFAS - ANIMACIÓ (VIDEOJOCS I ENTORNS PROFESSIONALS I PROJECTE),1,27,13,14,1,1
2021/2022,2021,ARTS PLÀSTIQUES I DISSENY,CFAS - ANIMACIÓ (VIDEOJOCS I ENTORNS PROFESSIONALS I PROJECTE),2,11,4,7,1,1
2021/2022,2021,ARTS PLÀSTIQUES I DISSENY,CFAS - ANIMACIÓ (VIDEOJOCS I ENTORNS VIRTUALS),1,52,19,33,7,3
2021/2022,2021,ARTS PLÀSTIQUES I DISSENY,CFAS - ANIMACIÓ (VIDEOJOCS I ENTORNS VIRTUALS),2,47,19,28,7,3
2021/2022,2021,ARTS PLÀSTIQUES I DISSENY,CFAS - ARQUITECTURA EFÍMERA,1,32,25,7,6,2
2021/2022,2021,ARTS PLÀSTIQUES I DISSENY,CFAS - ARQUITECTURA EFÍMERA,2,33,25,8,27,3
2021/2022,2021,ARTS PLÀSTIQUES I DISSENY,CFAS - ART TÈXTIL,1,27,22,5,1,1
2021/2022,2021,ARTS PLÀSTIQUES I DISSENY,CFAS - ART TÈXTIL,2,25,21,4,1,1
2021/2022,2021,ARTS PLÀSTIQUES I DISSENY,CFAS - ARTS APLICADES AL MUR,1,67,44,23,13,5
2021/2022,2021,ARTS PLÀSTIQUES I DISSENY,CFAS - ARTS APLICADES AL MUR,2,83,52,31,13,5
2021/2022,2021,ARTS PLÀSTIQUES I DISSENY,CFAS - CERÀMICA ARTÍSTICA,1,30,22,8,11,3
2021/2022,2021,ARTS PLÀSTIQUES I DISSENY,CFAS - CERÀMICA ARTÍSTICA,2,23,14,9,16,4
2021/2022,2021,ARTS PLÀSTIQUES I DISSENY,CFAS - CERÀMICA ARTÍSTICA (FORMACIÓ EN ENTORN PROFESSIONAL),1,26,23,3,1,1
2021/2022,2021,ARTS PLÀSTIQUES I DISSENY,CFAS - CERÀMICA ARTÍSTICA (FORMACIÓ EN ENTORN PROFESSIONAL),2,15,13,2,1,1
2021/2022,2021,ARTS PLÀSTIQUES I DISSENY,CFAS - CÒMIC,1,52,31,21,2,2
2021/2022,2021,ARTS PLÀSTIQUES I DISSENY,CFAS - CÒMIC,2,32,14,18,2,2
2021/2022,2021,ARTS PLÀSTIQUES I DISSENY,CFAS - ENQUADERNACIÓ ARTÍSTICA,2,10,10,0,5,1
2021/2022,2021,ARTS PLÀSTIQUES I DISSENY,CFAS - ESCULTURA APLICADA A L'ESPECTACLE,1,22,14,8,10,2
2021/2022,2021,ARTS PLÀSTIQUES I DISSENY,CFAS - ESCULTURA APLICADA A L'ESPECTACLE,2,25,16,9,11,3
2021/2022,2021,ARTS PLÀSTIQUES I DISSENY,CFAS - ESMALT ARTÍSTIC AL FOC SOBRE METALLS,1,5,4,1,1,1
2021/2022,2021,ARTS PLÀSTIQUES I DISSENY,CFAS - ESMALT ARTÍSTIC AL FOC SOBRE METALLS,2,18,14,4,26,2
2021/2022,2021,ARTS PLÀSTIQUES I DISSENY,CFAS - ESTAMPACIONS I TINTATGES ARTÍSTICS,1,6,4,2,5,1
2021/2022,2021,ARTS PLÀSTIQUES I DISSENY,CFAS - ESTAMPACIONS I TINTATGES ARTÍSTICS,2,8,5,3,5,1
2021/2022,2021,ARTS PLÀSTIQUES I DISSENY,CFAS - ESTILISME D'INDUMENTÀRIA,1,72,55,17,16,3
2021/2022,2021,ARTS PLÀSTIQUES I DISSENY,CFAS - ESTILISME D'INDUMENTÀRIA,2,74,62,12,2,3
2021/2022,2021,ARTS PLÀSTIQUES I DISSENY,CFAS - FOSA ARTÍSTICA,1,7,2,5,5,1
2021/2022,2021,ARTS PLÀSTIQUES I DISSENY,CFAS - FOSA ARTÍSTICA,2,9,4,5,30,2
2021/2022,2021,ARTS PLÀSTIQUES I DISSENY,CFAS - FOTOGRAFIA,1,84,64,20,5,5
2021/2022,2021,ARTS PLÀSTIQUES I DISSENY,CFAS - FOTOGRAFIA,2,89,59,30,5,5
2021/2022,2021,ARTS PLÀSTIQUES I DISSENY,CFAS - GRAVAT I TÈCNIQUES D'ESTAMPACIÓ,1,19,17,2,1,1
2021/2022,2021,ARTS PLÀSTIQUES I DISSENY,CFAS - GRAVAT I TÈCNIQUES D'ESTAMPACIÓ,2,22,20,2,5,1
2021/2022,2021,ARTS PLÀSTIQUES I DISSENY,CFAS - GRÀFICA AUDIOVISUAL,1,52,26,26,1,2
2021/2022,2021,ARTS PLÀSTIQUES I DISSENY,CFAS - GRÀFICA AUDIOVISUAL,2,53,30,23,2,3
2021/2022,2021,ARTS PLÀSTIQUES I DISSENY,CFAS - GRÀFICA AUDIOVISUAL (INFOGRAFIA 3D),1,15,10,5,1,1
2021/2022,2021,ARTS PLÀSTIQUES I DISSENY,CFAS - GRÀFICA AUDIOVISUAL (INFOGRAFIA 3D),2,11,4,7,1,1
2021/2022,2021,ARTS PLÀSTIQUES I DISSENY,CFAS - GRÀFICA AUDIOVISUAL (REALITAT VIRTUAL I GAMIFICACIÓ),1,9,7,2,5,1
2021/2022,2021,ARTS PLÀSTIQUES I DISSENY,CFAS - GRÀFICA AUDIOVISUAL (REALITAT VIRTUAL I GAMIFICACIÓ),2,8,3,5,5,1
2021/2022,2021,ARTS PLÀSTIQUES I DISSENY,CFAS - GRÀFICA IMPRESA,1,41,32,9,6,2
2021/2022,2021,ARTS PLÀSTIQUES I DISSENY,CFAS - GRÀFICA IMPRESA,2,69,53,16,8,4
2021/2022,2021,ARTS PLÀSTIQUES I DISSENY,CFAS - GRÀFICA INTERACTIVA,1,59,36,23,9,5
2021/2022,2021,ARTS PLÀSTIQUES I DISSENY,CFAS - GRÀFICA INTERACTIVA,2,87,48,39,10,7
2021/2022,2021,ARTS PLÀSTIQUES I DISSENY,CFAS - GRÀFICA INTERACTIVA (ESPAIS INTERACTIUS),1,3,1,2,1,1
2021/2022,2021,ARTS PLÀSTIQUES I DISSENY,CFAS - GRÀFICA INTERACTIVA (ESPAIS INTERACTIUS),2,3,2,1,1,1
2021/2022,2021,ARTS PLÀSTIQUES I DISSENY,CFAS - GRÀFICA PUBLICITÀRIA,1,326,203,123,17,15
2021/2022,2021,ARTS PLÀSTIQUES I DISSENY,CFAS - GRÀFICA PUBLICITÀRIA,2,311,181,130,16,13
2021/2022,2021,ARTS PLÀSTIQUES I DISSENY,CFAS - IL·LUSTRACIÓ,1,278,205,73,16,11
2021/2022,2021,ARTS PLÀSTIQUES I DISSENY,CFAS - IL·LUSTRACIÓ,2,287,207,80,16,11
2021/2022,2021,ARTS PLÀSTIQUES I DISSENY,CFAS - JOIERIA ARTÍSTICA,1,79,58,21,8,4
2021/2022,2021,ARTS PLÀSTIQUES I DISSENY,CFAS - JOIERIA ARTÍSTICA,2,83,66,17,8,4
2021/2022,2021,ARTS PLÀSTIQUES I DISSENY,CFAS - MOBLAMENT,2,10,7,3,25,1
2021/2022,2021,ARTS PLÀSTIQUES I DISSENY,CFAS - MODELISME I MATRICERIA CERÀMICA,1,11,8,3,5,1
2021/2022,2021,ARTS PLÀSTIQUES I DISSENY,CFAS - MODELISME I MATRICERIA CERÀMICA,2,7,5,2,5,1
2021/2022,2021,ARTS PLÀSTIQUES I DISSENY,CFAS - MODELISME INDUSTRIAL,1,43,14,29,6,2
2021/2022,2021,ARTS PLÀSTIQUES I DISSENY,CFAS - MODELISME INDUSTRIAL,2,64,26,38,6,3
2021/2022,2021,ARTS PLÀSTIQUES I DISSENY,"CFAS - MOTLLES I REPRODUCCIONS ESCULTÒRIQUES (MODELS 3D, MOTLLES I ART TOYS)",1,7,4,3,5,1
2021/2022,2021,ARTS PLÀSTIQUES I DISSENY,"CFAS - MOTLLES I REPRODUCCIONS ESCULTÒRIQUES (MODELS 3D, MOTLLES I ART TOYS)",2,9,6,3,5,1
2021/2022,2021,ARTS PLÀSTIQUES I DISSENY,CFAS - PROJECTES I DIRECCIÓ D'OBRES DE DECORACIÓ,1,251,202,49,29,11
2021/2022,2021,ARTS PLÀSTIQUES I DISSENY,CFAS - PROJECTES I DIRECCIÓ D'OBRES DE DECORACIÓ,2,267,217,50,29,11
2021/2022,2021,ARTS PLÀSTIQUES I DISSENY,CFAS - PUNTES ARTÍSTIQUES,2,3,2,1,5,1
2021/2022,2021,ARTS PLÀSTIQUES I DISSENY,CFAS - TÈCNIQUES ESCULTÒRIQUES,1,44,24,20,16,4
2021/2022,2021,ARTS PLÀSTIQUES I DISSENY,CFAS - TÈCNIQUES ESCULTÒRIQUES,2,35,22,13,16,4
2021/2022,2021,ARTS PLÀSTIQUES I DISSENY,MODELISME I MATRICERIA CERÀMICA  (INDÚSTRIA ALIMENTÀRIA),2,2,1,1,5,1
2021/2022,2021,BATXILLERAT,BATXILLERAT,NA,2025,1026,999,0,18
2021/2022,2021,BATXILLERAT,BATXILLERAT D'ARTS,1,4402,3470,932,204,136
2021/2022,2021,BATXILLERAT,BATXILLERAT D'ARTS,2,3909,3037,872,200,133
2021/2022,2021,BATXILLERAT,BATXILLERAT D'ARTS,NA,339,238,101,0,1
2021/2022,2021,BATXILLERAT,BATXILLERAT D'HUMANITATS I CIÈNCIES SOCIALS,1,24378,14272,10106,3059,720
2021/2022,2021,BATXILLERAT,BATXILLERAT D'HUMANITATS I CIÈNCIES SOCIALS,2,21529,13035,8494,2796,718
2021/2022,2021,BATXILLERAT,BATXILLERAT D'HUMANITATS I CIÈNCIES SOCIALS,NA,1009,591,418,0,1
2021/2022,2021,BATXILLERAT,BATXILLERAT DE CIÈNCIES I TECNOLOGIA,1,24488,11210,13278,3064,722
2021/2022,2021,BATXILLERAT,BATXILLERAT DE CIÈNCIES I TECNOLOGIA,2,20568,9610,10958,2796,717
2021/2022,2021,BATXILLERAT,BATXILLERAT DE CIÈNCIES I TECNOLOGIA,NA,494,226,268,0,1
2021/2022,2021,CONSERVACIÓ I RESTAURACIÓ DE BÉNS CULTURALS,CONSERVACIÓ I RESTAURACIÓ D'ESCULTURA,3,8,6,2,0,1
2021/2022,2021,CONSERVACIÓ I RESTAURACIÓ DE BÉNS CULTURALS,CONSERVACIÓ I RESTAURACIÓ D'ESCULTURA,4,7,5,2,0,1
2021/2022,2021,CONSERVACIÓ I RESTAURACIÓ DE BÉNS CULTURALS,CONSERVACIÓ I RESTAURACIÓ D'ESCULTURA,A,5,5,0,0,1
2021/2022,2021,CONSERVACIÓ I RESTAURACIÓ DE BÉNS CULTURALS,CONSERVACIÓ I RESTAURACIÓ DE BÉNS ARQUEOLÒGICS,1,33,27,6,0,1
2021/2022,2021,CONSERVACIÓ I RESTAURACIÓ DE BÉNS CULTURALS,CONSERVACIÓ I RESTAURACIÓ DE BÉNS ARQUEOLÒGICS,2,23,20,3,0,1
2021/2022,2021,CONSERVACIÓ I RESTAURACIÓ DE BÉNS CULTURALS,CONSERVACIÓ I RESTAURACIÓ DE BÉNS ARQUEOLÒGICS,3,10,6,4,0,1
2021/2022,2021,CONSERVACIÓ I RESTAURACIÓ DE BÉNS CULTURALS,CONSERVACIÓ I RESTAURACIÓ DE BÉNS ARQUEOLÒGICS,4,12,9,3,0,1
2021/2022,2021,CONSERVACIÓ I RESTAURACIÓ DE BÉNS CULTURALS,CONSERVACIÓ I RESTAURACIÓ DE BÉNS ARQUEOLÒGICS,A,4,4,0,0,1
2021/2022,2021,CONSERVACIÓ I RESTAURACIÓ DE BÉNS CULTURALS,CONSERVACIÓ I RESTAURACIÓ DE DOCUMENT GRÀFIC,3,5,5,0,0,1
2021/2022,2021,CONSERVACIÓ I RESTAURACIÓ DE BÉNS CULTURALS,CONSERVACIÓ I RESTAURACIÓ DE DOCUMENT GRÀFIC,4,11,10,1,0,1
2021/2022,2021,CONSERVACIÓ I RESTAURACIÓ DE BÉNS CULTURALS,CONSERVACIÓ I RESTAURACIÓ DE DOCUMENT GRÀFIC,A,3,3,0,0,1
2021/2022,2021,CONSERVACIÓ I RESTAURACIÓ DE BÉNS CULTURALS,CONSERVACIÓ I RESTAURACIÓ DE PINTURA,3,9,9,0,0,1
2021/2022,2021,CONSERVACIÓ I RESTAURACIÓ DE BÉNS CULTURALS,CONSERVACIÓ I RESTAURACIÓ DE PINTURA,4,13,12,1,0,1
2021/2022,2021,CONSERVACIÓ I RESTAURACIÓ DE BÉNS CULTURALS,CONSERVACIÓ I RESTAURACIÓ DE PINTURA,A,7,7,0,0,1
2021/2022,2021,CURSOS D'ACCÉS SENSE TITULACIÓ,CURS  ESPECÍFIC PER A l'ACCÉS ALS CICLES FORMATIUS DE GRAU MITJÀ D'FP,NA,449,232,217,0,27
2021/2022,2021,DANSA,COREOGRAFIA I INTERPRETACIÓ,1,13,9,4,0,1
2021/2022,2021,DANSA,COREOGRAFIA I INTERPRETACIÓ,2,15,13,2,0,1
2021/2022,2021,DANSA,COREOGRAFIA I INTERPRETACIÓ,3,14,12,2,0,1
2021/2022,2021,DANSA,COREOGRAFIA I INTERPRETACIÓ,4,24,17,7,0,1
2021/2022,2021,DANSA,DANSA CLÀSSICA,1,18,16,2,0,2
2021/2022,2021,DANSA,DANSA CLÀSSICA,2,26,20,6,0,2
2021/2022,2021,DANSA,DANSA CLÀSSICA,3,30,22,8,0,2
2021/2022,2021,DANSA,DANSA CLÀSSICA,4,27,22,5,0,2
2021/2022,2021,DANSA,DANSA CLÀSSICA,5,20,18,2,0,2
2021/2022,2021,DANSA,DANSA CLÀSSICA,6,22,19,3,0,2
2021/2022,2021,DANSA,DANSA CONTEMPORÀNIA,1,25,19,6,0,2
2021/2022,2021,DANSA,DANSA CONTEMPORÀNIA,2,27,23,4,0,2
2021/2022,2021,DANSA,DANSA CONTEMPORÀNIA,3,31,25,6,0,2
2021/2022,2021,DANSA,DANSA CONTEMPORÀNIA,4,26,22,4,0,2
2021/2022,2021,DANSA,DANSA CONTEMPORÀNIA,5,24,22,2,0,2
2021/2022,2021,DANSA,DANSA CONTEMPORÀNIA,6,32,26,6,0,2
2021/2022,2021,DANSA,DANSA ESPANYOLA,1,7,7,0,0,1
2021/2022,2021,DANSA,DANSA ESPANYOLA,2,11,9,2,0,1
2021/2022,2021,DANSA,DANSA ESPANYOLA,3,12,12,0,0,1
2021/2022,2021,DANSA,DANSA ESPANYOLA,4,8,8,0,0,1
2021/2022,2021,DANSA,DANSA ESPANYOLA,5,9,8,1,0,1
2021/2022,2021,DANSA,DANSA ESPANYOLA,6,7,5,2,0,1
2021/2022,2021,DANSA,PEDAGOGIA DE LA DANSA,1,12,10,2,0,1
2021/2022,2021,DANSA,PEDAGOGIA DE LA DANSA,2,6,5,1,0,1
2021/2022,2021,DANSA,PEDAGOGIA DE LA DANSA,3,14,12,2,0,1
2021/2022,2021,DANSA,PEDAGOGIA DE LA DANSA,4,20,19,1,0,1
2021/2022,2021,EDUCACIÓ D'ADULTS,ADAPTACIÓ DE L'EDUCACIÓ SECUNDÀRIA OBLIGATÒRIA PER A PERSONES ADULTES,NA,11153,5360,5793,0,138
2021/2022,2021,EDUCACIÓ D'ADULTS,CICLE DE FORMACIÓ INSTRUMENTAL,NA,7429,3974,3455,0,128
2021/2022,2021,EDUCACIÓ D'ADULTS NO REGLATS,ACCÈS A CICLES FORMATIUS DE GRAU MITJÀ,NA,599,348,251,0,51
2021/2022,2021,EDUCACIÓ D'ADULTS NO REGLATS,ACCÈS A LA UNIVERSITAT PER MAJORS 25,NA,1941,1244,697,0,83
2021/2022,2021,EDUCACIÓ D'ADULTS NO REGLATS,ACCÈS CICLES FORMATIUS DE GRAU SUPERIOR,NA,2684,1386,1298,0,122
2021/2022,2021,EDUCACIÓ D'ADULTS NO REGLATS,INFORMÀTICA NIVELL USUARI,NA,9287,6496,2791,0,142
2021/2022,2021,EDUCACIÓ D'ADULTS NO REGLATS,LLENGUA CASTELLANA,NA,9856,5071,4785,0,140
2021/2022,2021,EDUCACIÓ D'ADULTS NO REGLATS,LLENGUA CATALANA,NA,8223,4156,4067,0,142
2021/2022,2021,EDUCACIÓ D'ADULTS NO REGLATS,LLENGUA ESTRANGERA ANGLÈS INICIAL,NA,11414,7669,3745,0,152
2021/2022,2021,EDUCACIÓ D'ADULTS NO REGLATS,LLENGUA ESTRANGERA FRANCÈS INICIAL,NA,1063,670,393,0,37
2021/2022,2021,EDUCACIÓ ESPECIAL,EDUCACIÓ ESPECIAL INFANTIL,1,99,37,62,0,35
2021/2022,2021,EDUCACIÓ ESPECIAL,EDUCACIÓ ESPECIAL INFANTIL,2,117,43,74,0,42
2021/2022,2021,EDUCACIÓ ESPECIAL,EDUCACIÓ ESPECIAL INFANTIL,3,217,80,137,0,58
2021/2022,2021,EDUCACIÓ ESPECIAL,EDUCACIÓ ESPECIAL PRIMÀRIA,1,240,78,162,0,69
2021/2022,2021,EDUCACIÓ ESPECIAL,EDUCACIÓ ESPECIAL PRIMÀRIA,2,235,73,162,0,70
2021/2022,2021,EDUCACIÓ ESPECIAL,EDUCACIÓ ESPECIAL PRIMÀRIA,3,285,92,193,0,77
2021/2022,2021,EDUCACIÓ ESPECIAL,EDUCACIÓ ESPECIAL PRIMÀRIA,4,303,92,211,0,73
2021/2022,2021,EDUCACIÓ ESPECIAL,EDUCACIÓ ESPECIAL PRIMÀRIA,5,310,102,208,0,77
2021/2022,2021,EDUCACIÓ ESPECIAL,EDUCACIÓ ESPECIAL PRIMÀRIA,6,479,149,330,0,82
2021/2022,2021,EDUCACIÓ ESPECIAL,EDUCACIÓ ESPECIAL SECUNDÀRIA,1,636,209,427,0,88
2021/2022,2021,EDUCACIÓ ESPECIAL,EDUCACIÓ ESPECIAL SECUNDÀRIA,2,719,224,495,0,93
2021/2022,2021,EDUCACIÓ ESPECIAL,EDUCACIÓ ESPECIAL SECUNDÀRIA,3,724,258,466,0,94
2021/2022,2021,EDUCACIÓ ESPECIAL,EDUCACIÓ ESPECIAL SECUNDÀRIA,4,1755,663,1092,0,97
2021/2022,2021,EDUCACIÓ ESPECIAL,PROGRAMA DE FORMACIÓ PER A LA TRANSICIÓ A LA VIDA ADULTA,1,89,31,58,0,10
2021/2022,2021,EDUCACIÓ ESPECIAL,PROGRAMA DE FORMACIÓ PER A LA TRANSICIÓ A LA VIDA ADULTA,2,66,26,40,0,9
2021/2022,2021,EDUCACIÓ INFANTIL,EDUCACIÓ INFANTIL: LLAR D'INFANTS,0,5998,2900,3098,1130,1576
2021/2022,2021,EDUCACIÓ INFANTIL,EDUCACIÓ INFANTIL: LLAR D'INFANTS,1,26734,12945,13789,2425,1576
2021/2022,2021,EDUCACIÓ INFANTIL,EDUCACIÓ INFANTIL: LLAR D'INFANTS,2,38492,18522,19970,2389,1576
2021/2022,2021,EDUCACIÓ INFANTIL,EDUCACIÓ INFANTIL: PARVULARI,1,61670,30147,31523,2949,2266
2021/2022,2021,EDUCACIÓ INFANTIL,EDUCACIÓ INFANTIL: PARVULARI,2,66524,32324,34200,2989,2271
2021/2022,2021,EDUCACIÓ INFANTIL,EDUCACIÓ INFANTIL: PARVULARI,3,70022,34301,35721,3321,2279
2021/2022,2021,EDUCACIÓ INFANTIL,EDUCACIÓ INFANTIL: PARVULARI,NA,2295,1137,1158,0,19
2021/2022,2021,EDUCACIÓ PRIMÀRIA,EDUCACIÓ PRIMÀRIA,1,72769,35517,37252,3124,2273
2021/2022,2021,EDUCACIÓ PRIMÀRIA,EDUCACIÓ PRIMÀRIA,2,74045,35955,38090,3236,2271
2021/2022,2021,EDUCACIÓ PRIMÀRIA,EDUCACIÓ PRIMÀRIA,3,73317,35790,37527,3225,2268
2021/2022,2021,EDUCACIÓ PRIMÀRIA,EDUCACIÓ PRIMÀRIA,4,77868,37998,39870,3327,2264
2021/2022,2021,EDUCACIÓ PRIMÀRIA,EDUCACIÓ PRIMÀRIA,5,79944,39023,40921,3290,2269
2021/2022,2021,EDUCACIÓ PRIMÀRIA,EDUCACIÓ PRIMÀRIA,6,82368,39911,42457,3618,2271
2021/2022,2021,EDUCACIÓ PRIMÀRIA,EDUCACIÓ PRIMÀRIA,NA,5837,2912,2925,0,20
2021/2022,2021,EDUCACIÓ SECUNDÀRIA OBLIGATÒRIA,EDUCACIÓ SECUNDÀRIA OBLIGATÒRIA,1,84034,40212,43822,2964,1159
2021/2022,2021,EDUCACIÓ SECUNDÀRIA OBLIGATÒRIA,EDUCACIÓ SECUNDÀRIA OBLIGATÒRIA,2,86773,42123,44650,3027,1150
2021/2022,2021,EDUCACIÓ SECUNDÀRIA OBLIGATÒRIA,EDUCACIÓ SECUNDÀRIA OBLIGATÒRIA,3,84628,40777,43851,2928,1122
2021/2022,2021,EDUCACIÓ SECUNDÀRIA OBLIGATÒRIA,EDUCACIÓ SECUNDÀRIA OBLIGATÒRIA,4,81892,39788,42104,2882,1097
2021/2022,2021,EDUCACIÓ SECUNDÀRIA OBLIGATÒRIA,EDUCACIÓ SECUNDÀRIA OBLIGATÒRIA,NA,4042,1935,2107,0,18
2021/2022,2021,ENSENYAMENTS D'IDIOMES,ALEMANY,Bàsic,117,84,33,0,1
2021/2022,2021,ENSENYAMENTS D'IDIOMES,ALEMANY - C1,1,184,123,61,6,7
2021/2022,2021,ENSENYAMENTS D'IDIOMES,ALEMANY - NIVELL AVANÇAT,1,513,326,187,33,26
2021/2022,2021,ENSENYAMENTS D'IDIOMES,ALEMANY - NIVELL AVANÇAT,2,435,252,183,25,24
2021/2022,2021,ENSENYAMENTS D'IDIOMES,ALEMANY - NIVELL BÀSIC,1,1534,861,673,80,31
2021/2022,2021,ENSENYAMENTS D'IDIOMES,ALEMANY - NIVELL BÀSIC,2,947,557,390,67,31
2021/2022,2021,ENSENYAMENTS D'IDIOMES,ALEMANY - NIVELL INTERMEDI,1,765,491,274,59,31
2021/2022,2021,ENSENYAMENTS D'IDIOMES,ANGLÈS,1,880,574,306,0,1
2021/2022,2021,ENSENYAMENTS D'IDIOMES,ANGLÈS,2,489,331,158,0,1
2021/2022,2021,ENSENYAMENTS D'IDIOMES,ANGLÈS - C1,1,3533,2305,1228,113,44
2021/2022,2021,ENSENYAMENTS D'IDIOMES,ANGLÈS - C2,1,679,437,242,0,12
2021/2022,2021,ENSENYAMENTS D'IDIOMES,ANGLÈS - C2,2,260,176,84,0,7
2021/2022,2021,ENSENYAMENTS D'IDIOMES,ANGLÈS - NIVELL AVANÇAT,1,3435,2246,1189,194,45
2021/2022,2021,ENSENYAMENTS D'IDIOMES,ANGLÈS - NIVELL AVANÇAT,2,5561,3472,2089,184,45
2021/2022,2021,ENSENYAMENTS D'IDIOMES,ANGLÈS - NIVELL BÀSIC,1,2252,1406,846,101,42
2021/2022,2021,ENSENYAMENTS D'IDIOMES,ANGLÈS - NIVELL BÀSIC,2,3846,2424,1422,196,45
2021/2022,2021,ENSENYAMENTS D'IDIOMES,ANGLÈS - NIVELL INTERMEDI,1,5779,3644,2135,248,45
2021/2022,2021,ENSENYAMENTS D'IDIOMES,CATALÀ,1,45,32,13,0,1
2021/2022,2021,ENSENYAMENTS D'IDIOMES,CATALÀ PER A NO CATALANOPARLANTS - C1,1,153,110,43,0,6
2021/2022,2021,ENSENYAMENTS D'IDIOMES,CATALÀ PER A NO CATALANOPARLANTS - C2,1,286,216,70,3,6
2021/2022,2021,ENSENYAMENTS D'IDIOMES,CATALÀ PER A NO CATALANOPARLANTS - NIVELL AVANÇAT,1,88,59,29,2,4
2021/2022,2021,ENSENYAMENTS D'IDIOMES,CATALÀ PER A NO CATALANOPARLANTS - NIVELL BÀSIC,1,207,141,66,8,4
2021/2022,2021,ENSENYAMENTS D'IDIOMES,CATALÀ PER A NO CATALANOPARLANTS - NIVELL BÀSIC,2,99,72,27,6,4
2021/2022,2021,ENSENYAMENTS D'IDIOMES,CATALÀ PER A NO CATALANOPARLANTS - NIVELL INTERMEDI,1,92,68,24,7,6
2021/2022,2021,ENSENYAMENTS D'IDIOMES,COREÀ  - NIVELL BÀSIC,1,91,75,16,3,1
2021/2022,2021,ENSENYAMENTS D'IDIOMES,COREÀ  - NIVELL BÀSIC,2,50,43,7,2,1
2021/2022,2021,ENSENYAMENTS D'IDIOMES,COREÀ  - NIVELL INTERMEDI,1,30,25,5,1,1
2021/2022,2021,ENSENYAMENTS D'IDIOMES,COREÀ  - NIVELL INTERMEDI,2,16,16,0,1,1
2021/2022,2021,ENSENYAMENTS D'IDIOMES,ESPANYOL PER A PERSONES ESTRANGERES - NIVELL AVANÇAT,1,317,250,67,0,5
2021/2022,2021,ENSENYAMENTS D'IDIOMES,ESPANYOL PER A PERSONES ESTRANGERES - NIVELL AVANÇAT,2,248,209,39,0,5
2021/2022,2021,ENSENYAMENTS D'IDIOMES,ESPANYOL PER A PERSONES ESTRANGERES - NIVELL BÀSIC,1,476,307,169,1,5
2021/2022,2021,ENSENYAMENTS D'IDIOMES,ESPANYOL PER A PERSONES ESTRANGERES - NIVELL BÀSIC,2,596,410,186,1,5
2021/2022,2021,ENSENYAMENTS D'IDIOMES,ESPANYOL PER A PERSONES ESTRANGERES - NIVELL INTERMEDI,1,566,416,150,4,5
2021/2022,2021,ENSENYAMENTS D'IDIOMES,FRANCÈS  - NIVELL BÀSIC,1,1882,1251,631,123,39
2021/2022,2021,ENSENYAMENTS D'IDIOMES,FRANCÈS  - NIVELL BÀSIC,2,1259,858,401,117,39
2021/2022,2021,ENSENYAMENTS D'IDIOMES,FRANCÈS - C1,1,448,304,144,16,14
2021/2022,2021,ENSENYAMENTS D'IDIOMES,FRANCÈS - NIVELL AVANÇAT,1,744,496,248,47,33
2021/2022,2021,ENSENYAMENTS D'IDIOMES,FRANCÈS - NIVELL AVANÇAT,2,733,507,226,45,33
2021/2022,2021,ENSENYAMENTS D'IDIOMES,FRANCÈS - NIVELL INTERMEDI,1,1238,824,414,71,39
2021/2022,2021,ENSENYAMENTS D'IDIOMES,GREC - NIVELL AVANÇAT,1,14,11,3,1,1
2021/2022,2021,ENSENYAMENTS D'IDIOMES,GREC - NIVELL AVANÇAT,2,17,10,7,0,1
2021/2022,2021,ENSENYAMENTS D'IDIOMES,GREC - NIVELL BÀSIC,1,43,24,19,2,1
2021/2022,2021,ENSENYAMENTS D'IDIOMES,GREC - NIVELL BÀSIC,2,18,9,9,1,1
2021/2022,2021,ENSENYAMENTS D'IDIOMES,GREC - NIVELL INTERMEDI,1,22,6,16,1,1
2021/2022,2021,ENSENYAMENTS D'IDIOMES,GREC - NIVELL INTERMEDI,2,2,1,1,0,1
2021/2022,2021,ENSENYAMENTS D'IDIOMES,ITALIÀ - C1,1,78,50,28,2,2
2021/2022,2021,ENSENYAMENTS D'IDIOMES,ITALIÀ - NIVELL AVANÇAT,1,158,94,64,8,6
2021/2022,2021,ENSENYAMENTS D'IDIOMES,ITALIÀ - NIVELL AVANÇAT,2,153,96,57,7,5
2021/2022,2021,ENSENYAMENTS D'IDIOMES,ITALIÀ - NIVELL BÀSIC,1,382,254,128,19,6
2021/2022,2021,ENSENYAMENTS D'IDIOMES,ITALIÀ - NIVELL BÀSIC,2,216,140,76,14,6
2021/2022,2021,ENSENYAMENTS D'IDIOMES,ITALIÀ - NIVELL INTERMEDI,1,203,137,66,10,6
2021/2022,2021,ENSENYAMENTS D'IDIOMES,JAPONÈS - NIVELL AVANÇAT,1,24,15,9,1,1
2021/2022,2021,ENSENYAMENTS D'IDIOMES,JAPONÈS - NIVELL AVANÇAT,2,15,8,7,1,1
2021/2022,2021,ENSENYAMENTS D'IDIOMES,JAPONÈS - NIVELL BÀSIC,1,175,95,80,6,1
2021/2022,2021,ENSENYAMENTS D'IDIOMES,JAPONÈS - NIVELL BÀSIC,2,115,60,55,4,1
2021/2022,2021,ENSENYAMENTS D'IDIOMES,JAPONÈS - NIVELL INTERMEDI,1,58,31,27,2,1
2021/2022,2021,ENSENYAMENTS D'IDIOMES,JAPONÈS - NIVELL INTERMEDI,2,39,10,29,2,1
2021/2022,2021,ENSENYAMENTS D'IDIOMES,NEERLANDÈS - NIVELL AVANÇAT,1,14,9,5,1,1
2021/2022,2021,ENSENYAMENTS D'IDIOMES,NEERLANDÈS - NIVELL AVANÇAT,2,15,12,3,1,1
2021/2022,2021,ENSENYAMENTS D'IDIOMES,NEERLANDÈS - NIVELL BÀSIC,1,29,17,12,2,1
2021/2022,2021,ENSENYAMENTS D'IDIOMES,NEERLANDÈS - NIVELL BÀSIC,2,17,9,8,1,1
2021/2022,2021,ENSENYAMENTS D'IDIOMES,NEERLANDÈS - NIVELL INTERMEDI,1,22,17,5,1,1
2021/2022,2021,ENSENYAMENTS D'IDIOMES,PORTUGUÈS - NIVELL AVANÇAT,1,16,8,8,1,1
2021/2022,2021,ENSENYAMENTS D'IDIOMES,PORTUGUÈS - NIVELL AVANÇAT,2,29,15,14,1,1
2021/2022,2021,ENSENYAMENTS D'IDIOMES,PORTUGUÈS - NIVELL BÀSIC,1,47,31,16,2,1
2021/2022,2021,ENSENYAMENTS D'IDIOMES,PORTUGUÈS - NIVELL BÀSIC,2,24,15,9,1,1
2021/2022,2021,ENSENYAMENTS D'IDIOMES,PORTUGUÈS - NIVELL INTERMEDI,1,27,16,11,1,1
2021/2022,2021,ENSENYAMENTS D'IDIOMES,RUS - NIVELL AVANÇAT,1,22,12,10,2,3
2021/2022,2021,ENSENYAMENTS D'IDIOMES,RUS - NIVELL AVANÇAT,2,36,15,21,1,3
2021/2022,2021,ENSENYAMENTS D'IDIOMES,RUS - NIVELL BÀSIC,1,181,92,89,12,6
2021/2022,2021,ENSENYAMENTS D'IDIOMES,RUS - NIVELL BÀSIC,2,87,43,44,8,6
2021/2022,2021,ENSENYAMENTS D'IDIOMES,RUS - NIVELL INTERMEDI,1,63,21,42,8,4
2021/2022,2021,ENSENYAMENTS D'IDIOMES,RUS - NIVELL INTERMEDI,2,63,34,29,4,4
2021/2022,2021,ENSENYAMENTS D'IDIOMES,XINÈS - NIVELL AVANÇAT,1,19,8,11,1,1
2021/2022,2021,ENSENYAMENTS D'IDIOMES,XINÈS - NIVELL AVANÇAT,2,17,7,10,1,1
2021/2022,2021,ENSENYAMENTS D'IDIOMES,XINÈS - NIVELL BÀSIC,1,144,87,57,5,1
2021/2022,2021,ENSENYAMENTS D'IDIOMES,XINÈS - NIVELL BÀSIC,2,73,38,35,4,1
2021/2022,2021,ENSENYAMENTS D'IDIOMES,XINÈS - NIVELL INTERMEDI,1,42,26,16,2,1
2021/2022,2021,ENSENYAMENTS D'IDIOMES,XINÈS - NIVELL INTERMEDI,2,30,18,12,3,1
2021/2022,2021,ENSENYAMENTS D'IDIOMES,ÀRAB - NIVELL AVANÇAT,1,18,16,2,0,1
2021/2022,2021,ENSENYAMENTS D'IDIOMES,ÀRAB - NIVELL AVANÇAT,2,24,17,7,0,1
2021/2022,2021,ENSENYAMENTS D'IDIOMES,ÀRAB - NIVELL BÀSIC,1,198,116,82,15,5
2021/2022,2021,ENSENYAMENTS D'IDIOMES,ÀRAB - NIVELL BÀSIC,2,118,71,47,9,5
2021/2022,2021,ENSENYAMENTS D'IDIOMES,ÀRAB - NIVELL INTERMEDI,1,67,41,26,7,4
2021/2022,2021,ENSENYAMENTS D'IDIOMES,ÀRAB - NIVELL INTERMEDI,2,52,26,26,2,4
2021/2022,2021,ENSENYAMENTS D'IDIOMES,ÈUSCAR - NIVELL AVANÇAT,1,16,8,8,0,1
2021/2022,2021,ENSENYAMENTS D'IDIOMES,ÈUSCAR - NIVELL AVANÇAT,2,13,7,6,0,1
2021/2022,2021,ENSENYAMENTS D'IDIOMES,ÈUSCAR - NIVELL BÀSIC,1,33,11,22,2,1
2021/2022,2021,ENSENYAMENTS D'IDIOMES,ÈUSCAR - NIVELL BÀSIC,2,20,9,11,1,1
2021/2022,2021,ENSENYAMENTS D'IDIOMES,ÈUSCAR - NIVELL INTERMEDI,1,13,5,8,1,1
2021/2022,2021,ENSENYAMENTS ESPORTIUS,TÈCNIC D'ESPORT EN ALTA MUNTANYA,2,2,2,0,0,1
2021/2022,2021,ENSENYAMENTS ESPORTIUS,TÈCNIC D'ESPORT EN ATLETISME,1,26,5,21,2,1
2021/2022,2021,ENSENYAMENTS ESPORTIUS,TÈCNIC D'ESPORT EN ATLETISME,2,16,4,12,2,1
2021/2022,2021,ENSENYAMENTS ESPORTIUS,TÈCNIC D'ESPORT EN BASQUETBOL,1,29,7,22,1,1
2021/2022,2021,ENSENYAMENTS ESPORTIUS,TÈCNIC D'ESPORT EN BASQUETBOL,2,5,0,5,1,1
2021/2022,2021,ENSENYAMENTS ESPORTIUS,TÈCNIC D'ESPORT EN DESCENS DE BARRANCS,2,7,1,6,0,1
2021/2022,2021,ENSENYAMENTS ESPORTIUS,TÈCNIC D'ESPORT EN ESCALADA,2,2,0,2,0,1
2021/2022,2021,ENSENYAMENTS ESPORTIUS,TÈCNIC D'ESPORT EN ESQUÍ ALPÍ,1,358,139,219,8,7
2021/2022,2021,ENSENYAMENTS ESPORTIUS,TÈCNIC D'ESPORT EN ESQUÍ ALPÍ,2,124,41,83,2,5
2021/2022,2021,ENSENYAMENTS ESPORTIUS,TÈCNIC D'ESPORT EN ESQUÍ DE FONS,1,12,4,8,0,1
2021/2022,2021,ENSENYAMENTS ESPORTIUS,TÈCNIC D'ESPORT EN ESQUÍ DE FONS,2,4,2,2,0,2
2021/2022,2021,ENSENYAMENTS ESPORTIUS,TÈCNIC D'ESPORT EN FUTBOL,1,479,18,461,9,20
2021/2022,2021,ENSENYAMENTS ESPORTIUS,TÈCNIC D'ESPORT EN FUTBOL,2,436,20,416,9,18
2021/2022,2021,ENSENYAMENTS ESPORTIUS,TÈCNIC D'ESPORT EN FUTBOL SALA,1,17,4,13,2,2
2021/2022,2021,ENSENYAMENTS ESPORTIUS,TÈCNIC D'ESPORT EN FUTBOL SALA,2,7,0,7,1,1
2021/2022,2021,ENSENYAMENTS ESPORTIUS,TÈCNIC D'ESPORT EN MUNTANYA MITJANA,1,5,3,2,1,2
2021/2022,2021,ENSENYAMENTS ESPORTIUS,TÈCNIC D'ESPORT EN MUNTANYA MITJANA,2,4,0,4,1,2
2021/2022,2021,ENSENYAMENTS ESPORTIUS,TÈCNIC D'ESPORT EN SURF DE NEU,1,67,18,49,3,6
2021/2022,2021,ENSENYAMENTS ESPORTIUS,TÈCNIC D'ESPORT EN SURF DE NEU,2,22,2,20,2,3
2021/2022,2021,ENSENYAMENTS ESPORTIUS,TÈCNIC ESPORTIU EN ATLETISME,1,25,8,17,5,3
2021/2022,2021,ENSENYAMENTS ESPORTIUS,TÈCNIC ESPORTIU EN ATLETISME,2,9,3,6,3,3
2021/2022,2021,ENSENYAMENTS ESPORTIUS,TÈCNIC ESPORTIU EN BARRANCS,1,2,0,2,0,2
2021/2022,2021,ENSENYAMENTS ESPORTIUS,TÈCNIC ESPORTIU EN BARRANCS,2,59,1,58,2,3
2021/2022,2021,ENSENYAMENTS ESPORTIUS,TÈCNIC ESPORTIU EN BASQUETBOL,1,20,8,12,2,2
2021/2022,2021,ENSENYAMENTS ESPORTIUS,TÈCNIC ESPORTIU EN BASQUETBOL,2,17,4,13,2,2
2021/2022,2021,ENSENYAMENTS ESPORTIUS,TÈCNIC ESPORTIU EN BUSSEIG ESPORTIU AMB ESCAFANDRE AUTÒNOM,2,10,1,9,2,3
2021/2022,2021,ENSENYAMENTS ESPORTIUS,TÈCNIC ESPORTIU EN ESGRIMA,1,3,1,2,2,1
2021/2022,2021,ENSENYAMENTS ESPORTIUS,TÈCNIC ESPORTIU EN ESGRIMA,2,1,0,1,0,1
2021/2022,2021,ENSENYAMENTS ESPORTIUS,TÈCNIC ESPORTIU EN ESPELEOLOGIA,1,14,1,13,0,1
2021/2022,2021,ENSENYAMENTS ESPORTIUS,TÈCNIC ESPORTIU EN ESPELEOLOGIA,2,23,0,23,0,1
2021/2022,2021,ENSENYAMENTS ESPORTIUS,TÈCNIC ESPORTIU EN JUDO I DEFENSA PERSONAL,1,18,4,14,4,1
2021/2022,2021,ENSENYAMENTS ESPORTIUS,TÈCNIC ESPORTIU EN JUDO I DEFENSA PERSONAL,2,2,0,2,1,1
2021/2022,2021,ENSENYAMENTS ESPORTIUS,TÈCNIC ESPORTIU EN LES DISCIPLINES HÍPIQUES DE RESISTÈNCIA ORIENTACIÓ I TURISME EQÜESTRE,1,59,38,21,0,4
2021/2022,2021,ENSENYAMENTS ESPORTIUS,TÈCNIC ESPORTIU EN LES DISCIPLINES HÍPIQUES DE RESISTÈNCIA ORIENTACIÓ I TURISME EQÜESTRE,2,61,36,25,0,4
2021/2022,2021,ENSENYAMENTS ESPORTIUS,TÈCNIC ESPORTIU EN PIRAGÜISME EN AIGÜES BRAVES,1,73,13,60,2,2
2021/2022,2021,ENSENYAMENTS ESPORTIUS,TÈCNIC ESPORTIU EN PIRAGÜISME EN AIGÜES BRAVES,2,4,1,3,0,1
2021/2022,2021,ENSENYAMENTS ESPORTIUS,TÈCNIC ESPORTIU EN PIRAGÜISME EN AIGÜES TRANQUIL·LES,1,21,4,17,4,5
2021/2022,2021,ENSENYAMENTS ESPORTIUS,TÈCNIC ESPORTIU EN PIRAGÜISME EN AIGÜES TRANQUIL·LES,2,8,1,7,0,1
2021/2022,2021,ENSENYAMENTS ESPORTIUS,TÈCNIC ESPORTIU EN PIRAGÜISME RECREATIU GUIA EN AIGÜES BRAVES,2,5,1,4,0,1
2021/2022,2021,ENSENYAMENTS ESPORTIUS,TÈCNIC ESPORTIU EN SALVAMENT I SOCORRISME,1,451,100,351,16,21
2021/2022,2021,ENSENYAMENTS ESPORTIUS,TÈCNIC ESPORTIU EN SALVAMENT I SOCORRISME,2,170,24,146,13,13
2021/2022,2021,ENSENYAMENTS ESPORTIUS,TÈCNIC ESPORTIU EN VELA AMB APARELL FIX,1,162,66,96,7,5
2021/2022,2021,ENSENYAMENTS ESPORTIUS,TÈCNIC ESPORTIU EN VELA AMB APARELL FIX,2,17,7,10,3,2
2021/2022,2021,ENSENYAMENTS ESPORTIUS,TÈCNIC ESPORTIU EN VELA AMB APARELL LLIURE,1,1,1,0,1,1
2021/2022,2021,ENSENYAMENTS ESPORTIUS,TÈCNIC ESPORTIU EN VELA AMB APARELL LLIURE,2,1,1,0,1,1
2021/2022,2021,ENSENYAMENTS ESPORTIUS,TÈCNIC ESPORTIU SUPERIOR EN ATLETISME,1,9,3,6,2,1
2021/2022,2021,ENSENYAMENTS ESPORTIUS,TÈCNIC ESPORTIU SUPERIOR EN BASQUETBOL,1,12,0,12,2,1
2021/2022,2021,ENSENYAMENTS ESPORTIUS,TÈCNIC ESPORTIU SUPERIOR EN ESGRIMA,1,1,0,1,1,1
2021/2022,2021,ENSENYAMENTS ESPORTIUS,TÈCNIC ESPORTIU SUPERIOR EN JUDO I DEFENSA PERSONAL,1,3,0,3,1,1
2021/2022,2021,ENSENYAMENTS ESPORTIUS,TÈCNIC ESPORTIU SUPERIOR EN SALVAMENT I SOCORRISME,1,29,8,21,2,2
2021/2022,2021,ENSENYAMENTS ESPORTIUS,"TÈCNIC ESPOTIU EN LES DISCIPLINES HÍPIQUES DE SALT, DOMA I CONCURS COMPLET",1,26,20,6,1,3
2021/2022,2021,ENSENYAMENTS ESPORTIUS,"TÈCNIC ESPOTIU EN LES DISCIPLINES HÍPIQUES DE SALT, DOMA I CONCURS COMPLET",2,27,18,9,0,4
2021/2022,2021,ENSENYAMENTS ESPORTIUS,TÈCNIC SUPERIOR D'ESPORT EN ALTA MUNTANYA,1,2,0,2,0,1
2021/2022,2021,ENSENYAMENTS ESPORTIUS,TÈCNIC SUPERIOR D'ESPORT EN ESCALADA,1,13,1,12,0,1
2021/2022,2021,ENSENYAMENTS ESPORTIUS,TÈCNIC SUPERIOR D'ESPORT EN ESQUÍ ALPÍ,1,37,9,28,1,3
2021/2022,2021,ENSENYAMENTS ESPORTIUS,TÈCNIC SUPERIOR D'ESPORT EN ESQUÍ DE FONS,1,1,0,1,0,1
2021/2022,2021,ENSENYAMENTS ESPORTIUS,TÈCNIC SUPERIOR D'ESPORT EN ESQUÍ DE MUNTANYA,1,3,0,3,0,1
2021/2022,2021,ENSENYAMENTS ESPORTIUS,TÈCNIC SUPERIOR D'ESPORT EN FUTBOL,1,154,3,151,3,8
2021/2022,2021,ENSENYAMENTS ESPORTIUS,TÈCNIC SUPERIOR D'ESPORT EN SURF DE NEU,1,9,2,7,1,2
2021/2022,2021,ENSENYAMENTS ESPORTIUS,TÈCNIC SUPERIOR ESPORTIU EN VELA AMB APARELL FIX,1,11,2,9,2,1
2021/2022,2021,ENSENYAMENTS ESPORTIUS,TÈCNICS ESPORTIU EN ESCALADA,1,4,0,4,0,1
2021/2022,2021,ENSENYAMENTS ESPORTIUS,TÈCNICS ESPORTIU EN ESCALADA,2,61,3,58,2,4
2021/2022,2021,ENSENYAMENTS ESPORTIUS,TÈCNICS ESPORTIU EN MUNTANYA MITJANA,1,114,32,82,5,6
2021/2022,2021,ENSENYAMENTS ESPORTIUS,TÈCNICS ESPORTIU EN MUNTANYA MITJANA,2,142,29,113,3,5
2021/2022,2021,ENSENYAMENTS SUPERIORS DE DISSENY,ESDL - DISSENY D'INTERIORS,1,145,125,20,1,3
2021/2022,2021,ENSENYAMENTS SUPERIORS DE DISSENY,ESDL - DISSENY D'INTERIORS,2,94,80,14,1,2
2021/2022,2021,ENSENYAMENTS SUPERIORS DE DISSENY,ESDL - DISSENY D'INTERIORS,3,84,66,18,1,2
2021/2022,2021,ENSENYAMENTS SUPERIORS DE DISSENY,ESDL - DISSENY D'INTERIORS,4,90,79,11,1,3
2021/2022,2021,ENSENYAMENTS SUPERIORS DE DISSENY,ESDL - DISSENY DE MODA,1,187,157,30,1,3
2021/2022,2021,ENSENYAMENTS SUPERIORS DE DISSENY,ESDL - DISSENY DE MODA,2,93,82,11,1,3
2021/2022,2021,ENSENYAMENTS SUPERIORS DE DISSENY,ESDL - DISSENY DE MODA,3,87,73,14,1,3
2021/2022,2021,ENSENYAMENTS SUPERIORS DE DISSENY,ESDL - DISSENY DE MODA,4,153,138,15,1,3
2021/2022,2021,ENSENYAMENTS SUPERIORS DE DISSENY,ESDL - DISSENY DE PRODUCTES,1,61,34,27,1,2
2021/2022,2021,ENSENYAMENTS SUPERIORS DE DISSENY,ESDL - DISSENY DE PRODUCTES,2,28,12,16,1,2
2021/2022,2021,ENSENYAMENTS SUPERIORS DE DISSENY,ESDL - DISSENY DE PRODUCTES,3,24,12,12,1,3
2021/2022,2021,ENSENYAMENTS SUPERIORS DE DISSENY,ESDL - DISSENY DE PRODUCTES,4,54,29,25,1,3
2021/2022,2021,ENSENYAMENTS SUPERIORS DE DISSENY,ESDL - DISSENY GRÀFIC,1,143,112,31,1,3
2021/2022,2021,ENSENYAMENTS SUPERIORS DE DISSENY,ESDL - DISSENY GRÀFIC,2,113,84,29,1,3
2021/2022,2021,ENSENYAMENTS SUPERIORS DE DISSENY,ESDL - DISSENY GRÀFIC,3,98,73,25,1,3
2021/2022,2021,ENSENYAMENTS SUPERIORS DE DISSENY,ESDL - DISSENY GRÀFIC,4,130,100,30,1,3
2021/2022,2021,FORMACIÓ PROFESSIONAL,CFPM - ACTIVITATS COMERCIALAS (LOGÍSTICA),1,41,12,29,2,2
2021/2022,2021,FORMACIÓ PROFESSIONAL,CFPM - ACTIVITATS COMERCIALAS (LOGÍSTICA),2,48,10,38,2,2
2021/2022,2021,FORMACIÓ PROFESSIONAL,CFPM - ACTIVITATS COMERCIALS,1,1872,753,1119,67,57
2021/2022,2021,FORMACIÓ PROFESSIONAL,CFPM - ACTIVITATS COMERCIALS,2,1484,616,868,61,56
2021/2022,2021,FORMACIÓ PROFESSIONAL,CFPM - ACTIVITATS COMERCIALS (TÈXTIL),1,88,44,44,3,2
2021/2022,2021,FORMACIÓ PROFESSIONAL,CFPM - ACTIVITATS COMERCIALS (TÈXTIL),2,63,40,23,3,2
2021/2022,2021,FORMACIÓ PROFESSIONAL,CFPM - ACTIVITATS EQÜESTRES,1,122,91,31,3,5
2021/2022,2021,FORMACIÓ PROFESSIONAL,CFPM - ACTIVITATS EQÜESTRES,2,94,70,24,3,5
2021/2022,2021,FORMACIÓ PROFESSIONAL,CFPM - APROFITAMENT I CONSERVACIÓ DEL MEDI NATURAL,1,92,14,78,5,5
2021/2022,2021,FORMACIÓ PROFESSIONAL,CFPM - APROFITAMENT I CONSERVACIÓ DEL MEDI NATURAL,2,99,13,86,5,4
2021/2022,2021,FORMACIÓ PROFESSIONAL,CFPM - ATENCIÓ A PERSONES EN SITUACIÓ DE DEPENDÈNCIA,1,2707,2251,456,103,72
2021/2022,2021,FORMACIÓ PROFESSIONAL,CFPM - ATENCIÓ A PERSONES EN SITUACIÓ DE DEPENDÈNCIA,2,2156,1811,345,95,71
2021/2022,2021,FORMACIÓ PROFESSIONAL,CFPM - ATENCIÓ A PERSONES EN SITUACIÓ DE DEPENDÊNCIA,NA,297,233,64,0,1
2021/2022,2021,FORMACIÓ PROFESSIONAL,CFPM - CARROSSERIA,1,646,22,624,19,21
2021/2022,2021,FORMACIÓ PROFESSIONAL,CFPM - CARROSSERIA,2,474,16,458,19,21
2021/2022,2021,FORMACIÓ PROFESSIONAL,CFPM - COMERCIALITZACIÓ DE PRODUCTES ALIMENTARIS,1,14,0,14,1,1
2021/2022,2021,FORMACIÓ PROFESSIONAL,CFPM - CONDUCCIÓ D'ACTIVITATS FISICOESPORTIVES EN EL MEDI NATURAL,1,257,54,203,37,38
2021/2022,2021,FORMACIÓ PROFESSIONAL,CFPM - CONDUCCIÓ DE VEHICLES DE TRANSPORT PER CARRETERA,1,17,0,17,1,1
2021/2022,2021,FORMACIÓ PROFESSIONAL,CFPM - CONDUCCIÓ DE VEHICLES DE TRANSPORT PER CARRETERA,2,10,0,10,1,1
2021/2022,2021,FORMACIÓ PROFESSIONAL,CFPM - CONFECCIÓ I MODA,1,216,177,39,7,6
2021/2022,2021,FORMACIÓ PROFESSIONAL,CFPM - CONFECCIÓ I MODA,2,162,137,25,7,6
2021/2022,2021,FORMACIÓ PROFESSIONAL,CFPM - CONSTRUCCIÓ,1,39,3,36,2,2
2021/2022,2021,FORMACIÓ PROFESSIONAL,CFPM - CONSTRUCCIÓ,2,38,6,32,2,2
2021/2022,2021,FORMACIÓ PROFESSIONAL,CFPM - CUINA I GASTRONOMIA,1,923,301,622,32,26
2021/2022,2021,FORMACIÓ PROFESSIONAL,CFPM - CUINA I GASTRONOMIA,2,1084,323,761,32,26
2021/2022,2021,FORMACIÓ PROFESSIONAL,CFPM - CULTIUS AQÜÍCOLES,1,15,1,14,1,1
2021/2022,2021,FORMACIÓ PROFESSIONAL,CFPM - CULTIUS AQÜÍCOLES,2,7,5,2,1,1
2021/2022,2021,FORMACIÓ PROFESSIONAL,CFPM - CURES AUXILIARS D'INFERMERIA,1,19014,15564,3450,182,85
2021/2022,2021,FORMACIÓ PROFESSIONAL,CFPM - CURES AUXILIARS D'INFERMERIA,2,351,297,54,0,7
2021/2022,2021,FORMACIÓ PROFESSIONAL,CFPM - CURES AUXILIARS D'INFERMERIA,NA,1058,867,191,0,1
2021/2022,2021,FORMACIÓ PROFESSIONAL,CFPM - ELABORACIÓ DE PRODUCTES ALIMENTARIS,1,111,42,69,13,9
2021/2022,2021,FORMACIÓ PROFESSIONAL,CFPM - ELABORACIÓ DE PRODUCTES ALIMENTARIS,2,110,36,74,13,9
2021/2022,2021,FORMACIÓ PROFESSIONAL,CFPM - ELECTROMECÀNICA DE MAQUINÀRIA,1,54,1,53,3,3
2021/2022,2021,FORMACIÓ PROFESSIONAL,CFPM - ELECTROMECÀNICA DE MAQUINÀRIA,2,45,1,44,3,3
2021/2022,2021,FORMACIÓ PROFESSIONAL,CFPM - ELECTROMECÀNICA DE VEHICLES,1,2114,46,2068,63,43
2021/2022,2021,FORMACIÓ PROFESSIONAL,CFPM - ELECTROMECÀNICA DE VEHICLES,2,1667,47,1620,55,42
2021/2022,2021,FORMACIÓ PROFESSIONAL,CFPM - ELECTROMECÀNICA DE VEHICLES (INDUSTRIALS),1,79,2,77,3,3
2021/2022,2021,FORMACIÓ PROFESSIONAL,CFPM - ELECTROMECÀNICA DE VEHICLES (INDUSTRIALS),2,59,1,58,3,3
2021/2022,2021,FORMACIÓ PROFESSIONAL,CFPM - EMERGÈNCIES I PROTECCIÓ CIVIL,1,50,5,45,1,2
2021/2022,2021,FORMACIÓ PROFESSIONAL,CFPM - EMERGÈNCIES I PROTECCIÓ CIVIL,2,55,6,49,1,2
2021/2022,2021,FORMACIÓ PROFESSIONAL,CFPM - EMERGÈNCIES I PROTECCIÓ CIVIL,NA,189,6,183,0,1
2021/2022,2021,FORMACIÓ PROFESSIONAL,CFPM - EMERGÈNCIES SANITÀRIES,1,1205,529,676,29,20
2021/2022,2021,FORMACIÓ PROFESSIONAL,CFPM - EMERGÈNCIES SANITÀRIES,2,940,396,544,25,19
2021/2022,2021,FORMACIÓ PROFESSIONAL,CFPM - EMERGÈNCIES SANITÀRIES,NA,115,36,79,0,1
2021/2022,2021,FORMACIÓ PROFESSIONAL,CFPM - ESTÈTICA I BELLESA,1,1003,985,18,29,28
2021/2022,2021,FORMACIÓ PROFESSIONAL,CFPM - ESTÈTICA I BELLESA,2,863,847,16,27,28
2021/2022,2021,FORMACIÓ PROFESSIONAL,CFPM - EXCAVACIONS I SONDATGES (OPERACIONS DE MAQUINÀRIA DE LA CONSTRUCCIÓ),1,21,1,20,1,1
2021/2022,2021,FORMACIÓ PROFESSIONAL,CFPM - EXCAVACIONS I SONDATGES (OPERACIONS DE MAQUINÀRIA DE LA CONSTRUCCIÓ),2,21,0,21,1,1
2021/2022,2021,FORMACIÓ PROFESSIONAL,CFPM - EXCAVACIONSCFPM - EXCAVACIONS I SONDATGES,1,20,1,19,1,1
2021/2022,2021,FORMACIÓ PROFESSIONAL,CFPM - EXCAVACIONSCFPM - EXCAVACIONS I SONDATGES,2,26,3,23,1,1
2021/2022,2021,FORMACIÓ PROFESSIONAL,CFPM - FABRICACIÓ I ENNOBLIMENT DE PRODUCTES TEXTILS (GENERES DE PUNT),1,23,13,10,1,1
2021/2022,2021,FORMACIÓ PROFESSIONAL,CFPM - FABRICACIÓ I ENNOBLIMENT DE PRODUCTES TEXTILS (GENERES DE PUNT),2,9,6,3,1,1
2021/2022,2021,FORMACIÓ PROFESSIONAL,CFPM - FABRICACIÓ I ENNOBLIMENT DE PRODUCTES TÈXTILS,1,41,27,14,2,2
2021/2022,2021,FORMACIÓ PROFESSIONAL,CFPM - FABRICACIÓ I ENNOBLIMENT DE PRODUCTES TÈXTILS,2,22,12,10,2,2
2021/2022,2021,FORMACIÓ PROFESSIONAL,CFPM - FARMÀCIA I PARAFARMÀCIA,1,1721,1333,388,45,36
2021/2022,2021,FORMACIÓ PROFESSIONAL,CFPM - FARMÀCIA I PARAFARMÀCIA,2,1489,1188,301,41,35
2021/2022,2021,FORMACIÓ PROFESSIONAL,"CFPM - FORNERIA, PASTISSERIA I CONFITERIA",1,401,248,153,20,18
2021/2022,2021,FORMACIÓ PROFESSIONAL,"CFPM - FORNERIA, PASTISSERIA I CONFITERIA",2,426,247,179,21,19
2021/2022,2021,FORMACIÓ PROFESSIONAL,CFPM - FUSTERIA I MOBLE,1,164,13,151,7,7
2021/2022,2021,FORMACIÓ PROFESSIONAL,CFPM - FUSTERIA I MOBLE,2,122,9,113,11,7
2021/2022,2021,FORMACIÓ PROFESSIONAL,CFPM - GESTIÓ ADMINISTRATIVA,1,5064,2839,2225,174,125
2021/2022,2021,FORMACIÓ PROFESSIONAL,CFPM - GESTIÓ ADMINISTRATIVA,2,3238,1672,1566,176,127
2021/2022,2021,FORMACIÓ PROFESSIONAL,CFPM - GESTIÓ ADMINISTRATIVA,NA,1173,942,231,0,1
2021/2022,2021,FORMACIÓ PROFESSIONAL,CFPM - GESTIÓ ADMINISTRATIVA (ÀMBIT JURÍDIC),1,313,225,88,11,11
2021/2022,2021,FORMACIÓ PROFESSIONAL,CFPM - GESTIÓ ADMINISTRATIVA (ÀMBIT JURÍDIC),2,218,160,58,11,11
2021/2022,2021,FORMACIÓ PROFESSIONAL,CFPM - GESTIÓ ADMINISTRATIVA (ÀMBIT SANITARI),1,83,56,27,3,3
2021/2022,2021,FORMACIÓ PROFESSIONAL,CFPM - GESTIÓ ADMINISTRATIVA (ÀMBIT SANITARI),2,19,11,8,1,1
2021/2022,2021,FORMACIÓ PROFESSIONAL,CFPM - GUIA EN EL MEDI NATURAL I DE TEMPS DE LLEURE,1,2284,386,1898,61,65
2021/2022,2021,FORMACIÓ PROFESSIONAL,CFPM - GUIA EN EL MEDI NATURAL I DE TEMPS DE LLEURE (EXPLOTACIÓ D'ESTACIONS D'ESQUÍ),1,15,3,12,1,1
2021/2022,2021,FORMACIÓ PROFESSIONAL,CFPM - IMPRESSIÓ GRÀFICA,1,29,11,18,1,1
2021/2022,2021,FORMACIÓ PROFESSIONAL,CFPM - IMPRESSIÓ GRÀFICA,2,10,8,2,1,1
2021/2022,2021,FORMACIÓ PROFESSIONAL,CFPM - IMPRESSIÓ GRÀFICA (IMPRESSIÓ GRÀFICA I CONVERTING),1,17,3,14,1,1
2021/2022,2021,FORMACIÓ PROFESSIONAL,CFPM - IMPRESSIÓ GRÀFICA (IMPRESSIÓ GRÀFICA I CONVERTING),2,18,3,15,1,1
2021/2022,2021,FORMACIÓ PROFESSIONAL,CFPM - INSTAL·LACIONS DE PRODUCCIÓ DE CALOR,1,56,1,55,2,2
2021/2022,2021,FORMACIÓ PROFESSIONAL,CFPM - INSTAL·LACIONS DE PRODUCCIÓ DE CALOR,2,94,0,94,10,6
2021/2022,2021,FORMACIÓ PROFESSIONAL,CFPM - INSTAL·LACIONS DE TELECOMUNICACIONS,1,412,16,396,20,16
2021/2022,2021,FORMACIÓ PROFESSIONAL,CFPM - INSTAL·LACIONS DE TELECOMUNICACIONS,2,276,11,265,20,16
2021/2022,2021,FORMACIÓ PROFESSIONAL,CFPM - INSTAL·LACIONS ELÈCTRIQUES I AUTOMÀTIQUES,1,1398,22,1376,52,49
2021/2022,2021,FORMACIÓ PROFESSIONAL,CFPM - INSTAL·LACIONS ELÈCTRIQUES I AUTOMÀTIQUES,2,1187,19,1168,70,50
2021/2022,2021,FORMACIÓ PROFESSIONAL,CFPM - INSTAL·LACIONS ELÈCTRIQUES I AUTOMÀTIQUES,NA,378,13,365,0,1
2021/2022,2021,FORMACIÓ PROFESSIONAL,CFPM - INSTAL·LACIONS FRIGORÍFIQUES I DE CLIMATITZACIÓ,1,167,2,165,6,6
2021/2022,2021,FORMACIÓ PROFESSIONAL,CFPM - INSTAL·LACIONS FRIGORÍFIQUES I DE CLIMATITZACIÓ,2,127,0,127,7,7
2021/2022,2021,FORMACIÓ PROFESSIONAL,CFPM - INSTAL·LACIÓ i MOBLAMENT,1,50,7,43,2,2
2021/2022,2021,FORMACIÓ PROFESSIONAL,CFPM - INSTAL·LACIÓ i MOBLAMENT,2,67,10,57,4,4
2021/2022,2021,FORMACIÓ PROFESSIONAL,CFPM - JARDINERIA I FLORISTERIA,1,240,43,197,12,12
2021/2022,2021,FORMACIÓ PROFESSIONAL,CFPM - JARDINERIA I FLORISTERIA,2,216,32,184,12,12
2021/2022,2021,FORMACIÓ PROFESSIONAL,CFPM - MANTENIMENT D'EMBARCACIONS D'ESBARJO,1,184,4,180,12,7
2021/2022,2021,FORMACIÓ PROFESSIONAL,CFPM - MANTENIMENT D'EMBARCACIONS D'ESBARJO,2,126,4,122,12,7
2021/2022,2021,FORMACIÓ PROFESSIONAL,CFPM - MANTENIMENT D'ESTRUCTURES DE FUSTA I MOBILIARI D'EMBARCACIONS D'ESBARJO,1,24,1,23,1,1
2021/2022,2021,FORMACIÓ PROFESSIONAL,CFPM - MANTENIMENT D'ESTRUCTURES DE FUSTA I MOBILIARI D'EMBARCACIONS D'ESBARJO,2,10,0,10,1,1
2021/2022,2021,FORMACIÓ PROFESSIONAL,CFPM - MANTENIMENT DE MATERIAL RODANT FERROVIARI,1,27,2,25,1,1
2021/2022,2021,FORMACIÓ PROFESSIONAL,CFPM - MANTENIMENT DE MATERIAL RODANT FERROVIARI,2,37,2,35,1,1
2021/2022,2021,FORMACIÓ PROFESSIONAL,CFPM - MANTENIMENT ELECTROMECÀNIC,1,923,22,901,41,36
2021/2022,2021,FORMACIÓ PROFESSIONAL,CFPM - MANTENIMENT ELECTROMECÀNIC,2,742,15,727,41,37
2021/2022,2021,FORMACIÓ PROFESSIONAL,CFPM - MANTENIMENT I CONTROL DE LA MAQUINÀRIA DE VAIXELLS I EMBARCACIONS,1,22,0,22,1,1
2021/2022,2021,FORMACIÓ PROFESSIONAL,CFPM - MANTENIMENT I CONTROL DE LA MAQUINÀRIA DE VAIXELLS I EMBARCACIONS,2,18,0,18,1,1
2021/2022,2021,FORMACIÓ PROFESSIONAL,CFPM - MECANITZACIÓ,1,699,12,687,27,25
2021/2022,2021,FORMACIÓ PROFESSIONAL,CFPM - MECANITZACIÓ,2,596,15,581,27,25
2021/2022,2021,FORMACIÓ PROFESSIONAL,CFPM - NAVEGACIÓ I PESCA LITORAL,1,23,2,21,1,1
2021/2022,2021,FORMACIÓ PROFESSIONAL,CFPM - NAVEGACIÓ I PESCA LITORAL,2,28,6,22,1,1
2021/2022,2021,FORMACIÓ PROFESSIONAL,"CFPM - OBRES D'INTERIOR, DECORACIÓ i REHABILITACIÓ",1,69,26,43,12,4
2021/2022,2021,FORMACIÓ PROFESSIONAL,"CFPM - OBRES D'INTERIOR, DECORACIÓ i REHABILITACIÓ",2,52,10,42,12,4
2021/2022,2021,FORMACIÓ PROFESSIONAL,CFPM - OLIS D'OLIVA I VINS,1,58,10,48,17,6
2021/2022,2021,FORMACIÓ PROFESSIONAL,CFPM - OLIS D'OLIVA I VINS,2,37,7,30,12,4
2021/2022,2021,FORMACIÓ PROFESSIONAL,CFPM - OPERACIONS DE LABORATORI,1,396,209,187,14,14
2021/2022,2021,FORMACIÓ PROFESSIONAL,CFPM - OPERACIONS DE LABORATORI,2,319,166,153,13,13
2021/2022,2021,FORMACIÓ PROFESSIONAL,CFPM - OPERACIONS SUBAQUÀTIQUES I HIPERBÀRIQUES,1,25,0,25,1,1
2021/2022,2021,FORMACIÓ PROFESSIONAL,CFPM - OPERACIONS SUBAQUÀTIQUES I HIPERBÀRIQUES,2,19,0,19,1,1
2021/2022,2021,FORMACIÓ PROFESSIONAL,CFPM - PEDRA NATURAL,1,12,1,11,1,1
2021/2022,2021,FORMACIÓ PROFESSIONAL,CFPM - PEDRA NATURAL,2,10,1,9,1,1
2021/2022,2021,FORMACIÓ PROFESSIONAL,CFPM - PERRUQUERIA I COSMÈTICA CAPIL·LAR,1,912,688,224,43,37
2021/2022,2021,FORMACIÓ PROFESSIONAL,CFPM - PERRUQUERIA I COSMÈTICA CAPIL·LAR,2,699,550,149,42,36
2021/2022,2021,FORMACIÓ PROFESSIONAL,CFPM - PLANTA QUÍMICA,1,30,6,24,1,1
2021/2022,2021,FORMACIÓ PROFESSIONAL,CFPM - PLANTA QUÍMICA,2,30,6,24,1,1
2021/2022,2021,FORMACIÓ PROFESSIONAL,CFPM - PLANTA QUÍMICA (PRODUCTES FARMACÈUTICS I COSMÈTICS),1,100,48,52,4,4
2021/2022,2021,FORMACIÓ PROFESSIONAL,CFPM - PLANTA QUÍMICA (PRODUCTES FARMACÈUTICS I COSMÈTICS),2,89,43,46,4,4
2021/2022,2021,FORMACIÓ PROFESSIONAL,CFPM - PREIMPRESSIÓ DIGITAL,1,268,114,154,9,7
2021/2022,2021,FORMACIÓ PROFESSIONAL,CFPM - PREIMPRESSIÓ DIGITAL,2,219,97,122,9,7
2021/2022,2021,FORMACIÓ PROFESSIONAL,CFPM - PRODUCCIÓ AGROECOLÒGICA,1,41,11,30,3,3
2021/2022,2021,FORMACIÓ PROFESSIONAL,CFPM - PRODUCCIÓ AGROECOLÒGICA,2,45,14,31,3,3
2021/2022,2021,FORMACIÓ PROFESSIONAL,CFPM - PRODUCCIÓ AGROECOLÒGICA (AGRÍCOLA),1,51,10,41,8,4
2021/2022,2021,FORMACIÓ PROFESSIONAL,CFPM - PRODUCCIÓ AGROECOLÒGICA (AGRÍCOLA),2,49,9,40,8,4
2021/2022,2021,FORMACIÓ PROFESSIONAL,CFPM - PRODUCCIÓ AGROPECUÀRIA,1,109,22,87,5,5
2021/2022,2021,FORMACIÓ PROFESSIONAL,CFPM - PRODUCCIÓ AGROPECUÀRIA,2,88,14,74,5,5
2021/2022,2021,FORMACIÓ PROFESSIONAL,CFPM - PRODUCCIÓ AGROPECUÀRIA (AGRÍCOLA),1,20,1,19,1,1
2021/2022,2021,FORMACIÓ PROFESSIONAL,CFPM - PRODUCCIÓ AGROPECUÀRIA (AGRÍCOLA),2,18,1,17,1,1
2021/2022,2021,FORMACIÓ PROFESSIONAL,CFPM - PRODUCCIÓ AGROPECUÀRIA (RAMADERA),1,23,6,17,1,1
2021/2022,2021,FORMACIÓ PROFESSIONAL,CFPM - PRODUCCIÓ AGROPECUÀRIA (RAMADERA),2,13,5,8,1,1
2021/2022,2021,FORMACIÓ PROFESSIONAL,CFPM - SERVEIS EN RESTAURACIÓ,1,475,178,297,34,21
2021/2022,2021,FORMACIÓ PROFESSIONAL,CFPM - SERVEIS EN RESTAURACIÓ,2,670,222,448,36,21
2021/2022,2021,FORMACIÓ PROFESSIONAL,CFPM - SISTEMES MICROINFORMÀTICS I XARXES,1,6277,460,5817,168,104
2021/2022,2021,FORMACIÓ PROFESSIONAL,CFPM - SISTEMES MICROINFORMÀTICS I XARXES,2,4244,211,4033,152,101
2021/2022,2021,FORMACIÓ PROFESSIONAL,CFPM - SISTEMES MICROINFORMÀTICS I XARXES,NA,629,67,562,0,1
2021/2022,2021,FORMACIÓ PROFESSIONAL,CFPM - SOLDADURA I CALDERERIA,1,221,6,215,17,7
2021/2022,2021,FORMACIÓ PROFESSIONAL,CFPM - SOLDADURA I CALDERERIA,2,169,4,165,17,7
2021/2022,2021,FORMACIÓ PROFESSIONAL,CFPM - VIDEO DISCJÒQUEI I SO,1,493,120,373,12,13
2021/2022,2021,FORMACIÓ PROFESSIONAL,CFPM - VIDEO DISCJÒQUEI I SO,2,439,83,356,10,12
2021/2022,2021,FORMACIÓ PROFESSIONAL,CFPM - XARXES I ESTACIONS DE TRACTAMENT D'AIGÜES,1,58,3,55,3,3
2021/2022,2021,FORMACIÓ PROFESSIONAL,CFPM - XARXES I ESTACIONS DE TRACTAMENT D'AIGÜES,2,27,0,27,2,2
2021/2022,2021,FORMACIÓ PROFESSIONAL,CFPS - ADMINISTRACIÓ DE SISTEMES INFORMÀTICS EN XARXA,1,1190,93,1097,30,35
2021/2022,2021,FORMACIÓ PROFESSIONAL,CFPS - ADMINISTRACIÓ DE SISTEMES INFORMÀTICS EN XARXA,2,1320,103,1217,36,36
2021/2022,2021,FORMACIÓ PROFESSIONAL,CFPS - ADMINISTRACIÓ DE SISTEMES INFORMÀTICS EN XARXA,NA,704,76,628,0,1
2021/2022,2021,FORMACIÓ PROFESSIONAL,CFPS - ADMINISTRACIÓ DE SISTEMES INFORMÀTICS EN XARXA (CIBERSEGURETAT),1,886,102,784,13,16
2021/2022,2021,FORMACIÓ PROFESSIONAL,CFPS - ADMINISTRACIÓ DE SISTEMES INFORMÀTICS EN XARXA (CIBERSEGURETAT),2,630,63,567,14,17
2021/2022,2021,FORMACIÓ PROFESSIONAL,CFPS - ADMINISTRACIÓ I FINANCES,1,3528,1995,1533,114,103
2021/2022,2021,FORMACIÓ PROFESSIONAL,CFPS - ADMINISTRACIÓ I FINANCES,2,6565,4136,2429,121,106
2021/2022,2021,FORMACIÓ PROFESSIONAL,CFPS - ADMINISTRACIÓ I FINANCES,NA,2090,1739,351,0,1
2021/2022,2021,FORMACIÓ PROFESSIONAL,CFPS - ADMINISTRACIÓ I FINANCES (GESTOR D'ASSEGURANCES),1,115,62,53,4,5
2021/2022,2021,FORMACIÓ PROFESSIONAL,CFPS - ADMINISTRACIÓ I FINANCES (GESTOR D'ASSEGURANCES),2,57,29,28,2,3
2021/2022,2021,FORMACIÓ PROFESSIONAL,CFPS - AGÈNCIES DE VIATGES I GESTIÓ D'ESDEVENIMENTS,1,145,98,47,6,7
2021/2022,2021,FORMACIÓ PROFESSIONAL,CFPS - AGÈNCIES DE VIATGES I GESTIÓ D'ESDEVENIMENTS,2,283,221,62,8,9
2021/2022,2021,FORMACIÓ PROFESSIONAL,CFPS - ANATOMIA PATOLÒGICA I CITODIAGNÒSTIC,1,342,295,47,7,10
2021/2022,2021,FORMACIÓ PROFESSIONAL,CFPS - ANATOMIA PATOLÒGICA I CITODIAGNÒSTIC,2,375,315,60,8,9
2021/2022,2021,FORMACIÓ PROFESSIONAL,"CFPS - ANIMACIONS EN 3D, JOCS I ENTORNS INTERACTIUS",1,497,112,385,4,12
2021/2022,2021,FORMACIÓ PROFESSIONAL,"CFPS - ANIMACIONS EN 3D, JOCS I ENTORNS INTERACTIUS",2,638,185,453,4,12
2021/2022,2021,FORMACIÓ PROFESSIONAL,"CFPS - ANIMACIONS EN 3D, JOCS I ENTORNS INTERACTIUS",NA,219,81,138,0,1
2021/2022,2021,FORMACIÓ PROFESSIONAL,"CFPS - ANIMACIÓ EN 3D, JOCS i ENTORNS INTERACTIUS (MONS VIRTUALS, REALITAT AUGMENTADA i GAMIFICACIÓ)",1,125,23,102,1,3
2021/2022,2021,FORMACIÓ PROFESSIONAL,"CFPS - ANIMACIÓ EN 3D, JOCS i ENTORNS INTERACTIUS (MONS VIRTUALS, REALITAT AUGMENTADA i GAMIFICACIÓ)",2,211,32,179,0,2
2021/2022,2021,FORMACIÓ PROFESSIONAL,CFPS - ANIMACIÓ SOCIOCULTURAL I TURÍSTICA,1,196,145,51,22,10
2021/2022,2021,FORMACIÓ PROFESSIONAL,CFPS - ANIMACIÓ SOCIOCULTURAL I TURÍSTICA,2,152,112,40,23,11
2021/2022,2021,FORMACIÓ PROFESSIONAL,CFPS - AQÜICULTURA,1,17,6,11,1,1
2021/2022,2021,FORMACIÓ PROFESSIONAL,CFPS - AQÜICULTURA,2,23,5,18,1,1
2021/2022,2021,FORMACIÓ PROFESSIONAL,CFPS - ASSESSORIA D'IMATGE PERSONAL I CORPORATIVA,1,170,162,8,2,8
2021/2022,2021,FORMACIÓ PROFESSIONAL,CFPS - ASSESSORIA D'IMATGE PERSONAL I CORPORATIVA,2,133,127,6,2,8
2021/2022,2021,FORMACIÓ PROFESSIONAL,CFPS - ASSISTÈNCIA A LA DIRECCIÓ,1,260,162,98,19,13
2021/2022,2021,FORMACIÓ PROFESSIONAL,CFPS - ASSISTÈNCIA A LA DIRECCIÓ,2,836,546,290,20,15
2021/2022,2021,FORMACIÓ PROFESSIONAL,CFPS - ASSISTÈNCIA A LA DIRECCIÓ,NA,386,349,37,0,1
2021/2022,2021,FORMACIÓ PROFESSIONAL,CFPS - AUDIOLOGIA PROTÈTICA,1,154,96,58,2,3
2021/2022,2021,FORMACIÓ PROFESSIONAL,CFPS - AUDIOLOGIA PROTÈTICA,2,204,114,90,2,4
2021/2022,2021,FORMACIÓ PROFESSIONAL,CFPS - AUTOMATITZACIÓ I ROBÒTICA INDUSTRIAL,1,889,53,836,34,32
2021/2022,2021,FORMACIÓ PROFESSIONAL,CFPS - AUTOMATITZACIÓ I ROBÒTICA INDUSTRIAL,2,917,37,880,35,32
2021/2022,2021,FORMACIÓ PROFESSIONAL,CFPS - AUTOMOCIÓ,1,1186,42,1144,31,31
2021/2022,2021,FORMACIÓ PROFESSIONAL,CFPS - AUTOMOCIÓ,2,1093,39,1054,31,30
2021/2022,2021,FORMACIÓ PROFESSIONAL,CFPS - CARACTERITZACIÓ I MAQUILLATGE PROFESSIONAL,1,134,120,14,2,5
2021/2022,2021,FORMACIÓ PROFESSIONAL,CFPS - CARACTERITZACIÓ I MAQUILLATGE PROFESSIONAL,2,123,119,4,2,5
2021/2022,2021,FORMACIÓ PROFESSIONAL,CFPS - COMERÇ INTERNACIONAL,1,1061,458,603,35,35
2021/2022,2021,FORMACIÓ PROFESSIONAL,CFPS - COMERÇ INTERNACIONAL,2,1180,521,659,38,34
2021/2022,2021,FORMACIÓ PROFESSIONAL,CFPS - COMERÇ INTERNACIONAL,NA,429,230,199,0,1
2021/2022,2021,FORMACIÓ PROFESSIONAL,CFPS - CONDICIONAMENT FÍSIC,1,886,159,727,16,32
2021/2022,2021,FORMACIÓ PROFESSIONAL,CFPS - CONDICIONAMENT FÍSIC,2,803,168,635,14,29
2021/2022,2021,FORMACIÓ PROFESSIONAL,CFPS - CONSTRUCCIONS METÀL·LIQUES,1,74,5,69,3,3
2021/2022,2021,FORMACIÓ PROFESSIONAL,CFPS - CONSTRUCCIONS METÀL·LIQUES,2,70,0,70,3,3
2021/2022,2021,FORMACIÓ PROFESSIONAL,CFPS - DESENV. D'APLICACIONS MULTIPLATAFORMA (INFORMÀTICA APLICADA A LA LOGÍSTICA),1,37,5,32,2,2
2021/2022,2021,FORMACIÓ PROFESSIONAL,CFPS - DESENV. D'APLICACIONS MULTIPLATAFORMA (INFORMÀTICA APLICADA A LA LOGÍSTICA),2,39,3,36,2,2
2021/2022,2021,FORMACIÓ PROFESSIONAL,CFPS - DESENV. D'APLICACIONS MULTIPLATAFORMA (VIDEOJOCS I OCI DIGITAL),1,211,16,195,6,8
2021/2022,2021,FORMACIÓ PROFESSIONAL,CFPS - DESENV. D'APLICACIONS MULTIPLATAFORMA (VIDEOJOCS I OCI DIGITAL),2,174,15,159,6,7
2021/2022,2021,FORMACIÓ PROFESSIONAL,CFPS - DESENVOLUPAMENT D'APLICACIONS MULTIPLATAFORMA,1,1558,158,1400,49,43
2021/2022,2021,FORMACIÓ PROFESSIONAL,CFPS - DESENVOLUPAMENT D'APLICACIONS MULTIPLATAFORMA,2,3318,505,2813,56,46
2021/2022,2021,FORMACIÓ PROFESSIONAL,CFPS - DESENVOLUPAMENT D'APLICACIONS MULTIPLATAFORMA,NA,702,121,581,0,1
2021/2022,2021,FORMACIÓ PROFESSIONAL,CFPS - DESENVOLUPAMENT D'APLICACIONS WEB,1,1262,188,1074,41,39
2021/2022,2021,FORMACIÓ PROFESSIONAL,CFPS - DESENVOLUPAMENT D'APLICACIONS WEB,2,3280,661,2619,43,43
2021/2022,2021,FORMACIÓ PROFESSIONAL,CFPS - DESENVOLUPAMENT D'APLICACIONS WEB,NA,544,142,402,0,1
2021/2022,2021,FORMACIÓ PROFESSIONAL,CFPS - DESENVOLUPAMENT D'APLICACIONS WEB (BIOINFORMÀTICA),1,87,15,72,3,4
2021/2022,2021,FORMACIÓ PROFESSIONAL,CFPS - DESENVOLUPAMENT D'APLICACIONS WEB (BIOINFORMÀTICA),2,79,7,72,3,4
2021/2022,2021,FORMACIÓ PROFESSIONAL,CFPS - DESENVOLUPAMENT DE PROJECTES D'INSTAL·LACIONS TÈRMIQUES I DE FLUIDS,1,24,1,23,2,2
2021/2022,2021,FORMACIÓ PROFESSIONAL,CFPS - DESENVOLUPAMENT DE PROJECTES D'INSTAL·LACIONS TÈRMIQUES I DE FLUIDS,2,13,0,13,1,1
2021/2022,2021,FORMACIÓ PROFESSIONAL,CFPS - DIETÈTICA,1,746,505,241,12,21
2021/2022,2021,FORMACIÓ PROFESSIONAL,CFPS - DIETÈTICA,2,3243,2279,964,12,21
2021/2022,2021,FORMACIÓ PROFESSIONAL,CFPS - DIRECCIÓ DE CUINA,1,417,137,280,23,18
2021/2022,2021,FORMACIÓ PROFESSIONAL,CFPS - DIRECCIÓ DE CUINA,2,445,143,302,26,18
2021/2022,2021,FORMACIÓ PROFESSIONAL,CFPS - DIRECCIÓ DE SERVEIS EN RESTAURACIÓ,1,109,37,72,9,8
2021/2022,2021,FORMACIÓ PROFESSIONAL,CFPS - DIRECCIÓ DE SERVEIS EN RESTAURACIÓ,2,180,56,124,11,9
2021/2022,2021,FORMACIÓ PROFESSIONAL,CFPS - DISSENY EN FABRICACIÓ MECÀNICA,1,171,10,161,16,8
2021/2022,2021,FORMACIÓ PROFESSIONAL,CFPS - DISSENY EN FABRICACIÓ MECÀNICA,2,264,13,251,23,11
2021/2022,2021,FORMACIÓ PROFESSIONAL,CFPS - DISSENY I EDICIÓ DE PUBL.IMPRESES I MULTIMÈDIA,1,144,83,61,10,6
2021/2022,2021,FORMACIÓ PROFESSIONAL,CFPS - DISSENY I EDICIÓ DE PUBL.IMPRESES I MULTIMÈDIA,2,122,66,56,9,5
2021/2022,2021,FORMACIÓ PROFESSIONAL,CFPS - DISSENY I GESTIÓ DE LA PRODUCCIÓ GRÀFIC,1,26,8,18,1,1
2021/2022,2021,FORMACIÓ PROFESSIONAL,CFPS - DISSENY I GESTIÓ DE LA PRODUCCIÓ GRÀFIC,2,55,22,33,2,2
2021/2022,2021,FORMACIÓ PROFESSIONAL,CFPS - DISSENY I MOBLAMENT,1,67,14,53,4,4
2021/2022,2021,FORMACIÓ PROFESSIONAL,CFPS - DISSENY I MOBLAMENT,2,49,1,48,4,4
2021/2022,2021,FORMACIÓ PROFESSIONAL,CFPS - DISSENY I MOBLAMENT (CONSTRUCCIONS EFÍMERES I DECORACIÓ),1,20,7,13,1,1
2021/2022,2021,FORMACIÓ PROFESSIONAL,CFPS - DISSENY I MOBLAMENT (CONSTRUCCIONS EFÍMERES I DECORACIÓ),2,18,6,12,1,1
2021/2022,2021,FORMACIÓ PROFESSIONAL,CFPS - DISSENY TÈCNIC EN TÈXTIL i PELL,1,13,8,5,1,1
2021/2022,2021,FORMACIÓ PROFESSIONAL,CFPS - DISSENY TÈCNIC EN TÈXTIL i PELL,2,14,9,5,1,1
2021/2022,2021,FORMACIÓ PROFESSIONAL,CFPS - DOCUMENTACIÓ I ADMINISTRACIÓ SANITÀRIA,1,844,695,149,16,22
2021/2022,2021,FORMACIÓ PROFESSIONAL,CFPS - DOCUMENTACIÓ I ADMINISTRACIÓ SANITÀRIA,2,2984,2443,541,14,22
2021/2022,2021,FORMACIÓ PROFESSIONAL,CFPS - DOCUMENTACIÓ I ADMINISTRACIÓ SANITÀRIES (GESTIÓ DE DADES),1,29,22,7,1,1
2021/2022,2021,FORMACIÓ PROFESSIONAL,CFPS - DOCUMENTACIÓ I ADMINISTRACIÓ SANITÀRIES (GESTIÓ DE DADES),2,31,26,5,1,1
2021/2022,2021,FORMACIÓ PROFESSIONAL,CFPS - EDUCACIÓ I CONTROL AMBIENTAL,1,126,55,71,15,7
2021/2022,2021,FORMACIÓ PROFESSIONAL,CFPS - EDUCACIÓ I CONTROL AMBIENTAL,2,151,67,84,17,8
2021/2022,2021,FORMACIÓ PROFESSIONAL,CFPS - EDUCACIÓ INFANTIL,1,2865,2528,337,84,79
2021/2022,2021,FORMACIÓ PROFESSIONAL,CFPS - EDUCACIÓ INFANTIL,2,4151,3805,346,84,76
2021/2022,2021,FORMACIÓ PROFESSIONAL,CFPS - EDUCACIÓ INFANTIL,NA,1175,1121,54,0,1
2021/2022,2021,FORMACIÓ PROFESSIONAL,CFPS - EFICIÈNCIA ENERGÈTICA I ENERGIA SOLAR I TÈRMICA,1,32,5,27,6,2
2021/2022,2021,FORMACIÓ PROFESSIONAL,CFPS - EFICIÈNCIA ENERGÈTICA I ENERGIA SOLAR I TÈRMICA,2,52,4,48,7,3
2021/2022,2021,FORMACIÓ PROFESSIONAL,CFPS - ELECTROMEDICINA CLÍNICA,1,57,10,47,2,2
2021/2022,2021,FORMACIÓ PROFESSIONAL,CFPS - ELECTROMEDICINA CLÍNICA,2,53,4,49,2,2
2021/2022,2021,FORMACIÓ PROFESSIONAL,CFPS - ENERGIES RENOVABLES,1,152,15,137,7,7
2021/2022,2021,FORMACIÓ PROFESSIONAL,CFPS - ENERGIES RENOVABLES,2,100,8,92,4,4
2021/2022,2021,FORMACIÓ PROFESSIONAL,CFPS - ENSENYAMENT I ANIMACIÓ SOCIOESPORTIVA,1,1814,332,1482,42,59
2021/2022,2021,FORMACIÓ PROFESSIONAL,CFPS - ENSENYAMENT I ANIMACIÓ SOCIOESPORTIVA,2,1811,350,1461,42,58
2021/2022,2021,FORMACIÓ PROFESSIONAL,CFPS - ESTILISME I DIRECCIÓ DE PERRUQUERIA,1,142,119,23,12,10
2021/2022,2021,FORMACIÓ PROFESSIONAL,CFPS - ESTILISME I DIRECCIÓ DE PERRUQUERIA,2,109,91,18,11,9
2021/2022,2021,FORMACIÓ PROFESSIONAL,CFPS - ESTÈTICA INTEGRAL I BENESTAR,1,278,273,5,10,11
2021/2022,2021,FORMACIÓ PROFESSIONAL,CFPS - ESTÈTICA INTEGRAL I BENESTAR,2,301,291,10,10,12
2021/2022,2021,FORMACIÓ PROFESSIONAL,"CFPS - FABRICACIÓ DE PRODUCTES FARMACÈUTICS, BIOTECNOLÒGICS I AFINS",1,301,186,115,10,9
2021/2022,2021,FORMACIÓ PROFESSIONAL,"CFPS - FABRICACIÓ DE PRODUCTES FARMACÈUTICS, BIOTECNOLÒGICS I AFINS",2,328,169,159,10,9
2021/2022,2021,FORMACIÓ PROFESSIONAL,CFPS - GESTIÓ COMERCIAL I MÀRQUETING,NA,1,1,0,0,1
2021/2022,2021,FORMACIÓ PROFESSIONAL,CFPS - GESTIÓ D'ALLOTJAMENTS TURÍSTICS,1,275,149,126,20,16
2021/2022,2021,FORMACIÓ PROFESSIONAL,CFPS - GESTIÓ D'ALLOTJAMENTS TURÍSTICS,2,622,425,197,22,18
2021/2022,2021,FORMACIÓ PROFESSIONAL,CFPS - GESTIÓ DE L'AIGUA,1,44,4,40,2,2
2021/2022,2021,FORMACIÓ PROFESSIONAL,CFPS - GESTIÓ DE L'AIGUA,2,45,4,41,2,2
2021/2022,2021,FORMACIÓ PROFESSIONAL,CFPS - GESTIÓ DE VENDES I ESPAIS COMERCIALS,1,386,157,229,18,16
2021/2022,2021,FORMACIÓ PROFESSIONAL,CFPS - GESTIÓ DE VENDES I ESPAIS COMERCIALS,2,391,147,244,19,18
2021/2022,2021,FORMACIÓ PROFESSIONAL,CFPS - GESTIÓ DE VENDES I ESPAIS COMERCIALS,NA,249,154,95,0,1
2021/2022,2021,FORMACIÓ PROFESSIONAL,CFPS - GESTIÓ FORESTAL I DEL MEDI NATURAL,1,200,36,164,8,7
2021/2022,2021,FORMACIÓ PROFESSIONAL,CFPS - GESTIÓ FORESTAL I DEL MEDI NATURAL,2,213,46,167,8,7
2021/2022,2021,FORMACIÓ PROFESSIONAL,"CFPS - GUIA, INFORMACIÓ I ASSISTÈNCIA TURÍSTIQUES",1,142,96,46,12,10
2021/2022,2021,FORMACIÓ PROFESSIONAL,"CFPS - GUIA, INFORMACIÓ I ASSISTÈNCIA TURÍSTIQUES",2,258,164,94,17,13
2021/2022,2021,FORMACIÓ PROFESSIONAL,CFPS - HIGIENE BUCODENTAL,1,1480,1262,218,25,28
2021/2022,2021,FORMACIÓ PROFESSIONAL,CFPS - HIGIENE BUCODENTAL,2,5291,4623,668,23,25
2021/2022,2021,FORMACIÓ PROFESSIONAL,"CFPS - IL·LUMINACIÓ, CAPTACIÓ i TRACTAMENT D'IMATGE",1,152,61,91,4,6
2021/2022,2021,FORMACIÓ PROFESSIONAL,"CFPS - IL·LUMINACIÓ, CAPTACIÓ i TRACTAMENT D'IMATGE",2,194,74,120,4,6
2021/2022,2021,FORMACIÓ PROFESSIONAL,CFPS - IMATGE PER AL DIAGNÒSTIC I MEDICINA NUCLEAR,1,677,438,239,8,15
2021/2022,2021,FORMACIÓ PROFESSIONAL,CFPS - IMATGE PER AL DIAGNÒSTIC I MEDICINA NUCLEAR,2,8502,6438,2064,9,15
2021/2022,2021,FORMACIÓ PROFESSIONAL,CFPS - INTEGRACIÓ SOCIAL,1,2511,1949,562,65,56
2021/2022,2021,FORMACIÓ PROFESSIONAL,CFPS - INTEGRACIÓ SOCIAL,2,4541,3608,933,66,54
2021/2022,2021,FORMACIÓ PROFESSIONAL,CFPS - INTEGRACIÓ SOCIAL,NA,1893,1522,371,0,1
2021/2022,2021,FORMACIÓ PROFESSIONAL,CFPS - LABORATORI CLÍNIC I BIOMÈDIC,1,929,687,242,24,24
2021/2022,2021,FORMACIÓ PROFESSIONAL,CFPS - LABORATORI CLÍNIC I BIOMÈDIC,2,890,644,246,23,22
2021/2022,2021,FORMACIÓ PROFESSIONAL,CFPS - LABORATORI CLÍNIC I BIOMÈDIC (RECERCA),1,29,19,10,1,1
2021/2022,2021,FORMACIÓ PROFESSIONAL,CFPS - LABORATORI CLÍNIC I BIOMÈDIC (RECERCA),2,32,26,6,1,1
2021/2022,2021,FORMACIÓ PROFESSIONAL,CFPS - LABORATORI D'ANÀLISI I CONTROL DE QUALITAT,1,536,306,230,19,17
2021/2022,2021,FORMACIÓ PROFESSIONAL,CFPS - LABORATORI D'ANÀLISI I CONTROL DE QUALITAT,2,576,295,281,19,17
2021/2022,2021,FORMACIÓ PROFESSIONAL,CFPS - MANTENIMENT D'INSTAL·LACIONS TÈRMIQUES I DE FLUIDS,1,106,1,105,6,6
2021/2022,2021,FORMACIÓ PROFESSIONAL,CFPS - MANTENIMENT D'INSTAL·LACIONS TÈRMIQUES I DE FLUIDS,2,90,1,89,7,7
2021/2022,2021,FORMACIÓ PROFESSIONAL,CFPS - MANTENIMENT ELECTRÒNIC,1,110,11,99,14,6
2021/2022,2021,FORMACIÓ PROFESSIONAL,CFPS - MANTENIMENT ELECTRÒNIC,2,93,7,86,15,7
2021/2022,2021,FORMACIÓ PROFESSIONAL,CFPS - MECATRÒNICA INDUSTRIAL,1,611,21,590,23,24
2021/2022,2021,FORMACIÓ PROFESSIONAL,CFPS - MECATRÒNICA INDUSTRIAL,2,672,19,653,25,26
2021/2022,2021,FORMACIÓ PROFESSIONAL,CFPS - MEDIACIÓ COMUNICATIVA,1,71,59,12,3,3
2021/2022,2021,FORMACIÓ PROFESSIONAL,CFPS - MEDIACIÓ COMUNICATIVA,2,59,51,8,7,3
2021/2022,2021,FORMACIÓ PROFESSIONAL,CFPS - MÀRQUETING I PUBLICITAT,1,1763,894,869,37,42
2021/2022,2021,FORMACIÓ PROFESSIONAL,CFPS - MÀRQUETING I PUBLICITAT,2,2683,1433,1250,35,40
2021/2022,2021,FORMACIÓ PROFESSIONAL,CFPS - MÀRQUETING I PUBLICITAT,NA,48,34,14,0,1
2021/2022,2021,FORMACIÓ PROFESSIONAL,CFPS - MÀRQUETING I PUBLICITAT (ENOLÒGIC),1,34,11,23,3,3
2021/2022,2021,FORMACIÓ PROFESSIONAL,CFPS - MÀRQUETING I PUBLICITAT (ENOLÒGIC),2,34,15,19,3,3
2021/2022,2021,FORMACIÓ PROFESSIONAL,CFPS - ORGANITZACIÓ DEL MANTENIMENT DE LA MAQUINÀRIA DE VAIXELLS I EMBARCACIONS,1,29,0,29,1,1
2021/2022,2021,FORMACIÓ PROFESSIONAL,CFPS - ORGANITZACIÓ DEL MANTENIMENT DE LA MAQUINÀRIA DE VAIXELLS I EMBARCACIONS,2,27,0,27,1,1
2021/2022,2021,FORMACIÓ PROFESSIONAL,CFPS - ORGANITZACIÓ I CONTROL D'OBRES DE CONSTRUCCIÓ,1,27,4,23,6,2
2021/2022,2021,FORMACIÓ PROFESSIONAL,CFPS - ORGANITZACIÓ I CONTROL D'OBRES DE CONSTRUCCIÓ,2,14,7,7,6,2
2021/2022,2021,FORMACIÓ PROFESSIONAL,CFPS - PAISATGISME I MEDI RURAL,1,134,38,96,6,7
2021/2022,2021,FORMACIÓ PROFESSIONAL,CFPS - PAISATGISME I MEDI RURAL,2,135,27,108,6,7
2021/2022,2021,FORMACIÓ PROFESSIONAL,CFPS - PAISATGISME I MEDI RURAL (GESTIÓ AGROPECUÀRIA),1,41,7,34,3,3
2021/2022,2021,FORMACIÓ PROFESSIONAL,CFPS - PAISATGISME I MEDI RURAL (GESTIÓ AGROPECUÀRIA),2,40,6,34,3,3
2021/2022,2021,FORMACIÓ PROFESSIONAL,CFPS - PATRONATGE I MODA,1,157,125,32,5,6
2021/2022,2021,FORMACIÓ PROFESSIONAL,CFPS - PATRONATGE I MODA,2,143,122,21,5,6
2021/2022,2021,FORMACIÓ PROFESSIONAL,CFPS - PREVENCIÓ DE RISCOS PROFESSIONALS,1,83,41,42,12,4
2021/2022,2021,FORMACIÓ PROFESSIONAL,CFPS - PREVENCIÓ DE RISCOS PROFESSIONALS,2,70,25,45,12,4
2021/2022,2021,FORMACIÓ PROFESSIONAL,CFPS - PREVENCIÓ DE RISCOS PROFESSIONALS,NA,630,310,320,0,1
2021/2022,2021,FORMACIÓ PROFESSIONAL,CFPS - PROCESSOS I QUALITAT EN LA INDÚSRIA ALIMENTÀRIA,1,100,59,41,11,8
2021/2022,2021,FORMACIÓ PROFESSIONAL,CFPS - PROCESSOS I QUALITAT EN LA INDÚSRIA ALIMENTÀRIA,2,88,43,45,4,5
2021/2022,2021,FORMACIÓ PROFESSIONAL,CFPS - PRODUCCIÓ D'AUDIOVISUALS I ESPECTACLES,1,306,135,171,5,7
2021/2022,2021,FORMACIÓ PROFESSIONAL,CFPS - PRODUCCIÓ D'AUDIOVISUALS I ESPECTACLES,2,234,113,121,5,6
2021/2022,2021,FORMACIÓ PROFESSIONAL,CFPS - PROGRAMACIÓ DE LA PRODUCCIÓ EN L'EMMOTLLAMENT DE METALLS I POLÍMERS,1,16,0,16,5,1
2021/2022,2021,FORMACIÓ PROFESSIONAL,CFPS - PROGRAMACIÓ DE LA PRODUCCIÓ EN L'EMMOTLLAMENT DE METALLS I POLÍMERS,2,7,0,7,5,1
2021/2022,2021,FORMACIÓ PROFESSIONAL,CFPS - PROGRAMACIÓ DE PRODUCCIÓ EN FABRICACIÓ MECANICA (MOTLLES I MATRIUS),1,33,0,33,2,2
2021/2022,2021,FORMACIÓ PROFESSIONAL,CFPS - PROGRAMACIÓ DE PRODUCCIÓ EN FABRICACIÓ MECANICA (MOTLLES I MATRIUS),2,47,0,47,2,2
2021/2022,2021,FORMACIÓ PROFESSIONAL,CFPS - PROGRAMACIÓ DE PRODUCCIÓ EN FABRICACIÓ MECÀNICA,1,302,21,281,24,18
2021/2022,2021,FORMACIÓ PROFESSIONAL,CFPS - PROGRAMACIÓ DE PRODUCCIÓ EN FABRICACIÓ MECÀNICA,2,319,8,311,25,19
2021/2022,2021,FORMACIÓ PROFESSIONAL,CFPS - PROJECTES D'EDIFICACIÓ,1,105,44,61,21,6
2021/2022,2021,FORMACIÓ PROFESSIONAL,CFPS - PROJECTES D'EDIFICACIÓ,2,94,26,68,21,6
2021/2022,2021,FORMACIÓ PROFESSIONAL,CFPS - PROJECTES D'EDIFICACIÓ (REHABILITACIÓ I RESTAURACIÓ),1,93,44,49,4,4
2021/2022,2021,FORMACIÓ PROFESSIONAL,CFPS - PROJECTES D'EDIFICACIÓ (REHABILITACIÓ I RESTAURACIÓ),2,56,16,40,4,4
2021/2022,2021,FORMACIÓ PROFESSIONAL,CFPS - PROJECTES D'OBRA CIVIL,1,8,0,8,1,1
2021/2022,2021,FORMACIÓ PROFESSIONAL,CFPS - PROJECTES D'OBRA CIVIL,2,9,1,8,1,1
2021/2022,2021,FORMACIÓ PROFESSIONAL,CFPS - PROMOCIÓ DE LA IGUALTAT DE GÈNERE,1,83,75,8,2,3
2021/2022,2021,FORMACIÓ PROFESSIONAL,CFPS - PROMOCIÓ DE LA IGUALTAT DE GÈNERE,2,62,54,8,1,2
2021/2022,2021,FORMACIÓ PROFESSIONAL,CFPS - PRÒTESIS DENTALS,1,213,145,68,3,5
2021/2022,2021,FORMACIÓ PROFESSIONAL,CFPS - PRÒTESIS DENTALS,2,204,144,60,3,5
2021/2022,2021,FORMACIÓ PROFESSIONAL,CFPS - QUÍMICA AMBIENTAL,1,10,5,5,3,3
2021/2022,2021,FORMACIÓ PROFESSIONAL,CFPS - QUÍMICA I SALUT AMBIENTAL,1,125,60,65,6,6
2021/2022,2021,FORMACIÓ PROFESSIONAL,CFPS - QUÍMICA I SALUT AMBIENTAL,2,82,44,38,5,5
2021/2022,2021,FORMACIÓ PROFESSIONAL,CFPS - QUÍMICA INDUSTRIAL,1,237,69,168,9,6
2021/2022,2021,FORMACIÓ PROFESSIONAL,CFPS - QUÍMICA INDUSTRIAL,2,253,76,177,10,6
2021/2022,2021,FORMACIÓ PROFESSIONAL,CFPS - RADIOTERÀPIA I DOSIMETRIA,1,48,36,12,1,2
2021/2022,2021,FORMACIÓ PROFESSIONAL,CFPS - RADIOTERÀPIA I DOSIMETRIA,2,70,53,17,1,2
2021/2022,2021,FORMACIÓ PROFESSIONAL,CFPS - RAMADERIA I ASSISTÈNCIA EN SANITAT ANIMAL,1,173,114,59,5,4
2021/2022,2021,FORMACIÓ PROFESSIONAL,CFPS - RAMADERIA I ASSISTÈNCIA EN SANITAT ANIMAL,2,168,98,70,5,4
2021/2022,2021,FORMACIÓ PROFESSIONAL,CFPS - REALITZACIÓ DE PROJECTES AUDIOVISUALS I ESPECTACLES,1,344,135,209,6,10
2021/2022,2021,FORMACIÓ PROFESSIONAL,CFPS - REALITZACIÓ DE PROJECTES AUDIOVISUALS I ESPECTACLES,2,622,250,372,5,9
2021/2022,2021,FORMACIÓ PROFESSIONAL,CFPS - SALUT AMBIENTAL,2,20,12,8,4,4
2021/2022,2021,FORMACIÓ PROFESSIONAL,CFPS - SISTEMES DE TELECOMUNICACIONS I INFORMÀTICS,1,171,9,162,12,9
2021/2022,2021,FORMACIÓ PROFESSIONAL,CFPS - SISTEMES DE TELECOMUNICACIONS I INFORMÀTICS,2,181,13,168,12,9
2021/2022,2021,FORMACIÓ PROFESSIONAL,CFPS - SISTEMES ELECTROTÈCNICS I AUTOMATITZATS,1,301,8,293,29,18
2021/2022,2021,FORMACIÓ PROFESSIONAL,CFPS - SISTEMES ELECTROTÈCNICS I AUTOMATITZATS,2,326,9,317,29,18
2021/2022,2021,FORMACIÓ PROFESSIONAL,CFPS - SISTEMES ELECTROTÈCNICS I AUTOMATITZATS (INSTAL. ELÈCTRIQUES I COMUNICACIÓ DE VAIXELLS),1,28,1,27,1,1
2021/2022,2021,FORMACIÓ PROFESSIONAL,CFPS - SISTEMES ELECTROTÈCNICS I AUTOMATITZATS (INSTAL. ELÈCTRIQUES I COMUNICACIÓ DE VAIXELLS),2,26,2,24,1,1
2021/2022,2021,FORMACIÓ PROFESSIONAL,CFPS - SO PER AUDIOVISUALS I ESPECTACLES,1,138,12,126,3,5
2021/2022,2021,FORMACIÓ PROFESSIONAL,CFPS - SO PER AUDIOVISUALS I ESPECTACLES,2,166,26,140,3,5
2021/2022,2021,FORMACIÓ PROFESSIONAL,CFPS - TERMALISME I BENESTAR,1,26,23,3,1,2
2021/2022,2021,FORMACIÓ PROFESSIONAL,CFPS - TERMALISME I BENESTAR,2,9,5,4,1,1
2021/2022,2021,FORMACIÓ PROFESSIONAL,CFPS - TRANSPORT I LOGÍSTICA,1,519,168,351,17,14
2021/2022,2021,FORMACIÓ PROFESSIONAL,CFPS - TRANSPORT I LOGÍSTICA,2,1214,418,796,22,16
2021/2022,2021,FORMACIÓ PROFESSIONAL,CFPS - TRANSPORT I LOGÍSTICA,NA,37,18,19,0,1
2021/2022,2021,FORMACIÓ PROFESSIONAL,CFPS - TRANSPORT MARÍTIM I PESCA D'ALTURA,1,59,4,55,2,1
2021/2022,2021,FORMACIÓ PROFESSIONAL,CFPS - TRANSPORT MARÍTIM I PESCA D'ALTURA,2,52,9,43,2,1
2021/2022,2021,FORMACIÓ PROFESSIONAL,CFPS - VESTUARI A MIDA PER ESPECTACLES,1,68,57,11,2,3
2021/2022,2021,FORMACIÓ PROFESSIONAL,CFPS - VESTUARI A MIDA PER ESPECTACLES,2,66,59,7,2,3
2021/2022,2021,FORMACIÓ PROFESSIONAL,CFPS - VITIVINICULTURA,1,49,14,35,7,3
2021/2022,2021,FORMACIÓ PROFESSIONAL,CFPS - VITIVINICULTURA,2,55,16,39,7,3
2021/2022,2021,FORMACIÓ PROFESSIONAL,CFPS - ÒPTICA D'ULLERA,1,25,16,9,1,1
2021/2022,2021,FORMACIÓ PROFESSIONAL,CFPS - ÒPTICA D'ULLERA,2,18,11,7,1,1
2021/2022,2021,ITINERARIS FORMATIUS ESPECÍFICS,AUXILIAR EN MANTENIMENT D'INSTAL·LACIONS ESPORTIVES,1,112,28,84,0,14
2021/2022,2021,ITINERARIS FORMATIUS ESPECÍFICS,AUXILIAR EN MANTENIMENT D'INSTAL·LACIONS ESPORTIVES,2,75,11,64,0,11
2021/2022,2021,ITINERARIS FORMATIUS ESPECÍFICS,AUXILIAR EN MANTENIMENT D'INSTAL·LACIONS ESPORTIVES,3,29,5,24,0,5
2021/2022,2021,ITINERARIS FORMATIUS ESPECÍFICS,IFE - AUXILIAR EN CURA D'ANIMALS I ESPAIS VERDS,1,83,28,55,0,8
2021/2022,2021,ITINERARIS FORMATIUS ESPECÍFICS,IFE - AUXILIAR EN CURA D'ANIMALS I ESPAIS VERDS,2,55,13,42,0,8
2021/2022,2021,ITINERARIS FORMATIUS ESPECÍFICS,IFE - AUXILIAR EN CURA D'ANIMALS I ESPAIS VERDS,3,55,18,37,0,8
2021/2022,2021,ITINERARIS FORMATIUS ESPECÍFICS,IFE - AUXILIAR EN CURA D'ANIMALS I ESPAIS VERDS,4,29,15,14,0,5
2021/2022,2021,ITINERARIS FORMATIUS ESPECÍFICS,IFE - AUXILIAR EN VENDES I ATENCIÓ AL PÚBLIC,1,192,81,111,0,18
2021/2022,2021,ITINERARIS FORMATIUS ESPECÍFICS,IFE - AUXILIAR EN VENDES I ATENCIÓ AL PÚBLIC,2,148,67,81,0,16
2021/2022,2021,ITINERARIS FORMATIUS ESPECÍFICS,IFE - AUXILIAR EN VENDES I ATENCIÓ AL PÚBLIC,3,138,56,82,0,15
2021/2022,2021,ITINERARIS FORMATIUS ESPECÍFICS,IFE - AUXILIAR EN VENDES I ATENCIÓ AL PÚBLIC,4,119,50,69,0,13
2021/2022,2021,MÚSICA,ACORDIÓ,1,3,1,2,0,2
2021/2022,2021,MÚSICA,ACORDIÓ,2,4,3,1,0,3
2021/2022,2021,MÚSICA,ACORDIÓ,3,4,1,3,0,3
2021/2022,2021,MÚSICA,ACORDIÓ,4,5,4,1,0,4
2021/2022,2021,MÚSICA,ACORDIÓ,5,2,1,1,0,2
2021/2022,2021,MÚSICA,ACORDIÓ,6,2,1,1,0,2
2021/2022,2021,MÚSICA,ACORDIÓ (MÚSICA TRADICIONAL),6,1,1,0,0,1
2021/2022,2021,MÚSICA,ACORDIÓ DIATÓNIC (INTERPRETACIÓ: MÚSICA TRADICIONAL I FLAMENC),1,1,0,1,0,1
2021/2022,2021,MÚSICA,ACORDIÓ DIATÓNIC (INTERPRETACIÓ: MÚSICA TRADICIONAL I FLAMENC),2,1,0,1,0,1
2021/2022,2021,MÚSICA,ACORDIÓ DIATÓNIC (INTERPRETACIÓ: MÚSICA TRADICIONAL I FLAMENC),3,1,1,0,0,1
2021/2022,2021,MÚSICA,ACORDIÓ DIATÓNIC (INTERPRETACIÓ: MÚSICA TRADICIONAL I FLAMENC),4,1,0,1,0,1
2021/2022,2021,MÚSICA,ACORDIÓ DIÀTONIC (INTERPRETACIÓ: JAZZ I MÚSICA MODERNA),2,1,1,0,0,1
2021/2022,2021,MÚSICA,ACORDIÓ DIÀTONIC (INTERPRETACIÓ: JAZZ I MÚSICA MODERNA),4,1,0,1,0,1
2021/2022,2021,MÚSICA,ARPA,2,2,1,1,0,2
2021/2022,2021,MÚSICA,ARPA,3,1,1,0,0,1
2021/2022,2021,MÚSICA,ARPA,4,5,4,1,0,3
2021/2022,2021,MÚSICA,ARPA,5,3,2,1,0,2
2021/2022,2021,MÚSICA,ARPA (INTERPRETACIÓ: CLÀSSICA I CONTEMPORÀNIA),2,1,1,0,0,1
2021/2022,2021,MÚSICA,ARPA (INTERPRETACIÓ: CLÀSSICA I CONTEMPORÀNIA),3,2,1,1,0,2
2021/2022,2021,MÚSICA,BAIX ELÈCTRIC,1,1,0,1,0,1
2021/2022,2021,MÚSICA,BAIX ELÈCTRIC,3,1,0,1,0,1
2021/2022,2021,MÚSICA,BAIX ELÈCTRIC,5,3,2,1,0,2
2021/2022,2021,MÚSICA,BAIX ELÈCTRIC,6,3,0,3,0,1
2021/2022,2021,MÚSICA,BAIX ELÈCTRIC (INTERPRETACIÓ: JAZZ I MÚSICA MODERNA),1,3,0,3,0,3
2021/2022,2021,MÚSICA,BAIX ELÈCTRIC (INTERPRETACIÓ: JAZZ I MÚSICA MODERNA),2,14,0,14,0,4
2021/2022,2021,MÚSICA,BAIX ELÈCTRIC (INTERPRETACIÓ: JAZZ I MÚSICA MODERNA),3,9,1,8,0,3
2021/2022,2021,MÚSICA,BAIX ELÈCTRIC (INTERPRETACIÓ: JAZZ I MÚSICA MODERNA),4,15,0,15,0,4
2021/2022,2021,MÚSICA,BATERIA (INTERPRETACIÓ: JAZZ I MÚSICA MODERNA),1,24,0,24,0,4
2021/2022,2021,MÚSICA,BATERIA (INTERPRETACIÓ: JAZZ I MÚSICA MODERNA),2,17,2,15,0,4
2021/2022,2021,MÚSICA,BATERIA (INTERPRETACIÓ: JAZZ I MÚSICA MODERNA),3,11,1,10,0,4
2021/2022,2021,MÚSICA,BATERIA (INTERPRETACIÓ: JAZZ I MÚSICA MODERNA),4,30,0,30,0,4
2021/2022,2021,MÚSICA,CANT,1,9,8,1,0,8
2021/2022,2021,MÚSICA,CANT,2,8,7,1,0,6
2021/2022,2021,MÚSICA,CANT,3,18,16,2,0,10
2021/2022,2021,MÚSICA,CANT,4,23,18,5,0,12
2021/2022,2021,MÚSICA,CANT,5,25,23,2,0,12
2021/2022,2021,MÚSICA,CANT,6,46,39,7,0,15
2021/2022,2021,MÚSICA,CANT (INTERPRETACIÓ: CLÀSSICA I CONTEMPORÀNIA),1,22,15,7,0,2
2021/2022,2021,MÚSICA,CANT (INTERPRETACIÓ: CLÀSSICA I CONTEMPORÀNIA),2,17,12,5,0,2
2021/2022,2021,MÚSICA,CANT (INTERPRETACIÓ: CLÀSSICA I CONTEMPORÀNIA),3,19,16,3,0,2
2021/2022,2021,MÚSICA,CANT (INTERPRETACIÓ: CLÀSSICA I CONTEMPORÀNIA),4,21,13,8,0,2
2021/2022,2021,MÚSICA,CANT (INTERPRETACIÓ: JAZZ I MÚSICA MODERNA),1,19,13,6,0,4
2021/2022,2021,MÚSICA,CANT (INTERPRETACIÓ: JAZZ I MÚSICA MODERNA),2,16,15,1,0,4
2021/2022,2021,MÚSICA,CANT (INTERPRETACIÓ: JAZZ I MÚSICA MODERNA),3,13,10,3,0,3
2021/2022,2021,MÚSICA,CANT (INTERPRETACIÓ: JAZZ I MÚSICA MODERNA),4,32,25,7,0,4
2021/2022,2021,MÚSICA,CANT FLAMENC (INTERPRETACIÓ: MÚSICA TRADICIONAL),1,1,1,0,0,1
2021/2022,2021,MÚSICA,CANT FLAMENC (INTERPRETACIÓ: MÚSICA TRADICIONAL),2,1,1,0,0,1
2021/2022,2021,MÚSICA,CANT FLAMENC (INTERPRETACIÓ: MÚSICA TRADICIONAL),4,2,2,0,0,1
2021/2022,2021,MÚSICA,CANT HISTÒRIC (INTERPRETACIÓ: MÚSICA ANTIGA),1,3,1,2,0,1
2021/2022,2021,MÚSICA,CANT HISTÒRIC (INTERPRETACIÓ: MÚSICA ANTIGA),2,3,2,1,0,1
2021/2022,2021,MÚSICA,CANT HISTÒRIC (INTERPRETACIÓ: MÚSICA ANTIGA),3,1,1,0,0,1
2021/2022,2021,MÚSICA,CANT HISTÒRIC (INTERPRETACIÓ: MÚSICA ANTIGA),4,4,2,2,0,1
2021/2022,2021,MÚSICA,CLARINET,1,35,20,15,0,17
2021/2022,2021,MÚSICA,CLARINET,2,34,15,19,0,19
2021/2022,2021,MÚSICA,CLARINET,3,25,9,16,0,13
2021/2022,2021,MÚSICA,CLARINET,4,22,15,7,0,11
2021/2022,2021,MÚSICA,CLARINET,5,20,15,5,0,14
2021/2022,2021,MÚSICA,CLARINET,6,37,13,24,0,18
2021/2022,2021,MÚSICA,CLARINET (INTERPRETACIÓ: CLÀSSICA I CONTEMPORÀNIA),1,4,3,1,0,2
2021/2022,2021,MÚSICA,CLARINET (INTERPRETACIÓ: CLÀSSICA I CONTEMPORÀNIA),2,7,3,4,0,2
2021/2022,2021,MÚSICA,CLARINET (INTERPRETACIÓ: CLÀSSICA I CONTEMPORÀNIA),3,6,3,3,0,2
2021/2022,2021,MÚSICA,CLARINET (INTERPRETACIÓ: CLÀSSICA I CONTEMPORÀNIA),4,7,2,5,0,2
2021/2022,2021,MÚSICA,CLARINET (INTERPRETACIÓ: JAZZ I MÚSICA MODERNA),1,2,1,1,0,2
2021/2022,2021,MÚSICA,CLARINET (INTERPRETACIÓ: JAZZ I MÚSICA MODERNA),2,2,1,1,0,2
2021/2022,2021,MÚSICA,CLARINET (INTERPRETACIÓ: JAZZ I MÚSICA MODERNA),4,2,0,2,0,2
2021/2022,2021,MÚSICA,CLAVICÈMBAL,3,1,0,1,0,1
2021/2022,2021,MÚSICA,CLAVICÈMBAL,4,2,1,1,0,2
2021/2022,2021,MÚSICA,CLAVICÈMBAL,5,2,1,1,0,2
2021/2022,2021,MÚSICA,CLAVICÈMBAL (INTERPRETACIÓ: MÚSICA ANTIGA),2,1,0,1,0,1
2021/2022,2021,MÚSICA,CLAVICÈMBAL (INTERPRETACIÓ: MÚSICA ANTIGA),3,1,0,1,0,1
2021/2022,2021,MÚSICA,CLAVICÈMBAL (INTERPRETACIÓ: MÚSICA ANTIGA),4,1,0,1,0,1
2021/2022,2021,MÚSICA,COMPOSICIÓ,1,20,5,15,0,3
2021/2022,2021,MÚSICA,COMPOSICIÓ,2,21,6,15,0,3
2021/2022,2021,MÚSICA,COMPOSICIÓ,3,18,3,15,0,3
2021/2022,2021,MÚSICA,COMPOSICIÓ,4,23,3,20,0,3
2021/2022,2021,MÚSICA,CONTRABAIX,1,10,4,6,0,9
2021/2022,2021,MÚSICA,CONTRABAIX,2,13,6,7,0,10
2021/2022,2021,MÚSICA,CONTRABAIX,3,18,5,13,0,12
2021/2022,2021,MÚSICA,CONTRABAIX,4,10,2,8,0,9
2021/2022,2021,MÚSICA,CONTRABAIX,5,9,3,6,0,7
2021/2022,2021,MÚSICA,CONTRABAIX,6,14,4,10,0,10
2021/2022,2021,MÚSICA,CONTRABAIX (INTERPRETACIÓ: CLÀSSICA I CONTEMPORÀNIA),1,3,1,2,0,2
2021/2022,2021,MÚSICA,CONTRABAIX (INTERPRETACIÓ: CLÀSSICA I CONTEMPORÀNIA),2,3,2,1,0,1
2021/2022,2021,MÚSICA,CONTRABAIX (INTERPRETACIÓ: CLÀSSICA I CONTEMPORÀNIA),3,2,1,1,0,1
2021/2022,2021,MÚSICA,CONTRABAIX (INTERPRETACIÓ: CLÀSSICA I CONTEMPORÀNIA),4,5,3,2,0,2
2021/2022,2021,MÚSICA,CONTRABAIX (INTERPRETACIÓ: JAZZ I MÚSICA MODERNA),1,2,0,2,0,1
2021/2022,2021,MÚSICA,CONTRABAIX (INTERPRETACIÓ: JAZZ I MÚSICA MODERNA),2,3,0,3,0,2
2021/2022,2021,MÚSICA,CONTRABAIX (INTERPRETACIÓ: JAZZ I MÚSICA MODERNA),3,3,0,3,0,2
2021/2022,2021,MÚSICA,CONTRABAIX (INTERPRETACIÓ: JAZZ I MÚSICA MODERNA),4,9,1,8,0,3
2021/2022,2021,MÚSICA,CORNAMUSA (INTERPRETACIÓ: MÚSICA TRADICIONAL I FLAMENC),1,1,1,0,0,1
2021/2022,2021,MÚSICA,CORNAMUSA (INTERPRETACIÓ: MÚSICA TRADICIONAL I FLAMENC),3,1,0,1,0,1
2021/2022,2021,MÚSICA,FAGOT,1,4,2,2,0,3
2021/2022,2021,MÚSICA,FAGOT,2,6,1,5,0,5
2021/2022,2021,MÚSICA,FAGOT,3,4,4,0,0,3
2021/2022,2021,MÚSICA,FAGOT,4,6,1,5,0,6
2021/2022,2021,MÚSICA,FAGOT,5,4,2,2,0,3
2021/2022,2021,MÚSICA,FAGOT,6,8,4,4,0,5
2021/2022,2021,MÚSICA,FAGOT (INTERPRETACIÓ: CLÀSSICA I CONTEMPORÀNIA),1,2,1,1,0,2
2021/2022,2021,MÚSICA,FAGOT (INTERPRETACIÓ: CLÀSSICA I CONTEMPORÀNIA),3,3,2,1,0,2
2021/2022,2021,MÚSICA,FAGOT (INTERPRETACIÓ: CLÀSSICA I CONTEMPORÀNIA),4,4,1,3,0,2
2021/2022,2021,MÚSICA,FAGOTS HISTÒRICS (INTERPRETACIÓ: MÚSICA ANTIGA),2,1,0,1,0,1
2021/2022,2021,MÚSICA,FLABIOL I TAMBORÍ,1,1,1,0,0,1
2021/2022,2021,MÚSICA,FLABIOL I TAMBORÍ,2,1,1,0,0,1
2021/2022,2021,MÚSICA,FLABIOL I TAMBORÍ,4,2,2,0,0,2
2021/2022,2021,MÚSICA,FLABIOL I TAMBORÍ,6,1,0,1,0,1
2021/2022,2021,MÚSICA,FLABIOL I TAMBORÍ (INTERPRETACIÓ: MÚSICA TRADICIONAL),1,1,1,0,0,1
2021/2022,2021,MÚSICA,FLABIOL I TAMBORÍ (INTERPRETACIÓ: MÚSICA TRADICIONAL),3,1,0,1,0,1
2021/2022,2021,MÚSICA,FLABIOL I TAMBORÍ (INTERPRETACIÓ: MÚSICA TRADICIONAL),4,1,1,0,0,1
2021/2022,2021,MÚSICA,FLAUTA DE BEC,1,7,5,2,0,5
2021/2022,2021,MÚSICA,FLAUTA DE BEC,2,3,1,2,0,2
2021/2022,2021,MÚSICA,FLAUTA DE BEC,3,7,3,4,0,6
2021/2022,2021,MÚSICA,FLAUTA DE BEC,4,4,1,3,0,3
2021/2022,2021,MÚSICA,FLAUTA DE BEC,5,2,1,1,0,2
2021/2022,2021,MÚSICA,FLAUTA DE BEC,6,3,2,1,0,3
2021/2022,2021,MÚSICA,FLAUTA DE BEC (INTERPRETACIÓ: CLÀSSICA I CONTEMPORÀNIA),1,3,3,0,0,1
2021/2022,2021,MÚSICA,FLAUTA DE BEC (INTERPRETACIÓ: CLÀSSICA I CONTEMPORÀNIA),2,2,1,1,0,1
2021/2022,2021,MÚSICA,FLAUTA DE BEC (INTERPRETACIÓ: CLÀSSICA I CONTEMPORÀNIA),3,1,1,0,0,1
2021/2022,2021,MÚSICA,FLAUTA DE BEC (INTERPRETACIÓ: CLÀSSICA I CONTEMPORÀNIA),4,2,2,0,0,1
2021/2022,2021,MÚSICA,FLAUTA DE BEC (INTERPRETACIÓ: MÚSICA ANTIGA),4,1,1,0,0,1
2021/2022,2021,MÚSICA,FLAUTA TRAVESSERA,1,30,26,4,0,16
2021/2022,2021,MÚSICA,FLAUTA TRAVESSERA,2,31,24,7,0,17
2021/2022,2021,MÚSICA,FLAUTA TRAVESSERA,3,30,25,5,0,16
2021/2022,2021,MÚSICA,FLAUTA TRAVESSERA,4,34,28,6,0,21
2021/2022,2021,MÚSICA,FLAUTA TRAVESSERA,5,50,43,7,0,20
2021/2022,2021,MÚSICA,FLAUTA TRAVESSERA,6,48,39,9,0,18
2021/2022,2021,MÚSICA,FLAUTA TRAVESSERA (INTERPRETACIÓ: CLÀSSICA I CONTEMPORÀNIA),1,4,3,1,0,1
2021/2022,2021,MÚSICA,FLAUTA TRAVESSERA (INTERPRETACIÓ: CLÀSSICA I CONTEMPORÀNIA),2,4,3,1,0,1
2021/2022,2021,MÚSICA,FLAUTA TRAVESSERA (INTERPRETACIÓ: CLÀSSICA I CONTEMPORÀNIA),3,5,5,0,0,1
2021/2022,2021,MÚSICA,FLAUTA TRAVESSERA (INTERPRETACIÓ: CLÀSSICA I CONTEMPORÀNIA),4,4,2,2,0,1
2021/2022,2021,MÚSICA,FLAUTA TRAVESSERA (INTERPRETACIÓ: JAZZ I MÚSICA MODERNA),1,1,1,0,0,1
2021/2022,2021,MÚSICA,FLAUTA TRAVESSERA (INTERPRETACIÓ: JAZZ I MÚSICA MODERNA),2,2,0,2,0,2
2021/2022,2021,MÚSICA,FLAUTA TRAVESSERA (INTERPRETACIÓ: JAZZ I MÚSICA MODERNA),4,1,0,1,0,1
2021/2022,2021,MÚSICA,GUITARRA,1,40,19,21,0,18
2021/2022,2021,MÚSICA,GUITARRA,2,48,18,30,0,16
2021/2022,2021,MÚSICA,GUITARRA,3,40,23,17,0,17
2021/2022,2021,MÚSICA,GUITARRA,4,45,17,28,0,18
2021/2022,2021,MÚSICA,GUITARRA,5,33,16,17,0,15
2021/2022,2021,MÚSICA,GUITARRA,6,48,23,25,0,17
2021/2022,2021,MÚSICA,GUITARRA (INTERPRETACIÓ: CLÀSSICA I CONTEMPORÀNIA),1,4,0,4,0,2
2021/2022,2021,MÚSICA,GUITARRA (INTERPRETACIÓ: CLÀSSICA I CONTEMPORÀNIA),2,7,2,5,0,2
2021/2022,2021,MÚSICA,GUITARRA (INTERPRETACIÓ: CLÀSSICA I CONTEMPORÀNIA),3,7,2,5,0,2
2021/2022,2021,MÚSICA,GUITARRA (INTERPRETACIÓ: CLÀSSICA I CONTEMPORÀNIA),4,5,2,3,0,2
2021/2022,2021,MÚSICA,GUITARRA ACÚSTICA (INTERPRETACIÓ: JAZZ I MÚSICA MODERNA),1,3,0,3,0,1
2021/2022,2021,MÚSICA,GUITARRA ACÚSTICA (INTERPRETACIÓ: JAZZ I MÚSICA MODERNA),2,3,0,3,0,1
2021/2022,2021,MÚSICA,GUITARRA ACÚSTICA (INTERPRETACIÓ: JAZZ I MÚSICA MODERNA),3,2,0,2,0,1
2021/2022,2021,MÚSICA,GUITARRA ACÚSTICA (INTERPRETACIÓ: JAZZ I MÚSICA MODERNA),4,2,0,2,0,1
2021/2022,2021,MÚSICA,GUITARRA ELÈCTRICA,1,4,0,4,0,4
2021/2022,2021,MÚSICA,GUITARRA ELÈCTRICA,2,6,1,5,0,5
2021/2022,2021,MÚSICA,GUITARRA ELÈCTRICA,3,6,1,5,0,4
2021/2022,2021,MÚSICA,GUITARRA ELÈCTRICA,4,6,0,6,0,5
2021/2022,2021,MÚSICA,GUITARRA ELÈCTRICA,5,9,0,9,0,6
2021/2022,2021,MÚSICA,GUITARRA ELÈCTRICA,6,13,2,11,0,4
2021/2022,2021,MÚSICA,GUITARRA ELÈCTRICA (INTERPRETACIÓ: JAZZ I MÚSICA MODERNA),1,17,0,17,0,3
2021/2022,2021,MÚSICA,GUITARRA ELÈCTRICA (INTERPRETACIÓ: JAZZ I MÚSICA MODERNA),2,21,0,21,0,3
2021/2022,2021,MÚSICA,GUITARRA ELÈCTRICA (INTERPRETACIÓ: JAZZ I MÚSICA MODERNA),3,11,0,11,0,3
2021/2022,2021,MÚSICA,GUITARRA ELÈCTRICA (INTERPRETACIÓ: JAZZ I MÚSICA MODERNA),4,28,5,23,0,3
2021/2022,2021,MÚSICA,GUITARRA FLAMENCA (INTERPRETACIÓ: MÚSICA TRADICIONAL),1,6,0,6,0,3
2021/2022,2021,MÚSICA,GUITARRA FLAMENCA (INTERPRETACIÓ: MÚSICA TRADICIONAL),2,7,1,6,0,3
2021/2022,2021,MÚSICA,GUITARRA FLAMENCA (INTERPRETACIÓ: MÚSICA TRADICIONAL),3,5,0,5,0,3
2021/2022,2021,MÚSICA,GUITARRA FLAMENCA (INTERPRETACIÓ: MÚSICA TRADICIONAL),4,10,0,10,0,3
2021/2022,2021,MÚSICA,INSTRUMENTS DE CORDA POLSADA,5,1,0,1,0,1
2021/2022,2021,MÚSICA,INSTRUMENTS HISTÒRICS DE BROQUET (INTERPRETACIÓ: MÚSICA ANTIGA),3,2,0,2,0,1
2021/2022,2021,MÚSICA,INSTRUMENTS HISTÒRICS DE BROQUET (INTERPRETACIÓ: MÚSICA ANTIGA),4,2,0,2,0,1
2021/2022,2021,MÚSICA,INSTRUMENTS PROPIS D'ALTRES TRADICIONS I FOLKLORES (INTERPRETACIÓ: MÚSICA TRADICIONAL),4,1,0,1,0,1
2021/2022,2021,MÚSICA,NO APLICA,2,246,114,132,0,2
2021/2022,2021,MÚSICA,OBOÈ,1,17,7,10,0,12
2021/2022,2021,MÚSICA,OBOÈ,2,15,6,9,0,9
2021/2022,2021,MÚSICA,OBOÈ,3,14,6,8,0,11
2021/2022,2021,MÚSICA,OBOÈ,4,10,3,7,0,7
2021/2022,2021,MÚSICA,OBOÈ,5,11,8,3,0,8
2021/2022,2021,MÚSICA,OBOÈ,6,12,9,3,0,9
2021/2022,2021,MÚSICA,OBOÈ (INTERPRETACIÓ: CLÀSSICA I CONTEMPORÀNIA),1,6,3,3,0,2
2021/2022,2021,MÚSICA,OBOÈ (INTERPRETACIÓ: CLÀSSICA I CONTEMPORÀNIA),2,2,2,0,0,1
2021/2022,2021,MÚSICA,OBOÈ (INTERPRETACIÓ: CLÀSSICA I CONTEMPORÀNIA),3,5,1,4,0,2
2021/2022,2021,MÚSICA,OBOÈ (INTERPRETACIÓ: CLÀSSICA I CONTEMPORÀNIA),4,2,1,1,0,1
2021/2022,2021,MÚSICA,ORGUE,1,2,1,1,0,2
2021/2022,2021,MÚSICA,ORGUE,3,2,0,2,0,2
2021/2022,2021,MÚSICA,ORGUE,4,1,0,1,0,1
2021/2022,2021,MÚSICA,ORGUE,6,2,0,2,0,2
2021/2022,2021,MÚSICA,ORGUE (INTERPRETACIÓ: CLÀSSICA I CONTEMPORÀNIA),1,1,0,1,0,1
2021/2022,2021,MÚSICA,ORGUE (INTERPRETACIÓ: CLÀSSICA I CONTEMPORÀNIA),2,1,0,1,0,1
2021/2022,2021,MÚSICA,ORGUE (INTERPRETACIÓ: CLÀSSICA I CONTEMPORÀNIA),3,2,0,2,0,1
2021/2022,2021,MÚSICA,ORGUE (INTERPRETACIÓ: CLÀSSICA I CONTEMPORÀNIA),4,2,0,2,0,1
2021/2022,2021,MÚSICA,PEDAGOGIA DE L'INSTRUMENT,4,12,6,6,0,1
2021/2022,2021,MÚSICA,PERCUSSIÓ,1,15,3,12,0,12
2021/2022,2021,MÚSICA,PERCUSSIÓ,2,15,3,12,0,8
2021/2022,2021,MÚSICA,PERCUSSIÓ,3,17,5,12,0,10
2021/2022,2021,MÚSICA,PERCUSSIÓ,4,8,0,8,0,6
2021/2022,2021,MÚSICA,PERCUSSIÓ,5,15,3,12,0,9
2021/2022,2021,MÚSICA,PERCUSSIÓ,6,12,2,10,0,9
2021/2022,2021,MÚSICA,PERCUSSIÓ (INTERPRETACIÓ: CLÀSSICA I CONTEMPORÀNIA),1,3,0,3,0,2
2021/2022,2021,MÚSICA,PERCUSSIÓ (INTERPRETACIÓ: CLÀSSICA I CONTEMPORÀNIA),2,3,0,3,0,1
2021/2022,2021,MÚSICA,PERCUSSIÓ (INTERPRETACIÓ: CLÀSSICA I CONTEMPORÀNIA),3,3,0,3,0,2
2021/2022,2021,MÚSICA,PERCUSSIÓ (INTERPRETACIÓ: CLÀSSICA I CONTEMPORÀNIA),4,6,1,5,0,2
2021/2022,2021,MÚSICA,PERCUSSIÓ (INTERPRETACIÓ: JAZZ I MÚSICA MODERNA),1,1,0,1,0,1
2021/2022,2021,MÚSICA,PERCUSSIÓ (INTERPRETACIÓ: JAZZ I MÚSICA MODERNA),2,1,0,1,0,1
2021/2022,2021,MÚSICA,PERCUSSIÓ (INTERPRETACIÓ: JAZZ I MÚSICA MODERNA),3,1,0,1,0,1
2021/2022,2021,MÚSICA,PERCUSSIÓ (INTERPRETACIÓ: JAZZ I MÚSICA MODERNA),4,2,1,1,0,2
2021/2022,2021,MÚSICA,PERCUSSIÓ (MÚSICA MODERNA I JAZZ),2,2,2,0,0,1
2021/2022,2021,MÚSICA,PERCUSSIÓ (MÚSICA MODERNA I JAZZ),3,2,0,2,0,1
2021/2022,2021,MÚSICA,PERCUSSIÓ (MÚSICA MODERNA I JAZZ),4,2,0,2,0,2
2021/2022,2021,MÚSICA,PERCUSSIÓ (MÚSICA MODERNA I JAZZ),5,1,0,1,0,1
2021/2022,2021,MÚSICA,PERCUSSIÓ (MÚSICA MODERNA I JAZZ),6,2,0,2,0,2
2021/2022,2021,MÚSICA,PERCUSSIÓ HISTÒRICA (INTERPRETACIÓ: MÚSICA ANTIGA),3,1,0,1,0,1
2021/2022,2021,MÚSICA,PERCUSSIÓ HISTÒRICA (INTERPRETACIÓ: MÚSICA ANTIGA),4,1,1,0,0,1
2021/2022,2021,MÚSICA,PIANO,1,120,66,54,0,24
2021/2022,2021,MÚSICA,PIANO,2,125,69,56,0,24
2021/2022,2021,MÚSICA,PIANO,3,128,73,55,0,25
2021/2022,2021,MÚSICA,PIANO,4,102,50,52,0,21
2021/2022,2021,MÚSICA,PIANO,5,108,69,39,0,21
2021/2022,2021,MÚSICA,PIANO,6,159,105,54,0,22
2021/2022,2021,MÚSICA,PIANO (INTERPRETACIÓ: CLÀSSICA I CONTEMPORÀNIA),1,37,21,16,0,2
2021/2022,2021,MÚSICA,PIANO (INTERPRETACIÓ: CLÀSSICA I CONTEMPORÀNIA),2,32,18,14,0,2
2021/2022,2021,MÚSICA,PIANO (INTERPRETACIÓ: CLÀSSICA I CONTEMPORÀNIA),3,23,9,14,0,2
2021/2022,2021,MÚSICA,PIANO (INTERPRETACIÓ: CLÀSSICA I CONTEMPORÀNIA),4,31,17,14,0,2
2021/2022,2021,MÚSICA,PIANO (INTERPRETACIÓ: JAZZ I MÚSICA MODERNA),1,11,4,7,0,3
2021/2022,2021,MÚSICA,PIANO (INTERPRETACIÓ: JAZZ I MÚSICA MODERNA),2,11,4,7,0,4
2021/2022,2021,MÚSICA,PIANO (INTERPRETACIÓ: JAZZ I MÚSICA MODERNA),3,14,3,11,0,3
2021/2022,2021,MÚSICA,PIANO (INTERPRETACIÓ: JAZZ I MÚSICA MODERNA),4,13,3,10,0,3
2021/2022,2021,MÚSICA,PRODUCCIÓ I GESTIÓ,1,5,1,4,0,1
2021/2022,2021,MÚSICA,PRODUCCIÓ I GESTIÓ,2,7,5,2,0,2
2021/2022,2021,MÚSICA,PRODUCCIÓ I GESTIÓ,3,7,4,3,0,2
2021/2022,2021,MÚSICA,PRODUCCIÓ I GESTIÓ,4,8,2,6,0,1
2021/2022,2021,MÚSICA,SAXÒFON,1,39,16,23,0,19
2021/2022,2021,MÚSICA,SAXÒFON,2,30,11,19,0,17
2021/2022,2021,MÚSICA,SAXÒFON,3,23,5,18,0,12
2021/2022,2021,MÚSICA,SAXÒFON,4,22,6,16,0,13
2021/2022,2021,MÚSICA,SAXÒFON,5,23,7,16,0,12
2021/2022,2021,MÚSICA,SAXÒFON,6,17,9,8,0,12
2021/2022,2021,MÚSICA,SAXÒFON (INTERPRETACIÓ: CLÀSSICA I CONTEMPORÀNIA),1,5,3,2,0,2
2021/2022,2021,MÚSICA,SAXÒFON (INTERPRETACIÓ: CLÀSSICA I CONTEMPORÀNIA),2,4,2,2,0,2
2021/2022,2021,MÚSICA,SAXÒFON (INTERPRETACIÓ: CLÀSSICA I CONTEMPORÀNIA),3,5,1,4,0,2
2021/2022,2021,MÚSICA,SAXÒFON (INTERPRETACIÓ: CLÀSSICA I CONTEMPORÀNIA),4,9,3,6,0,2
2021/2022,2021,MÚSICA,SAXÒFON (INTERPRETACIÓ: JAZZ I MÚSICA MODERNA),1,8,3,5,0,3
2021/2022,2021,MÚSICA,SAXÒFON (INTERPRETACIÓ: JAZZ I MÚSICA MODERNA),2,8,2,6,0,3
2021/2022,2021,MÚSICA,SAXÒFON (INTERPRETACIÓ: JAZZ I MÚSICA MODERNA),3,8,1,7,0,3
2021/2022,2021,MÚSICA,SAXÒFON (INTERPRETACIÓ: JAZZ I MÚSICA MODERNA),4,14,3,11,0,4
2021/2022,2021,MÚSICA,SENSE MODALITAT (DIRECCIÓ),1,4,1,3,0,1
2021/2022,2021,MÚSICA,SENSE MODALITAT (DIRECCIÓ),2,4,0,4,0,1
2021/2022,2021,MÚSICA,SENSE MODALITAT (DIRECCIÓ),3,3,1,2,0,1
2021/2022,2021,MÚSICA,SENSE MODALITAT (DIRECCIÓ),4,9,2,7,0,1
2021/2022,2021,MÚSICA,SENSE MODALITAT (INTERPRETACIÓ: JAZZ I MÚSICA MODERNA),1,1,0,1,0,1
2021/2022,2021,MÚSICA,SENSE MODALITAT (INTERPRETACIÓ: JAZZ I MÚSICA MODERNA),2,1,0,1,0,1
2021/2022,2021,MÚSICA,SENSE MODALITAT (INTERPRETACIÓ: JAZZ I MÚSICA MODERNA),4,3,0,3,0,1
2021/2022,2021,MÚSICA,SENSE MODALITAT (INTERPRETACIÓ: MÚSICA TRADICIONAL I FLAMENC),1,2,1,1,0,1
2021/2022,2021,MÚSICA,SENSE MODALITAT (INTERPRETACIÓ: MÚSICA TRADICIONAL I FLAMENC),2,5,1,4,0,2
2021/2022,2021,MÚSICA,SENSE MODALITAT (INTERPRETACIÓ: MÚSICA TRADICIONAL I FLAMENC),3,2,1,1,0,1
2021/2022,2021,MÚSICA,SENSE MODALITAT (INTERPRETACIÓ: MÚSICA TRADICIONAL I FLAMENC),4,5,2,3,0,1
2021/2022,2021,MÚSICA,SENSE MODALITAT (MUSICOLOGIA),1,4,2,2,0,1
2021/2022,2021,MÚSICA,SENSE MODALITAT (MUSICOLOGIA),2,8,7,1,0,1
2021/2022,2021,MÚSICA,SENSE MODALITAT (MUSICOLOGIA),3,1,1,0,0,1
2021/2022,2021,MÚSICA,SENSE MODALITAT (MUSICOLOGIA),4,5,2,3,0,1
2021/2022,2021,MÚSICA,SENSE MODALITAT (PEDAGOGIA),1,39,24,15,0,3
2021/2022,2021,MÚSICA,SENSE MODALITAT (PEDAGOGIA),2,28,19,9,0,3
2021/2022,2021,MÚSICA,SENSE MODALITAT (PEDAGOGIA),3,33,19,14,0,3
2021/2022,2021,MÚSICA,SENSE MODALITAT (PEDAGOGIA),4,54,29,25,0,3
2021/2022,2021,MÚSICA,SONOLOGIA,1,6,2,4,0,1
2021/2022,2021,MÚSICA,SONOLOGIA,2,4,1,3,0,1
2021/2022,2021,MÚSICA,SONOLOGIA,3,4,0,4,0,1
2021/2022,2021,MÚSICA,SONOLOGIA,4,13,2,11,0,2
2021/2022,2021,MÚSICA,TECLATS (INTERPRETACIÓ: JAZZ I MÚSICA MODERNA),1,2,0,2,0,1
2021/2022,2021,MÚSICA,TECLATS (INTERPRETACIÓ: JAZZ I MÚSICA MODERNA),2,1,0,1,0,1
2021/2022,2021,MÚSICA,TECLATS (INTERPRETACIÓ: JAZZ I MÚSICA MODERNA),3,2,0,2,0,2
2021/2022,2021,MÚSICA,TECLATS (INTERPRETACIÓ: JAZZ I MÚSICA MODERNA),4,5,1,4,0,3
2021/2022,2021,MÚSICA,TENORA,1,2,0,2,0,1
2021/2022,2021,MÚSICA,TENORA,4,1,0,1,0,1
2021/2022,2021,MÚSICA,TENORA,5,1,0,1,0,1
2021/2022,2021,MÚSICA,TENORA,6,1,1,0,0,1
2021/2022,2021,MÚSICA,TENORA (INTERPRETACIÓ: MÚSICA TRADICIONAL),2,2,0,2,0,1
2021/2022,2021,MÚSICA,TENORA (INTERPRETACIÓ: MÚSICA TRADICIONAL),4,1,0,1,0,1
2021/2022,2021,MÚSICA,TIBLE,2,1,1,0,0,1
2021/2022,2021,MÚSICA,TIBLE,4,1,1,0,0,1
2021/2022,2021,MÚSICA,TIBLE,6,1,0,1,0,1
2021/2022,2021,MÚSICA,TIBLE (INTERPRETACIÓ: MÚSICA TRADICIONAL),4,1,0,1,0,1
2021/2022,2021,MÚSICA,TROMBÓ,1,16,4,12,0,12
2021/2022,2021,MÚSICA,TROMBÓ,2,24,7,17,0,14
2021/2022,2021,MÚSICA,TROMBÓ,3,8,4,4,0,6
2021/2022,2021,MÚSICA,TROMBÓ,4,14,4,10,0,11
2021/2022,2021,MÚSICA,TROMBÓ,5,9,0,9,0,7
2021/2022,2021,MÚSICA,TROMBÓ,6,7,1,6,0,6
2021/2022,2021,MÚSICA,TROMBÓ (INTERPRETACIÓ: CLÀSSICA I CONTEMPORÀNIA),1,2,0,2,0,1
2021/2022,2021,MÚSICA,TROMBÓ (INTERPRETACIÓ: CLÀSSICA I CONTEMPORÀNIA),2,3,0,3,0,2
2021/2022,2021,MÚSICA,TROMBÓ (INTERPRETACIÓ: CLÀSSICA I CONTEMPORÀNIA),3,6,0,6,0,2
2021/2022,2021,MÚSICA,TROMBÓ (INTERPRETACIÓ: CLÀSSICA I CONTEMPORÀNIA),4,4,1,3,0,2
2021/2022,2021,MÚSICA,TROMBÓ (INTERPRETACIÓ: JAZZ I MÚSICA MODERNA),1,2,2,0,0,1
2021/2022,2021,MÚSICA,TROMBÓ (INTERPRETACIÓ: JAZZ I MÚSICA MODERNA),2,3,0,3,0,2
2021/2022,2021,MÚSICA,TROMBÓ (INTERPRETACIÓ: JAZZ I MÚSICA MODERNA),3,2,1,1,0,1
2021/2022,2021,MÚSICA,TROMBÓ (INTERPRETACIÓ: JAZZ I MÚSICA MODERNA),4,3,0,3,0,2
2021/2022,2021,MÚSICA,TROMBÓ-FISCORN BAIX (MÚSICA TRADICIONAL),6,1,0,1,0,1
2021/2022,2021,MÚSICA,TROMPA,1,11,0,11,0,9
2021/2022,2021,MÚSICA,TROMPA,2,14,5,9,0,10
2021/2022,2021,MÚSICA,TROMPA,3,12,3,9,0,10
2021/2022,2021,MÚSICA,TROMPA,4,14,5,9,0,9
2021/2022,2021,MÚSICA,TROMPA,5,4,2,2,0,4
2021/2022,2021,MÚSICA,TROMPA,6,15,4,11,0,9
2021/2022,2021,MÚSICA,TROMPA (INTERPRETACIÓ: CLÀSSICA I CONTEMPORÀNIA),1,4,1,3,0,2
2021/2022,2021,MÚSICA,TROMPA (INTERPRETACIÓ: CLÀSSICA I CONTEMPORÀNIA),2,5,1,4,0,2
2021/2022,2021,MÚSICA,TROMPA (INTERPRETACIÓ: CLÀSSICA I CONTEMPORÀNIA),3,7,2,5,0,2
2021/2022,2021,MÚSICA,TROMPA (INTERPRETACIÓ: CLÀSSICA I CONTEMPORÀNIA),4,3,1,2,0,2
2021/2022,2021,MÚSICA,TROMPA (INTERPRETACIÓ: JAZZ I MÚSICA MODERNA),3,1,0,1,0,1
2021/2022,2021,MÚSICA,TROMPETA,1,16,1,15,0,8
2021/2022,2021,MÚSICA,TROMPETA,2,19,9,10,0,12
2021/2022,2021,MÚSICA,TROMPETA,3,18,3,15,0,9
2021/2022,2021,MÚSICA,TROMPETA,4,25,6,19,0,12
2021/2022,2021,MÚSICA,TROMPETA,5,23,9,14,0,14
2021/2022,2021,MÚSICA,TROMPETA,6,24,6,18,0,15
2021/2022,2021,MÚSICA,TROMPETA (INTERPRETACIÓ: CLÀSSICA I CONTEMPORÀNIA),1,3,0,3,0,2
2021/2022,2021,MÚSICA,TROMPETA (INTERPRETACIÓ: CLÀSSICA I CONTEMPORÀNIA),2,10,3,7,0,2
2021/2022,2021,MÚSICA,TROMPETA (INTERPRETACIÓ: CLÀSSICA I CONTEMPORÀNIA),3,4,2,2,0,2
2021/2022,2021,MÚSICA,TROMPETA (INTERPRETACIÓ: CLÀSSICA I CONTEMPORÀNIA),4,4,0,4,0,2
2021/2022,2021,MÚSICA,TROMPETA (INTERPRETACIÓ: JAZZ I MÚSICA MODERNA),1,6,0,6,0,3
2021/2022,2021,MÚSICA,TROMPETA (INTERPRETACIÓ: JAZZ I MÚSICA MODERNA),2,3,0,3,0,2
2021/2022,2021,MÚSICA,TROMPETA (INTERPRETACIÓ: JAZZ I MÚSICA MODERNA),3,4,1,3,0,3
2021/2022,2021,MÚSICA,TROMPETA (INTERPRETACIÓ: JAZZ I MÚSICA MODERNA),4,10,2,8,0,3
2021/2022,2021,MÚSICA,TUBA,1,3,1,2,0,3
2021/2022,2021,MÚSICA,TUBA,2,2,0,2,0,2
2021/2022,2021,MÚSICA,TUBA,3,1,0,1,0,1
2021/2022,2021,MÚSICA,TUBA,4,2,0,2,0,2
2021/2022,2021,MÚSICA,TUBA,5,2,0,2,0,2
2021/2022,2021,MÚSICA,TUBA (INTERPRETACIÓ: CLÀSSICA I CONTEMPORÀNIA),1,2,0,2,0,2
2021/2022,2021,MÚSICA,TUBA (INTERPRETACIÓ: CLÀSSICA I CONTEMPORÀNIA),2,3,1,2,0,2
2021/2022,2021,MÚSICA,TUBA (INTERPRETACIÓ: CLÀSSICA I CONTEMPORÀNIA),3,2,0,2,0,2
2021/2022,2021,MÚSICA,TUBA (INTERPRETACIÓ: CLÀSSICA I CONTEMPORÀNIA),4,3,0,3,0,2
2021/2022,2021,MÚSICA,VIOLA,1,16,9,7,0,13
2021/2022,2021,MÚSICA,VIOLA,2,21,16,5,0,13
2021/2022,2021,MÚSICA,VIOLA,3,23,13,10,0,14
2021/2022,2021,MÚSICA,VIOLA,4,20,15,5,0,12
2021/2022,2021,MÚSICA,VIOLA,5,17,14,3,0,14
2021/2022,2021,MÚSICA,VIOLA,6,21,18,3,0,11
2021/2022,2021,MÚSICA,VIOLA (INTERPRETACIÓ: CLÀSSICA I CONTEMPORÀNIA),1,13,10,3,0,2
2021/2022,2021,MÚSICA,VIOLA (INTERPRETACIÓ: CLÀSSICA I CONTEMPORÀNIA),2,8,7,1,0,2
2021/2022,2021,MÚSICA,VIOLA (INTERPRETACIÓ: CLÀSSICA I CONTEMPORÀNIA),3,7,4,3,0,2
2021/2022,2021,MÚSICA,VIOLA (INTERPRETACIÓ: CLÀSSICA I CONTEMPORÀNIA),4,10,5,5,0,2
2021/2022,2021,MÚSICA,VIOLONCEL,1,29,15,14,0,14
2021/2022,2021,MÚSICA,VIOLONCEL,2,27,16,11,0,15
2021/2022,2021,MÚSICA,VIOLONCEL,3,36,27,9,0,17
2021/2022,2021,MÚSICA,VIOLONCEL,4,37,26,11,0,16
2021/2022,2021,MÚSICA,VIOLONCEL,5,37,25,12,0,18
2021/2022,2021,MÚSICA,VIOLONCEL,6,36,20,16,0,14
2021/2022,2021,MÚSICA,VIOLONCEL (INTERPRETACIÓ: CLÀSSICA I CONTEMPORÀNIA),1,17,12,5,0,3
2021/2022,2021,MÚSICA,VIOLONCEL (INTERPRETACIÓ: CLÀSSICA I CONTEMPORÀNIA),2,9,5,4,0,2
2021/2022,2021,MÚSICA,VIOLONCEL (INTERPRETACIÓ: CLÀSSICA I CONTEMPORÀNIA),3,12,6,6,0,2
2021/2022,2021,MÚSICA,VIOLONCEL (INTERPRETACIÓ: CLÀSSICA I CONTEMPORÀNIA),4,10,4,6,0,2
2021/2022,2021,MÚSICA,VIOLONCEL BARROC (INTERPRETACIÓ: MÚSICA ANTIGA),1,2,1,1,0,1
2021/2022,2021,MÚSICA,VIOLONCEL BARROC (INTERPRETACIÓ: MÚSICA ANTIGA),2,1,1,0,0,1
2021/2022,2021,MÚSICA,VIOLONCEL BARROC (INTERPRETACIÓ: MÚSICA ANTIGA),3,1,0,1,0,1
2021/2022,2021,MÚSICA,VIOLÍ,1,81,58,23,0,21
2021/2022,2021,MÚSICA,VIOLÍ,2,92,59,33,0,22
2021/2022,2021,MÚSICA,VIOLÍ,3,77,47,30,0,20
2021/2022,2021,MÚSICA,VIOLÍ,4,74,55,19,0,21
2021/2022,2021,MÚSICA,VIOLÍ,5,101,73,28,0,22
2021/2022,2021,MÚSICA,VIOLÍ,6,78,63,15,0,23
2021/2022,2021,MÚSICA,VIOLÍ (INTERPRETACIÓ: CLÀSSICA I CONTEMPORÀNIA),1,31,18,13,0,2
2021/2022,2021,MÚSICA,VIOLÍ (INTERPRETACIÓ: CLÀSSICA I CONTEMPORÀNIA),2,14,9,5,0,2
2021/2022,2021,MÚSICA,VIOLÍ (INTERPRETACIÓ: CLÀSSICA I CONTEMPORÀNIA),3,25,13,12,0,2
2021/2022,2021,MÚSICA,VIOLÍ (INTERPRETACIÓ: CLÀSSICA I CONTEMPORÀNIA),4,25,14,11,0,2
2021/2022,2021,MÚSICA,VIOLÍ (INTERPRETACIÓ: JAZZ I MÚSICA MODERNA),1,4,2,2,0,3
2021/2022,2021,MÚSICA,VIOLÍ (INTERPRETACIÓ: JAZZ I MÚSICA MODERNA),2,1,1,0,0,1
2021/2022,2021,MÚSICA,VIOLÍ (INTERPRETACIÓ: JAZZ I MÚSICA MODERNA),3,2,0,2,0,2
2021/2022,2021,MÚSICA,VIOLÍ (INTERPRETACIÓ: JAZZ I MÚSICA MODERNA),4,2,1,1,0,2
2021/2022,2021,MÚSICA,VIOLÍ I VIOLA BARROCS (INTERPRETACIÓ: MÚSICA ANTIGA),1,1,1,0,0,1
2021/2022,2021,MÚSICA,VIOLÍ I VIOLA BARROCS (INTERPRETACIÓ: MÚSICA ANTIGA),2,1,0,1,0,1
2021/2022,2021,MÚSICA,VIOLÍ I VIOLA BARROCS (INTERPRETACIÓ: MÚSICA ANTIGA),4,1,0,1,0,1
2021/2022,2021,PROGRAMA DE FORMACIÓ I INSERCIÓ,AUXILIAR D'ACTIVITATS AGROPECUÀRIES,1,73,18,55,0,5
2021/2022,2021,PROGRAMA DE FORMACIÓ I INSERCIÓ,AUXILIAR D'ACTIVITATS D'OFICINA I DE SERVEIS ADMINISTRATIUS GENERALS,1,463,214,249,0,30
2021/2022,2021,PROGRAMA DE FORMACIÓ I INSERCIÓ,AUXILIAR D'ACTIVITATS FORESTALS,1,70,11,59,0,5
2021/2022,2021,PROGRAMA DE FORMACIÓ I INSERCIÓ,AUXILIAR D'ARTS GRÀFIQUES I SERIGRAFIA,1,125,47,78,0,9
2021/2022,2021,PROGRAMA DE FORMACIÓ I INSERCIÓ,AUXILIAR D'HOTELERIA: CUINA I CÀTERING,1,78,34,44,0,7
2021/2022,2021,PROGRAMA DE FORMACIÓ I INSERCIÓ,AUXILIAR D'HOTELERIA: CUINA I SERVEIS DE RESTAURACIÓ,1,846,278,568,0,48
2021/2022,2021,PROGRAMA DE FORMACIÓ I INSERCIÓ,AUXILIAR D'IMATGE PERSONAL: PERRUQUERIA I ESTÈTICA,1,625,531,94,0,31
2021/2022,2021,PROGRAMA DE FORMACIÓ I INSERCIÓ,AUXILIAR D'OBRES D'INTERIOR I PINTURA,1,46,2,44,0,3
2021/2022,2021,PROGRAMA DE FORMACIÓ I INSERCIÓ,AUXILIAR D'OPERACIONS EN AEROPORTS,1,15,1,14,0,1
2021/2022,2021,PROGRAMA DE FORMACIÓ I INSERCIÓ,AUXILIAR DE COMERCIALITZACIÓ DE PRODUCTES I LOGÍSTICA,1,16,0,16,0,1
2021/2022,2021,PROGRAMA DE FORMACIÓ I INSERCIÓ,AUXILIAR DE COMERÇ I ATENCIÓ AL PÚBLIC,1,295,127,168,0,19
2021/2022,2021,PROGRAMA DE FORMACIÓ I INSERCIÓ,AUXILIAR DE CONFECCIÓ EN TÈXTIL I PELL,1,46,29,17,0,4
2021/2022,2021,PROGRAMA DE FORMACIÓ I INSERCIÓ,AUXILIAR DE CONSTRUCCIÓ,1,81,1,80,0,5
2021/2022,2021,PROGRAMA DE FORMACIÓ I INSERCIÓ,AUXILIAR DE CUINA,1,54,15,39,0,4
2021/2022,2021,PROGRAMA DE FORMACIÓ I INSERCIÓ,AUXILIAR DE FABRICACIÓ MECÀNICA I D'AJUST I SOLDADURA,1,163,9,154,0,9
2021/2022,2021,PROGRAMA DE FORMACIÓ I INSERCIÓ,AUXILIAR DE FABRICACIÓ MECÀNICA I INSTAL·LACIONS ELECTROTÈCNIQUES,1,229,5,224,0,15
2021/2022,2021,PROGRAMA DE FORMACIÓ I INSERCIÓ,"AUXILIAR DE FONTANERIA, CALEFACCIÓ I CLIMATITZACIÓ",1,91,2,89,0,6
2021/2022,2021,PROGRAMA DE FORMACIÓ I INSERCIÓ,AUXILIAR DE FUSTERIA METÀL·LICA I PVC,1,31,0,31,0,2
2021/2022,2021,PROGRAMA DE FORMACIÓ I INSERCIÓ,AUXILIAR DE MANTENIMENT D'EMBARCACIONS ESPORTIVES I D'ESBARJO,1,44,2,42,0,3
2021/2022,2021,PROGRAMA DE FORMACIÓ I INSERCIÓ,AUXILIAR DE MANTENIMENT I REPARACIÓ DE CARROSSERIA DE VEHICLES,1,16,0,16,0,1
2021/2022,2021,PROGRAMA DE FORMACIÓ I INSERCIÓ,AUXILIAR DE MANTENIMENT I REPARACIÓ DE VEHICLES DE MOBILITAT PERSONAL,1,57,0,57,0,4
2021/2022,2021,PROGRAMA DE FORMACIÓ I INSERCIÓ,AUXILIAR DE MUNTATGE I MANTENIMENT D'EQUIPS INFORMÀTICS,1,515,37,478,0,34
2021/2022,2021,PROGRAMA DE FORMACIÓ I INSERCIÓ,AUXILIAR DE MUNTATGES D'INSTAL·LACIONS ELECTROTÈCNIQUES EN EDIFICIS,1,164,7,157,0,11
2021/2022,2021,PROGRAMA DE FORMACIÓ I INSERCIÓ,"AUXILIAR DE MUNTATGES D'INSTAL·LACIONS ELÈCTRIQUES, D'AIGUA I GAS",1,448,4,444,0,30
2021/2022,2021,PROGRAMA DE FORMACIÓ I INSERCIÓ,AUXILIAR DE PASTISSERIA I FORNERIA,1,133,55,78,0,7
2021/2022,2021,PROGRAMA DE FORMACIÓ I INSERCIÓ,AUXILIAR DE PINTURA,1,202,21,181,0,13
2021/2022,2021,PROGRAMA DE FORMACIÓ I INSERCIÓ,AUXILIAR DE REPARACIÓ I MANTENIMENT DE VEHICLES LLEUGERS,1,403,5,398,0,22
2021/2022,2021,PROGRAMA DE FORMACIÓ I INSERCIÓ,AUXILIAR DE SERRALLERIA I CONSTRUCCIONS METÀL·LIQUES,1,56,1,55,0,4
2021/2022,2021,PROGRAMA DE FORMACIÓ I INSERCIÓ,"AUXILIAR DE VENDES, OFICINA I ATENCIÓ AL PÚBLIC",1,1079,529,550,0,68
2021/2022,2021,PROGRAMA DE FORMACIÓ I INSERCIÓ,AUXILIAR DE VIVERS I JARDINS,1,565,69,496,0,39
2021/2022,2021,PROGRAMA DE FORMACIÓ I INSERCIÓ,AUXILIAR EN CONSTRUCCIÓ,1,7,0,7,0,1
2021/2022,2021,PROGRAMA DE FORMACIÓ I INSERCIÓ,AUXILIAR EN ESTABLIMENTS DEL SECTOR CARNI,1,34,7,27,0,1
2021/2022,2021,PROGRAMA DE FORMACIÓ I INSERCIÓ,AUXILIAR EN ESTABLIMENTS HOTELERS I DE RESTAURACIÓ,1,112,42,70,0,8
2021/2022,2021,PROGRAMA DE FORMACIÓ I INSERCIÓ,AUXILIAR EN PASTISSERIA I FORNERIA,1,24,17,7,0,1
2021/2022,2021,PROGRAMA DE FORMACIÓ I INSERCIÓ,AUXILIAR EN TREBALLS DE FUSTERIA I INSTAL·LACIÓ DE MOBLES,1,236,12,224,0,18
2022/2023,2022,ART DRAMÀTIC SUPERIOR,ADRL -  INTERPRETACIÓ,1,73,51,22,0,2
2022/2023,2022,ART DRAMÀTIC SUPERIOR,ADRL -  INTERPRETACIÓ,2,70,56,14,0,2
2022/2023,2022,ART DRAMÀTIC SUPERIOR,ADRL -  INTERPRETACIÓ,3,68,42,26,0,2
2022/2023,2022,ART DRAMÀTIC SUPERIOR,ADRL -  INTERPRETACIÓ,4,98,75,23,0,2
2022/2023,2022,ART DRAMÀTIC SUPERIOR,ADRL - DIRECCIÓ D'ESCENA I DRAMATÚRGIA,1,24,10,14,0,2
2022/2023,2022,ART DRAMÀTIC SUPERIOR,ADRL - DIRECCIÓ D'ESCENA I DRAMATÚRGIA,2,19,9,10,0,2
2022/2023,2022,ART DRAMÀTIC SUPERIOR,ADRL - DIRECCIÓ D'ESCENA I DRAMATÚRGIA,3,25,16,9,0,2
2022/2023,2022,ART DRAMÀTIC SUPERIOR,ADRL - DIRECCIÓ D'ESCENA I DRAMATÚRGIA,4,37,19,18,0,2
2022/2023,2022,ART DRAMÀTIC SUPERIOR,ADRL - ESCENOGRAFIA,1,8,4,4,0,1
2022/2023,2022,ART DRAMÀTIC SUPERIOR,ADRL - ESCENOGRAFIA,2,10,9,1,0,1
2022/2023,2022,ART DRAMÀTIC SUPERIOR,ADRL - ESCENOGRAFIA,3,13,6,7,0,1
2022/2023,2022,ART DRAMÀTIC SUPERIOR,ADRL - ESCENOGRAFIA,4,14,9,5,0,1
2022/2023,2022,ARTS PLÀSTIQUES I DISSENY,CFAM - ARTESANIA DE COMPLEMENTS DE CUIR,1,16,13,3,1,1
2022/2023,2022,ARTS PLÀSTIQUES I DISSENY,CFAM - ARTESANIA DE COMPLEMENTS DE CUIR,2,7,4,3,1,1
2022/2023,2022,ARTS PLÀSTIQUES I DISSENY,CFAM - ASSISTÈNCIA AL PROD. GRÀFIC INTERACTIU (ASSIS.CREACIÓ I PRODUCCIÓ DE VIDEOJOCS),1,58,32,26,2,1
2022/2023,2022,ARTS PLÀSTIQUES I DISSENY,CFAM - ASSISTÈNCIA AL PROD. GRÀFIC INTERACTIU (ASSIS.CREACIÓ I PRODUCCIÓ DE VIDEOJOCS),2,24,13,11,1,1
2022/2023,2022,ARTS PLÀSTIQUES I DISSENY,CFAM - ASSISTÈNCIA AL PRODUCTE GRÀFIC IMPRÈS,1,295,179,116,12,11
2022/2023,2022,ARTS PLÀSTIQUES I DISSENY,CFAM - ASSISTÈNCIA AL PRODUCTE GRÀFIC IMPRÈS,2,246,154,92,10,10
2022/2023,2022,ARTS PLÀSTIQUES I DISSENY,CFAM - ASSISTÈNCIA AL PRODUCTE GRÀFIC IMPRÈS (ASSISTENT DE FOTOGRAFIA),1,36,27,9,2,2
2022/2023,2022,ARTS PLÀSTIQUES I DISSENY,CFAM - ASSISTÈNCIA AL PRODUCTE GRÀFIC IMPRÈS (ASSISTENT DE FOTOGRAFIA),2,41,27,14,2,2
2022/2023,2022,ARTS PLÀSTIQUES I DISSENY,CFAM - ASSISTÈNCIA AL PRODUCTE GRÀFIC INTERACTIU,1,350,193,157,23,12
2022/2023,2022,ARTS PLÀSTIQUES I DISSENY,CFAM - ASSISTÈNCIA AL PRODUCTE GRÀFIC INTERACTIU,2,238,133,105,7,10
2022/2023,2022,ARTS PLÀSTIQUES I DISSENY,CFAM - DECORACIÓ CERÀMICA,1,28,25,3,2,2
2022/2023,2022,ARTS PLÀSTIQUES I DISSENY,CFAM - DECORACIÓ CERÀMICA,2,28,22,6,2,2
2022/2023,2022,ARTS PLÀSTIQUES I DISSENY,CFAM - ENCASTAMENT,1,15,13,2,1,1
2022/2023,2022,ARTS PLÀSTIQUES I DISSENY,CFAM - ESMALTATGE SOBRE METALLS,1,10,7,3,1,1
2022/2023,2022,ARTS PLÀSTIQUES I DISSENY,CFAM - ESMALTATGE SOBRE METALLS,2,5,3,2,1,1
2022/2023,2022,ARTS PLÀSTIQUES I DISSENY,CFAM - FORJA ARTÍSTICA,1,13,4,9,10,2
2022/2023,2022,ARTS PLÀSTIQUES I DISSENY,CFAM - FORJA ARTÍSTICA,2,14,5,9,10,2
2022/2023,2022,ARTS PLÀSTIQUES I DISSENY,CFAM - PROCEDIMENTS DE JOIERIA ARTÍSTICA,1,8,6,2,1,1
2022/2023,2022,ARTS PLÀSTIQUES I DISSENY,CFAM - PROCEDIMENTS DE JOIERIA ARTÍSTICA,2,13,8,5,1,1
2022/2023,2022,ARTS PLÀSTIQUES I DISSENY,CFAM - REPRODUCCIONS ARTÍSTIQUES EN FUSTA,1,7,1,6,5,1
2022/2023,2022,ARTS PLÀSTIQUES I DISSENY,CFAM - REPRODUCCIONS ARTÍSTIQUES EN FUSTA,2,16,12,4,5,1
2022/2023,2022,ARTS PLÀSTIQUES I DISSENY,CFAM - REPRODUCCIONS ARTÍSTIQUES EN FUSTA (CREACIÓ D'OBJECTE I MOBLE),1,10,4,6,1,1
2022/2023,2022,ARTS PLÀSTIQUES I DISSENY,CFAM - REPRODUCCIONS ARTÍSTIQUES EN FUSTA (CREACIÓ D'OBJECTE I MOBLE),2,13,6,7,1,1
2022/2023,2022,ARTS PLÀSTIQUES I DISSENY,CFAM - REVESTIMENTS MURALS,1,75,56,19,3,3
2022/2023,2022,ARTS PLÀSTIQUES I DISSENY,CFAM - REVESTIMENTS MURALS,2,42,30,12,6,2
2022/2023,2022,ARTS PLÀSTIQUES I DISSENY,CFAM - SERIGRAFIA ARTÍSTICA,1,90,64,26,4,4
2022/2023,2022,ARTS PLÀSTIQUES I DISSENY,CFAM - TERRISSERIA,1,10,7,3,5,1
2022/2023,2022,ARTS PLÀSTIQUES I DISSENY,CFAS - ANIMACIÓ,1,76,46,30,9,5
2022/2023,2022,ARTS PLÀSTIQUES I DISSENY,CFAS - ANIMACIÓ,2,109,70,39,10,6
2022/2023,2022,ARTS PLÀSTIQUES I DISSENY,CFAS - ANIMACIÓ (VIDEOJOCS I ENTORNS PROFESSIONALS I PROJECTE),1,25,16,9,1,1
2022/2023,2022,ARTS PLÀSTIQUES I DISSENY,CFAS - ANIMACIÓ (VIDEOJOCS I ENTORNS PROFESSIONALS I PROJECTE),2,26,16,10,1,1
2022/2023,2022,ARTS PLÀSTIQUES I DISSENY,CFAS - ANIMACIÓ (VIDEOJOCS I ENTORNS VIRTUALS),1,57,22,35,7,3
2022/2023,2022,ARTS PLÀSTIQUES I DISSENY,CFAS - ANIMACIÓ (VIDEOJOCS I ENTORNS VIRTUALS),2,48,21,27,7,3
2022/2023,2022,ARTS PLÀSTIQUES I DISSENY,CFAS - ARQUITECTURA EFÍMERA,1,28,21,7,6,2
2022/2023,2022,ARTS PLÀSTIQUES I DISSENY,CFAS - ARQUITECTURA EFÍMERA,2,36,26,10,27,3
2022/2023,2022,ARTS PLÀSTIQUES I DISSENY,CFAS - ART TÈXTIL,1,28,22,6,1,1
2022/2023,2022,ARTS PLÀSTIQUES I DISSENY,CFAS - ART TÈXTIL,2,24,19,5,1,1
2022/2023,2022,ARTS PLÀSTIQUES I DISSENY,CFAS - ARTS APLICADES AL MUR,1,70,48,22,13,5
2022/2023,2022,ARTS PLÀSTIQUES I DISSENY,CFAS - ARTS APLICADES AL MUR,2,82,54,28,13,5
2022/2023,2022,ARTS PLÀSTIQUES I DISSENY,CFAS - CERÀMICA ARTÍSTICA,1,34,30,4,11,3
2022/2023,2022,ARTS PLÀSTIQUES I DISSENY,CFAS - CERÀMICA ARTÍSTICA,2,18,12,6,11,3
2022/2023,2022,ARTS PLÀSTIQUES I DISSENY,CFAS - CERÀMICA ARTÍSTICA (FORMACIÓ EN ENTORN PROFESSIONAL),1,26,20,6,1,1
2022/2023,2022,ARTS PLÀSTIQUES I DISSENY,CFAS - CERÀMICA ARTÍSTICA (FORMACIÓ EN ENTORN PROFESSIONAL),2,26,24,2,1,1
2022/2023,2022,ARTS PLÀSTIQUES I DISSENY,CFAS - CÒMIC,1,45,33,12,2,2
2022/2023,2022,ARTS PLÀSTIQUES I DISSENY,CFAS - CÒMIC,2,43,28,15,2,2
2022/2023,2022,ARTS PLÀSTIQUES I DISSENY,CFAS - ENQUADERNACIÓ ARTÍSTICA,2,10,10,0,5,1
2022/2023,2022,ARTS PLÀSTIQUES I DISSENY,CFAS - ESCULTURA APLICADA A L'ESPECTACLE,1,19,14,5,10,2
2022/2023,2022,ARTS PLÀSTIQUES I DISSENY,CFAS - ESCULTURA APLICADA A L'ESPECTACLE,2,15,10,5,10,2
2022/2023,2022,ARTS PLÀSTIQUES I DISSENY,CFAS - ESMALT ARTÍSTIC AL FOC SOBRE METALLS,1,5,2,3,1,1
2022/2023,2022,ARTS PLÀSTIQUES I DISSENY,CFAS - ESMALT ARTÍSTIC AL FOC SOBRE METALLS,2,19,16,3,26,2
2022/2023,2022,ARTS PLÀSTIQUES I DISSENY,CFAS - ESTAMPACIONS I TINTATGES ARTÍSTICS,1,8,8,0,5,1
2022/2023,2022,ARTS PLÀSTIQUES I DISSENY,CFAS - ESTAMPACIONS I TINTATGES ARTÍSTICS,2,12,9,3,5,1
2022/2023,2022,ARTS PLÀSTIQUES I DISSENY,CFAS - ESTILISME D'INDUMENTÀRIA,1,60,47,13,16,3
2022/2023,2022,ARTS PLÀSTIQUES I DISSENY,CFAS - ESTILISME D'INDUMENTÀRIA,2,74,57,17,2,3
2022/2023,2022,ARTS PLÀSTIQUES I DISSENY,CFAS - FOSA ARTÍSTICA,1,7,2,5,5,1
2022/2023,2022,ARTS PLÀSTIQUES I DISSENY,CFAS - FOSA ARTÍSTICA,2,9,2,7,30,2
2022/2023,2022,ARTS PLÀSTIQUES I DISSENY,CFAS - FOTOGRAFIA,1,67,51,16,5,5
2022/2023,2022,ARTS PLÀSTIQUES I DISSENY,CFAS - FOTOGRAFIA,2,75,56,19,5,5
2022/2023,2022,ARTS PLÀSTIQUES I DISSENY,CFAS - GRAVAT I TÈCNIQUES D'ESTAMPACIÓ,1,22,17,5,1,1
2022/2023,2022,ARTS PLÀSTIQUES I DISSENY,CFAS - GRAVAT I TÈCNIQUES D'ESTAMPACIÓ,2,24,21,3,5,1
2022/2023,2022,ARTS PLÀSTIQUES I DISSENY,CFAS - GRÀFICA AUDIOVISUAL,1,53,32,21,2,3
2022/2023,2022,ARTS PLÀSTIQUES I DISSENY,CFAS - GRÀFICA AUDIOVISUAL,2,77,38,39,3,4
2022/2023,2022,ARTS PLÀSTIQUES I DISSENY,CFAS - GRÀFICA AUDIOVISUAL (INFOGRAFIA 3D),1,19,11,8,1,1
2022/2023,2022,ARTS PLÀSTIQUES I DISSENY,CFAS - GRÀFICA AUDIOVISUAL (INFOGRAFIA 3D),2,12,7,5,1,1
2022/2023,2022,ARTS PLÀSTIQUES I DISSENY,CFAS - GRÀFICA AUDIOVISUAL (REALITAT VIRTUAL I GAMIFICACIÓ),1,12,7,5,5,1
2022/2023,2022,ARTS PLÀSTIQUES I DISSENY,CFAS - GRÀFICA AUDIOVISUAL (REALITAT VIRTUAL I GAMIFICACIÓ),2,12,4,8,5,1
2022/2023,2022,ARTS PLÀSTIQUES I DISSENY,CFAS - GRÀFICA IMPRESA,1,53,38,15,7,3
2022/2023,2022,ARTS PLÀSTIQUES I DISSENY,CFAS - GRÀFICA IMPRESA,2,65,42,23,7,3
2022/2023,2022,ARTS PLÀSTIQUES I DISSENY,CFAS - GRÀFICA IMPRESA I PROJECTE,1,30,23,7,1,1
2022/2023,2022,ARTS PLÀSTIQUES I DISSENY,CFAS - GRÀFICA IMPRESA I PROJECTE,2,24,19,5,1,1
2022/2023,2022,ARTS PLÀSTIQUES I DISSENY,CFAS - GRÀFICA INTERACTIVA,1,66,39,27,9,5
2022/2023,2022,ARTS PLÀSTIQUES I DISSENY,CFAS - GRÀFICA INTERACTIVA,2,100,55,45,10,6
2022/2023,2022,ARTS PLÀSTIQUES I DISSENY,CFAS - GRÀFICA INTERACTIVA (DISSENY WEB I APLICACIONS),1,15,9,6,1,1
2022/2023,2022,ARTS PLÀSTIQUES I DISSENY,CFAS - GRÀFICA INTERACTIVA (DISSENY WEB I APLICACIONS),2,20,16,4,1,1
2022/2023,2022,ARTS PLÀSTIQUES I DISSENY,CFAS - GRÀFICA INTERACTIVA (ESPAIS INTERACTIUS),2,3,1,2,1,1
2022/2023,2022,ARTS PLÀSTIQUES I DISSENY,CFAS - GRÀFICA PUBLICITÀRIA,1,337,224,113,18,15
2022/2023,2022,ARTS PLÀSTIQUES I DISSENY,CFAS - GRÀFICA PUBLICITÀRIA,2,360,229,131,18,16
2022/2023,2022,ARTS PLÀSTIQUES I DISSENY,CFAS - IL·LUSTRACIÓ,1,292,216,76,16,11
2022/2023,2022,ARTS PLÀSTIQUES I DISSENY,CFAS - IL·LUSTRACIÓ,2,296,221,75,16,11
2022/2023,2022,ARTS PLÀSTIQUES I DISSENY,CFAS - JOIERIA ARTÍSTICA,1,84,66,18,9,5
2022/2023,2022,ARTS PLÀSTIQUES I DISSENY,CFAS - JOIERIA ARTÍSTICA,2,93,70,23,9,5
2022/2023,2022,ARTS PLÀSTIQUES I DISSENY,CFAS - MOBLAMENT,2,4,2,2,25,1
2022/2023,2022,ARTS PLÀSTIQUES I DISSENY,CFAS - MODELISME I MAQUETISME,2,4,1,3,0,1
2022/2023,2022,ARTS PLÀSTIQUES I DISSENY,CFAS - MODELISME I MATRICERIA CERÀMICA,1,6,6,0,5,1
2022/2023,2022,ARTS PLÀSTIQUES I DISSENY,CFAS - MODELISME I MATRICERIA CERÀMICA,2,14,10,4,5,1
2022/2023,2022,ARTS PLÀSTIQUES I DISSENY,CFAS - MODELISME INDUSTRIAL,1,45,23,22,6,3
2022/2023,2022,ARTS PLÀSTIQUES I DISSENY,CFAS - MODELISME INDUSTRIAL,2,53,20,33,6,3
2022/2023,2022,ARTS PLÀSTIQUES I DISSENY,"CFAS - MOTLLES I REPRODUCCIONS ESCULTÒRIQUES (MODELS 3D, MOTLLES I ART TOYS)",1,4,3,1,5,1
2022/2023,2022,ARTS PLÀSTIQUES I DISSENY,"CFAS - MOTLLES I REPRODUCCIONS ESCULTÒRIQUES (MODELS 3D, MOTLLES I ART TOYS)",2,10,5,5,5,1
2022/2023,2022,ARTS PLÀSTIQUES I DISSENY,CFAS - PROJECTES I DIRECCIÓ D'OBRES DE DECORACIÓ,1,241,202,39,29,11
2022/2023,2022,ARTS PLÀSTIQUES I DISSENY,CFAS - PROJECTES I DIRECCIÓ D'OBRES DE DECORACIÓ,2,313,260,53,29,11
2022/2023,2022,ARTS PLÀSTIQUES I DISSENY,CFAS - PUNTES ARTÍSTIQUES,2,2,2,0,5,1
2022/2023,2022,ARTS PLÀSTIQUES I DISSENY,CFAS - TÈCNIQUES ESCULTÒRIQUES,1,40,24,16,16,4
2022/2023,2022,ARTS PLÀSTIQUES I DISSENY,CFAS - TÈCNIQUES ESCULTÒRIQUES,2,36,27,9,16,4
2022/2023,2022,BATXILLERAT,BATXILLERAT,NA,1956,920,1036,0,19
2022/2023,2022,BATXILLERAT,BATXILLERAT D'ARTS,1,4197,3337,860,204,138
2022/2023,2022,BATXILLERAT,BATXILLERAT D'ARTS,2,4020,3199,821,203,137
2022/2023,2022,BATXILLERAT,BATXILLERAT D'ARTS,NA,282,203,79,0,1
2022/2023,2022,BATXILLERAT,BATXILLERAT D'HUMANITATS I CIÈNCIES SOCIALS,1,23271,13655,9616,3018,720
2022/2023,2022,BATXILLERAT,BATXILLERAT D'HUMANITATS I CIÈNCIES SOCIALS,2,21959,13173,8786,2585,720
2022/2023,2022,BATXILLERAT,BATXILLERAT D'HUMANITATS I CIÈNCIES SOCIALS,NA,814,481,333,0,1
2022/2023,2022,BATXILLERAT,BATXILLERAT DE CIÈNCIES I TECNOLOGIA,1,25278,11751,13527,3029,724
2022/2023,2022,BATXILLERAT,BATXILLERAT DE CIÈNCIES I TECNOLOGIA,2,21059,9710,11349,2595,722
2022/2023,2022,BATXILLERAT,BATXILLERAT DE CIÈNCIES I TECNOLOGIA,NA,382,184,198,0,1
2022/2023,2022,BATXILLERAT,BATXILLERAT GENERAL,1,150,76,74,0,12
2022/2023,2022,CONSERVACIÓ I RESTAURACIÓ DE BÉNS CULTURALS,CONSERVACIÓ I RESTAURACIÓ D'ESCULTURA,3,3,3,0,0,1
2022/2023,2022,CONSERVACIÓ I RESTAURACIÓ DE BÉNS CULTURALS,CONSERVACIÓ I RESTAURACIÓ D'ESCULTURA,4,8,6,2,0,1
2022/2023,2022,CONSERVACIÓ I RESTAURACIÓ DE BÉNS CULTURALS,CONSERVACIÓ I RESTAURACIÓ D'ESCULTURA,A,4,4,0,0,1
2022/2023,2022,CONSERVACIÓ I RESTAURACIÓ DE BÉNS CULTURALS,CONSERVACIÓ I RESTAURACIÓ DE BÉNS ARQUEOLÒGICS,1,29,25,4,0,1
2022/2023,2022,CONSERVACIÓ I RESTAURACIÓ DE BÉNS CULTURALS,CONSERVACIÓ I RESTAURACIÓ DE BÉNS ARQUEOLÒGICS,2,31,25,6,0,1
2022/2023,2022,CONSERVACIÓ I RESTAURACIÓ DE BÉNS CULTURALS,CONSERVACIÓ I RESTAURACIÓ DE BÉNS ARQUEOLÒGICS,3,3,2,1,0,1
2022/2023,2022,CONSERVACIÓ I RESTAURACIÓ DE BÉNS CULTURALS,CONSERVACIÓ I RESTAURACIÓ DE BÉNS ARQUEOLÒGICS,4,15,8,7,0,1
2022/2023,2022,CONSERVACIÓ I RESTAURACIÓ DE BÉNS CULTURALS,CONSERVACIÓ I RESTAURACIÓ DE BÉNS ARQUEOLÒGICS,A,3,3,0,0,1
2022/2023,2022,CONSERVACIÓ I RESTAURACIÓ DE BÉNS CULTURALS,CONSERVACIÓ I RESTAURACIÓ DE DOCUMENT GRÀFIC,3,5,5,0,0,1
2022/2023,2022,CONSERVACIÓ I RESTAURACIÓ DE BÉNS CULTURALS,CONSERVACIÓ I RESTAURACIÓ DE DOCUMENT GRÀFIC,4,7,6,1,0,1
2022/2023,2022,CONSERVACIÓ I RESTAURACIÓ DE BÉNS CULTURALS,CONSERVACIÓ I RESTAURACIÓ DE DOCUMENT GRÀFIC,A,3,3,0,0,1
2022/2023,2022,CONSERVACIÓ I RESTAURACIÓ DE BÉNS CULTURALS,CONSERVACIÓ I RESTAURACIÓ DE PINTURA,3,8,7,1,0,1
2022/2023,2022,CONSERVACIÓ I RESTAURACIÓ DE BÉNS CULTURALS,CONSERVACIÓ I RESTAURACIÓ DE PINTURA,4,12,12,0,0,1
2022/2023,2022,CONSERVACIÓ I RESTAURACIÓ DE BÉNS CULTURALS,CONSERVACIÓ I RESTAURACIÓ DE PINTURA,A,4,4,0,0,1
2022/2023,2022,CURSOS D'ACCÉS SENSE TITULACIÓ,CURS  ESPECÍFIC PER A l'ACCÉS ALS CICLES FORMATIUS DE GRAU MITJÀ D'FP,NA,369,199,170,0,26
2022/2023,2022,DANSA,COREOGRAFIA I INTERPRETACIÓ,1,13,11,2,0,1
2022/2023,2022,DANSA,COREOGRAFIA I INTERPRETACIÓ,2,10,6,4,0,1
2022/2023,2022,DANSA,COREOGRAFIA I INTERPRETACIÓ,3,8,7,1,0,1
2022/2023,2022,DANSA,COREOGRAFIA I INTERPRETACIÓ,4,29,22,7,0,1
2022/2023,2022,DANSA,DANSA CLÀSSICA,1,27,25,2,0,2
2022/2023,2022,DANSA,DANSA CLÀSSICA,2,25,23,2,0,2
2022/2023,2022,DANSA,DANSA CLÀSSICA,3,26,19,7,0,2
2022/2023,2022,DANSA,DANSA CLÀSSICA,4,29,21,8,0,2
2022/2023,2022,DANSA,DANSA CLÀSSICA,5,27,22,5,0,2
2022/2023,2022,DANSA,DANSA CLÀSSICA,6,18,15,3,0,2
2022/2023,2022,DANSA,DANSA CONTEMPORÀNIA,1,23,13,10,0,2
2022/2023,2022,DANSA,DANSA CONTEMPORÀNIA,2,29,22,7,0,2
2022/2023,2022,DANSA,DANSA CONTEMPORÀNIA,3,26,21,5,0,2
2022/2023,2022,DANSA,DANSA CONTEMPORÀNIA,4,28,22,6,0,2
2022/2023,2022,DANSA,DANSA CONTEMPORÀNIA,5,25,21,4,0,2
2022/2023,2022,DANSA,DANSA CONTEMPORÀNIA,6,27,25,2,0,2
2022/2023,2022,DANSA,DANSA ESPANYOLA,1,7,5,2,0,1
2022/2023,2022,DANSA,DANSA ESPANYOLA,2,12,12,0,0,1
2022/2023,2022,DANSA,DANSA ESPANYOLA,3,12,10,2,0,1
2022/2023,2022,DANSA,DANSA ESPANYOLA,4,10,10,0,0,1
2022/2023,2022,DANSA,DANSA ESPANYOLA,5,9,9,0,0,1
2022/2023,2022,DANSA,DANSA ESPANYOLA,6,7,6,1,0,1
2022/2023,2022,DANSA,PEDAGOGIA DE LA DANSA,1,14,13,1,0,1
2022/2023,2022,DANSA,PEDAGOGIA DE LA DANSA,2,12,10,2,0,1
2022/2023,2022,DANSA,PEDAGOGIA DE LA DANSA,3,5,4,1,0,1
2022/2023,2022,DANSA,PEDAGOGIA DE LA DANSA,4,20,18,2,0,1
2022/2023,2022,EDUCACIÓ D'ADULTS,ADAPTACIÓ DE L'EDUCACIÓ SECUNDÀRIA OBLIGATÒRIA PER A PERSONES ADULTES,NA,11308,5688,5620,0,142
2022/2023,2022,EDUCACIÓ D'ADULTS,CICLE DE FORMACIÓ INSTRUMENTAL,NA,8571,4980,3591,0,129
2022/2023,2022,EDUCACIÓ D'ADULTS NO REGLATS,ACCÈS A CICLES FORMATIUS DE GRAU MITJÀ,NA,550,309,241,0,44
2022/2023,2022,EDUCACIÓ D'ADULTS NO REGLATS,ACCÈS A LA UNIVERSITAT PER MAJORS 25,NA,2101,1347,754,0,86
2022/2023,2022,EDUCACIÓ D'ADULTS NO REGLATS,ACCÈS CICLES FORMATIUS DE GRAU SUPERIOR,NA,2442,1237,1205,0,118
2022/2023,2022,EDUCACIÓ D'ADULTS NO REGLATS,INFORMÀTICA NIVELL USUARI,NA,11570,8237,3333,0,144
2022/2023,2022,EDUCACIÓ D'ADULTS NO REGLATS,LLENGUA CASTELLANA,NA,12476,7380,5096,0,147
2022/2023,2022,EDUCACIÓ D'ADULTS NO REGLATS,LLENGUA CATALANA,NA,9534,5178,4356,0,142
2022/2023,2022,EDUCACIÓ D'ADULTS NO REGLATS,LLENGUA ESTRANGERA ANGLÈS INICIAL,NA,12517,8410,4107,0,156
2022/2023,2022,EDUCACIÓ D'ADULTS NO REGLATS,LLENGUA ESTRANGERA FRANCÈS INICIAL,NA,1204,743,461,0,34
2022/2023,2022,EDUCACIÓ ESPECIAL,EDUCACIÓ ESPECIAL INFANTIL,1,115,40,75,0,41
2022/2023,2022,EDUCACIÓ ESPECIAL,EDUCACIÓ ESPECIAL INFANTIL,2,131,44,87,0,44
2022/2023,2022,EDUCACIÓ ESPECIAL,EDUCACIÓ ESPECIAL INFANTIL,3,177,57,120,0,49
2022/2023,2022,EDUCACIÓ ESPECIAL,EDUCACIÓ ESPECIAL PRIMÀRIA,1,220,73,147,0,62
2022/2023,2022,EDUCACIÓ ESPECIAL,EDUCACIÓ ESPECIAL PRIMÀRIA,2,282,99,183,0,75
2022/2023,2022,EDUCACIÓ ESPECIAL,EDUCACIÓ ESPECIAL PRIMÀRIA,3,238,73,165,0,70
2022/2023,2022,EDUCACIÓ ESPECIAL,EDUCACIÓ ESPECIAL PRIMÀRIA,4,333,105,228,0,76
2022/2023,2022,EDUCACIÓ ESPECIAL,EDUCACIÓ ESPECIAL PRIMÀRIA,5,316,105,211,0,78
2022/2023,2022,EDUCACIÓ ESPECIAL,EDUCACIÓ ESPECIAL PRIMÀRIA,6,445,143,302,0,80
2022/2023,2022,EDUCACIÓ ESPECIAL,EDUCACIÓ ESPECIAL SECUNDÀRIA,1,644,203,441,0,91
2022/2023,2022,EDUCACIÓ ESPECIAL,EDUCACIÓ ESPECIAL SECUNDÀRIA,2,666,215,451,0,92
2022/2023,2022,EDUCACIÓ ESPECIAL,EDUCACIÓ ESPECIAL SECUNDÀRIA,3,715,240,475,0,95
2022/2023,2022,EDUCACIÓ ESPECIAL,EDUCACIÓ ESPECIAL SECUNDÀRIA,4,1686,618,1068,0,98
2022/2023,2022,EDUCACIÓ ESPECIAL,EE PFI - AUXILIAR D'ACTIVITATS AGROPECUÀRIES,1,29,19,10,0,2
2022/2023,2022,EDUCACIÓ ESPECIAL,EE PFI - AUXILIAR D'ACTIVITATS D'OFICINA I DE SERVEIS ADMINISTRATIUS GENERALS,1,106,44,62,0,8
2022/2023,2022,EDUCACIÓ ESPECIAL,EE PFI - AUXILIAR D'ACTIVITATS FORESTALS,1,12,1,11,0,1
2022/2023,2022,EDUCACIÓ ESPECIAL,EE PFI - AUXILIAR D'ARTS GRÀFIQUES I SERIGRAFIA,1,42,19,23,0,5
2022/2023,2022,EDUCACIÓ ESPECIAL,EE PFI - AUXILIAR D'HOTELERIA: CUINA I CÀTERING,1,5,3,2,0,1
2022/2023,2022,EDUCACIÓ ESPECIAL,EE PFI - AUXILIAR D'HOTELERIA: CUINA I SERVEIS DE RESTAURACIÓ,1,81,37,44,0,6
2022/2023,2022,EDUCACIÓ ESPECIAL,EE PFI - AUXILIAR D'IMATGE PERSONAL: PERRUQUERIA I ESTÈTICA,1,8,7,1,0,1
2022/2023,2022,EDUCACIÓ ESPECIAL,EE PFI - AUXILIAR DE COMERÇ I ATENCIÓ AL PÚBLIC,1,21,11,10,0,3
2022/2023,2022,EDUCACIÓ ESPECIAL,EE PFI - AUXILIAR DE CUINA,1,12,2,10,0,2
2022/2023,2022,EDUCACIÓ ESPECIAL,EE PFI - AUXILIAR DE FABRICACIÓ MECÀNICA I INSTAL·LACIONS ELECTROTÈCNIQUES,1,35,0,35,0,3
2022/2023,2022,EDUCACIÓ ESPECIAL,EE PFI - AUXILIAR DE MUNTATGES D'INSTAL·LACIONS ELECTROTÈCNIQUES EN EDIFICIS,1,11,4,7,0,1
2022/2023,2022,EDUCACIÓ ESPECIAL,EE PFI - AUXILIAR DE PALETA I CONSTRUCCIÓ,1,4,1,3,0,1
2022/2023,2022,EDUCACIÓ ESPECIAL,"EE PFI - AUXILIAR DE VENDES, OFICINA I ATENCIÓ AL PÚBLIC",1,77,32,45,0,5
2022/2023,2022,EDUCACIÓ ESPECIAL,EE PFI - AUXILIAR DE VIVERS I JARDINS,1,44,6,38,0,5
2022/2023,2022,EDUCACIÓ ESPECIAL,EE PFI - AUXILIAR EN ESTABLIMENTS HOTELERS I DE RESTAURACIÓ,1,40,20,20,0,4
2022/2023,2022,EDUCACIÓ ESPECIAL,EE PFI - AUXILIAR EN PASTISSERIA I FORNERIA,1,17,7,10,0,2
2022/2023,2022,EDUCACIÓ ESPECIAL,EE PFI - AUXILIAR EN TREBALLS DE FUSTERIA I INSTAL·LACIÓ DE MOBLES,1,58,3,55,0,7
2022/2023,2022,EDUCACIÓ ESPECIAL,PROGRAMA DE FORMACIÓ PER A LA TRANSICIÓ A LA VIDA ADULTA,1,71,27,44,0,10
2022/2023,2022,EDUCACIÓ ESPECIAL,PROGRAMA DE FORMACIÓ PER A LA TRANSICIÓ A LA VIDA ADULTA,2,68,26,42,0,10
2022/2023,2022,EDUCACIÓ INFANTIL,EDUCACIÓ INFANTIL: LLAR D'INFANTS,0,6726,3204,3522,1063,1153
2022/2023,2022,EDUCACIÓ INFANTIL,EDUCACIÓ INFANTIL: LLAR D'INFANTS,1,28837,13844,14993,2526,1563
2022/2023,2022,EDUCACIÓ INFANTIL,EDUCACIÓ INFANTIL: LLAR D'INFANTS,2,41712,20231,21481,2689,1587
2022/2023,2022,EDUCACIÓ INFANTIL,EDUCACIÓ INFANTIL: PARVULARI,1,59706,29216,30490,3084,2254
2022/2023,2022,EDUCACIÓ INFANTIL,EDUCACIÓ INFANTIL: PARVULARI,2,63812,31177,32635,2922,2268
2022/2023,2022,EDUCACIÓ INFANTIL,EDUCACIÓ INFANTIL: PARVULARI,3,68436,33269,35167,3282,2268
2022/2023,2022,EDUCACIÓ INFANTIL,EDUCACIÓ INFANTIL: PARVULARI,NA,2110,1083,1027,0,21
2022/2023,2022,EDUCACIÓ PRIMÀRIA,EDUCACIÓ PRIMÀRIA,1,71849,35210,36639,3107,2263
2022/2023,2022,EDUCACIÓ PRIMÀRIA,EDUCACIÓ PRIMÀRIA,2,74381,36270,38111,3242,2272
2022/2023,2022,EDUCACIÓ PRIMÀRIA,EDUCACIÓ PRIMÀRIA,3,75357,36651,38706,3255,2268
2022/2023,2022,EDUCACIÓ PRIMÀRIA,EDUCACIÓ PRIMÀRIA,4,74967,36617,38350,3237,2261
2022/2023,2022,EDUCACIÓ PRIMÀRIA,EDUCACIÓ PRIMÀRIA,5,79387,38690,40697,3273,2258
2022/2023,2022,EDUCACIÓ PRIMÀRIA,EDUCACIÓ PRIMÀRIA,6,81576,39801,41775,3581,2258
2022/2023,2022,EDUCACIÓ PRIMÀRIA,EDUCACIÓ PRIMÀRIA,NA,5507,2733,2774,0,21
2022/2023,2022,EDUCACIÓ SECUNDÀRIA OBLIGATÒRIA,EDUCACIÓ SECUNDÀRIA OBLIGATÒRIA,1,84633,40694,43939,2978,1158
2022/2023,2022,EDUCACIÓ SECUNDÀRIA OBLIGATÒRIA,EDUCACIÓ SECUNDÀRIA OBLIGATÒRIA,2,86300,41345,44955,2971,1157
2022/2023,2022,EDUCACIÓ SECUNDÀRIA OBLIGATÒRIA,EDUCACIÓ SECUNDÀRIA OBLIGATÒRIA,3,88596,43040,45556,3047,1150
2022/2023,2022,EDUCACIÓ SECUNDÀRIA OBLIGATÒRIA,EDUCACIÓ SECUNDÀRIA OBLIGATÒRIA,4,85039,41211,43828,2941,1123
2022/2023,2022,EDUCACIÓ SECUNDÀRIA OBLIGATÒRIA,EDUCACIÓ SECUNDÀRIA OBLIGATÒRIA,NA,3778,1826,1952,0,18
2022/2023,2022,ENSENYAMENTS D'IDIOMES,ALEMANY,1,96,64,32,0,1
2022/2023,2022,ENSENYAMENTS D'IDIOMES,ALEMANY,2,19,11,8,0,1
2022/2023,2022,ENSENYAMENTS D'IDIOMES,ALEMANY - C1,1,178,106,72,7,6
2022/2023,2022,ENSENYAMENTS D'IDIOMES,ALEMANY - NIVELL AVANÇAT,1,417,252,165,33,26
2022/2023,2022,ENSENYAMENTS D'IDIOMES,ALEMANY - NIVELL AVANÇAT,2,421,274,147,25,25
2022/2023,2022,ENSENYAMENTS D'IDIOMES,ALEMANY - NIVELL BÀSIC,1,1523,884,639,81,31
2022/2023,2022,ENSENYAMENTS D'IDIOMES,ALEMANY - NIVELL BÀSIC,2,939,555,384,68,31
2022/2023,2022,ENSENYAMENTS D'IDIOMES,ALEMANY - NIVELL INTERMEDI,1,679,383,296,55,30
2022/2023,2022,ENSENYAMENTS D'IDIOMES,ANGLÈS,1,851,581,270,0,1
2022/2023,2022,ENSENYAMENTS D'IDIOMES,ANGLÈS,2,402,280,122,0,1
2022/2023,2022,ENSENYAMENTS D'IDIOMES,ANGLÈS - C1,1,3488,2179,1309,120,44
2022/2023,2022,ENSENYAMENTS D'IDIOMES,ANGLÈS - C2,1,627,428,199,0,13
2022/2023,2022,ENSENYAMENTS D'IDIOMES,ANGLÈS - C2,2,443,287,156,0,12
2022/2023,2022,ENSENYAMENTS D'IDIOMES,ANGLÈS - NIVELL AVANÇAT,1,3187,2027,1160,190,45
2022/2023,2022,ENSENYAMENTS D'IDIOMES,ANGLÈS - NIVELL AVANÇAT,2,6536,3984,2552,181,45
2022/2023,2022,ENSENYAMENTS D'IDIOMES,ANGLÈS - NIVELL BÀSIC,1,2434,1582,852,103,42
2022/2023,2022,ENSENYAMENTS D'IDIOMES,ANGLÈS - NIVELL BÀSIC,2,3672,2233,1439,187,45
2022/2023,2022,ENSENYAMENTS D'IDIOMES,ANGLÈS - NIVELL INTERMEDI,1,5158,3200,1958,225,45
2022/2023,2022,ENSENYAMENTS D'IDIOMES,CATALÀ,1,54,42,12,0,1
2022/2023,2022,ENSENYAMENTS D'IDIOMES,CATALÀ PER A NO CATALANOPARLANTS - C1,1,143,98,45,0,6
2022/2023,2022,ENSENYAMENTS D'IDIOMES,CATALÀ PER A NO CATALANOPARLANTS - C2,1,782,559,223,3,6
2022/2023,2022,ENSENYAMENTS D'IDIOMES,CATALÀ PER A NO CATALANOPARLANTS - NIVELL AVANÇAT,1,86,60,26,4,5
2022/2023,2022,ENSENYAMENTS D'IDIOMES,CATALÀ PER A NO CATALANOPARLANTS - NIVELL BÀSIC,1,189,134,55,7,3
2022/2023,2022,ENSENYAMENTS D'IDIOMES,CATALÀ PER A NO CATALANOPARLANTS - NIVELL BÀSIC,2,121,87,34,7,5
2022/2023,2022,ENSENYAMENTS D'IDIOMES,CATALÀ PER A NO CATALANOPARLANTS - NIVELL INTERMEDI,1,80,59,21,6,5
2022/2023,2022,ENSENYAMENTS D'IDIOMES,COREÀ  - NIVELL BÀSIC,1,91,71,20,3,1
2022/2023,2022,ENSENYAMENTS D'IDIOMES,COREÀ  - NIVELL BÀSIC,2,56,47,9,2,1
2022/2023,2022,ENSENYAMENTS D'IDIOMES,COREÀ  - NIVELL INTERMEDI,1,21,20,1,1,1
2022/2023,2022,ENSENYAMENTS D'IDIOMES,COREÀ  - NIVELL INTERMEDI,2,8,6,2,1,1
2022/2023,2022,ENSENYAMENTS D'IDIOMES,ESPANYOL - C1,1,236,216,20,0,2
2022/2023,2022,ENSENYAMENTS D'IDIOMES,ESPANYOL PER A PERSONES ESTRANGERES - NIVELL AVANÇAT,1,316,235,81,0,5
2022/2023,2022,ENSENYAMENTS D'IDIOMES,ESPANYOL PER A PERSONES ESTRANGERES - NIVELL AVANÇAT,2,229,186,43,0,5
2022/2023,2022,ENSENYAMENTS D'IDIOMES,ESPANYOL PER A PERSONES ESTRANGERES - NIVELL BÀSIC,1,490,325,165,1,5
2022/2023,2022,ENSENYAMENTS D'IDIOMES,ESPANYOL PER A PERSONES ESTRANGERES - NIVELL BÀSIC,2,659,475,184,1,5
2022/2023,2022,ENSENYAMENTS D'IDIOMES,ESPANYOL PER A PERSONES ESTRANGERES - NIVELL INTERMEDI,1,640,470,170,4,5
2022/2023,2022,ENSENYAMENTS D'IDIOMES,FRANCÈS  - NIVELL BÀSIC,1,1847,1197,650,108,39
2022/2023,2022,ENSENYAMENTS D'IDIOMES,FRANCÈS  - NIVELL BÀSIC,2,1389,930,459,98,39
2022/2023,2022,ENSENYAMENTS D'IDIOMES,FRANCÈS - C1,1,365,230,135,12,13
2022/2023,2022,ENSENYAMENTS D'IDIOMES,FRANCÈS - NIVELL AVANÇAT,1,656,462,194,48,33
2022/2023,2022,ENSENYAMENTS D'IDIOMES,FRANCÈS - NIVELL AVANÇAT,2,678,453,225,43,33
2022/2023,2022,ENSENYAMENTS D'IDIOMES,FRANCÈS - NIVELL INTERMEDI,1,1038,727,311,72,39
2022/2023,2022,ENSENYAMENTS D'IDIOMES,GREC - NIVELL AVANÇAT,1,15,5,10,1,1
2022/2023,2022,ENSENYAMENTS D'IDIOMES,GREC - NIVELL AVANÇAT,2,10,5,5,0,1
2022/2023,2022,ENSENYAMENTS D'IDIOMES,GREC - NIVELL BÀSIC,1,48,28,20,2,1
2022/2023,2022,ENSENYAMENTS D'IDIOMES,GREC - NIVELL BÀSIC,2,32,16,16,1,1
2022/2023,2022,ENSENYAMENTS D'IDIOMES,GREC - NIVELL INTERMEDI,1,15,8,7,1,1
2022/2023,2022,ENSENYAMENTS D'IDIOMES,ITALIÀ - C1,1,31,18,13,1,1
2022/2023,2022,ENSENYAMENTS D'IDIOMES,ITALIÀ - NIVELL AVANÇAT,1,137,88,49,8,6
2022/2023,2022,ENSENYAMENTS D'IDIOMES,ITALIÀ - NIVELL AVANÇAT,2,129,84,45,6,5
2022/2023,2022,ENSENYAMENTS D'IDIOMES,ITALIÀ - NIVELL BÀSIC,1,441,302,139,20,6
2022/2023,2022,ENSENYAMENTS D'IDIOMES,ITALIÀ - NIVELL BÀSIC,2,223,155,68,15,6
2022/2023,2022,ENSENYAMENTS D'IDIOMES,ITALIÀ - NIVELL INTERMEDI,1,184,118,66,10,6
2022/2023,2022,ENSENYAMENTS D'IDIOMES,JAPONÈS - NIVELL AVANÇAT,1,20,5,15,1,1
2022/2023,2022,ENSENYAMENTS D'IDIOMES,JAPONÈS - NIVELL AVANÇAT,2,11,4,7,1,1
2022/2023,2022,ENSENYAMENTS D'IDIOMES,JAPONÈS - NIVELL BÀSIC,1,163,92,71,6,1
2022/2023,2022,ENSENYAMENTS D'IDIOMES,JAPONÈS - NIVELL BÀSIC,2,107,52,55,4,1
2022/2023,2022,ENSENYAMENTS D'IDIOMES,JAPONÈS - NIVELL INTERMEDI,1,61,31,30,2,1
2022/2023,2022,ENSENYAMENTS D'IDIOMES,JAPONÈS - NIVELL INTERMEDI,2,37,19,18,2,1
2022/2023,2022,ENSENYAMENTS D'IDIOMES,NEERLANDÈS - NIVELL AVANÇAT,1,13,9,4,1,1
2022/2023,2022,ENSENYAMENTS D'IDIOMES,NEERLANDÈS - NIVELL AVANÇAT,2,8,5,3,1,1
2022/2023,2022,ENSENYAMENTS D'IDIOMES,NEERLANDÈS - NIVELL BÀSIC,1,50,27,23,2,1
2022/2023,2022,ENSENYAMENTS D'IDIOMES,NEERLANDÈS - NIVELL BÀSIC,2,23,16,7,1,1
2022/2023,2022,ENSENYAMENTS D'IDIOMES,NEERLANDÈS - NIVELL INTERMEDI,1,11,5,6,1,1
2022/2023,2022,ENSENYAMENTS D'IDIOMES,PORTUGUÈS - NIVELL AVANÇAT,1,10,6,4,1,1
2022/2023,2022,ENSENYAMENTS D'IDIOMES,PORTUGUÈS - NIVELL AVANÇAT,2,10,6,4,1,1
2022/2023,2022,ENSENYAMENTS D'IDIOMES,PORTUGUÈS - NIVELL BÀSIC,1,58,22,36,2,1
2022/2023,2022,ENSENYAMENTS D'IDIOMES,PORTUGUÈS - NIVELL BÀSIC,2,20,12,8,1,1
2022/2023,2022,ENSENYAMENTS D'IDIOMES,PORTUGUÈS - NIVELL INTERMEDI,1,25,14,11,1,1
2022/2023,2022,ENSENYAMENTS D'IDIOMES,RUS - NIVELL AVANÇAT,1,24,15,9,2,3
2022/2023,2022,ENSENYAMENTS D'IDIOMES,RUS - NIVELL AVANÇAT,2,23,10,13,2,3
2022/2023,2022,ENSENYAMENTS D'IDIOMES,RUS - NIVELL BÀSIC,1,144,52,92,12,5
2022/2023,2022,ENSENYAMENTS D'IDIOMES,RUS - NIVELL BÀSIC,2,99,56,43,9,6
2022/2023,2022,ENSENYAMENTS D'IDIOMES,RUS - NIVELL INTERMEDI,1,51,21,30,5,5
2022/2023,2022,ENSENYAMENTS D'IDIOMES,RUS - NIVELL INTERMEDI,2,54,21,33,5,4
2022/2023,2022,ENSENYAMENTS D'IDIOMES,XINÈS - NIVELL AVANÇAT,1,9,3,6,1,1
2022/2023,2022,ENSENYAMENTS D'IDIOMES,XINÈS - NIVELL AVANÇAT,2,10,4,6,1,1
2022/2023,2022,ENSENYAMENTS D'IDIOMES,XINÈS - NIVELL BÀSIC,1,144,72,72,6,1
2022/2023,2022,ENSENYAMENTS D'IDIOMES,XINÈS - NIVELL BÀSIC,2,53,30,23,4,1
2022/2023,2022,ENSENYAMENTS D'IDIOMES,XINÈS - NIVELL INTERMEDI,1,42,26,16,2,1
2022/2023,2022,ENSENYAMENTS D'IDIOMES,XINÈS - NIVELL INTERMEDI,2,30,19,11,2,1
2022/2023,2022,ENSENYAMENTS D'IDIOMES,ÀRAB - NIVELL AVANÇAT,1,16,10,6,0,1
2022/2023,2022,ENSENYAMENTS D'IDIOMES,ÀRAB - NIVELL AVANÇAT,2,12,9,3,0,1
2022/2023,2022,ENSENYAMENTS D'IDIOMES,ÀRAB - NIVELL BÀSIC,1,219,130,89,15,5
2022/2023,2022,ENSENYAMENTS D'IDIOMES,ÀRAB - NIVELL BÀSIC,2,85,46,39,9,5
2022/2023,2022,ENSENYAMENTS D'IDIOMES,ÀRAB - NIVELL INTERMEDI,1,71,41,30,4,4
2022/2023,2022,ENSENYAMENTS D'IDIOMES,ÀRAB - NIVELL INTERMEDI,2,48,26,22,4,4
2022/2023,2022,ENSENYAMENTS D'IDIOMES,ÈUSCAR - NIVELL AVANÇAT,1,11,3,8,0,1
2022/2023,2022,ENSENYAMENTS D'IDIOMES,ÈUSCAR - NIVELL AVANÇAT,2,8,5,3,0,1
2022/2023,2022,ENSENYAMENTS D'IDIOMES,ÈUSCAR - NIVELL BÀSIC,1,41,15,26,2,1
2022/2023,2022,ENSENYAMENTS D'IDIOMES,ÈUSCAR - NIVELL BÀSIC,2,21,6,15,1,1
2022/2023,2022,ENSENYAMENTS D'IDIOMES,ÈUSCAR - NIVELL INTERMEDI,1,10,5,5,1,1
2022/2023,2022,ENSENYAMENTS ESPORTIUS,TÈCNIC D'ESPORT EN ESQUÍ ALPÍ,1,330,130,200,6,8
2022/2023,2022,ENSENYAMENTS ESPORTIUS,TÈCNIC D'ESPORT EN ESQUÍ ALPÍ,2,150,48,102,6,5
2022/2023,2022,ENSENYAMENTS ESPORTIUS,TÈCNIC D'ESPORT EN ESQUÍ DE FONS,1,9,4,5,2,2
2022/2023,2022,ENSENYAMENTS ESPORTIUS,TÈCNIC D'ESPORT EN FUTBOL,1,930,48,882,15,27
2022/2023,2022,ENSENYAMENTS ESPORTIUS,TÈCNIC D'ESPORT EN FUTBOL,2,621,25,596,8,20
2022/2023,2022,ENSENYAMENTS ESPORTIUS,TÈCNIC D'ESPORT EN FUTBOL SALA,1,17,1,16,2,2
2022/2023,2022,ENSENYAMENTS ESPORTIUS,TÈCNIC D'ESPORT EN HANDBOL,1,3,0,3,2,1
2022/2023,2022,ENSENYAMENTS ESPORTIUS,TÈCNIC D'ESPORT EN MUNTANYA MITJANA,1,2,1,1,0,1
2022/2023,2022,ENSENYAMENTS ESPORTIUS,TÈCNIC D'ESPORT EN SURF DE NEU,1,28,10,18,5,5
2022/2023,2022,ENSENYAMENTS ESPORTIUS,TÈCNIC D'ESPORT EN SURF DE NEU,2,27,2,25,5,5
2022/2023,2022,ENSENYAMENTS ESPORTIUS,TÈCNIC ESPORTIU EN ATLETISME,1,59,23,36,4,2
2022/2023,2022,ENSENYAMENTS ESPORTIUS,TÈCNIC ESPORTIU EN ATLETISME,2,29,6,23,3,2
2022/2023,2022,ENSENYAMENTS ESPORTIUS,TÈCNIC ESPORTIU EN BARRANCS,1,2,1,1,1,1
2022/2023,2022,ENSENYAMENTS ESPORTIUS,TÈCNIC ESPORTIU EN BARRANCS,2,35,1,34,5,2
2022/2023,2022,ENSENYAMENTS ESPORTIUS,TÈCNIC ESPORTIU EN BASQUETBOL,1,49,7,42,6,5
2022/2023,2022,ENSENYAMENTS ESPORTIUS,TÈCNIC ESPORTIU EN BASQUETBOL,2,42,11,31,2,4
2022/2023,2022,ENSENYAMENTS ESPORTIUS,TÈCNIC ESPORTIU EN BUSSEIG ESPORTIU AMB ESCAFANDRE AUTÒNOM,1,3,1,2,2,2
2022/2023,2022,ENSENYAMENTS ESPORTIUS,TÈCNIC ESPORTIU EN BUSSEIG ESPORTIU AMB ESCAFANDRE AUTÒNOM,2,7,2,5,1,3
2022/2023,2022,ENSENYAMENTS ESPORTIUS,TÈCNIC ESPORTIU EN ESGRIMA,1,10,2,8,0,1
2022/2023,2022,ENSENYAMENTS ESPORTIUS,TÈCNIC ESPORTIU EN ESPELEOLOGIA,1,12,0,12,3,2
2022/2023,2022,ENSENYAMENTS ESPORTIUS,TÈCNIC ESPORTIU EN ESPELEOLOGIA,2,23,2,21,3,2
2022/2023,2022,ENSENYAMENTS ESPORTIUS,TÈCNIC ESPORTIU EN JUDO I DEFENSA PERSONAL,1,21,10,11,2,1
2022/2023,2022,ENSENYAMENTS ESPORTIUS,TÈCNIC ESPORTIU EN JUDO I DEFENSA PERSONAL,2,4,1,3,0,1
2022/2023,2022,ENSENYAMENTS ESPORTIUS,TÈCNIC ESPORTIU EN LES DISCIPLINES HÍPIQUES DE RESISTÈNCIA ORIENTACIÓ I TURISME EQÜESTRE,1,63,48,15,0,2
2022/2023,2022,ENSENYAMENTS ESPORTIUS,TÈCNIC ESPORTIU EN LES DISCIPLINES HÍPIQUES DE RESISTÈNCIA ORIENTACIÓ I TURISME EQÜESTRE,2,52,39,13,0,2
2022/2023,2022,ENSENYAMENTS ESPORTIUS,TÈCNIC ESPORTIU EN PIRAGÜISME EN AIGÜES BRAVES,1,5,0,5,1,2
2022/2023,2022,ENSENYAMENTS ESPORTIUS,TÈCNIC ESPORTIU EN PIRAGÜISME EN AIGÜES BRAVES,2,1,0,1,0,1
2022/2023,2022,ENSENYAMENTS ESPORTIUS,TÈCNIC ESPORTIU EN PIRAGÜISME EN AIGÜES TRANQUIL·LES,1,31,11,20,3,3
2022/2023,2022,ENSENYAMENTS ESPORTIUS,TÈCNIC ESPORTIU EN PIRAGÜISME EN AIGÜES TRANQUIL·LES,2,1,0,1,0,1
2022/2023,2022,ENSENYAMENTS ESPORTIUS,TÈCNIC ESPORTIU EN PIRAGÜISME RECREATIU GUIA EN AIGÜES BRAVES,1,10,2,8,1,1
2022/2023,2022,ENSENYAMENTS ESPORTIUS,TÈCNIC ESPORTIU EN PIRAGÜISME RECREATIU GUIA EN AIGÜES BRAVES,2,12,3,9,0,1
2022/2023,2022,ENSENYAMENTS ESPORTIUS,TÈCNIC ESPORTIU EN SALVAMENT I SOCORRISME,1,395,90,305,21,23
2022/2023,2022,ENSENYAMENTS ESPORTIUS,TÈCNIC ESPORTIU EN SALVAMENT I SOCORRISME,2,129,30,99,13,11
2022/2023,2022,ENSENYAMENTS ESPORTIUS,TÈCNIC ESPORTIU EN VELA AMB APARELL FIX,1,135,53,82,11,6
2022/2023,2022,ENSENYAMENTS ESPORTIUS,TÈCNIC ESPORTIU EN VELA AMB APARELL FIX,2,23,4,19,3,2
2022/2023,2022,ENSENYAMENTS ESPORTIUS,TÈCNIC ESPORTIU EN VELA AMB APARELL LLIURE,1,1,1,0,0,1
2022/2023,2022,ENSENYAMENTS ESPORTIUS,TÈCNIC ESPORTIU EN VELA AMB APARELL LLIURE,2,1,1,0,0,1
2022/2023,2022,ENSENYAMENTS ESPORTIUS,TÈCNIC ESPORTIU SUPERIOR EN ATLETISME,1,6,0,6,2,1
2022/2023,2022,ENSENYAMENTS ESPORTIUS,TÈCNIC ESPORTIU SUPERIOR EN BASQUETBOL,1,4,0,4,2,1
2022/2023,2022,ENSENYAMENTS ESPORTIUS,TÈCNIC ESPORTIU SUPERIOR EN ESGRIMA,1,1,0,1,0,1
2022/2023,2022,ENSENYAMENTS ESPORTIUS,TÈCNIC ESPORTIU SUPERIOR EN HÍPICA,1,7,2,5,0,2
2022/2023,2022,ENSENYAMENTS ESPORTIUS,TÈCNIC ESPORTIU SUPERIOR EN PIRAGÜISME EN AIGÜES BRAVES,1,8,1,7,2,1
2022/2023,2022,ENSENYAMENTS ESPORTIUS,TÈCNIC ESPORTIU SUPERIOR EN SALVAMENT I SOCORRISME,1,26,3,23,2,2
2022/2023,2022,ENSENYAMENTS ESPORTIUS,"TÈCNIC ESPOTIU EN LES DISCIPLINES HÍPIQUES DE SALT, DOMA I CONCURS COMPLET",1,32,27,5,0,3
2022/2023,2022,ENSENYAMENTS ESPORTIUS,"TÈCNIC ESPOTIU EN LES DISCIPLINES HÍPIQUES DE SALT, DOMA I CONCURS COMPLET",2,21,14,7,0,3
2022/2023,2022,ENSENYAMENTS ESPORTIUS,TÈCNIC SUPERIOR D'ESPORT EN ALTA MUNTANYA,1,2,0,2,2,1
2022/2023,2022,ENSENYAMENTS ESPORTIUS,TÈCNIC SUPERIOR D'ESPORT EN ESCALADA,1,5,0,5,4,1
2022/2023,2022,ENSENYAMENTS ESPORTIUS,TÈCNIC SUPERIOR D'ESPORT EN ESQUÍ ALPÍ,1,18,2,16,5,3
2022/2023,2022,ENSENYAMENTS ESPORTIUS,TÈCNIC SUPERIOR D'ESPORT EN ESQUÍ DE FONS,1,1,0,1,0,1
2022/2023,2022,ENSENYAMENTS ESPORTIUS,TÈCNIC SUPERIOR D'ESPORT EN FUTBOL,1,225,5,220,2,7
2022/2023,2022,ENSENYAMENTS ESPORTIUS,TÈCNIC SUPERIOR D'ESPORT EN FUTBOL SALA,1,1,1,0,1,1
2022/2023,2022,ENSENYAMENTS ESPORTIUS,TÈCNIC SUPERIOR D'ESPORT EN HANDBOL,1,1,0,1,0,1
2022/2023,2022,ENSENYAMENTS ESPORTIUS,TÈCNIC SUPERIOR D'ESPORT EN SURF DE NEU,1,11,1,10,4,1
2022/2023,2022,ENSENYAMENTS ESPORTIUS,TÈCNIC SUPERIOR ESPORTIU EN VELA AMB APARELL FIX,1,11,6,5,5,3
2022/2023,2022,ENSENYAMENTS ESPORTIUS,TÈCNICS ESPORTIU EN ESCALADA,1,6,0,6,1,3
2022/2023,2022,ENSENYAMENTS ESPORTIUS,TÈCNICS ESPORTIU EN ESCALADA,2,57,7,50,4,4
2022/2023,2022,ENSENYAMENTS ESPORTIUS,TÈCNICS ESPORTIU EN MUNTANYA MITJANA,1,111,21,90,3,6
2022/2023,2022,ENSENYAMENTS ESPORTIUS,TÈCNICS ESPORTIU EN MUNTANYA MITJANA,2,80,9,71,4,5
2022/2023,2022,ENSENYAMENTS SUPERIORS DE DISSENY,ESDL - DISSENY D'INTERIORS,1,167,144,23,1,3
2022/2023,2022,ENSENYAMENTS SUPERIORS DE DISSENY,ESDL - DISSENY D'INTERIORS,2,135,115,20,1,3
2022/2023,2022,ENSENYAMENTS SUPERIORS DE DISSENY,ESDL - DISSENY D'INTERIORS,3,119,108,11,1,3
2022/2023,2022,ENSENYAMENTS SUPERIORS DE DISSENY,ESDL - DISSENY D'INTERIORS,4,118,98,20,1,3
2022/2023,2022,ENSENYAMENTS SUPERIORS DE DISSENY,ESDL - DISSENY DE MODA,1,169,146,23,1,3
2022/2023,2022,ENSENYAMENTS SUPERIORS DE DISSENY,ESDL - DISSENY DE MODA,2,171,151,20,1,3
2022/2023,2022,ENSENYAMENTS SUPERIORS DE DISSENY,ESDL - DISSENY DE MODA,3,140,123,17,1,3
2022/2023,2022,ENSENYAMENTS SUPERIORS DE DISSENY,ESDL - DISSENY DE MODA,4,149,132,17,1,3
2022/2023,2022,ENSENYAMENTS SUPERIORS DE DISSENY,ESDL - DISSENY DE PRODUCTES,1,61,37,24,1,2
2022/2023,2022,ENSENYAMENTS SUPERIORS DE DISSENY,ESDL - DISSENY DE PRODUCTES,2,49,28,21,1,2
2022/2023,2022,ENSENYAMENTS SUPERIORS DE DISSENY,ESDL - DISSENY DE PRODUCTES,3,44,19,25,1,2
2022/2023,2022,ENSENYAMENTS SUPERIORS DE DISSENY,ESDL - DISSENY DE PRODUCTES,4,52,25,27,1,3
2022/2023,2022,ENSENYAMENTS SUPERIORS DE DISSENY,ESDL - DISSENY GRÀFIC,1,179,127,52,1,3
2022/2023,2022,ENSENYAMENTS SUPERIORS DE DISSENY,ESDL - DISSENY GRÀFIC,2,127,97,30,1,3
2022/2023,2022,ENSENYAMENTS SUPERIORS DE DISSENY,ESDL - DISSENY GRÀFIC,3,115,84,31,1,3
2022/2023,2022,ENSENYAMENTS SUPERIORS DE DISSENY,ESDL - DISSENY GRÀFIC,4,142,104,38,1,3
2022/2023,2022,ENSENYAMENTS SUPERIORS DE DISSENY,MÀSTER EN ENSENYAMENTS ARTÍSTICS EN DISSENY D'INTERIORS EXPERIENCIAL DE LCI,1,11,9,2,0,1
2022/2023,2022,FORMACIÓ PROFESSIONAL,CFPM - ACTIVITATS COMERCIALAS (LOGÍSTICA),1,122,34,88,5,5
2022/2023,2022,FORMACIÓ PROFESSIONAL,CFPM - ACTIVITATS COMERCIALAS (LOGÍSTICA),2,61,16,45,4,4
2022/2023,2022,FORMACIÓ PROFESSIONAL,CFPM - ACTIVITATS COMERCIALS,1,1935,808,1127,72,61
2022/2023,2022,FORMACIÓ PROFESSIONAL,CFPM - ACTIVITATS COMERCIALS,2,1598,637,961,67,60
2022/2023,2022,FORMACIÓ PROFESSIONAL,CFPM - ACTIVITATS COMERCIALS (TÈXTIL),1,90,51,39,3,2
2022/2023,2022,FORMACIÓ PROFESSIONAL,CFPM - ACTIVITATS COMERCIALS (TÈXTIL),2,60,33,27,3,2
2022/2023,2022,FORMACIÓ PROFESSIONAL,CFPM - ACTIVITATS EQÜESTRES,1,110,91,19,3,6
2022/2023,2022,FORMACIÓ PROFESSIONAL,CFPM - ACTIVITATS EQÜESTRES,2,116,91,25,3,5
2022/2023,2022,FORMACIÓ PROFESSIONAL,CFPM - APROFITAMENT I CONSERVACIÓ DEL MEDI NATURAL,1,118,8,110,6,6
2022/2023,2022,FORMACIÓ PROFESSIONAL,CFPM - APROFITAMENT I CONSERVACIÓ DEL MEDI NATURAL,2,94,15,79,5,5
2022/2023,2022,FORMACIÓ PROFESSIONAL,CFPM - ATENCIÓ A PERSONES EN SITUACIÓ DE DEPENDÈNCIA,1,2732,2321,411,114,77
2022/2023,2022,FORMACIÓ PROFESSIONAL,CFPM - ATENCIÓ A PERSONES EN SITUACIÓ DE DEPENDÈNCIA,2,2487,2099,388,114,76
2022/2023,2022,FORMACIÓ PROFESSIONAL,CFPM - ATENCIÓ A PERSONES EN SITUACIÓ DE DEPENDÊNCIA,NA,332,259,73,0,1
2022/2023,2022,FORMACIÓ PROFESSIONAL,CFPM - CARROSSERIA,1,652,22,630,21,22
2022/2023,2022,FORMACIÓ PROFESSIONAL,CFPM - CARROSSERIA,2,518,17,501,20,22
2022/2023,2022,FORMACIÓ PROFESSIONAL,CFPM - COMERCIALITZACIÓ DE PRODUCTES ALIMENTARIS,1,29,13,16,4,4
2022/2023,2022,FORMACIÓ PROFESSIONAL,CFPM - COMERCIALITZACIÓ DE PRODUCTES ALIMENTARIS,2,7,0,7,1,1
2022/2023,2022,FORMACIÓ PROFESSIONAL,CFPM - CONDUCCIÓ D'ACTIVITATS FISICOESPORTIVES EN EL MEDI NATURAL,1,66,11,55,17,19
2022/2023,2022,FORMACIÓ PROFESSIONAL,CFPM - CONDUCCIÓ DE VEHICLES DE TRANSPORT PER CARRETERA,1,50,3,47,5,5
2022/2023,2022,FORMACIÓ PROFESSIONAL,CFPM - CONDUCCIÓ DE VEHICLES DE TRANSPORT PER CARRETERA,2,7,0,7,1,1
2022/2023,2022,FORMACIÓ PROFESSIONAL,CFPM - CONFECCIÓ I MODA,1,252,192,60,8,6
2022/2023,2022,FORMACIÓ PROFESSIONAL,CFPM - CONFECCIÓ I MODA,2,149,131,18,7,6
2022/2023,2022,FORMACIÓ PROFESSIONAL,CFPM - CONSTRUCCIÓ,1,85,9,76,5,5
2022/2023,2022,FORMACIÓ PROFESSIONAL,CFPM - CONSTRUCCIÓ,2,36,4,32,2,2
2022/2023,2022,FORMACIÓ PROFESSIONAL,CFPM - CUINA I GASTRONOMIA,1,880,284,596,36,26
2022/2023,2022,FORMACIÓ PROFESSIONAL,CFPM - CUINA I GASTRONOMIA,2,1023,330,693,33,26
2022/2023,2022,FORMACIÓ PROFESSIONAL,CFPM - CULTIUS AQÜÍCOLES,1,17,4,13,1,1
2022/2023,2022,FORMACIÓ PROFESSIONAL,CFPM - CULTIUS AQÜÍCOLES,2,15,4,11,1,1
2022/2023,2022,FORMACIÓ PROFESSIONAL,CFPM - CURES AUXILIARS D'INFERMERIA,1,20973,17256,3717,190,98
2022/2023,2022,FORMACIÓ PROFESSIONAL,CFPM - CURES AUXILIARS D'INFERMERIA,2,173,149,24,0,8
2022/2023,2022,FORMACIÓ PROFESSIONAL,CFPM - CURES AUXILIARS D'INFERMERIA,NA,943,797,146,0,1
2022/2023,2022,FORMACIÓ PROFESSIONAL,CFPM - ELABORACIÓ DE PRODUCTES ALIMENTARIS,1,77,42,35,11,7
2022/2023,2022,FORMACIÓ PROFESSIONAL,CFPM - ELABORACIÓ DE PRODUCTES ALIMENTARIS,2,85,32,53,8,8
2022/2023,2022,FORMACIÓ PROFESSIONAL,CFPM - ELECTROMECÀNICA DE MAQUINÀRIA,1,70,2,68,4,4
2022/2023,2022,FORMACIÓ PROFESSIONAL,CFPM - ELECTROMECÀNICA DE MAQUINÀRIA,2,72,2,70,4,4
2022/2023,2022,FORMACIÓ PROFESSIONAL,CFPM - ELECTROMECÀNICA DE VEHICLES,1,2261,75,2186,72,45
2022/2023,2022,FORMACIÓ PROFESSIONAL,CFPM - ELECTROMECÀNICA DE VEHICLES,2,1896,35,1861,66,45
2022/2023,2022,FORMACIÓ PROFESSIONAL,CFPM - ELECTROMECÀNICA DE VEHICLES (AVIONS),1,29,0,29,1,1
2022/2023,2022,FORMACIÓ PROFESSIONAL,CFPM - ELECTROMECÀNICA DE VEHICLES (AVIONS),2,16,1,15,1,1
2022/2023,2022,FORMACIÓ PROFESSIONAL,CFPM - ELECTROMECÀNICA DE VEHICLES (INDUSTRIALS),1,80,3,77,3,3
2022/2023,2022,FORMACIÓ PROFESSIONAL,CFPM - ELECTROMECÀNICA DE VEHICLES (INDUSTRIALS),2,69,2,67,3,3
2022/2023,2022,FORMACIÓ PROFESSIONAL,CFPM - EMERGÈNCIES I PROTECCIÓ CIVIL,1,84,11,73,3,3
2022/2023,2022,FORMACIÓ PROFESSIONAL,CFPM - EMERGÈNCIES I PROTECCIÓ CIVIL,2,58,5,53,1,2
2022/2023,2022,FORMACIÓ PROFESSIONAL,CFPM - EMERGÈNCIES I PROTECCIÓ CIVIL,NA,3,0,3,0,1
2022/2023,2022,FORMACIÓ PROFESSIONAL,CFPM - EMERGÈNCIES SANITÀRIES,1,1218,510,708,32,23
2022/2023,2022,FORMACIÓ PROFESSIONAL,CFPM - EMERGÈNCIES SANITÀRIES,2,1302,545,757,30,21
2022/2023,2022,FORMACIÓ PROFESSIONAL,CFPM - EMERGÈNCIES SANITÀRIES,NA,123,26,97,0,1
2022/2023,2022,FORMACIÓ PROFESSIONAL,CFPM - ESTÈTICA I BELLESA,1,1055,1028,27,33,30
2022/2023,2022,FORMACIÓ PROFESSIONAL,CFPM - ESTÈTICA I BELLESA,2,929,912,17,31,29
2022/2023,2022,FORMACIÓ PROFESSIONAL,CFPM - EXCAVACIONS I SONDATGES (OPERACIONS DE MAQUINÀRIA DE LA CONSTRUCCIÓ),1,21,0,21,1,1
2022/2023,2022,FORMACIÓ PROFESSIONAL,CFPM - EXCAVACIONS I SONDATGES (OPERACIONS DE MAQUINÀRIA DE LA CONSTRUCCIÓ),2,12,1,11,1,1
2022/2023,2022,FORMACIÓ PROFESSIONAL,CFPM - EXCAVACIONSCFPM - EXCAVACIONS I SONDATGES,1,28,4,24,2,2
2022/2023,2022,FORMACIÓ PROFESSIONAL,CFPM - EXCAVACIONSCFPM - EXCAVACIONS I SONDATGES,2,26,1,25,1,1
2022/2023,2022,FORMACIÓ PROFESSIONAL,CFPM - FABRICACIÓ I ENNOBLIMENT DE PRODUCTES TEXTILS (GENERES DE PUNT),1,14,9,5,1,1
2022/2023,2022,FORMACIÓ PROFESSIONAL,CFPM - FABRICACIÓ I ENNOBLIMENT DE PRODUCTES TEXTILS (GENERES DE PUNT),2,16,10,6,1,1
2022/2023,2022,FORMACIÓ PROFESSIONAL,CFPM - FABRICACIÓ I ENNOBLIMENT DE PRODUCTES TÈXTILS,1,37,23,14,3,3
2022/2023,2022,FORMACIÓ PROFESSIONAL,CFPM - FABRICACIÓ I ENNOBLIMENT DE PRODUCTES TÈXTILS,2,28,19,9,2,2
2022/2023,2022,FORMACIÓ PROFESSIONAL,CFPM - FARMÀCIA I PARAFARMÀCIA,1,1894,1463,431,50,39
2022/2023,2022,FORMACIÓ PROFESSIONAL,CFPM - FARMÀCIA I PARAFARMÀCIA,2,1718,1363,355,47,36
2022/2023,2022,FORMACIÓ PROFESSIONAL,"CFPM - FORNERIA, PASTISSERIA I CONFITERIA",1,367,250,117,21,18
2022/2023,2022,FORMACIÓ PROFESSIONAL,"CFPM - FORNERIA, PASTISSERIA I CONFITERIA",2,446,271,175,23,20
2022/2023,2022,FORMACIÓ PROFESSIONAL,CFPM - FUSTERIA I MOBLE,1,192,18,174,8,7
2022/2023,2022,FORMACIÓ PROFESSIONAL,CFPM - FUSTERIA I MOBLE,2,138,17,121,8,8
2022/2023,2022,FORMACIÓ PROFESSIONAL,CFPM - GESTIÓ ADMINISTRATIVA,1,5735,3249,2486,180,135
2022/2023,2022,FORMACIÓ PROFESSIONAL,CFPM - GESTIÓ ADMINISTRATIVA,2,3622,1929,1693,176,132
2022/2023,2022,FORMACIÓ PROFESSIONAL,CFPM - GESTIÓ ADMINISTRATIVA,NA,1205,954,251,0,1
2022/2023,2022,FORMACIÓ PROFESSIONAL,CFPM - GESTIÓ ADMINISTRATIVA (ÀMBIT JURÍDIC),1,340,253,87,13,13
2022/2023,2022,FORMACIÓ PROFESSIONAL,CFPM - GESTIÓ ADMINISTRATIVA (ÀMBIT JURÍDIC),2,322,241,81,13,13
2022/2023,2022,FORMACIÓ PROFESSIONAL,CFPM - GESTIÓ ADMINISTRATIVA (ÀMBIT SANITARI),1,162,121,41,6,7
2022/2023,2022,FORMACIÓ PROFESSIONAL,CFPM - GESTIÓ ADMINISTRATIVA (ÀMBIT SANITARI),2,60,38,22,3,3
2022/2023,2022,FORMACIÓ PROFESSIONAL,CFPM - GUIA EN EL MEDI NATURAL I DE TEMPS DE LLEURE,1,2579,433,2146,75,70
2022/2023,2022,FORMACIÓ PROFESSIONAL,CFPM - GUIA EN EL MEDI NATURAL I DE TEMPS DE LLEURE,2,1817,340,1477,61,65
2022/2023,2022,FORMACIÓ PROFESSIONAL,CFPM - GUIA EN EL MEDI NATURAL I DE TEMPS DE LLEURE (EXPLOTACIÓ D'ESTACIONS D'ESQUÍ),1,15,3,12,1,1
2022/2023,2022,FORMACIÓ PROFESSIONAL,CFPM - GUIA EN EL MEDI NATURAL I DE TEMPS DE LLEURE (EXPLOTACIÓ D'ESTACIONS D'ESQUÍ),2,8,1,7,1,1
2022/2023,2022,FORMACIÓ PROFESSIONAL,CFPM - IMPRESSIÓ GRÀFICA,1,45,18,27,2,2
2022/2023,2022,FORMACIÓ PROFESSIONAL,CFPM - IMPRESSIÓ GRÀFICA,2,27,8,19,2,2
2022/2023,2022,FORMACIÓ PROFESSIONAL,CFPM - IMPRESSIÓ GRÀFICA (IMPRESSIÓ GRÀFICA I CONVERTING),1,17,3,14,1,1
2022/2023,2022,FORMACIÓ PROFESSIONAL,CFPM - IMPRESSIÓ GRÀFICA (IMPRESSIÓ GRÀFICA I CONVERTING),2,17,2,15,1,1
2022/2023,2022,FORMACIÓ PROFESSIONAL,CFPM - INSTAL·LACIONS DE PRODUCCIÓ DE CALOR,1,80,0,80,4,4
2022/2023,2022,FORMACIÓ PROFESSIONAL,CFPM - INSTAL·LACIONS DE PRODUCCIÓ DE CALOR,2,84,0,84,6,6
2022/2023,2022,FORMACIÓ PROFESSIONAL,CFPM - INSTAL·LACIONS DE TELECOMUNICACIONS,1,367,12,355,19,15
2022/2023,2022,FORMACIÓ PROFESSIONAL,CFPM - INSTAL·LACIONS DE TELECOMUNICACIONS,2,294,14,280,20,16
2022/2023,2022,FORMACIÓ PROFESSIONAL,CFPM - INSTAL·LACIONS ELÈCTRIQUES I AUTOMÀTIQUES,1,1446,24,1422,56,52
2022/2023,2022,FORMACIÓ PROFESSIONAL,CFPM - INSTAL·LACIONS ELÈCTRIQUES I AUTOMÀTIQUES,2,1171,20,1151,54,51
2022/2023,2022,FORMACIÓ PROFESSIONAL,CFPM - INSTAL·LACIONS ELÈCTRIQUES I AUTOMÀTIQUES,NA,426,19,407,0,1
2022/2023,2022,FORMACIÓ PROFESSIONAL,CFPM - INSTAL·LACIONS FRIGORÍFIQUES I DE CLIMATITZACIÓ,1,155,0,155,6,6
2022/2023,2022,FORMACIÓ PROFESSIONAL,CFPM - INSTAL·LACIONS FRIGORÍFIQUES I DE CLIMATITZACIÓ,2,163,1,162,8,8
2022/2023,2022,FORMACIÓ PROFESSIONAL,CFPM - INSTAL·LACIÓ i MOBLAMENT,1,55,7,48,2,2
2022/2023,2022,FORMACIÓ PROFESSIONAL,CFPM - INSTAL·LACIÓ i MOBLAMENT,2,59,7,52,4,4
2022/2023,2022,FORMACIÓ PROFESSIONAL,CFPM - JARDINERIA I FLORISTERIA,1,196,48,148,12,11
2022/2023,2022,FORMACIÓ PROFESSIONAL,CFPM - JARDINERIA I FLORISTERIA,2,187,34,153,12,12
2022/2023,2022,FORMACIÓ PROFESSIONAL,CFPM - MANTENIMENT D'EMBARCACIONS D'ESBARJO,1,183,9,174,12,7
2022/2023,2022,FORMACIÓ PROFESSIONAL,CFPM - MANTENIMENT D'EMBARCACIONS D'ESBARJO,2,133,2,131,12,7
2022/2023,2022,FORMACIÓ PROFESSIONAL,CFPM - MANTENIMENT D'ESTRUCTURES DE FUSTA I MOBILIARI D'EMBARCACIONS D'ESBARJO,1,22,0,22,1,1
2022/2023,2022,FORMACIÓ PROFESSIONAL,CFPM - MANTENIMENT D'ESTRUCTURES DE FUSTA I MOBILIARI D'EMBARCACIONS D'ESBARJO,2,17,0,17,1,1
2022/2023,2022,FORMACIÓ PROFESSIONAL,CFPM - MANTENIMENT DE MATERIAL RODANT FERROVIARI,1,33,3,30,1,1
2022/2023,2022,FORMACIÓ PROFESSIONAL,CFPM - MANTENIMENT DE MATERIAL RODANT FERROVIARI,2,18,1,17,1,1
2022/2023,2022,FORMACIÓ PROFESSIONAL,CFPM - MANTENIMENT ELECTROMECÀNIC,1,993,25,968,49,38
2022/2023,2022,FORMACIÓ PROFESSIONAL,CFPM - MANTENIMENT ELECTROMECÀNIC,2,760,20,740,47,38
2022/2023,2022,FORMACIÓ PROFESSIONAL,CFPM - MANTENIMENT I CONTROL DE LA MAQUINÀRIA DE VAIXELLS I EMBARCACIONS,1,21,1,20,1,1
2022/2023,2022,FORMACIÓ PROFESSIONAL,CFPM - MANTENIMENT I CONTROL DE LA MAQUINÀRIA DE VAIXELLS I EMBARCACIONS,2,13,0,13,1,1
2022/2023,2022,FORMACIÓ PROFESSIONAL,CFPM - MECANITZACIÓ,1,643,15,628,27,25
2022/2023,2022,FORMACIÓ PROFESSIONAL,CFPM - MECANITZACIÓ,2,604,8,596,26,25
2022/2023,2022,FORMACIÓ PROFESSIONAL,CFPM - MECANITZACIÓ (RELLOTGERIA),1,15,6,9,1,1
2022/2023,2022,FORMACIÓ PROFESSIONAL,CFPM - MECANITZACIÓ (RELLOTGERIA),2,24,5,19,1,1
2022/2023,2022,FORMACIÓ PROFESSIONAL,CFPM - NAVEGACIÓ I PESCA LITORAL,1,20,3,17,1,1
2022/2023,2022,FORMACIÓ PROFESSIONAL,CFPM - NAVEGACIÓ I PESCA LITORAL,2,21,4,17,1,1
2022/2023,2022,FORMACIÓ PROFESSIONAL,"CFPM - OBRES D'INTERIOR, DECORACIÓ i REHABILITACIÓ",1,91,43,48,8,4
2022/2023,2022,FORMACIÓ PROFESSIONAL,"CFPM - OBRES D'INTERIOR, DECORACIÓ i REHABILITACIÓ",2,57,21,36,12,4
2022/2023,2022,FORMACIÓ PROFESSIONAL,CFPM - OLIS D'OLIVA I VINS,1,52,9,43,17,6
2022/2023,2022,FORMACIÓ PROFESSIONAL,CFPM - OLIS D'OLIVA I VINS,2,48,6,42,17,6
2022/2023,2022,FORMACIÓ PROFESSIONAL,CFPM - OPERACIONS DE LABORATORI,1,428,204,224,15,15
2022/2023,2022,FORMACIÓ PROFESSIONAL,CFPM - OPERACIONS DE LABORATORI,2,347,178,169,14,14
2022/2023,2022,FORMACIÓ PROFESSIONAL,CFPM - OPERACIONS SUBAQUÀTIQUES I HIPERBÀRIQUES,1,26,3,23,1,1
2022/2023,2022,FORMACIÓ PROFESSIONAL,CFPM - OPERACIONS SUBAQUÀTIQUES I HIPERBÀRIQUES,2,20,0,20,1,1
2022/2023,2022,FORMACIÓ PROFESSIONAL,CFPM - PEDRA NATURAL,1,13,0,13,1,1
2022/2023,2022,FORMACIÓ PROFESSIONAL,CFPM - PEDRA NATURAL,2,9,1,8,1,1
2022/2023,2022,FORMACIÓ PROFESSIONAL,CFPM - PERRUQUERIA I COSMÈTICA CAPIL·LAR,1,831,638,193,45,36
2022/2023,2022,FORMACIÓ PROFESSIONAL,CFPM - PERRUQUERIA I COSMÈTICA CAPIL·LAR,2,727,574,153,44,37
2022/2023,2022,FORMACIÓ PROFESSIONAL,CFPM - PLANTA QUÍMICA,1,32,5,27,1,1
2022/2023,2022,FORMACIÓ PROFESSIONAL,CFPM - PLANTA QUÍMICA,2,25,7,18,1,1
2022/2023,2022,FORMACIÓ PROFESSIONAL,CFPM - PLANTA QUÍMICA (PRODUCTES FARMACÈUTICS I COSMÈTICS),1,147,68,79,6,6
2022/2023,2022,FORMACIÓ PROFESSIONAL,CFPM - PLANTA QUÍMICA (PRODUCTES FARMACÈUTICS I COSMÈTICS),2,77,39,38,4,4
2022/2023,2022,FORMACIÓ PROFESSIONAL,CFPM - POSTIMPRESSIÓ I ACABATS GRÀFICS,1,10,2,8,1,1
2022/2023,2022,FORMACIÓ PROFESSIONAL,CFPM - POSTIMPRESSIÓ I ACABATS GRÀFICS,2,8,4,4,1,1
2022/2023,2022,FORMACIÓ PROFESSIONAL,CFPM - PREIMPRESSIÓ DIGITAL,1,286,133,153,10,8
2022/2023,2022,FORMACIÓ PROFESSIONAL,CFPM - PREIMPRESSIÓ DIGITAL,2,277,120,157,11,8
2022/2023,2022,FORMACIÓ PROFESSIONAL,CFPM - PRODUCCIÓ AGROECOLÒGICA,1,30,6,24,4,4
2022/2023,2022,FORMACIÓ PROFESSIONAL,CFPM - PRODUCCIÓ AGROECOLÒGICA,2,43,11,32,3,3
2022/2023,2022,FORMACIÓ PROFESSIONAL,CFPM - PRODUCCIÓ AGROECOLÒGICA (AGRÍCOLA),1,51,7,44,8,4
2022/2023,2022,FORMACIÓ PROFESSIONAL,CFPM - PRODUCCIÓ AGROECOLÒGICA (AGRÍCOLA),2,43,9,34,8,4
2022/2023,2022,FORMACIÓ PROFESSIONAL,CFPM - PRODUCCIÓ AGROPECUÀRIA,1,94,17,77,4,5
2022/2023,2022,FORMACIÓ PROFESSIONAL,CFPM - PRODUCCIÓ AGROPECUÀRIA,2,92,21,71,4,5
2022/2023,2022,FORMACIÓ PROFESSIONAL,CFPM - PRODUCCIÓ AGROPECUÀRIA,NA,78,26,52,0,1
2022/2023,2022,FORMACIÓ PROFESSIONAL,CFPM - PRODUCCIÓ AGROPECUÀRIA (AGRÍCOLA),1,17,1,16,1,1
2022/2023,2022,FORMACIÓ PROFESSIONAL,CFPM - PRODUCCIÓ AGROPECUÀRIA (AGRÍCOLA),2,20,1,19,1,1
2022/2023,2022,FORMACIÓ PROFESSIONAL,CFPM - PRODUCCIÓ AGROPECUÀRIA (RAMADERA),1,9,2,7,1,1
2022/2023,2022,FORMACIÓ PROFESSIONAL,CFPM - PRODUCCIÓ AGROPECUÀRIA (RAMADERA),2,21,6,15,1,1
2022/2023,2022,FORMACIÓ PROFESSIONAL,CFPM - SERVEIS EN RESTAURACIÓ,1,422,165,257,25,21
2022/2023,2022,FORMACIÓ PROFESSIONAL,CFPM - SERVEIS EN RESTAURACIÓ,2,547,192,355,35,21
2022/2023,2022,FORMACIÓ PROFESSIONAL,CFPM - SISTEMES MICROINFORMÀTICS I XARXES,1,7007,538,6469,182,108
2022/2023,2022,FORMACIÓ PROFESSIONAL,CFPM - SISTEMES MICROINFORMÀTICS I XARXES,2,5055,318,4737,168,107
2022/2023,2022,FORMACIÓ PROFESSIONAL,CFPM - SISTEMES MICROINFORMÀTICS I XARXES,NA,676,98,578,0,1
2022/2023,2022,FORMACIÓ PROFESSIONAL,CFPM - SOLDADURA I CALDERERIA,1,320,3,317,11,9
2022/2023,2022,FORMACIÓ PROFESSIONAL,CFPM - SOLDADURA I CALDERERIA,2,164,6,158,14,8
2022/2023,2022,FORMACIÓ PROFESSIONAL,CFPM - VIDEO DISCJÒQUEI I SO,1,631,159,472,16,16
2022/2023,2022,FORMACIÓ PROFESSIONAL,CFPM - VIDEO DISCJÒQUEI I SO,2,542,124,418,15,13
2022/2023,2022,FORMACIÓ PROFESSIONAL,CFPM - XARXES I ESTACIONS DE TRACTAMENT D'AIGÜES,1,56,4,52,4,4
2022/2023,2022,FORMACIÓ PROFESSIONAL,CFPM - XARXES I ESTACIONS DE TRACTAMENT D'AIGÜES,2,42,2,40,3,3
2022/2023,2022,FORMACIÓ PROFESSIONAL,CFPS - ADMINISTRACIÓ DE SISTEMES INFORMÀTICS,NA,1,0,1,0,1
2022/2023,2022,FORMACIÓ PROFESSIONAL,CFPS - ADMINISTRACIÓ DE SISTEMES INFORMÀTICS EN XARXA,1,1231,101,1130,31,37
2022/2023,2022,FORMACIÓ PROFESSIONAL,CFPS - ADMINISTRACIÓ DE SISTEMES INFORMÀTICS EN XARXA,2,1380,106,1274,31,38
2022/2023,2022,FORMACIÓ PROFESSIONAL,CFPS - ADMINISTRACIÓ DE SISTEMES INFORMÀTICS EN XARXA,NA,667,81,586,0,1
2022/2023,2022,FORMACIÓ PROFESSIONAL,CFPS - ADMINISTRACIÓ DE SISTEMES INFORMÀTICS EN XARXA (CIBERSEGURETAT),1,1111,110,1001,24,24
2022/2023,2022,FORMACIÓ PROFESSIONAL,CFPS - ADMINISTRACIÓ DE SISTEMES INFORMÀTICS EN XARXA (CIBERSEGURETAT),2,1134,137,997,17,20
2022/2023,2022,FORMACIÓ PROFESSIONAL,CFPS - ADMINISTRACIÓ I FINANCES,1,3780,2000,1780,124,108
2022/2023,2022,FORMACIÓ PROFESSIONAL,CFPS - ADMINISTRACIÓ I FINANCES,2,7402,4704,2698,118,108
2022/2023,2022,FORMACIÓ PROFESSIONAL,CFPS - ADMINISTRACIÓ I FINANCES,NA,1987,1628,359,0,1
2022/2023,2022,FORMACIÓ PROFESSIONAL,CFPS - ADMINISTRACIÓ I FINANCES (GESTOR D'ASSEGURANCES),1,150,86,64,10,7
2022/2023,2022,FORMACIÓ PROFESSIONAL,CFPS - ADMINISTRACIÓ I FINANCES (GESTOR D'ASSEGURANCES),2,128,72,56,9,6
2022/2023,2022,FORMACIÓ PROFESSIONAL,CFPS - AGÈNCIES DE VIATGES I GESTIÓ D'ESDEVENIMENTS,1,126,100,26,5,8
2022/2023,2022,FORMACIÓ PROFESSIONAL,CFPS - AGÈNCIES DE VIATGES I GESTIÓ D'ESDEVENIMENTS,2,285,211,74,8,10
2022/2023,2022,FORMACIÓ PROFESSIONAL,CFPS - ANATOMIA PATOLÒGICA I CITODIAGNÒSTIC,1,462,388,74,7,11
2022/2023,2022,FORMACIÓ PROFESSIONAL,CFPS - ANATOMIA PATOLÒGICA I CITODIAGNÒSTIC,2,385,325,60,7,10
2022/2023,2022,FORMACIÓ PROFESSIONAL,"CFPS - ANIMACIONS EN 3D, JOCS I ENTORNS INTERACTIUS",1,579,147,432,6,14
2022/2023,2022,FORMACIÓ PROFESSIONAL,"CFPS - ANIMACIONS EN 3D, JOCS I ENTORNS INTERACTIUS",2,884,232,652,5,15
2022/2023,2022,FORMACIÓ PROFESSIONAL,"CFPS - ANIMACIONS EN 3D, JOCS I ENTORNS INTERACTIUS",NA,228,79,149,0,1
2022/2023,2022,FORMACIÓ PROFESSIONAL,"CFPS - ANIMACIÓ EN 3D, JOCS i ENTORNS INTERACTIUS (MONS VIRTUALS, REALITAT AUGMENTADA i GAMIFICACIÓ)",1,68,11,57,1,3
2022/2023,2022,FORMACIÓ PROFESSIONAL,"CFPS - ANIMACIÓ EN 3D, JOCS i ENTORNS INTERACTIUS (MONS VIRTUALS, REALITAT AUGMENTADA i GAMIFICACIÓ)",2,128,29,99,1,3
2022/2023,2022,FORMACIÓ PROFESSIONAL,CFPS - ANIMACIÓ SOCIOCULTURAL I TURÍSTICA,1,147,113,34,18,10
2022/2023,2022,FORMACIÓ PROFESSIONAL,CFPS - ANIMACIÓ SOCIOCULTURAL I TURÍSTICA,2,203,145,58,23,11
2022/2023,2022,FORMACIÓ PROFESSIONAL,CFPS - AQÜICULTURA,1,12,4,8,1,1
2022/2023,2022,FORMACIÓ PROFESSIONAL,CFPS - AQÜICULTURA,2,23,7,16,1,1
2022/2023,2022,FORMACIÓ PROFESSIONAL,CFPS - ASSESSORIA D'IMATGE PERSONAL I CORPORATIVA,1,148,142,6,3,7
2022/2023,2022,FORMACIÓ PROFESSIONAL,CFPS - ASSESSORIA D'IMATGE PERSONAL I CORPORATIVA,2,160,152,8,3,8
2022/2023,2022,FORMACIÓ PROFESSIONAL,CFPS - ASSISTÈNCIA A LA DIRECCIÓ,1,238,147,91,20,15
2022/2023,2022,FORMACIÓ PROFESSIONAL,CFPS - ASSISTÈNCIA A LA DIRECCIÓ,2,983,625,358,21,16
2022/2023,2022,FORMACIÓ PROFESSIONAL,CFPS - ASSISTÈNCIA A LA DIRECCIÓ,NA,362,321,41,0,1
2022/2023,2022,FORMACIÓ PROFESSIONAL,CFPS - AUDIOLOGIA PROTÈTICA,1,145,97,48,2,3
2022/2023,2022,FORMACIÓ PROFESSIONAL,CFPS - AUDIOLOGIA PROTÈTICA,2,419,251,168,2,4
2022/2023,2022,FORMACIÓ PROFESSIONAL,CFPS - AUTOMATITZACIÓ I ROBÒTICA INDUSTRIAL,1,976,49,927,38,36
2022/2023,2022,FORMACIÓ PROFESSIONAL,CFPS - AUTOMATITZACIÓ I ROBÒTICA INDUSTRIAL,2,940,50,890,35,35
2022/2023,2022,FORMACIÓ PROFESSIONAL,CFPS - AUTOMOCIÓ,1,1159,30,1129,37,34
2022/2023,2022,FORMACIÓ PROFESSIONAL,CFPS - AUTOMOCIÓ,2,1276,53,1223,36,34
2022/2023,2022,FORMACIÓ PROFESSIONAL,CFPS - CARACTERITZACIÓ I MAQUILLATGE PROFESSIONAL,1,152,147,5,3,6
2022/2023,2022,FORMACIÓ PROFESSIONAL,CFPS - CARACTERITZACIÓ I MAQUILLATGE PROFESSIONAL,2,166,150,16,3,6
2022/2023,2022,FORMACIÓ PROFESSIONAL,CFPS - COMERÇ INTERNACIONAL,1,1101,454,647,31,38
2022/2023,2022,FORMACIÓ PROFESSIONAL,CFPS - COMERÇ INTERNACIONAL,2,1201,517,684,36,38
2022/2023,2022,FORMACIÓ PROFESSIONAL,CFPS - COMERÇ INTERNACIONAL,NA,356,199,157,0,1
2022/2023,2022,FORMACIÓ PROFESSIONAL,CFPS - CONDICIONAMENT FÍSIC,1,639,152,487,17,28
2022/2023,2022,FORMACIÓ PROFESSIONAL,CFPS - CONDICIONAMENT FÍSIC,2,826,143,683,16,32
2022/2023,2022,FORMACIÓ PROFESSIONAL,CFPS - CONSTRUCCIONS METÀL·LIQUES,1,74,2,72,3,3
2022/2023,2022,FORMACIÓ PROFESSIONAL,CFPS - CONSTRUCCIONS METÀL·LIQUES,2,67,4,63,3,3
2022/2023,2022,FORMACIÓ PROFESSIONAL,CFPS - COORDINACIÓ D'EMERGÈNCIES I PROTECCIÓ CIVIL,1,13,2,11,0,1
2022/2023,2022,FORMACIÓ PROFESSIONAL,CFPS - DESENV. D'APLICACIONS MULTIPLATAFORMA (INFORMÀTICA APLICADA A LA LOGÍSTICA),1,19,2,17,1,1
2022/2023,2022,FORMACIÓ PROFESSIONAL,CFPS - DESENV. D'APLICACIONS MULTIPLATAFORMA (INFORMÀTICA APLICADA A LA LOGÍSTICA),2,35,2,33,2,2
2022/2023,2022,FORMACIÓ PROFESSIONAL,CFPS - DESENV. D'APLICACIONS MULTIPLATAFORMA (VIDEOJOCS I OCI DIGITAL),1,284,28,256,6,10
2022/2023,2022,FORMACIÓ PROFESSIONAL,CFPS - DESENV. D'APLICACIONS MULTIPLATAFORMA (VIDEOJOCS I OCI DIGITAL),2,236,17,219,6,10
2022/2023,2022,FORMACIÓ PROFESSIONAL,CFPS - DESENVOLUPAMENT D'APLICACIONS MULTIPLATAFORMA,1,1637,267,1370,42,47
2022/2023,2022,FORMACIÓ PROFESSIONAL,CFPS - DESENVOLUPAMENT D'APLICACIONS MULTIPLATAFORMA,2,3898,607,3291,54,49
2022/2023,2022,FORMACIÓ PROFESSIONAL,CFPS - DESENVOLUPAMENT D'APLICACIONS MULTIPLATAFORMA,NA,764,154,610,0,1
2022/2023,2022,FORMACIÓ PROFESSIONAL,CFPS - DESENVOLUPAMENT D'APLICACIONS WEB,1,1430,190,1240,36,41
2022/2023,2022,FORMACIÓ PROFESSIONAL,CFPS - DESENVOLUPAMENT D'APLICACIONS WEB,2,3832,781,3051,46,48
2022/2023,2022,FORMACIÓ PROFESSIONAL,CFPS - DESENVOLUPAMENT D'APLICACIONS WEB,NA,623,168,455,0,1
2022/2023,2022,FORMACIÓ PROFESSIONAL,CFPS - DESENVOLUPAMENT D'APLICACIONS WEB (BIOINFORMÀTICA),1,79,10,69,3,4
2022/2023,2022,FORMACIÓ PROFESSIONAL,CFPS - DESENVOLUPAMENT D'APLICACIONS WEB (BIOINFORMÀTICA),2,83,17,66,3,4
2022/2023,2022,FORMACIÓ PROFESSIONAL,CFPS - DESENVOLUPAMENT DE PROJECTES D'INSTAL·LACIONS TÈRMIQUES I DE FLUIDS,1,25,3,22,1,1
2022/2023,2022,FORMACIÓ PROFESSIONAL,CFPS - DESENVOLUPAMENT DE PROJECTES D'INSTAL·LACIONS TÈRMIQUES I DE FLUIDS,2,17,1,16,2,2
2022/2023,2022,FORMACIÓ PROFESSIONAL,CFPS - DIETÈTICA,1,686,457,229,15,26
2022/2023,2022,FORMACIÓ PROFESSIONAL,CFPS - DIETÈTICA,2,3445,2453,992,12,21
2022/2023,2022,FORMACIÓ PROFESSIONAL,CFPS - DIRECCIÓ DE CUINA,1,378,119,259,24,18
2022/2023,2022,FORMACIÓ PROFESSIONAL,CFPS - DIRECCIÓ DE CUINA,2,482,153,329,25,19
2022/2023,2022,FORMACIÓ PROFESSIONAL,CFPS - DIRECCIÓ DE SERVEIS EN RESTAURACIÓ,1,104,46,58,9,8
2022/2023,2022,FORMACIÓ PROFESSIONAL,CFPS - DIRECCIÓ DE SERVEIS EN RESTAURACIÓ,2,187,66,121,10,9
2022/2023,2022,FORMACIÓ PROFESSIONAL,CFPS - DISSENY EN FABRICACIÓ MECÀNICA,1,171,13,158,16,9
2022/2023,2022,FORMACIÓ PROFESSIONAL,CFPS - DISSENY EN FABRICACIÓ MECÀNICA,2,253,21,232,28,13
2022/2023,2022,FORMACIÓ PROFESSIONAL,CFPS - DISSENY EN FABRICACIÓ MECÀNICA (DESENVOLUPAMENT VIRTUAL DE L'AUTOMÒBIL),1,22,6,16,6,2
2022/2023,2022,FORMACIÓ PROFESSIONAL,CFPS - DISSENY EN FABRICACIÓ MECÀNICA (DESENVOLUPAMENT VIRTUAL DE L'AUTOMÒBIL),2,12,0,12,1,1
2022/2023,2022,FORMACIÓ PROFESSIONAL,CFPS - DISSENY I EDICIÓ DE PUBL.IMPRESES I MULTIMÈDIA,1,147,79,68,10,6
2022/2023,2022,FORMACIÓ PROFESSIONAL,CFPS - DISSENY I EDICIÓ DE PUBL.IMPRESES I MULTIMÈDIA,2,189,103,86,12,7
2022/2023,2022,FORMACIÓ PROFESSIONAL,CFPS - DISSENY I GESTIÓ DE LA PRODUCCIÓ GRÀFIC,1,77,38,39,3,3
2022/2023,2022,FORMACIÓ PROFESSIONAL,CFPS - DISSENY I GESTIÓ DE LA PRODUCCIÓ GRÀFIC,2,28,10,18,1,1
2022/2023,2022,FORMACIÓ PROFESSIONAL,CFPS - DISSENY I MOBLAMENT,1,84,18,66,5,5
2022/2023,2022,FORMACIÓ PROFESSIONAL,CFPS - DISSENY I MOBLAMENT,2,63,13,50,4,4
2022/2023,2022,FORMACIÓ PROFESSIONAL,CFPS - DISSENY I MOBLAMENT (CONSTRUCCIONS EFÍMERES I DECORACIÓ),1,17,6,11,1,1
2022/2023,2022,FORMACIÓ PROFESSIONAL,CFPS - DISSENY I MOBLAMENT (CONSTRUCCIONS EFÍMERES I DECORACIÓ),2,20,7,13,1,1
2022/2023,2022,FORMACIÓ PROFESSIONAL,CFPS - DISSENY TÈCNIC EN TÈXTIL i PELL,1,14,12,2,1,1
2022/2023,2022,FORMACIÓ PROFESSIONAL,CFPS - DISSENY TÈCNIC EN TÈXTIL i PELL,2,16,11,5,1,1
2022/2023,2022,FORMACIÓ PROFESSIONAL,CFPS - DOCUMENTACIÓ I ADMINISTRACIÓ SANITÀRIA,1,915,764,151,19,26
2022/2023,2022,FORMACIÓ PROFESSIONAL,CFPS - DOCUMENTACIÓ I ADMINISTRACIÓ SANITÀRIA,2,4019,3330,689,16,23
2022/2023,2022,FORMACIÓ PROFESSIONAL,CFPS - DOCUMENTACIÓ I ADMINISTRACIÓ SANITÀRIES,NA,347,310,37,0,1
2022/2023,2022,FORMACIÓ PROFESSIONAL,CFPS - DOCUMENTACIÓ I ADMINISTRACIÓ SANITÀRIES (GESTIÓ DE DADES),1,31,22,9,1,1
2022/2023,2022,FORMACIÓ PROFESSIONAL,CFPS - DOCUMENTACIÓ I ADMINISTRACIÓ SANITÀRIES (GESTIÓ DE DADES),2,25,19,6,1,1
2022/2023,2022,FORMACIÓ PROFESSIONAL,CFPS - EDUCACIÓ I CONTROL AMBIENTAL,1,89,32,57,15,7
2022/2023,2022,FORMACIÓ PROFESSIONAL,CFPS - EDUCACIÓ I CONTROL AMBIENTAL,2,141,58,83,16,8
2022/2023,2022,FORMACIÓ PROFESSIONAL,CFPS - EDUCACIÓ INFANTIL,1,3101,2793,308,90,82
2022/2023,2022,FORMACIÓ PROFESSIONAL,CFPS - EDUCACIÓ INFANTIL,2,4670,4247,423,93,82
2022/2023,2022,FORMACIÓ PROFESSIONAL,CFPS - EDUCACIÓ INFANTIL,NA,1155,1096,59,0,1
2022/2023,2022,FORMACIÓ PROFESSIONAL,CFPS - EFICIÈNCIA ENERGÈTICA I ENERGIA SOLAR I TÈRMICA,1,61,1,60,7,3
2022/2023,2022,FORMACIÓ PROFESSIONAL,CFPS - EFICIÈNCIA ENERGÈTICA I ENERGIA SOLAR I TÈRMICA,2,31,3,28,6,2
2022/2023,2022,FORMACIÓ PROFESSIONAL,CFPS - ELECTROMEDICINA CLÍNICA,1,62,5,57,2,2
2022/2023,2022,FORMACIÓ PROFESSIONAL,CFPS - ELECTROMEDICINA CLÍNICA,2,50,7,43,2,2
2022/2023,2022,FORMACIÓ PROFESSIONAL,CFPS - ENERGIES RENOVABLES,1,186,20,166,8,8
2022/2023,2022,FORMACIÓ PROFESSIONAL,CFPS - ENERGIES RENOVABLES,2,138,15,123,7,7
2022/2023,2022,FORMACIÓ PROFESSIONAL,CFPS - ENSENYAMENT I ANIMACIÓ SOCIOESPORTIVA,1,1011,216,795,46,52
2022/2023,2022,FORMACIÓ PROFESSIONAL,CFPS - ENSENYAMENT I ANIMACIÓ SOCIOESPORTIVA,2,1841,333,1508,46,59
2022/2023,2022,FORMACIÓ PROFESSIONAL,CFPS - ESTILISME I DIRECCIÓ DE PERRUQUERIA,1,116,98,18,7,10
2022/2023,2022,FORMACIÓ PROFESSIONAL,CFPS - ESTILISME I DIRECCIÓ DE PERRUQUERIA,2,131,111,20,8,10
2022/2023,2022,FORMACIÓ PROFESSIONAL,CFPS - ESTÈTICA INTEGRAL I BENESTAR,1,273,266,7,10,11
2022/2023,2022,FORMACIÓ PROFESSIONAL,CFPS - ESTÈTICA INTEGRAL I BENESTAR,2,272,268,4,10,11
2022/2023,2022,FORMACIÓ PROFESSIONAL,"CFPS - FABRICACIÓ DE PRODUCTES FARMACÈUTICS, BIOTECNOLÒGICS I AFINS",1,313,177,136,10,10
2022/2023,2022,FORMACIÓ PROFESSIONAL,"CFPS - FABRICACIÓ DE PRODUCTES FARMACÈUTICS, BIOTECNOLÒGICS I AFINS",2,326,193,133,10,9
2022/2023,2022,FORMACIÓ PROFESSIONAL,CFPS - GESTIÓ D'ALLOTJAMENTS TURÍSTICS,1,248,146,102,16,17
2022/2023,2022,FORMACIÓ PROFESSIONAL,CFPS - GESTIÓ D'ALLOTJAMENTS TURÍSTICS,2,517,329,188,21,18
2022/2023,2022,FORMACIÓ PROFESSIONAL,CFPS - GESTIÓ DE L'AIGUA,1,31,5,26,2,2
2022/2023,2022,FORMACIÓ PROFESSIONAL,CFPS - GESTIÓ DE L'AIGUA,2,39,4,35,2,2
2022/2023,2022,FORMACIÓ PROFESSIONAL,CFPS - GESTIÓ DE VENDES I ESPAIS COMERCIALS,1,349,125,224,19,17
2022/2023,2022,FORMACIÓ PROFESSIONAL,CFPS - GESTIÓ DE VENDES I ESPAIS COMERCIALS,2,348,140,208,20,18
2022/2023,2022,FORMACIÓ PROFESSIONAL,CFPS - GESTIÓ DE VENDES I ESPAIS COMERCIALS,NA,206,123,83,0,1
2022/2023,2022,FORMACIÓ PROFESSIONAL,CFPS - GESTIÓ FORESTAL I DEL MEDI NATURAL,1,203,29,174,8,7
2022/2023,2022,FORMACIÓ PROFESSIONAL,CFPS - GESTIÓ FORESTAL I DEL MEDI NATURAL,2,216,41,175,8,7
2022/2023,2022,FORMACIÓ PROFESSIONAL,"CFPS - GUIA, INFORMACIÓ I ASSISTÈNCIA TURÍSTIQUES",1,109,73,36,16,10
2022/2023,2022,FORMACIÓ PROFESSIONAL,"CFPS - GUIA, INFORMACIÓ I ASSISTÈNCIA TURÍSTIQUES",2,216,138,78,13,12
2022/2023,2022,FORMACIÓ PROFESSIONAL,CFPS - HIGIENE BUCODENTAL,1,1690,1442,248,29,33
2022/2023,2022,FORMACIÓ PROFESSIONAL,CFPS - HIGIENE BUCODENTAL,2,5956,5242,714,24,30
2022/2023,2022,FORMACIÓ PROFESSIONAL,"CFPS - IL·LUMINACIÓ, CAPTACIÓ i TRACTAMENT D'IMATGE",1,196,91,105,6,7
2022/2023,2022,FORMACIÓ PROFESSIONAL,"CFPS - IL·LUMINACIÓ, CAPTACIÓ i TRACTAMENT D'IMATGE",2,262,103,159,6,7
2022/2023,2022,FORMACIÓ PROFESSIONAL,CFPS - IMATGE PER AL DIAGNÒSTIC I MEDICINA NUCLEAR,1,847,554,293,8,17
2022/2023,2022,FORMACIÓ PROFESSIONAL,CFPS - IMATGE PER AL DIAGNÒSTIC I MEDICINA NUCLEAR,2,10351,7913,2438,9,17
2022/2023,2022,FORMACIÓ PROFESSIONAL,CFPS - INTEGRACIÓ SOCIAL,1,2724,2137,587,80,64
2022/2023,2022,FORMACIÓ PROFESSIONAL,CFPS - INTEGRACIÓ SOCIAL,2,5082,4046,1036,73,59
2022/2023,2022,FORMACIÓ PROFESSIONAL,CFPS - INTEGRACIÓ SOCIAL,NA,1816,1482,334,0,1
2022/2023,2022,FORMACIÓ PROFESSIONAL,CFPS - LABORATORI CLÍNIC I BIOMÈDIC,1,1073,765,308,24,26
2022/2023,2022,FORMACIÓ PROFESSIONAL,CFPS - LABORATORI CLÍNIC I BIOMÈDIC,2,980,734,246,24,25
2022/2023,2022,FORMACIÓ PROFESSIONAL,CFPS - LABORATORI CLÍNIC I BIOMÈDIC (RECERCA),1,31,24,7,1,1
2022/2023,2022,FORMACIÓ PROFESSIONAL,CFPS - LABORATORI CLÍNIC I BIOMÈDIC (RECERCA),2,31,20,11,1,1
2022/2023,2022,FORMACIÓ PROFESSIONAL,CFPS - LABORATORI D'ANÀLISI I CONTROL DE QUALITAT,1,565,339,226,19,17
2022/2023,2022,FORMACIÓ PROFESSIONAL,CFPS - LABORATORI D'ANÀLISI I CONTROL DE QUALITAT,2,533,288,245,19,17
2022/2023,2022,FORMACIÓ PROFESSIONAL,CFPS - MANTENIMENT AEROMECÀNIC D'AVIONS AMB MOTOR DE PISTÓ,2,9,0,9,1,1
2022/2023,2022,FORMACIÓ PROFESSIONAL,CFPS - MANTENIMENT AEROMECÀNIC D'AVIONS AMB MOTOR DE TURBINA,1,21,1,20,1,1
2022/2023,2022,FORMACIÓ PROFESSIONAL,CFPS - MANTENIMENT AEROMECÀNIC D'AVIONS AMB MOTOR DE TURBINA,2,24,0,24,1,1
2022/2023,2022,FORMACIÓ PROFESSIONAL,CFPS - MANTENIMENT AEROMECÀNIC D'HELICÒPTERS AMB MOTOR DE PISTÓ,2,4,0,4,1,1
2022/2023,2022,FORMACIÓ PROFESSIONAL,CFPS - MANTENIMENT AEROMECÀNIC D'HELICÒPTERS AMB MOTOR DE TURBINA,2,8,0,8,1,1
2022/2023,2022,FORMACIÓ PROFESSIONAL,CFPS - MANTENIMENT D'INSTAL·LACIONS TÈRMIQUES I DE FLUIDS,1,119,4,115,7,7
2022/2023,2022,FORMACIÓ PROFESSIONAL,CFPS - MANTENIMENT D'INSTAL·LACIONS TÈRMIQUES I DE FLUIDS,2,146,1,145,8,8
2022/2023,2022,FORMACIÓ PROFESSIONAL,CFPS - MANTENIMENT DE SISTEMES ELECTRÒNICS I AVIÒNICS EN AERONAUS,2,46,1,45,1,1
2022/2023,2022,FORMACIÓ PROFESSIONAL,CFPS - MANTENIMENT ELECTRÒNIC,1,100,7,93,14,6
2022/2023,2022,FORMACIÓ PROFESSIONAL,CFPS - MANTENIMENT ELECTRÒNIC,2,84,7,77,14,6
2022/2023,2022,FORMACIÓ PROFESSIONAL,CFPS - MECATRÒNICA INDUSTRIAL,1,707,30,677,26,29
2022/2023,2022,FORMACIÓ PROFESSIONAL,CFPS - MECATRÒNICA INDUSTRIAL,2,727,20,707,27,28
2022/2023,2022,FORMACIÓ PROFESSIONAL,CFPS - MEDIACIÓ COMUNICATIVA,1,58,46,12,7,3
2022/2023,2022,FORMACIÓ PROFESSIONAL,CFPS - MEDIACIÓ COMUNICATIVA,2,72,64,8,7,3
2022/2023,2022,FORMACIÓ PROFESSIONAL,CFPS - MÀRQUETING I PUBLICITAT,1,1904,983,921,41,48
2022/2023,2022,FORMACIÓ PROFESSIONAL,CFPS - MÀRQUETING I PUBLICITAT,2,2811,1577,1234,37,46
2022/2023,2022,FORMACIÓ PROFESSIONAL,CFPS - MÀRQUETING I PUBLICITAT,NA,225,171,54,0,1
2022/2023,2022,FORMACIÓ PROFESSIONAL,CFPS - MÀRQUETING I PUBLICITAT (ENOLÒGIC),1,14,5,9,2,2
2022/2023,2022,FORMACIÓ PROFESSIONAL,CFPS - MÀRQUETING I PUBLICITAT (ENOLÒGIC),2,28,12,16,3,3
2022/2023,2022,FORMACIÓ PROFESSIONAL,CFPS - MÀRQUETING I PUBLICITAT (PROMOCIÓ TURÍSTICA),1,19,12,7,1,1
2022/2023,2022,FORMACIÓ PROFESSIONAL,CFPS - MÀRQUETING I PUBLICITAT (PROMOCIÓ TURÍSTICA),2,19,16,3,1,1
2022/2023,2022,FORMACIÓ PROFESSIONAL,CFPS - ORGANITZACIÓ DEL MANTENIMENT DE LA MAQUINÀRIA DE VAIXELLS I EMBARCACIONS,1,29,0,29,1,1
2022/2023,2022,FORMACIÓ PROFESSIONAL,CFPS - ORGANITZACIÓ DEL MANTENIMENT DE LA MAQUINÀRIA DE VAIXELLS I EMBARCACIONS,2,31,0,31,1,1
2022/2023,2022,FORMACIÓ PROFESSIONAL,CFPS - ORGANITZACIÓ I CONTROL D'OBRES DE CONSTRUCCIÓ,1,26,6,20,6,2
2022/2023,2022,FORMACIÓ PROFESSIONAL,CFPS - ORGANITZACIÓ I CONTROL D'OBRES DE CONSTRUCCIÓ,2,21,6,15,6,2
2022/2023,2022,FORMACIÓ PROFESSIONAL,CFPS - ORTOPRÒTESI I PRODUCTES DE SUPORT,1,6,5,1,0,1
2022/2023,2022,FORMACIÓ PROFESSIONAL,CFPS - ORTOPRÒTESI I PRODUCTES DE SUPORT,2,8,5,3,0,1
2022/2023,2022,FORMACIÓ PROFESSIONAL,CFPS - PAISATGISME I MEDI RURAL,1,115,26,89,6,7
2022/2023,2022,FORMACIÓ PROFESSIONAL,CFPS - PAISATGISME I MEDI RURAL,2,132,34,98,6,7
2022/2023,2022,FORMACIÓ PROFESSIONAL,CFPS - PAISATGISME I MEDI RURAL (AGROECOLOGIA I ACCIÓ CLIMÀTICA),1,22,10,12,1,1
2022/2023,2022,FORMACIÓ PROFESSIONAL,CFPS - PAISATGISME I MEDI RURAL (GESTIÓ AGROPECUÀRIA),1,32,2,30,3,3
2022/2023,2022,FORMACIÓ PROFESSIONAL,CFPS - PAISATGISME I MEDI RURAL (GESTIÓ AGROPECUÀRIA),2,38,8,30,3,3
2022/2023,2022,FORMACIÓ PROFESSIONAL,CFPS - PATRONATGE I MODA,1,161,128,33,5,6
2022/2023,2022,FORMACIÓ PROFESSIONAL,CFPS - PATRONATGE I MODA,2,157,128,29,5,6
2022/2023,2022,FORMACIÓ PROFESSIONAL,CFPS - PREVENCIÓ DE RISCOS PROFESSIONALS,1,69,28,41,12,4
2022/2023,2022,FORMACIÓ PROFESSIONAL,CFPS - PREVENCIÓ DE RISCOS PROFESSIONALS,2,76,37,39,12,4
2022/2023,2022,FORMACIÓ PROFESSIONAL,CFPS - PREVENCIÓ DE RISCOS PROFESSIONALS,NA,622,293,329,0,1
2022/2023,2022,FORMACIÓ PROFESSIONAL,CFPS - PROCESSOS I QUALITAT EN LA INDÚSRIA ALIMENTÀRIA,1,96,57,39,7,7
2022/2023,2022,FORMACIÓ PROFESSIONAL,CFPS - PROCESSOS I QUALITAT EN LA INDÚSRIA ALIMENTÀRIA,2,94,52,42,5,6
2022/2023,2022,FORMACIÓ PROFESSIONAL,CFPS - PRODUCCIÓ D'AUDIOVISUALS I ESPECTACLES,1,270,136,134,6,8
2022/2023,2022,FORMACIÓ PROFESSIONAL,CFPS - PRODUCCIÓ D'AUDIOVISUALS I ESPECTACLES,2,338,157,181,6,8
2022/2023,2022,FORMACIÓ PROFESSIONAL,CFPS - PROGRAMACIÓ DE LA PRODUCCIÓ EN L'EMMOTLLAMENT DE METALLS I POLÍMERS,1,12,2,10,5,1
2022/2023,2022,FORMACIÓ PROFESSIONAL,CFPS - PROGRAMACIÓ DE LA PRODUCCIÓ EN L'EMMOTLLAMENT DE METALLS I POLÍMERS,2,21,1,20,5,1
2022/2023,2022,FORMACIÓ PROFESSIONAL,CFPS - PROGRAMACIÓ DE PRODUCCIÓ EN FABRICACIÓ MECANICA (MOTLLES I MATRIUS),1,30,3,27,2,2
2022/2023,2022,FORMACIÓ PROFESSIONAL,CFPS - PROGRAMACIÓ DE PRODUCCIÓ EN FABRICACIÓ MECANICA (MOTLLES I MATRIUS),2,37,1,36,2,2
2022/2023,2022,FORMACIÓ PROFESSIONAL,CFPS - PROGRAMACIÓ DE PRODUCCIÓ EN FABRICACIÓ MECÀNICA,1,304,9,295,19,18
2022/2023,2022,FORMACIÓ PROFESSIONAL,CFPS - PROGRAMACIÓ DE PRODUCCIÓ EN FABRICACIÓ MECÀNICA,2,318,26,292,25,20
2022/2023,2022,FORMACIÓ PROFESSIONAL,CFPS - PROJECTES D'EDIFICACIÓ,1,144,49,95,13,6
2022/2023,2022,FORMACIÓ PROFESSIONAL,CFPS - PROJECTES D'EDIFICACIÓ,2,100,37,63,13,6
2022/2023,2022,FORMACIÓ PROFESSIONAL,CFPS - PROJECTES D'EDIFICACIÓ (REHABILITACIÓ I RESTAURACIÓ),1,68,17,51,3,3
2022/2023,2022,FORMACIÓ PROFESSIONAL,CFPS - PROJECTES D'EDIFICACIÓ (REHABILITACIÓ I RESTAURACIÓ),2,77,38,39,4,4
2022/2023,2022,FORMACIÓ PROFESSIONAL,CFPS - PROJECTES D'OBRA CIVIL,1,44,12,32,2,2
2022/2023,2022,FORMACIÓ PROFESSIONAL,CFPS - PROJECTES D'OBRA CIVIL,2,27,5,22,2,2
2022/2023,2022,FORMACIÓ PROFESSIONAL,CFPS - PROMOCIÓ DE LA IGUALTAT DE GÈNERE,1,81,72,9,6,7
2022/2023,2022,FORMACIÓ PROFESSIONAL,CFPS - PROMOCIÓ DE LA IGUALTAT DE GÈNERE,2,97,87,10,3,4
2022/2023,2022,FORMACIÓ PROFESSIONAL,CFPS - PRÒTESIS DENTALS,1,229,170,59,3,7
2022/2023,2022,FORMACIÓ PROFESSIONAL,CFPS - PRÒTESIS DENTALS,2,272,183,89,3,7
2022/2023,2022,FORMACIÓ PROFESSIONAL,CFPS - QUÍMICA I SALUT AMBIENTAL,1,98,45,53,6,6
2022/2023,2022,FORMACIÓ PROFESSIONAL,CFPS - QUÍMICA I SALUT AMBIENTAL,2,120,59,61,6,6
2022/2023,2022,FORMACIÓ PROFESSIONAL,CFPS - QUÍMICA INDUSTRIAL,1,264,72,192,10,7
2022/2023,2022,FORMACIÓ PROFESSIONAL,CFPS - QUÍMICA INDUSTRIAL,2,259,80,179,10,6
2022/2023,2022,FORMACIÓ PROFESSIONAL,CFPS - RADIOTERÀPIA I DOSIMETRIA,1,53,39,14,1,2
2022/2023,2022,FORMACIÓ PROFESSIONAL,CFPS - RADIOTERÀPIA I DOSIMETRIA,2,69,52,17,1,2
2022/2023,2022,FORMACIÓ PROFESSIONAL,CFPS - RAMADERIA I ASSISTÈNCIA EN SANITAT ANIMAL,1,225,148,77,4,5
2022/2023,2022,FORMACIÓ PROFESSIONAL,CFPS - RAMADERIA I ASSISTÈNCIA EN SANITAT ANIMAL,2,185,120,65,5,4
2022/2023,2022,FORMACIÓ PROFESSIONAL,CFPS - REALITZACIÓ DE PROJECTES AUDIOVISUALS I ESPECTACLES,1,332,139,193,7,10
2022/2023,2022,FORMACIÓ PROFESSIONAL,CFPS - REALITZACIÓ DE PROJECTES AUDIOVISUALS I ESPECTACLES,2,667,295,372,7,11
2022/2023,2022,FORMACIÓ PROFESSIONAL,CFPS - SALUT AMBIENTAL,2,3,2,1,1,1
2022/2023,2022,FORMACIÓ PROFESSIONAL,CFPS - SISTEMES DE TELECOMUNICACIONS I INFORMÀTICS,1,183,14,169,17,10
2022/2023,2022,FORMACIÓ PROFESSIONAL,CFPS - SISTEMES DE TELECOMUNICACIONS I INFORMÀTICS,2,168,11,157,17,10
2022/2023,2022,FORMACIÓ PROFESSIONAL,CFPS - SISTEMES ELECTROTÈCNICS I AUTOMATITZATS,1,324,11,313,29,17
2022/2023,2022,FORMACIÓ PROFESSIONAL,CFPS - SISTEMES ELECTROTÈCNICS I AUTOMATITZATS,2,315,6,309,29,17
2022/2023,2022,FORMACIÓ PROFESSIONAL,CFPS - SISTEMES ELECTROTÈCNICS I AUTOMATITZATS (INSTAL. ELÈCTRIQUES I COMUNICACIÓ DE VAIXELLS),1,19,1,18,1,1
2022/2023,2022,FORMACIÓ PROFESSIONAL,CFPS - SISTEMES ELECTROTÈCNICS I AUTOMATITZATS (INSTAL. ELÈCTRIQUES I COMUNICACIÓ DE VAIXELLS),2,33,2,31,1,1
2022/2023,2022,FORMACIÓ PROFESSIONAL,CFPS - SO PER AUDIOVISUALS I ESPECTACLES,1,230,38,192,6,6
2022/2023,2022,FORMACIÓ PROFESSIONAL,CFPS - SO PER AUDIOVISUALS I ESPECTACLES,2,268,44,224,6,6
2022/2023,2022,FORMACIÓ PROFESSIONAL,CFPS - TERMALISME I BENESTAR,1,32,30,2,2,3
2022/2023,2022,FORMACIÓ PROFESSIONAL,CFPS - TERMALISME I BENESTAR,2,23,20,3,1,2
2022/2023,2022,FORMACIÓ PROFESSIONAL,CFPS - TRANSPORT I LOGÍSTICA,1,527,148,379,19,18
2022/2023,2022,FORMACIÓ PROFESSIONAL,CFPS - TRANSPORT I LOGÍSTICA,2,1393,488,905,26,22
2022/2023,2022,FORMACIÓ PROFESSIONAL,CFPS - TRANSPORT I LOGÍSTICA,NA,195,79,116,0,1
2022/2023,2022,FORMACIÓ PROFESSIONAL,CFPS - TRANSPORT MARÍTIM I PESCA D'ALTURA,1,63,5,58,2,1
2022/2023,2022,FORMACIÓ PROFESSIONAL,CFPS - TRANSPORT MARÍTIM I PESCA D'ALTURA,2,43,6,37,2,1
2022/2023,2022,FORMACIÓ PROFESSIONAL,CFPS - VESTUARI A MIDA PER ESPECTACLES,1,58,49,9,1,2
2022/2023,2022,FORMACIÓ PROFESSIONAL,CFPS - VESTUARI A MIDA PER ESPECTACLES,2,78,64,14,2,3
2022/2023,2022,FORMACIÓ PROFESSIONAL,CFPS - VITIVINICULTURA,1,42,12,30,3,3
2022/2023,2022,FORMACIÓ PROFESSIONAL,CFPS - VITIVINICULTURA,2,48,7,41,7,3
2022/2023,2022,FORMACIÓ PROFESSIONAL,CFPS - ÒPTICA D'ULLERA,1,25,18,7,1,1
2022/2023,2022,FORMACIÓ PROFESSIONAL,CFPS - ÒPTICA D'ULLERA,2,22,15,7,1,1
2022/2023,2022,ITINERARIS FORMATIUS ESPECÍFICS,AUXILIAR EN MANTENIMENT D'INSTAL·LACIONS ESPORTIVES,1,121,23,98,0,15
2022/2023,2022,ITINERARIS FORMATIUS ESPECÍFICS,AUXILIAR EN MANTENIMENT D'INSTAL·LACIONS ESPORTIVES,2,96,27,69,0,14
2022/2023,2022,ITINERARIS FORMATIUS ESPECÍFICS,AUXILIAR EN MANTENIMENT D'INSTAL·LACIONS ESPORTIVES,3,72,11,61,0,11
2022/2023,2022,ITINERARIS FORMATIUS ESPECÍFICS,AUXILIAR EN MANTENIMENT D'INSTAL·LACIONS ESPORTIVES,4,27,5,22,0,5
2022/2023,2022,ITINERARIS FORMATIUS ESPECÍFICS,IFE - AUXILIAR EN CURA D'ANIMALS I ESPAIS VERDS,1,126,44,82,0,13
2022/2023,2022,ITINERARIS FORMATIUS ESPECÍFICS,IFE - AUXILIAR EN CURA D'ANIMALS I ESPAIS VERDS,2,60,17,43,0,7
2022/2023,2022,ITINERARIS FORMATIUS ESPECÍFICS,IFE - AUXILIAR EN CURA D'ANIMALS I ESPAIS VERDS,3,44,10,34,0,7
2022/2023,2022,ITINERARIS FORMATIUS ESPECÍFICS,IFE - AUXILIAR EN CURA D'ANIMALS I ESPAIS VERDS,4,46,15,31,0,7
2022/2023,2022,ITINERARIS FORMATIUS ESPECÍFICS,IFE - AUXILIAR EN SERVEIS DE RESTAURACIÓ I ELABORACIÓ D'ÀPATS,1,52,21,31,0,5
2022/2023,2022,ITINERARIS FORMATIUS ESPECÍFICS,IFE - AUXILIAR EN SERVEIS DE RESTAURACIÓ I ELABORACIÓ D'ÀPATS,2,28,11,17,0,3
2022/2023,2022,ITINERARIS FORMATIUS ESPECÍFICS,IFE - AUXILIAR EN VENDES I ATENCIÓ AL PÚBLIC,1,195,88,107,0,20
2022/2023,2022,ITINERARIS FORMATIUS ESPECÍFICS,IFE - AUXILIAR EN VENDES I ATENCIÓ AL PÚBLIC,2,170,68,102,0,18
2022/2023,2022,ITINERARIS FORMATIUS ESPECÍFICS,IFE - AUXILIAR EN VENDES I ATENCIÓ AL PÚBLIC,3,134,61,73,0,16
2022/2023,2022,ITINERARIS FORMATIUS ESPECÍFICS,IFE - AUXILIAR EN VENDES I ATENCIÓ AL PÚBLIC,4,130,52,78,0,15
2022/2023,2022,MÚSICA,ACORDIÓ,1,1,0,1,0,1
2022/2023,2022,MÚSICA,ACORDIÓ,2,3,1,2,0,3
2022/2023,2022,MÚSICA,ACORDIÓ,3,4,4,0,0,4
2022/2023,2022,MÚSICA,ACORDIÓ,4,4,1,3,0,4
2022/2023,2022,MÚSICA,ACORDIÓ,5,11,6,5,0,4
2022/2023,2022,MÚSICA,ACORDIÓ,6,6,4,2,0,4
2022/2023,2022,MÚSICA,ACORDIÓ (MÚSICA TRADICIONAL),2,1,0,1,0,1
2022/2023,2022,MÚSICA,ACORDIÓ DIATÓNIC (INTERPRETACIÓ: MÚSICA TRADICIONAL I FLAMENC),1,1,0,1,0,1
2022/2023,2022,MÚSICA,ACORDIÓ DIÀTONIC (INTERPRETACIÓ: JAZZ I MÚSICA MODERNA),3,1,1,0,0,1
2022/2023,2022,MÚSICA,ACORDIÓ DIÀTONIC (INTERPRETACIÓ: JAZZ I MÚSICA MODERNA),4,1,0,1,0,1
2022/2023,2022,MÚSICA,ARPA,1,7,6,1,0,4
2022/2023,2022,MÚSICA,ARPA,2,1,1,0,0,1
2022/2023,2022,MÚSICA,ARPA,3,4,2,2,0,3
2022/2023,2022,MÚSICA,ARPA,4,2,1,1,0,2
2022/2023,2022,MÚSICA,ARPA,5,3,2,1,0,2
2022/2023,2022,MÚSICA,ARPA,6,5,2,3,0,4
2022/2023,2022,MÚSICA,ARPA (INTERPRETACIÓ: CLÀSSICA I CONTEMPORÀNIA),3,1,1,0,0,1
2022/2023,2022,MÚSICA,ARPA (INTERPRETACIÓ: CLÀSSICA I CONTEMPORÀNIA),4,2,1,1,0,2
2022/2023,2022,MÚSICA,BAIX ELÈCTRIC,2,1,0,1,0,1
2022/2023,2022,MÚSICA,BAIX ELÈCTRIC,4,1,0,1,0,1
2022/2023,2022,MÚSICA,BAIX ELÈCTRIC,5,2,1,1,0,1
2022/2023,2022,MÚSICA,BAIX ELÈCTRIC,6,8,1,7,0,2
2022/2023,2022,MÚSICA,BAIX ELÈCTRIC (INTERPRETACIÓ: JAZZ I MÚSICA MODERNA),1,12,1,11,0,4
2022/2023,2022,MÚSICA,BAIX ELÈCTRIC (INTERPRETACIÓ: JAZZ I MÚSICA MODERNA),2,4,0,4,0,3
2022/2023,2022,MÚSICA,BAIX ELÈCTRIC (INTERPRETACIÓ: JAZZ I MÚSICA MODERNA),3,14,0,14,0,4
2022/2023,2022,MÚSICA,BAIX ELÈCTRIC (INTERPRETACIÓ: JAZZ I MÚSICA MODERNA),4,12,1,11,0,3
2022/2023,2022,MÚSICA,BATERIA (INTERPRETACIÓ: JAZZ I MÚSICA MODERNA),1,16,1,15,0,4
2022/2023,2022,MÚSICA,BATERIA (INTERPRETACIÓ: JAZZ I MÚSICA MODERNA),2,25,0,25,0,4
2022/2023,2022,MÚSICA,BATERIA (INTERPRETACIÓ: JAZZ I MÚSICA MODERNA),3,19,2,17,0,4
2022/2023,2022,MÚSICA,BATERIA (INTERPRETACIÓ: JAZZ I MÚSICA MODERNA),4,25,2,23,0,4
2022/2023,2022,MÚSICA,CANT,1,12,11,1,0,4
2022/2023,2022,MÚSICA,CANT,2,15,13,2,0,8
2022/2023,2022,MÚSICA,CANT,3,14,11,3,0,9
2022/2023,2022,MÚSICA,CANT,4,22,18,4,0,10
2022/2023,2022,MÚSICA,CANT,5,28,22,6,0,11
2022/2023,2022,MÚSICA,CANT,6,32,27,5,0,15
2022/2023,2022,MÚSICA,CANT (INTERPRETACIÓ: CLÀSSICA I CONTEMPORÀNIA),1,16,10,6,0,2
2022/2023,2022,MÚSICA,CANT (INTERPRETACIÓ: CLÀSSICA I CONTEMPORÀNIA),2,23,15,8,0,2
2022/2023,2022,MÚSICA,CANT (INTERPRETACIÓ: CLÀSSICA I CONTEMPORÀNIA),3,20,13,7,0,2
2022/2023,2022,MÚSICA,CANT (INTERPRETACIÓ: CLÀSSICA I CONTEMPORÀNIA),4,24,19,5,0,2
2022/2023,2022,MÚSICA,CANT (INTERPRETACIÓ: JAZZ I MÚSICA MODERNA),1,33,20,13,0,4
2022/2023,2022,MÚSICA,CANT (INTERPRETACIÓ: JAZZ I MÚSICA MODERNA),2,19,13,6,0,4
2022/2023,2022,MÚSICA,CANT (INTERPRETACIÓ: JAZZ I MÚSICA MODERNA),3,15,14,1,0,4
2022/2023,2022,MÚSICA,CANT (INTERPRETACIÓ: JAZZ I MÚSICA MODERNA),4,23,16,7,0,4
2022/2023,2022,MÚSICA,CANT FLAMENC (INTERPRETACIÓ: MÚSICA TRADICIONAL),1,1,1,0,0,1
2022/2023,2022,MÚSICA,CANT FLAMENC (INTERPRETACIÓ: MÚSICA TRADICIONAL),2,2,2,0,0,1
2022/2023,2022,MÚSICA,CANT FLAMENC (INTERPRETACIÓ: MÚSICA TRADICIONAL),3,2,2,0,0,1
2022/2023,2022,MÚSICA,CANT FLAMENC (INTERPRETACIÓ: MÚSICA TRADICIONAL),4,1,1,0,0,1
2022/2023,2022,MÚSICA,CANT HISTÒRIC (INTERPRETACIÓ: MÚSICA ANTIGA),1,3,2,1,0,1
2022/2023,2022,MÚSICA,CANT HISTÒRIC (INTERPRETACIÓ: MÚSICA ANTIGA),2,1,1,0,0,1
2022/2023,2022,MÚSICA,CANT HISTÒRIC (INTERPRETACIÓ: MÚSICA ANTIGA),3,3,2,1,0,1
2022/2023,2022,MÚSICA,CANT HISTÒRIC (INTERPRETACIÓ: MÚSICA ANTIGA),4,1,1,0,0,1
2022/2023,2022,MÚSICA,CLARINET,1,28,18,10,0,18
2022/2023,2022,MÚSICA,CLARINET,2,36,22,14,0,17
2022/2023,2022,MÚSICA,CLARINET,3,32,14,18,0,16
2022/2023,2022,MÚSICA,CLARINET,4,26,9,17,0,14
2022/2023,2022,MÚSICA,CLARINET,5,22,14,8,0,12
2022/2023,2022,MÚSICA,CLARINET,6,33,18,15,0,15
2022/2023,2022,MÚSICA,CLARINET (INTERPRETACIÓ: CLÀSSICA I CONTEMPORÀNIA),1,5,2,3,0,2
2022/2023,2022,MÚSICA,CLARINET (INTERPRETACIÓ: CLÀSSICA I CONTEMPORÀNIA),2,5,3,2,0,2
2022/2023,2022,MÚSICA,CLARINET (INTERPRETACIÓ: CLÀSSICA I CONTEMPORÀNIA),3,8,3,5,0,2
2022/2023,2022,MÚSICA,CLARINET (INTERPRETACIÓ: CLÀSSICA I CONTEMPORÀNIA),4,6,3,3,0,2
2022/2023,2022,MÚSICA,CLARINET (INTERPRETACIÓ: JAZZ I MÚSICA MODERNA),1,1,0,1,0,1
2022/2023,2022,MÚSICA,CLARINET (INTERPRETACIÓ: JAZZ I MÚSICA MODERNA),2,1,1,0,0,1
2022/2023,2022,MÚSICA,CLARINET (INTERPRETACIÓ: JAZZ I MÚSICA MODERNA),3,2,1,1,0,2
2022/2023,2022,MÚSICA,CLARINET (INTERPRETACIÓ: JAZZ I MÚSICA MODERNA),4,1,0,1,0,1
2022/2023,2022,MÚSICA,CLAVICÈMBAL,1,1,0,1,0,1
2022/2023,2022,MÚSICA,CLAVICÈMBAL,2,1,0,1,0,1
2022/2023,2022,MÚSICA,CLAVICÈMBAL,4,2,0,2,0,2
2022/2023,2022,MÚSICA,CLAVICÈMBAL,5,4,1,3,0,4
2022/2023,2022,MÚSICA,CLAVICÈMBAL,6,2,1,1,0,2
2022/2023,2022,MÚSICA,COMPOSICIÓ,1,23,4,19,0,3
2022/2023,2022,MÚSICA,COMPOSICIÓ,2,19,4,15,0,3
2022/2023,2022,MÚSICA,COMPOSICIÓ,3,22,6,16,0,3
2022/2023,2022,MÚSICA,COMPOSICIÓ,4,25,2,23,0,3
2022/2023,2022,MÚSICA,CONTRABAIX,1,9,3,6,0,9
2022/2023,2022,MÚSICA,CONTRABAIX,2,11,5,6,0,9
2022/2023,2022,MÚSICA,CONTRABAIX,3,11,6,5,0,10
2022/2023,2022,MÚSICA,CONTRABAIX,4,21,6,15,0,13
2022/2023,2022,MÚSICA,CONTRABAIX,5,10,3,7,0,7
2022/2023,2022,MÚSICA,CONTRABAIX,6,13,4,9,0,9
2022/2023,2022,MÚSICA,CONTRABAIX (INTERPRETACIÓ: CLÀSSICA I CONTEMPORÀNIA),1,4,2,2,0,2
2022/2023,2022,MÚSICA,CONTRABAIX (INTERPRETACIÓ: CLÀSSICA I CONTEMPORÀNIA),2,2,1,1,0,2
2022/2023,2022,MÚSICA,CONTRABAIX (INTERPRETACIÓ: CLÀSSICA I CONTEMPORÀNIA),3,4,2,2,0,2
2022/2023,2022,MÚSICA,CONTRABAIX (INTERPRETACIÓ: CLÀSSICA I CONTEMPORÀNIA),4,6,4,2,0,2
2022/2023,2022,MÚSICA,CONTRABAIX (INTERPRETACIÓ: JAZZ I MÚSICA MODERNA),1,4,0,4,0,3
2022/2023,2022,MÚSICA,CONTRABAIX (INTERPRETACIÓ: JAZZ I MÚSICA MODERNA),2,2,0,2,0,1
2022/2023,2022,MÚSICA,CONTRABAIX (INTERPRETACIÓ: JAZZ I MÚSICA MODERNA),3,4,0,4,0,2
2022/2023,2022,MÚSICA,CONTRABAIX (INTERPRETACIÓ: JAZZ I MÚSICA MODERNA),4,6,0,6,0,3
2022/2023,2022,MÚSICA,CORNAMUSA (INTERPRETACIÓ: MÚSICA TRADICIONAL I FLAMENC),2,1,1,0,0,1
2022/2023,2022,MÚSICA,CORNAMUSA (INTERPRETACIÓ: MÚSICA TRADICIONAL I FLAMENC),4,1,0,1,0,1
2022/2023,2022,MÚSICA,FAGOT,1,10,5,5,0,8
2022/2023,2022,MÚSICA,FAGOT,2,6,4,2,0,4
2022/2023,2022,MÚSICA,FAGOT,3,5,2,3,0,4
2022/2023,2022,MÚSICA,FAGOT,4,4,4,0,0,3
2022/2023,2022,MÚSICA,FAGOT,5,7,1,6,0,7
2022/2023,2022,MÚSICA,FAGOT,6,4,2,2,0,3
2022/2023,2022,MÚSICA,FAGOT (INTERPRETACIÓ: CLÀSSICA I CONTEMPORÀNIA),1,2,1,1,0,1
2022/2023,2022,MÚSICA,FAGOT (INTERPRETACIÓ: CLÀSSICA I CONTEMPORÀNIA),2,2,1,1,0,2
2022/2023,2022,MÚSICA,FAGOT (INTERPRETACIÓ: CLÀSSICA I CONTEMPORÀNIA),4,6,4,2,0,2
2022/2023,2022,MÚSICA,FAGOTS HISTÒRICS (INTERPRETACIÓ: MÚSICA ANTIGA),3,1,0,1,0,1
2022/2023,2022,MÚSICA,FLABIOL I TAMBORÍ,2,1,1,0,0,1
2022/2023,2022,MÚSICA,FLABIOL I TAMBORÍ,3,1,1,0,0,1
2022/2023,2022,MÚSICA,FLABIOL I TAMBORÍ,5,3,3,0,0,3
2022/2023,2022,MÚSICA,FLABIOL I TAMBORÍ,6,1,0,1,0,1
2022/2023,2022,MÚSICA,FLABIOL I TAMBORÍ (INTERPRETACIÓ: MÚSICA TRADICIONAL),1,3,2,1,0,1
2022/2023,2022,MÚSICA,FLABIOL I TAMBORÍ (INTERPRETACIÓ: MÚSICA TRADICIONAL),2,1,1,0,0,1
2022/2023,2022,MÚSICA,FLABIOL I TAMBORÍ (INTERPRETACIÓ: MÚSICA TRADICIONAL),4,2,1,1,0,1
2022/2023,2022,MÚSICA,FLAUTA DE BEC,1,3,2,1,0,3
2022/2023,2022,MÚSICA,FLAUTA DE BEC,2,7,5,2,0,4
2022/2023,2022,MÚSICA,FLAUTA DE BEC,3,4,2,2,0,3
2022/2023,2022,MÚSICA,FLAUTA DE BEC,4,6,2,4,0,5
2022/2023,2022,MÚSICA,FLAUTA DE BEC,5,3,1,2,0,2
2022/2023,2022,MÚSICA,FLAUTA DE BEC,6,4,2,2,0,4
2022/2023,2022,MÚSICA,FLAUTA DE BEC (INTERPRETACIÓ: CLÀSSICA I CONTEMPORÀNIA),1,2,1,1,0,1
2022/2023,2022,MÚSICA,FLAUTA DE BEC (INTERPRETACIÓ: CLÀSSICA I CONTEMPORÀNIA),2,3,3,0,0,1
2022/2023,2022,MÚSICA,FLAUTA DE BEC (INTERPRETACIÓ: CLÀSSICA I CONTEMPORÀNIA),3,2,1,1,0,1
2022/2023,2022,MÚSICA,FLAUTA DE BEC (INTERPRETACIÓ: CLÀSSICA I CONTEMPORÀNIA),4,1,1,0,0,1
2022/2023,2022,MÚSICA,FLAUTA TRAVESSERA,1,33,27,6,0,20
2022/2023,2022,MÚSICA,FLAUTA TRAVESSERA,2,40,32,8,0,18
2022/2023,2022,MÚSICA,FLAUTA TRAVESSERA,3,39,32,7,0,18
2022/2023,2022,MÚSICA,FLAUTA TRAVESSERA,4,29,25,4,0,15
2022/2023,2022,MÚSICA,FLAUTA TRAVESSERA,5,28,22,6,0,15
2022/2023,2022,MÚSICA,FLAUTA TRAVESSERA,6,61,50,11,0,20
2022/2023,2022,MÚSICA,FLAUTA TRAVESSERA (INTERPRETACIÓ: CLÀSSICA I CONTEMPORÀNIA),1,3,2,1,0,1
2022/2023,2022,MÚSICA,FLAUTA TRAVESSERA (INTERPRETACIÓ: CLÀSSICA I CONTEMPORÀNIA),2,5,4,1,0,1
2022/2023,2022,MÚSICA,FLAUTA TRAVESSERA (INTERPRETACIÓ: CLÀSSICA I CONTEMPORÀNIA),3,4,3,1,0,1
2022/2023,2022,MÚSICA,FLAUTA TRAVESSERA (INTERPRETACIÓ: CLÀSSICA I CONTEMPORÀNIA),4,5,5,0,0,1
2022/2023,2022,MÚSICA,FLAUTA TRAVESSERA (INTERPRETACIÓ: JAZZ I MÚSICA MODERNA),1,1,1,0,0,1
2022/2023,2022,MÚSICA,FLAUTA TRAVESSERA (INTERPRETACIÓ: JAZZ I MÚSICA MODERNA),2,1,1,0,0,1
2022/2023,2022,MÚSICA,FLAUTA TRAVESSERA (INTERPRETACIÓ: JAZZ I MÚSICA MODERNA),3,2,0,2,0,2
2022/2023,2022,MÚSICA,FLAUTA TRAVESSERA (INTERPRETACIÓ: JAZZ I MÚSICA MODERNA),4,1,0,1,0,1
2022/2023,2022,MÚSICA,GUITARRA,1,39,19,20,0,18
2022/2023,2022,MÚSICA,GUITARRA,2,39,18,21,0,18
2022/2023,2022,MÚSICA,GUITARRA,3,47,17,30,0,18
2022/2023,2022,MÚSICA,GUITARRA,4,37,20,17,0,20
2022/2023,2022,MÚSICA,GUITARRA,5,48,16,32,0,19
2022/2023,2022,MÚSICA,GUITARRA,6,46,20,26,0,19
2022/2023,2022,MÚSICA,GUITARRA (INTERPRETACIÓ: CLÀSSICA I CONTEMPORÀNIA),1,7,3,4,0,2
2022/2023,2022,MÚSICA,GUITARRA (INTERPRETACIÓ: CLÀSSICA I CONTEMPORÀNIA),2,4,1,3,0,2
2022/2023,2022,MÚSICA,GUITARRA (INTERPRETACIÓ: CLÀSSICA I CONTEMPORÀNIA),3,9,2,7,0,2
2022/2023,2022,MÚSICA,GUITARRA (INTERPRETACIÓ: CLÀSSICA I CONTEMPORÀNIA),4,7,4,3,0,2
2022/2023,2022,MÚSICA,GUITARRA ACÚSTICA (INTERPRETACIÓ: JAZZ I MÚSICA MODERNA),1,3,0,3,0,1
2022/2023,2022,MÚSICA,GUITARRA ACÚSTICA (INTERPRETACIÓ: JAZZ I MÚSICA MODERNA),2,1,0,1,0,1
2022/2023,2022,MÚSICA,GUITARRA ACÚSTICA (INTERPRETACIÓ: JAZZ I MÚSICA MODERNA),3,4,0,4,0,1
2022/2023,2022,MÚSICA,GUITARRA ACÚSTICA (INTERPRETACIÓ: JAZZ I MÚSICA MODERNA),4,1,0,1,0,1
2022/2023,2022,MÚSICA,GUITARRA ELÈCTRICA,1,11,1,10,0,8
2022/2023,2022,MÚSICA,GUITARRA ELÈCTRICA,2,5,0,5,0,4
2022/2023,2022,MÚSICA,GUITARRA ELÈCTRICA,3,6,1,5,0,5
2022/2023,2022,MÚSICA,GUITARRA ELÈCTRICA,4,5,0,5,0,4
2022/2023,2022,MÚSICA,GUITARRA ELÈCTRICA,5,7,0,7,0,6
2022/2023,2022,MÚSICA,GUITARRA ELÈCTRICA,6,14,1,13,0,6
2022/2023,2022,MÚSICA,GUITARRA ELÈCTRICA (INTERPRETACIÓ: JAZZ I MÚSICA MODERNA),1,17,0,17,0,3
2022/2023,2022,MÚSICA,GUITARRA ELÈCTRICA (INTERPRETACIÓ: JAZZ I MÚSICA MODERNA),2,15,0,15,0,3
2022/2023,2022,MÚSICA,GUITARRA ELÈCTRICA (INTERPRETACIÓ: JAZZ I MÚSICA MODERNA),3,21,0,21,0,3
2022/2023,2022,MÚSICA,GUITARRA ELÈCTRICA (INTERPRETACIÓ: JAZZ I MÚSICA MODERNA),4,28,3,25,0,3
2022/2023,2022,MÚSICA,GUITARRA FLAMENCA (INTERPRETACIÓ: MÚSICA TRADICIONAL),1,4,1,3,0,2
2022/2023,2022,MÚSICA,GUITARRA FLAMENCA (INTERPRETACIÓ: MÚSICA TRADICIONAL),2,5,0,5,0,3
2022/2023,2022,MÚSICA,GUITARRA FLAMENCA (INTERPRETACIÓ: MÚSICA TRADICIONAL),3,9,1,8,0,3
2022/2023,2022,MÚSICA,GUITARRA FLAMENCA (INTERPRETACIÓ: MÚSICA TRADICIONAL),4,10,0,10,0,3
2022/2023,2022,MÚSICA,INSTRUMENTS DE CORDA POLSADA,1,1,1,0,0,1
2022/2023,2022,MÚSICA,INSTRUMENTS HISTÒRICS DE BROQUET (INTERPRETACIÓ: MÚSICA ANTIGA),4,2,0,2,0,1
2022/2023,2022,MÚSICA,NO APLICA,1,296,136,160,0,2
2022/2023,2022,MÚSICA,OBOÈ,1,16,6,10,0,10
2022/2023,2022,MÚSICA,OBOÈ,2,18,8,10,0,14
2022/2023,2022,MÚSICA,OBOÈ,3,15,7,8,0,9
2022/2023,2022,MÚSICA,OBOÈ,4,12,6,6,0,10
2022/2023,2022,MÚSICA,OBOÈ,5,11,4,7,0,7
2022/2023,2022,MÚSICA,OBOÈ,6,14,9,5,0,10
2022/2023,2022,MÚSICA,OBOÈ (INTERPRETACIÓ: CLÀSSICA I CONTEMPORÀNIA),1,5,3,2,0,2
2022/2023,2022,MÚSICA,OBOÈ (INTERPRETACIÓ: CLÀSSICA I CONTEMPORÀNIA),2,4,3,1,0,1
2022/2023,2022,MÚSICA,OBOÈ (INTERPRETACIÓ: CLÀSSICA I CONTEMPORÀNIA),3,1,1,0,0,1
2022/2023,2022,MÚSICA,OBOÈ (INTERPRETACIÓ: CLÀSSICA I CONTEMPORÀNIA),4,2,0,2,0,1
2022/2023,2022,MÚSICA,ORGUE,1,5,3,2,0,3
2022/2023,2022,MÚSICA,ORGUE,2,7,2,5,0,3
2022/2023,2022,MÚSICA,ORGUE,3,2,1,1,0,2
2022/2023,2022,MÚSICA,ORGUE,4,4,0,4,0,4
2022/2023,2022,MÚSICA,ORGUE,5,3,0,3,0,3
2022/2023,2022,MÚSICA,ORGUE,6,2,0,2,0,2
2022/2023,2022,MÚSICA,ORGUE (INTERPRETACIÓ: CLÀSSICA I CONTEMPORÀNIA),2,1,0,1,0,1
2022/2023,2022,MÚSICA,ORGUE (INTERPRETACIÓ: CLÀSSICA I CONTEMPORÀNIA),3,1,0,1,0,1
2022/2023,2022,MÚSICA,ORGUE (INTERPRETACIÓ: CLÀSSICA I CONTEMPORÀNIA),4,4,0,4,0,1
2022/2023,2022,MÚSICA,PEDAGOGIA DE L'INSTRUMENT,4,8,4,4,0,1
2022/2023,2022,MÚSICA,PERCUSSIÓ,1,18,3,15,0,11
2022/2023,2022,MÚSICA,PERCUSSIÓ,2,15,3,12,0,10
2022/2023,2022,MÚSICA,PERCUSSIÓ,3,17,4,13,0,9
2022/2023,2022,MÚSICA,PERCUSSIÓ,4,17,5,12,0,12
2022/2023,2022,MÚSICA,PERCUSSIÓ,5,11,2,9,0,6
2022/2023,2022,MÚSICA,PERCUSSIÓ,6,20,5,15,0,11
2022/2023,2022,MÚSICA,PERCUSSIÓ (INTERPRETACIÓ: CLÀSSICA I CONTEMPORÀNIA),1,4,0,4,0,2
2022/2023,2022,MÚSICA,PERCUSSIÓ (INTERPRETACIÓ: CLÀSSICA I CONTEMPORÀNIA),2,1,0,1,0,1
2022/2023,2022,MÚSICA,PERCUSSIÓ (INTERPRETACIÓ: CLÀSSICA I CONTEMPORÀNIA),4,2,1,1,0,1
2022/2023,2022,MÚSICA,PERCUSSIÓ (INTERPRETACIÓ: JAZZ I MÚSICA MODERNA),1,2,0,2,0,1
2022/2023,2022,MÚSICA,PERCUSSIÓ (INTERPRETACIÓ: JAZZ I MÚSICA MODERNA),2,1,0,1,0,1
2022/2023,2022,MÚSICA,PERCUSSIÓ (INTERPRETACIÓ: JAZZ I MÚSICA MODERNA),3,1,0,1,0,1
2022/2023,2022,MÚSICA,PERCUSSIÓ (MÚSICA MODERNA I JAZZ),3,5,2,3,0,3
2022/2023,2022,MÚSICA,PERCUSSIÓ (MÚSICA MODERNA I JAZZ),4,1,0,1,0,1
2022/2023,2022,MÚSICA,PERCUSSIÓ (MÚSICA MODERNA I JAZZ),5,2,0,2,0,2
2022/2023,2022,MÚSICA,PERCUSSIÓ (MÚSICA MODERNA I JAZZ),6,1,0,1,0,1
2022/2023,2022,MÚSICA,PIANO,1,148,86,62,0,24
2022/2023,2022,MÚSICA,PIANO,2,124,67,57,0,26
2022/2023,2022,MÚSICA,PIANO,3,146,81,65,0,25
2022/2023,2022,MÚSICA,PIANO,4,127,78,49,0,25
2022/2023,2022,MÚSICA,PIANO,5,128,60,68,0,22
2022/2023,2022,MÚSICA,PIANO,6,172,106,66,0,23
2022/2023,2022,MÚSICA,PIANO (INTERPRETACIÓ: CLÀSSICA I CONTEMPORÀNIA),1,32,14,18,0,2
2022/2023,2022,MÚSICA,PIANO (INTERPRETACIÓ: CLÀSSICA I CONTEMPORÀNIA),2,31,17,14,0,2
2022/2023,2022,MÚSICA,PIANO (INTERPRETACIÓ: CLÀSSICA I CONTEMPORÀNIA),3,33,19,14,0,2
2022/2023,2022,MÚSICA,PIANO (INTERPRETACIÓ: CLÀSSICA I CONTEMPORÀNIA),4,29,15,14,0,2
2022/2023,2022,MÚSICA,PIANO (INTERPRETACIÓ: JAZZ I MÚSICA MODERNA),1,10,1,9,0,3
2022/2023,2022,MÚSICA,PIANO (INTERPRETACIÓ: JAZZ I MÚSICA MODERNA),2,11,4,7,0,3
2022/2023,2022,MÚSICA,PIANO (INTERPRETACIÓ: JAZZ I MÚSICA MODERNA),3,12,4,8,0,4
2022/2023,2022,MÚSICA,PIANO (INTERPRETACIÓ: JAZZ I MÚSICA MODERNA),4,21,4,17,0,3
2022/2023,2022,MÚSICA,PRODUCCIÓ I GESTIÓ,1,9,5,4,0,2
2022/2023,2022,MÚSICA,PRODUCCIÓ I GESTIÓ,2,5,1,4,0,1
2022/2023,2022,MÚSICA,PRODUCCIÓ I GESTIÓ,3,7,5,2,0,2
2022/2023,2022,MÚSICA,PRODUCCIÓ I GESTIÓ,4,8,4,4,0,2
2022/2023,2022,MÚSICA,SAXÒFON,1,23,5,18,0,16
2022/2023,2022,MÚSICA,SAXÒFON,2,40,17,23,0,18
2022/2023,2022,MÚSICA,SAXÒFON,3,32,10,22,0,17
2022/2023,2022,MÚSICA,SAXÒFON,4,23,6,17,0,14
2022/2023,2022,MÚSICA,SAXÒFON,5,25,9,16,0,13
2022/2023,2022,MÚSICA,SAXÒFON,6,38,11,27,0,15
2022/2023,2022,MÚSICA,SAXÒFON (INTERPRETACIÓ: CLÀSSICA I CONTEMPORÀNIA),1,4,3,1,0,2
2022/2023,2022,MÚSICA,SAXÒFON (INTERPRETACIÓ: CLÀSSICA I CONTEMPORÀNIA),2,3,1,2,0,1
2022/2023,2022,MÚSICA,SAXÒFON (INTERPRETACIÓ: CLÀSSICA I CONTEMPORÀNIA),3,3,2,1,0,1
2022/2023,2022,MÚSICA,SAXÒFON (INTERPRETACIÓ: CLÀSSICA I CONTEMPORÀNIA),4,3,0,3,0,1
2022/2023,2022,MÚSICA,SAXÒFON (INTERPRETACIÓ: JAZZ I MÚSICA MODERNA),1,7,1,6,0,2
2022/2023,2022,MÚSICA,SAXÒFON (INTERPRETACIÓ: JAZZ I MÚSICA MODERNA),2,6,3,3,0,2
2022/2023,2022,MÚSICA,SAXÒFON (INTERPRETACIÓ: JAZZ I MÚSICA MODERNA),3,6,3,3,0,2
2022/2023,2022,MÚSICA,SAXÒFON (INTERPRETACIÓ: JAZZ I MÚSICA MODERNA),4,9,1,8,0,3
2022/2023,2022,MÚSICA,SENSE MODALITAT (DIRECCIÓ),1,3,0,3,0,1
2022/2023,2022,MÚSICA,SENSE MODALITAT (DIRECCIÓ),2,4,1,3,0,1
2022/2023,2022,MÚSICA,SENSE MODALITAT (DIRECCIÓ),3,4,0,4,0,1
2022/2023,2022,MÚSICA,SENSE MODALITAT (DIRECCIÓ),4,6,2,4,0,1
2022/2023,2022,MÚSICA,SENSE MODALITAT (INTERPRETACIÓ: CLÀSSICA I CONTEMPORÀNIA),1,2,0,2,0,1
2022/2023,2022,MÚSICA,SENSE MODALITAT (INTERPRETACIÓ: CLÀSSICA I CONTEMPORÀNIA),2,16,6,10,0,1
2022/2023,2022,MÚSICA,SENSE MODALITAT (INTERPRETACIÓ: CLÀSSICA I CONTEMPORÀNIA),3,16,6,10,0,1
2022/2023,2022,MÚSICA,SENSE MODALITAT (INTERPRETACIÓ: CLÀSSICA I CONTEMPORÀNIA),4,23,8,15,0,1
2022/2023,2022,MÚSICA,SENSE MODALITAT (INTERPRETACIÓ: JAZZ I MÚSICA MODERNA),1,4,2,2,0,2
2022/2023,2022,MÚSICA,SENSE MODALITAT (INTERPRETACIÓ: JAZZ I MÚSICA MODERNA),2,5,1,4,0,1
2022/2023,2022,MÚSICA,SENSE MODALITAT (INTERPRETACIÓ: JAZZ I MÚSICA MODERNA),3,7,2,5,0,1
2022/2023,2022,MÚSICA,SENSE MODALITAT (INTERPRETACIÓ: JAZZ I MÚSICA MODERNA),4,7,1,6,0,1
2022/2023,2022,MÚSICA,SENSE MODALITAT (INTERPRETACIÓ: MÚSICA ANTIGA),2,1,1,0,0,1
2022/2023,2022,MÚSICA,SENSE MODALITAT (INTERPRETACIÓ: MÚSICA ANTIGA),3,3,0,3,0,1
2022/2023,2022,MÚSICA,SENSE MODALITAT (INTERPRETACIÓ: MÚSICA ANTIGA),4,5,0,5,0,1
2022/2023,2022,MÚSICA,SENSE MODALITAT (INTERPRETACIÓ: MÚSICA TRADICIONAL I FLAMENC),1,3,2,1,0,1
2022/2023,2022,MÚSICA,SENSE MODALITAT (INTERPRETACIÓ: MÚSICA TRADICIONAL I FLAMENC),2,3,1,2,0,1
2022/2023,2022,MÚSICA,SENSE MODALITAT (INTERPRETACIÓ: MÚSICA TRADICIONAL I FLAMENC),3,6,1,5,0,2
2022/2023,2022,MÚSICA,SENSE MODALITAT (INTERPRETACIÓ: MÚSICA TRADICIONAL I FLAMENC),4,4,2,2,0,1
2022/2023,2022,MÚSICA,SENSE MODALITAT (MUSICOLOGIA),1,4,1,3,0,1
2022/2023,2022,MÚSICA,SENSE MODALITAT (MUSICOLOGIA),2,1,0,1,0,1
2022/2023,2022,MÚSICA,SENSE MODALITAT (MUSICOLOGIA),3,7,7,0,0,1
2022/2023,2022,MÚSICA,SENSE MODALITAT (MUSICOLOGIA),4,1,1,0,0,1
2022/2023,2022,MÚSICA,SENSE MODALITAT (PEDAGOGIA),1,35,20,15,0,3
2022/2023,2022,MÚSICA,SENSE MODALITAT (PEDAGOGIA),2,38,23,15,0,3
2022/2023,2022,MÚSICA,SENSE MODALITAT (PEDAGOGIA),3,27,20,7,0,3
2022/2023,2022,MÚSICA,SENSE MODALITAT (PEDAGOGIA),4,54,32,22,0,3
2022/2023,2022,MÚSICA,SONOLOGIA,1,5,1,4,0,1
2022/2023,2022,MÚSICA,SONOLOGIA,2,6,2,4,0,1
2022/2023,2022,MÚSICA,SONOLOGIA,3,3,0,3,0,1
2022/2023,2022,MÚSICA,SONOLOGIA,4,7,0,7,0,1
2022/2023,2022,MÚSICA,TECLATS (INTERPRETACIÓ: JAZZ I MÚSICA MODERNA),1,2,0,2,0,2
2022/2023,2022,MÚSICA,TECLATS (INTERPRETACIÓ: JAZZ I MÚSICA MODERNA),2,1,0,1,0,1
2022/2023,2022,MÚSICA,TECLATS (INTERPRETACIÓ: JAZZ I MÚSICA MODERNA),3,1,0,1,0,1
2022/2023,2022,MÚSICA,TECLATS (INTERPRETACIÓ: JAZZ I MÚSICA MODERNA),4,4,0,4,0,2
2022/2023,2022,MÚSICA,TENORA,1,1,0,1,0,1
2022/2023,2022,MÚSICA,TENORA,2,3,0,3,0,2
2022/2023,2022,MÚSICA,TENORA,3,2,2,0,0,1
2022/2023,2022,MÚSICA,TENORA,4,2,1,1,0,1
2022/2023,2022,MÚSICA,TENORA,5,1,0,1,0,1
2022/2023,2022,MÚSICA,TENORA,6,2,0,2,0,2
2022/2023,2022,MÚSICA,TENORA (INTERPRETACIÓ: MÚSICA TRADICIONAL),3,2,0,2,0,1
2022/2023,2022,MÚSICA,TIBLE,1,1,0,1,0,1
2022/2023,2022,MÚSICA,TIBLE,2,1,0,1,0,1
2022/2023,2022,MÚSICA,TIBLE,5,1,1,0,0,1
2022/2023,2022,MÚSICA,TROMBÓ,1,15,4,11,0,8
2022/2023,2022,MÚSICA,TROMBÓ,2,16,4,12,0,10
2022/2023,2022,MÚSICA,TROMBÓ,3,25,7,18,0,15
2022/2023,2022,MÚSICA,TROMBÓ,4,8,4,4,0,6
2022/2023,2022,MÚSICA,TROMBÓ,5,12,2,10,0,8
2022/2023,2022,MÚSICA,TROMBÓ,6,16,2,14,0,10
2022/2023,2022,MÚSICA,TROMBÓ (INTERPRETACIÓ: CLÀSSICA I CONTEMPORÀNIA),1,7,1,6,0,2
2022/2023,2022,MÚSICA,TROMBÓ (INTERPRETACIÓ: CLÀSSICA I CONTEMPORÀNIA),2,1,0,1,0,1
2022/2023,2022,MÚSICA,TROMBÓ (INTERPRETACIÓ: CLÀSSICA I CONTEMPORÀNIA),3,1,0,1,0,1
2022/2023,2022,MÚSICA,TROMBÓ (INTERPRETACIÓ: CLÀSSICA I CONTEMPORÀNIA),4,3,0,3,0,1
2022/2023,2022,MÚSICA,TROMBÓ (INTERPRETACIÓ: JAZZ I MÚSICA MODERNA),1,2,0,2,0,1
2022/2023,2022,MÚSICA,TROMBÓ (INTERPRETACIÓ: JAZZ I MÚSICA MODERNA),3,1,0,1,0,1
2022/2023,2022,MÚSICA,TROMBÓ (INTERPRETACIÓ: JAZZ I MÚSICA MODERNA),4,3,1,2,0,1
2022/2023,2022,MÚSICA,TROMBÓ-FISCORN BAIX (MÚSICA TRADICIONAL),2,1,1,0,0,1
2022/2023,2022,MÚSICA,TROMPA,1,11,6,5,0,7
2022/2023,2022,MÚSICA,TROMPA,2,14,1,13,0,9
2022/2023,2022,MÚSICA,TROMPA,3,14,5,9,0,10
2022/2023,2022,MÚSICA,TROMPA,4,15,5,10,0,12
2022/2023,2022,MÚSICA,TROMPA,5,14,4,10,0,8
2022/2023,2022,MÚSICA,TROMPA,6,7,3,4,0,6
2022/2023,2022,MÚSICA,TROMPA (INTERPRETACIÓ: CLÀSSICA I CONTEMPORÀNIA),1,2,1,1,0,2
2022/2023,2022,MÚSICA,TROMPA (INTERPRETACIÓ: CLÀSSICA I CONTEMPORÀNIA),2,4,1,3,0,2
2022/2023,2022,MÚSICA,TROMPA (INTERPRETACIÓ: CLÀSSICA I CONTEMPORÀNIA),3,4,1,3,0,2
2022/2023,2022,MÚSICA,TROMPA (INTERPRETACIÓ: CLÀSSICA I CONTEMPORÀNIA),4,9,2,7,0,2
2022/2023,2022,MÚSICA,TROMPA (INTERPRETACIÓ: JAZZ I MÚSICA MODERNA),4,1,0,1,0,1
2022/2023,2022,MÚSICA,TROMPETA,1,25,7,18,0,17
2022/2023,2022,MÚSICA,TROMPETA,2,20,4,16,0,11
2022/2023,2022,MÚSICA,TROMPETA,3,24,10,14,0,17
2022/2023,2022,MÚSICA,TROMPETA,4,20,2,18,0,10
2022/2023,2022,MÚSICA,TROMPETA,5,29,8,21,0,13
2022/2023,2022,MÚSICA,TROMPETA,6,26,11,15,0,16
2022/2023,2022,MÚSICA,TROMPETA (INTERPRETACIÓ: CLÀSSICA I CONTEMPORÀNIA),1,5,2,3,0,2
2022/2023,2022,MÚSICA,TROMPETA (INTERPRETACIÓ: CLÀSSICA I CONTEMPORÀNIA),2,3,0,3,0,2
2022/2023,2022,MÚSICA,TROMPETA (INTERPRETACIÓ: CLÀSSICA I CONTEMPORÀNIA),3,10,3,7,0,2
2022/2023,2022,MÚSICA,TROMPETA (INTERPRETACIÓ: CLÀSSICA I CONTEMPORÀNIA),4,4,2,2,0,2
2022/2023,2022,MÚSICA,TROMPETA (INTERPRETACIÓ: JAZZ I MÚSICA MODERNA),1,7,4,3,0,2
2022/2023,2022,MÚSICA,TROMPETA (INTERPRETACIÓ: JAZZ I MÚSICA MODERNA),2,6,0,6,0,3
2022/2023,2022,MÚSICA,TROMPETA (INTERPRETACIÓ: JAZZ I MÚSICA MODERNA),3,3,0,3,0,2
2022/2023,2022,MÚSICA,TROMPETA (INTERPRETACIÓ: JAZZ I MÚSICA MODERNA),4,8,2,6,0,3
2022/2023,2022,MÚSICA,TUBA,1,8,0,8,0,7
2022/2023,2022,MÚSICA,TUBA,2,8,2,6,0,5
2022/2023,2022,MÚSICA,TUBA,3,2,0,2,0,2
2022/2023,2022,MÚSICA,TUBA,4,4,1,3,0,3
2022/2023,2022,MÚSICA,TUBA,5,3,0,3,0,3
2022/2023,2022,MÚSICA,TUBA,6,6,0,6,0,6
2022/2023,2022,MÚSICA,TUBA (INTERPRETACIÓ: CLÀSSICA I CONTEMPORÀNIA),2,1,0,1,0,1
2022/2023,2022,MÚSICA,TUBA (INTERPRETACIÓ: CLÀSSICA I CONTEMPORÀNIA),3,1,1,0,0,1
2022/2023,2022,MÚSICA,TUBA (INTERPRETACIÓ: CLÀSSICA I CONTEMPORÀNIA),4,1,0,1,0,1
2022/2023,2022,MÚSICA,VIOLA,1,29,24,5,0,14
2022/2023,2022,MÚSICA,VIOLA,2,21,13,8,0,14
2022/2023,2022,MÚSICA,VIOLA,3,21,17,4,0,13
2022/2023,2022,MÚSICA,VIOLA,4,21,12,9,0,13
2022/2023,2022,MÚSICA,VIOLA,5,24,16,8,0,12
2022/2023,2022,MÚSICA,VIOLA,6,23,16,7,0,16
2022/2023,2022,MÚSICA,VIOLA (INTERPRETACIÓ: CLÀSSICA I CONTEMPORÀNIA),1,8,5,3,0,2
2022/2023,2022,MÚSICA,VIOLA (INTERPRETACIÓ: CLÀSSICA I CONTEMPORÀNIA),2,9,7,2,0,2
2022/2023,2022,MÚSICA,VIOLA (INTERPRETACIÓ: CLÀSSICA I CONTEMPORÀNIA),3,8,7,1,0,2
2022/2023,2022,MÚSICA,VIOLA (INTERPRETACIÓ: CLÀSSICA I CONTEMPORÀNIA),4,9,4,5,0,2
2022/2023,2022,MÚSICA,VIOLA DE GAMBA (INTERPRETACIÓ: MÚSICA ANTIGA),1,1,1,0,0,1
2022/2023,2022,MÚSICA,VIOLA DE GAMBA (INTERPRETACIÓ: MÚSICA ANTIGA),2,1,1,0,0,1
2022/2023,2022,MÚSICA,VIOLONCEL,1,36,20,16,0,15
2022/2023,2022,MÚSICA,VIOLONCEL,2,34,22,12,0,19
2022/2023,2022,MÚSICA,VIOLONCEL,3,35,20,15,0,17
2022/2023,2022,MÚSICA,VIOLONCEL,4,38,28,10,0,17
2022/2023,2022,MÚSICA,VIOLONCEL,5,43,33,10,0,17
2022/2023,2022,MÚSICA,VIOLONCEL,6,44,26,18,0,21
2022/2023,2022,MÚSICA,VIOLONCEL (INTERPRETACIÓ: CLÀSSICA I CONTEMPORÀNIA),1,9,6,3,0,2
2022/2023,2022,MÚSICA,VIOLONCEL (INTERPRETACIÓ: CLÀSSICA I CONTEMPORÀNIA),2,17,12,5,0,3
2022/2023,2022,MÚSICA,VIOLONCEL (INTERPRETACIÓ: CLÀSSICA I CONTEMPORÀNIA),3,8,4,4,0,2
2022/2023,2022,MÚSICA,VIOLONCEL (INTERPRETACIÓ: CLÀSSICA I CONTEMPORÀNIA),4,13,6,7,0,2
2022/2023,2022,MÚSICA,VIOLONCEL BARROC (INTERPRETACIÓ: MÚSICA ANTIGA),2,1,1,0,0,1
2022/2023,2022,MÚSICA,VIOLONCEL BARROC (INTERPRETACIÓ: MÚSICA ANTIGA),3,1,1,0,0,1
2022/2023,2022,MÚSICA,VIOLONCEL BARROC (INTERPRETACIÓ: MÚSICA ANTIGA),4,1,0,1,0,1
2022/2023,2022,MÚSICA,VIOLÍ,1,97,64,33,0,24
2022/2023,2022,MÚSICA,VIOLÍ,2,80,57,23,0,20
2022/2023,2022,MÚSICA,VIOLÍ,3,111,73,38,0,23
2022/2023,2022,MÚSICA,VIOLÍ,4,85,54,31,0,20
2022/2023,2022,MÚSICA,VIOLÍ,5,80,56,24,0,22
2022/2023,2022,MÚSICA,VIOLÍ,6,108,78,30,0,22
2022/2023,2022,MÚSICA,VIOLÍ (INTERPRETACIÓ: CLÀSSICA I CONTEMPORÀNIA),1,31,19,12,0,2
2022/2023,2022,MÚSICA,VIOLÍ (INTERPRETACIÓ: CLÀSSICA I CONTEMPORÀNIA),2,22,12,10,0,1
2022/2023,2022,MÚSICA,VIOLÍ (INTERPRETACIÓ: CLÀSSICA I CONTEMPORÀNIA),3,7,5,2,0,1
2022/2023,2022,MÚSICA,VIOLÍ (INTERPRETACIÓ: CLÀSSICA I CONTEMPORÀNIA),4,18,9,9,0,1
2022/2023,2022,MÚSICA,VIOLÍ (INTERPRETACIÓ: JAZZ I MÚSICA MODERNA),1,4,2,2,0,2
2022/2023,2022,MÚSICA,VIOLÍ (INTERPRETACIÓ: JAZZ I MÚSICA MODERNA),2,4,2,2,0,3
2022/2023,2022,MÚSICA,VIOLÍ (INTERPRETACIÓ: JAZZ I MÚSICA MODERNA),3,1,1,0,0,1
2022/2023,2022,MÚSICA,VIOLÍ (INTERPRETACIÓ: JAZZ I MÚSICA MODERNA),4,2,0,2,0,2
2022/2023,2022,PROGRAMA DE FORMACIÓ I INSERCIÓ,AUXILIAR D'ACTIVITATS AGROPECUÀRIES,1,12,0,12,0,1
2022/2023,2022,PROGRAMA DE FORMACIÓ I INSERCIÓ,AUXILIAR D'ACTIVITATS AQÜÍCOLES,1,17,0,17,0,1
2022/2023,2022,PROGRAMA DE FORMACIÓ I INSERCIÓ,AUXILIAR D'ACTIVITATS D'OFICINA I DE SERVEIS ADMINISTRATIUS GENERALS,1,397,181,216,0,24
2022/2023,2022,PROGRAMA DE FORMACIÓ I INSERCIÓ,AUXILIAR D'ACTIVITATS ESPORTIVES,1,89,10,79,0,5
2022/2023,2022,PROGRAMA DE FORMACIÓ I INSERCIÓ,AUXILIAR D'ACTIVITATS FORESTALS,1,59,5,54,0,4
2022/2023,2022,PROGRAMA DE FORMACIÓ I INSERCIÓ,AUXILIAR D'ARTS GRÀFIQUES I SERIGRAFIA,1,64,21,43,0,4
2022/2023,2022,PROGRAMA DE FORMACIÓ I INSERCIÓ,AUXILIAR D'HOTELERIA: CUINA I CÀTERING,1,92,30,62,0,7
2022/2023,2022,PROGRAMA DE FORMACIÓ I INSERCIÓ,AUXILIAR D'HOTELERIA: CUINA I SERVEIS DE RESTAURACIÓ,1,721,249,472,0,40
2022/2023,2022,PROGRAMA DE FORMACIÓ I INSERCIÓ,AUXILIAR D'IMATGE PERSONAL: PERRUQUERIA I ESTÈTICA,1,702,601,101,0,29
2022/2023,2022,PROGRAMA DE FORMACIÓ I INSERCIÓ,AUXILIAR D'OBRES D'INTERIOR I PINTURA,1,71,6,65,0,4
2022/2023,2022,PROGRAMA DE FORMACIÓ I INSERCIÓ,AUXILIAR D'OPERACIONS EN AEROPORTS,1,17,4,13,0,1
2022/2023,2022,PROGRAMA DE FORMACIÓ I INSERCIÓ,AUXILIAR DE COMERCIALITZACIÓ DE PRODUCTES I LOGÍSTICA,1,95,24,71,0,6
2022/2023,2022,PROGRAMA DE FORMACIÓ I INSERCIÓ,AUXILIAR DE COMERÇ I ATENCIÓ AL PÚBLIC,1,244,113,131,0,17
2022/2023,2022,PROGRAMA DE FORMACIÓ I INSERCIÓ,AUXILIAR DE CONFECCIÓ EN TÈXTIL I PELL,1,38,25,13,0,3
2022/2023,2022,PROGRAMA DE FORMACIÓ I INSERCIÓ,AUXILIAR DE CONSTRUCCIÓ,1,99,2,97,0,6
2022/2023,2022,PROGRAMA DE FORMACIÓ I INSERCIÓ,AUXILIAR DE CUINA,1,32,7,25,0,2
2022/2023,2022,PROGRAMA DE FORMACIÓ I INSERCIÓ,AUXILIAR DE FABRICACIÓ MECÀNICA I D'AJUST I SOLDADURA,1,174,2,172,0,10
2022/2023,2022,PROGRAMA DE FORMACIÓ I INSERCIÓ,AUXILIAR DE FABRICACIÓ MECÀNICA I INSTAL·LACIONS ELECTROTÈCNIQUES,1,137,1,136,0,9
2022/2023,2022,PROGRAMA DE FORMACIÓ I INSERCIÓ,"AUXILIAR DE FONTANERIA, CALEFACCIÓ I CLIMATITZACIÓ",1,103,3,100,0,7
2022/2023,2022,PROGRAMA DE FORMACIÓ I INSERCIÓ,AUXILIAR DE FUSTERIA METÀL·LICA I PVC,1,28,0,28,0,2
2022/2023,2022,PROGRAMA DE FORMACIÓ I INSERCIÓ,AUXILIAR DE MANTENIMENT D'EMBARCACIONS ESPORTIVES I D'ESBARJO,1,54,2,52,0,3
2022/2023,2022,PROGRAMA DE FORMACIÓ I INSERCIÓ,AUXILIAR DE MANTENIMENT I REPARACIÓ DE CARROSSERIA DE VEHICLES,1,15,1,14,0,1
2022/2023,2022,PROGRAMA DE FORMACIÓ I INSERCIÓ,AUXILIAR DE MANTENIMENT I REPARACIÓ DE VEHICLES DE MOBILITAT PERSONAL,1,78,5,73,0,5
2022/2023,2022,PROGRAMA DE FORMACIÓ I INSERCIÓ,AUXILIAR DE MUNTATGE I MANTENIMENT D'EQUIPS INFORMÀTICS,1,506,36,470,0,31
2022/2023,2022,PROGRAMA DE FORMACIÓ I INSERCIÓ,AUXILIAR DE MUNTATGES D'INSTAL·LACIONS ELECTROTÈCNIQUES EN EDIFICIS,1,158,1,157,0,10
2022/2023,2022,PROGRAMA DE FORMACIÓ I INSERCIÓ,"AUXILIAR DE MUNTATGES D'INSTAL·LACIONS ELÈCTRIQUES, D'AIGUA I GAS",1,404,12,392,0,26
2022/2023,2022,PROGRAMA DE FORMACIÓ I INSERCIÓ,AUXILIAR DE PASTISSERIA I FORNERIA,1,127,61,66,0,6
2022/2023,2022,PROGRAMA DE FORMACIÓ I INSERCIÓ,AUXILIAR DE PINTURA,1,210,23,187,0,13
2022/2023,2022,PROGRAMA DE FORMACIÓ I INSERCIÓ,AUXILIAR DE PREPARACIÓ I COMERCIALITZACIÓ DE PEIX I MARISC,1,32,1,31,0,2
2022/2023,2022,PROGRAMA DE FORMACIÓ I INSERCIÓ,AUXILIAR DE REPARACIÓ I MANTENIMENT DE VEHICLES LLEUGERS,1,449,15,434,0,25
2022/2023,2022,PROGRAMA DE FORMACIÓ I INSERCIÓ,AUXILIAR DE SERRALLERIA I CONSTRUCCIONS METÀL·LIQUES,1,59,0,59,0,4
2022/2023,2022,PROGRAMA DE FORMACIÓ I INSERCIÓ,"AUXILIAR DE VENDES, OFICINA I ATENCIÓ AL PÚBLIC",1,983,456,527,0,62
2022/2023,2022,PROGRAMA DE FORMACIÓ I INSERCIÓ,AUXILIAR DE VIVERS I JARDINS,1,510,57,453,0,35
2022/2023,2022,PROGRAMA DE FORMACIÓ I INSERCIÓ,AUXILIAR EN ESTABLIMENTS DEL SECTOR CARNI,1,36,0,36,0,1
2022/2023,2022,PROGRAMA DE FORMACIÓ I INSERCIÓ,AUXILIAR EN ESTABLIMENTS HOTELERS I DE RESTAURACIÓ,1,45,13,32,0,3
2022/2023,2022,PROGRAMA DE FORMACIÓ I INSERCIÓ,AUXILIAR EN TREBALLS DE FUSTERIA I INSTAL·LACIÓ DE MOBLES,1,170,5,165,0,11
2023/2024,2023,ART DRAMÀTIC SUPERIOR,ADRL -  INTERPRETACIÓ,1,72,48,24,0,2
2023/2024,2023,ART DRAMÀTIC SUPERIOR,ADRL -  INTERPRETACIÓ,2,69,47,22,0,2
2023/2024,2023,ART DRAMÀTIC SUPERIOR,ADRL -  INTERPRETACIÓ,3,67,53,14,0,2
2023/2024,2023,ART DRAMÀTIC SUPERIOR,ADRL -  INTERPRETACIÓ,4,101,62,39,0,2
2023/2024,2023,ART DRAMÀTIC SUPERIOR,ADRL - DIRECCIÓ D'ESCENA I DRAMATÚRGIA,1,20,10,10,0,2
2023/2024,2023,ART DRAMÀTIC SUPERIOR,ADRL - DIRECCIÓ D'ESCENA I DRAMATÚRGIA,2,24,9,15,0,2
2023/2024,2023,ART DRAMÀTIC SUPERIOR,ADRL - DIRECCIÓ D'ESCENA I DRAMATÚRGIA,3,16,6,10,0,2
2023/2024,2023,ART DRAMÀTIC SUPERIOR,ADRL - DIRECCIÓ D'ESCENA I DRAMATÚRGIA,4,45,29,16,0,2
2023/2024,2023,ART DRAMÀTIC SUPERIOR,ADRL - ESCENOGRAFIA,1,13,11,2,0,1
2023/2024,2023,ART DRAMÀTIC SUPERIOR,ADRL - ESCENOGRAFIA,2,7,3,4,0,1
2023/2024,2023,ART DRAMÀTIC SUPERIOR,ADRL - ESCENOGRAFIA,3,9,8,1,0,1
2023/2024,2023,ART DRAMÀTIC SUPERIOR,ADRL - ESCENOGRAFIA,4,24,16,8,0,1
2023/2024,2023,ARTS ESCÈNIQUES,ESCM - TÈCNIC D'ANIMACIÓ EN CIRC,1,19,15,4,0,1
2023/2024,2023,ARTS ESCÈNIQUES,ESCM - TÈCNIC D'ANIMACIÓ EN CIRC,2,19,18,1,0,1
2023/2024,2023,ARTS ESCÈNIQUES,ESCM - TÈCNIC DE DANSA URBANA,1,88,69,19,1,4
2023/2024,2023,ARTS ESCÈNIQUES,ESCM - TÈCNIC DE DANSA URBANA,2,38,25,13,0,2
2023/2024,2023,ARTS ESCÈNIQUES,ESCS - LUMINOTÈCNIA PER A LES ARTS ESCÈNIQUES,1,8,6,2,1,1
2023/2024,2023,ARTS ESCÈNIQUES,ESCS - MAQUINÀRIA ESCÈNICA,1,3,2,1,1,1
2023/2024,2023,ARTS ESCÈNIQUES,ESCS - SONORITZACIÓ PER A LES ARTS ESCÈNIQUES,1,6,4,2,1,1
2023/2024,2023,ARTS ESCÈNIQUES,ESCS - TÈCNIC SUPERIOR EN ARTS DEL CIRC,1,15,10,5,0,1
2023/2024,2023,ARTS ESCÈNIQUES,ESCS - TÈCNIC SUPERIOR EN TÈCNIQUES D'ACTUACIÓ TEATRAL,1,91,71,20,4,8
2023/2024,2023,ARTS ESCÈNIQUES,ESCS - TÈCNIC SUPERIOR EN TÈCNIQUES D'ACTUACIÓ TEATRAL,2,92,58,34,3,7
2023/2024,2023,ARTS ESCÈNIQUES,ESCS - TÈCNIC SUPERIOR EN TÈCNIQUES DE DIRECCIÓ CORAL,1,4,3,1,1,1
2023/2024,2023,ARTS PLÀSTIQUES I DISSENY,CFAM - ARTESANIA DE COMPLEMENTS DE CUIR,1,9,8,1,1,1
2023/2024,2023,ARTS PLÀSTIQUES I DISSENY,CFAM - ARTESANIA DE COMPLEMENTS DE CUIR,2,11,9,2,1,1
2023/2024,2023,ARTS PLÀSTIQUES I DISSENY,CFAM - ASSISTÈNCIA AL PROD. GRÀFIC INTERACTIU (ASSIS.CREACIÓ I PRODUCCIÓ DE VIDEOJOCS),1,73,36,37,2,2
2023/2024,2023,ARTS PLÀSTIQUES I DISSENY,CFAM - ASSISTÈNCIA AL PROD. GRÀFIC INTERACTIU (ASSIS.CREACIÓ I PRODUCCIÓ DE VIDEOJOCS),2,42,20,22,2,1
2023/2024,2023,ARTS PLÀSTIQUES I DISSENY,CFAM - ASSISTÈNCIA AL PRODUCTE GRÀFIC IMPRÈS,1,303,210,93,16,11
2023/2024,2023,ARTS PLÀSTIQUES I DISSENY,CFAM - ASSISTÈNCIA AL PRODUCTE GRÀFIC IMPRÈS,2,255,148,107,16,11
2023/2024,2023,ARTS PLÀSTIQUES I DISSENY,CFAM - ASSISTÈNCIA AL PRODUCTE GRÀFIC IMPRÈS (ASSISTENT DE FOTOGRAFIA),1,30,21,9,6,2
2023/2024,2023,ARTS PLÀSTIQUES I DISSENY,CFAM - ASSISTÈNCIA AL PRODUCTE GRÀFIC IMPRÈS (ASSISTENT DE FOTOGRAFIA),2,43,32,11,6,2
2023/2024,2023,ARTS PLÀSTIQUES I DISSENY,CFAM - ASSISTÈNCIA AL PRODUCTE GRÀFIC INTERACTIU,1,289,168,121,23,12
2023/2024,2023,ARTS PLÀSTIQUES I DISSENY,CFAM - ASSISTÈNCIA AL PRODUCTE GRÀFIC INTERACTIU,2,285,161,124,23,12
2023/2024,2023,ARTS PLÀSTIQUES I DISSENY,CFAM - DECORACIÓ CERÀMICA,1,23,17,6,2,2
2023/2024,2023,ARTS PLÀSTIQUES I DISSENY,CFAM - DECORACIÓ CERÀMICA,2,21,19,2,2,2
2023/2024,2023,ARTS PLÀSTIQUES I DISSENY,CFAM - ENCASTAMENT,1,22,18,4,1,1
2023/2024,2023,ARTS PLÀSTIQUES I DISSENY,CFAM - ESMALTATGE SOBRE METALLS,1,8,8,0,1,1
2023/2024,2023,ARTS PLÀSTIQUES I DISSENY,CFAM - ESMALTATGE SOBRE METALLS,2,8,3,5,1,1
2023/2024,2023,ARTS PLÀSTIQUES I DISSENY,CFAM - FORJA ARTÍSTICA,1,13,3,10,10,2
2023/2024,2023,ARTS PLÀSTIQUES I DISSENY,CFAM - FORJA ARTÍSTICA,2,12,4,8,10,2
2023/2024,2023,ARTS PLÀSTIQUES I DISSENY,CFAM - PROCEDIMENTS DE JOIERIA ARTÍSTICA,1,14,9,5,1,1
2023/2024,2023,ARTS PLÀSTIQUES I DISSENY,CFAM - PROCEDIMENTS DE JOIERIA ARTÍSTICA,2,9,6,3,1,1
2023/2024,2023,ARTS PLÀSTIQUES I DISSENY,CFAM - REPRODUCCIONS ARTÍSTIQUES EN FUSTA,1,11,10,1,5,1
2023/2024,2023,ARTS PLÀSTIQUES I DISSENY,CFAM - REPRODUCCIONS ARTÍSTIQUES EN FUSTA,2,6,4,2,5,1
2023/2024,2023,ARTS PLÀSTIQUES I DISSENY,CFAM - REPRODUCCIONS ARTÍSTIQUES EN FUSTA (CREACIÓ D'OBJECTE I MOBLE),1,15,7,8,1,1
2023/2024,2023,ARTS PLÀSTIQUES I DISSENY,CFAM - REPRODUCCIONS ARTÍSTIQUES EN FUSTA (CREACIÓ D'OBJECTE I MOBLE),2,16,3,13,1,1
2023/2024,2023,ARTS PLÀSTIQUES I DISSENY,CFAM - REVESTIMENTS MURALS,1,78,65,13,3,3
2023/2024,2023,ARTS PLÀSTIQUES I DISSENY,CFAM - REVESTIMENTS MURALS,2,63,47,16,3,3
2023/2024,2023,ARTS PLÀSTIQUES I DISSENY,CFAM - SERIGRAFIA ARTÍSTICA,1,85,63,22,4,4
2023/2024,2023,ARTS PLÀSTIQUES I DISSENY,CFAM - TERRISSERIA,1,16,15,1,1,1
2023/2024,2023,ARTS PLÀSTIQUES I DISSENY,CFAM - TERRISSERIA,2,8,6,2,1,1
2023/2024,2023,ARTS PLÀSTIQUES I DISSENY,CFAS - ANIMACIÓ,1,76,46,30,9,5
2023/2024,2023,ARTS PLÀSTIQUES I DISSENY,CFAS - ANIMACIÓ,2,110,68,42,10,6
2023/2024,2023,ARTS PLÀSTIQUES I DISSENY,CFAS - ANIMACIÓ (VIDEOJOCS I ENTORNS PROFESSIONALS I PROJECTE),1,30,14,16,1,1
2023/2024,2023,ARTS PLÀSTIQUES I DISSENY,CFAS - ANIMACIÓ (VIDEOJOCS I ENTORNS PROFESSIONALS I PROJECTE),2,27,15,12,1,1
2023/2024,2023,ARTS PLÀSTIQUES I DISSENY,CFAS - ANIMACIÓ (VIDEOJOCS I ENTORNS VIRTUALS),1,52,23,29,3,3
2023/2024,2023,ARTS PLÀSTIQUES I DISSENY,CFAS - ANIMACIÓ (VIDEOJOCS I ENTORNS VIRTUALS),2,35,16,19,7,3
2023/2024,2023,ARTS PLÀSTIQUES I DISSENY,CFAS - ARQUITECTURA EFÍMERA,1,23,20,3,6,2
2023/2024,2023,ARTS PLÀSTIQUES I DISSENY,CFAS - ARQUITECTURA EFÍMERA,2,42,36,6,7,3
2023/2024,2023,ARTS PLÀSTIQUES I DISSENY,CFAS - ART TÈXTIL,1,17,15,2,1,1
2023/2024,2023,ARTS PLÀSTIQUES I DISSENY,CFAS - ART TÈXTIL,2,29,24,5,1,1
2023/2024,2023,ARTS PLÀSTIQUES I DISSENY,CFAS - ARTS APLICADES AL MUR,1,56,49,7,13,5
2023/2024,2023,ARTS PLÀSTIQUES I DISSENY,CFAS - ARTS APLICADES AL MUR,2,82,58,24,13,5
2023/2024,2023,ARTS PLÀSTIQUES I DISSENY,CFAS - CERÀMICA ARTÍSTICA,1,25,22,3,11,3
2023/2024,2023,ARTS PLÀSTIQUES I DISSENY,CFAS - CERÀMICA ARTÍSTICA,2,19,15,4,11,3
2023/2024,2023,ARTS PLÀSTIQUES I DISSENY,CFAS - CERÀMICA ARTÍSTICA (FABRICACIÓ DIGITAL I TÈCNIQUES TRADICIONALS),1,10,9,1,5,1
2023/2024,2023,ARTS PLÀSTIQUES I DISSENY,CFAS - CERÀMICA ARTÍSTICA (FABRICACIÓ DIGITAL I TÈCNIQUES TRADICIONALS),2,13,13,0,5,1
2023/2024,2023,ARTS PLÀSTIQUES I DISSENY,CFAS - CERÀMICA ARTÍSTICA (FORMACIÓ EN ENTORN PROFESSIONAL),1,28,26,2,1,1
2023/2024,2023,ARTS PLÀSTIQUES I DISSENY,CFAS - CERÀMICA ARTÍSTICA (FORMACIÓ EN ENTORN PROFESSIONAL),2,28,24,4,1,1
2023/2024,2023,ARTS PLÀSTIQUES I DISSENY,CFAS - CÒMIC,1,46,25,21,2,2
2023/2024,2023,ARTS PLÀSTIQUES I DISSENY,CFAS - CÒMIC,2,43,33,10,2,2
2023/2024,2023,ARTS PLÀSTIQUES I DISSENY,CFAS - ENQUADERNACIÓ ARTÍSTICA,2,16,15,1,5,1
2023/2024,2023,ARTS PLÀSTIQUES I DISSENY,CFAS - ESCULTURA APLICADA A L'ESPECTACLE,1,8,8,0,10,2
2023/2024,2023,ARTS PLÀSTIQUES I DISSENY,CFAS - ESCULTURA APLICADA A L'ESPECTACLE,2,22,15,7,10,3
2023/2024,2023,ARTS PLÀSTIQUES I DISSENY,CFAS - ESCULTURA APLICADA A L'ESPECTACLE (ENTERTAINMENT ARTS),1,6,4,2,1,1
2023/2024,2023,ARTS PLÀSTIQUES I DISSENY,CFAS - ESCULTURA APLICADA A L'ESPECTACLE (ENTERTAINMENT ARTS),2,8,8,0,1,1
2023/2024,2023,ARTS PLÀSTIQUES I DISSENY,CFAS - ESMALT ARTÍSTIC AL FOC SOBRE METALLS,1,8,5,3,1,1
2023/2024,2023,ARTS PLÀSTIQUES I DISSENY,CFAS - ESMALT ARTÍSTIC AL FOC SOBRE METALLS,2,18,14,4,26,2
2023/2024,2023,ARTS PLÀSTIQUES I DISSENY,CFAS - ESTAMPACIONS I TINTATGES ARTÍSTICS,1,6,5,1,5,1
2023/2024,2023,ARTS PLÀSTIQUES I DISSENY,CFAS - ESTAMPACIONS I TINTATGES ARTÍSTICS,2,7,6,1,5,1
2023/2024,2023,ARTS PLÀSTIQUES I DISSENY,CFAS - ESTILISME D'INDUMENTÀRIA,1,66,54,12,3,2
2023/2024,2023,ARTS PLÀSTIQUES I DISSENY,CFAS - ESTILISME D'INDUMENTÀRIA,2,86,65,21,16,3
2023/2024,2023,ARTS PLÀSTIQUES I DISSENY,CFAS - FOSA ARTÍSTICA,2,7,2,5,30,2
2023/2024,2023,ARTS PLÀSTIQUES I DISSENY,CFAS - FOTOGRAFIA,1,83,54,29,5,5
2023/2024,2023,ARTS PLÀSTIQUES I DISSENY,CFAS - FOTOGRAFIA,2,56,45,11,5,5
2023/2024,2023,ARTS PLÀSTIQUES I DISSENY,CFAS - GRAVAT I TÈCNIQUES D'ESTAMPACIÓ,1,23,18,5,1,1
2023/2024,2023,ARTS PLÀSTIQUES I DISSENY,CFAS - GRAVAT I TÈCNIQUES D'ESTAMPACIÓ,2,18,16,2,5,1
2023/2024,2023,ARTS PLÀSTIQUES I DISSENY,CFAS - GRÀFICA AUDIOVISUAL,1,45,27,18,2,3
2023/2024,2023,ARTS PLÀSTIQUES I DISSENY,CFAS - GRÀFICA AUDIOVISUAL,2,72,35,37,3,4
2023/2024,2023,ARTS PLÀSTIQUES I DISSENY,CFAS - GRÀFICA AUDIOVISUAL (INFOGRAFIA 3D),1,13,6,7,1,1
2023/2024,2023,ARTS PLÀSTIQUES I DISSENY,CFAS - GRÀFICA AUDIOVISUAL (INFOGRAFIA 3D),2,16,10,6,1,1
2023/2024,2023,ARTS PLÀSTIQUES I DISSENY,CFAS - GRÀFICA AUDIOVISUAL (REALITAT VIRTUAL I GAMIFICACIÓ),1,10,3,7,5,1
2023/2024,2023,ARTS PLÀSTIQUES I DISSENY,CFAS - GRÀFICA AUDIOVISUAL (REALITAT VIRTUAL I GAMIFICACIÓ),2,20,12,8,5,1
2023/2024,2023,ARTS PLÀSTIQUES I DISSENY,CFAS - GRÀFICA IMPRESA,1,50,39,11,7,3
2023/2024,2023,ARTS PLÀSTIQUES I DISSENY,CFAS - GRÀFICA IMPRESA,2,65,51,14,7,3
2023/2024,2023,ARTS PLÀSTIQUES I DISSENY,CFAS - GRÀFICA IMPRESA I PROJECTE,1,28,21,7,1,1
2023/2024,2023,ARTS PLÀSTIQUES I DISSENY,CFAS - GRÀFICA IMPRESA I PROJECTE,2,30,22,8,1,1
2023/2024,2023,ARTS PLÀSTIQUES I DISSENY,CFAS - GRÀFICA INTERACTIVA,1,61,36,25,9,5
2023/2024,2023,ARTS PLÀSTIQUES I DISSENY,CFAS - GRÀFICA INTERACTIVA,2,106,59,47,10,6
2023/2024,2023,ARTS PLÀSTIQUES I DISSENY,CFAS - GRÀFICA INTERACTIVA (DISSENY WEB I APLICACIONS),1,13,6,7,1,1
2023/2024,2023,ARTS PLÀSTIQUES I DISSENY,CFAS - GRÀFICA INTERACTIVA (DISSENY WEB I APLICACIONS),2,22,18,4,1,1
2023/2024,2023,ARTS PLÀSTIQUES I DISSENY,CFAS - GRÀFICA PUBLICITÀRIA,1,304,214,90,15,16
2023/2024,2023,ARTS PLÀSTIQUES I DISSENY,CFAS - GRÀFICA PUBLICITÀRIA,2,334,214,120,14,15
2023/2024,2023,ARTS PLÀSTIQUES I DISSENY,CFAS - IL·LUSTRACIÓ,1,265,216,49,16,11
2023/2024,2023,ARTS PLÀSTIQUES I DISSENY,CFAS - IL·LUSTRACIÓ,2,287,216,71,16,11
2023/2024,2023,ARTS PLÀSTIQUES I DISSENY,CFAS - JOIERIA ARTÍSTICA,1,80,62,18,9,5
2023/2024,2023,ARTS PLÀSTIQUES I DISSENY,CFAS - JOIERIA ARTÍSTICA,2,100,76,24,9,5
2023/2024,2023,ARTS PLÀSTIQUES I DISSENY,CFAS - MOBLAMENT,2,17,14,3,5,1
2023/2024,2023,ARTS PLÀSTIQUES I DISSENY,CFAS - MODELISME I MATRICERIA CERÀMICA,1,14,12,2,5,1
2023/2024,2023,ARTS PLÀSTIQUES I DISSENY,CFAS - MODELISME I MATRICERIA CERÀMICA,2,12,9,3,5,1
2023/2024,2023,ARTS PLÀSTIQUES I DISSENY,CFAS - MODELISME INDUSTRIAL,1,29,18,11,6,2
2023/2024,2023,ARTS PLÀSTIQUES I DISSENY,CFAS - MODELISME INDUSTRIAL,2,63,27,36,6,3
2023/2024,2023,ARTS PLÀSTIQUES I DISSENY,"CFAS - MOTLLES I REPRODUCCIONS ESCULTÒRIQUES (MODELS 3D, MOTLLES I ART TOYS)",1,3,0,3,5,1
2023/2024,2023,ARTS PLÀSTIQUES I DISSENY,"CFAS - MOTLLES I REPRODUCCIONS ESCULTÒRIQUES (MODELS 3D, MOTLLES I ART TOYS)",2,8,7,1,5,1
2023/2024,2023,ARTS PLÀSTIQUES I DISSENY,CFAS - PROJECTES I DIRECCIÓ D'OBRES DE DECORACIÓ,1,241,201,40,28,10
2023/2024,2023,ARTS PLÀSTIQUES I DISSENY,CFAS - PROJECTES I DIRECCIÓ D'OBRES DE DECORACIÓ,2,309,259,50,14,11
2023/2024,2023,ARTS PLÀSTIQUES I DISSENY,CFAS - PUNTES ARTÍSTIQUES,2,1,1,0,5,1
2023/2024,2023,ARTS PLÀSTIQUES I DISSENY,CFAS - TÈCNIQUES ESCULTÒRIQUES,1,57,35,22,16,4
2023/2024,2023,ARTS PLÀSTIQUES I DISSENY,CFAS - TÈCNIQUES ESCULTÒRIQUES,2,32,23,9,16,4
2023/2024,2023,BATXILLERAT,BATXILLERAT,NA,2003,904,1099,0,20
2023/2024,2023,BATXILLERAT,BATXILLERAT D'ARTS,1,3614,2832,782,244,139
2023/2024,2023,BATXILLERAT,BATXILLERAT D'ARTS,2,3726,3004,722,226,138
2023/2024,2023,BATXILLERAT,"BATXILLERAT D'ARTS. VIA D'ARTS ESCÈNIQUES, MÚSICA I DANSA",NA,98,63,35,0,1
2023/2024,2023,BATXILLERAT,"BATXILLERAT D'ARTS. VIA D'ARTS PLÀSTIQUES, DISSENY I IMATGE",NA,169,128,41,0,1
2023/2024,2023,BATXILLERAT,BATXILLERAT D'HUMANITATS I CIÈNCIES SOCIALS,1,23405,13595,9810,3313,723
2023/2024,2023,BATXILLERAT,BATXILLERAT D'HUMANITATS I CIÈNCIES SOCIALS,2,21659,12967,8692,2518,722
2023/2024,2023,BATXILLERAT,BATXILLERAT D'HUMANITATS I CIÈNCIES SOCIALS,NA,806,472,334,0,1
2023/2024,2023,BATXILLERAT,BATXILLERAT DE CIÈNCIES I TECNOLOGIA,1,25913,12241,13672,3329,724
2023/2024,2023,BATXILLERAT,BATXILLERAT DE CIÈNCIES I TECNOLOGIA,2,21784,10298,11486,2529,725
2023/2024,2023,BATXILLERAT,BATXILLERAT DE CIÈNCIES I TECNOLOGIA,NA,354,164,190,0,1
2023/2024,2023,BATXILLERAT,BATXILLERAT GENERAL,1,131,77,54,0,10
2023/2024,2023,BATXILLERAT,BATXILLERAT GENERAL,2,78,41,37,0,10
2023/2024,2023,BATXILLERAT,GENERAL,NA,67,27,40,0,1
2023/2024,2023,CONSERVACIÓ I RESTAURACIÓ DE BÉNS CULTURALS,CONSERVACIÓ I RESTAURACIÓ D'ESCULTURA,3,6,4,2,0,1
2023/2024,2023,CONSERVACIÓ I RESTAURACIÓ DE BÉNS CULTURALS,CONSERVACIÓ I RESTAURACIÓ D'ESCULTURA,4,4,3,1,0,1
2023/2024,2023,CONSERVACIÓ I RESTAURACIÓ DE BÉNS CULTURALS,CONSERVACIÓ I RESTAURACIÓ D'ESCULTURA,A,2,2,0,0,1
2023/2024,2023,CONSERVACIÓ I RESTAURACIÓ DE BÉNS CULTURALS,CONSERVACIÓ I RESTAURACIÓ DE BÉNS ARQUEOLÒGICS,1,27,22,5,0,1
2023/2024,2023,CONSERVACIÓ I RESTAURACIÓ DE BÉNS CULTURALS,CONSERVACIÓ I RESTAURACIÓ DE BÉNS ARQUEOLÒGICS,2,25,21,4,0,1
2023/2024,2023,CONSERVACIÓ I RESTAURACIÓ DE BÉNS CULTURALS,CONSERVACIÓ I RESTAURACIÓ DE BÉNS ARQUEOLÒGICS,3,6,6,0,0,1
2023/2024,2023,CONSERVACIÓ I RESTAURACIÓ DE BÉNS CULTURALS,CONSERVACIÓ I RESTAURACIÓ DE BÉNS ARQUEOLÒGICS,4,8,4,4,0,1
2023/2024,2023,CONSERVACIÓ I RESTAURACIÓ DE BÉNS CULTURALS,CONSERVACIÓ I RESTAURACIÓ DE BÉNS ARQUEOLÒGICS,A,9,9,0,0,1
2023/2024,2023,CONSERVACIÓ I RESTAURACIÓ DE BÉNS CULTURALS,CONSERVACIÓ I RESTAURACIÓ DE DOCUMENT GRÀFIC,3,6,6,0,0,1
2023/2024,2023,CONSERVACIÓ I RESTAURACIÓ DE BÉNS CULTURALS,CONSERVACIÓ I RESTAURACIÓ DE DOCUMENT GRÀFIC,4,6,6,0,0,1
2023/2024,2023,CONSERVACIÓ I RESTAURACIÓ DE BÉNS CULTURALS,CONSERVACIÓ I RESTAURACIÓ DE PINTURA,3,9,7,2,0,1
2023/2024,2023,CONSERVACIÓ I RESTAURACIÓ DE BÉNS CULTURALS,CONSERVACIÓ I RESTAURACIÓ DE PINTURA,4,8,8,0,0,1
2023/2024,2023,CURSOS D'ACCÉS SENSE TITULACIÓ,CURS  ESPECÍFIC PER A l'ACCÉS ALS CICLES FORMATIUS DE GRAU MITJÀ D'FP,NA,335,163,172,0,22
2023/2024,2023,DANSA,COREOGRAFIA I INTERPRETACIÓ,1,13,9,4,0,1
2023/2024,2023,DANSA,COREOGRAFIA I INTERPRETACIÓ,2,10,9,1,0,1
2023/2024,2023,DANSA,COREOGRAFIA I INTERPRETACIÓ,3,14,10,4,0,1
2023/2024,2023,DANSA,COREOGRAFIA I INTERPRETACIÓ,4,17,11,6,0,1
2023/2024,2023,DANSA,DANSA CLÀSSICA,1,25,19,6,0,2
2023/2024,2023,DANSA,DANSA CLÀSSICA,2,29,26,3,0,2
2023/2024,2023,DANSA,DANSA CLÀSSICA,3,26,21,5,0,2
2023/2024,2023,DANSA,DANSA CLÀSSICA,4,24,20,4,0,2
2023/2024,2023,DANSA,DANSA CLÀSSICA,5,22,18,4,0,2
2023/2024,2023,DANSA,DANSA CLÀSSICA,6,26,22,4,0,2
2023/2024,2023,DANSA,DANSA CONTEMPORÀNIA,1,23,16,7,0,2
2023/2024,2023,DANSA,DANSA CONTEMPORÀNIA,2,28,19,9,0,2
2023/2024,2023,DANSA,DANSA CONTEMPORÀNIA,3,30,24,6,0,2
2023/2024,2023,DANSA,DANSA CONTEMPORÀNIA,4,28,24,4,0,2
2023/2024,2023,DANSA,DANSA CONTEMPORÀNIA,5,27,21,6,0,2
2023/2024,2023,DANSA,DANSA CONTEMPORÀNIA,6,24,20,4,0,2
2023/2024,2023,DANSA,DANSA ESPANYOLA,1,9,8,1,0,1
2023/2024,2023,DANSA,DANSA ESPANYOLA,2,7,5,2,0,1
2023/2024,2023,DANSA,DANSA ESPANYOLA,3,11,11,0,0,1
2023/2024,2023,DANSA,DANSA ESPANYOLA,4,12,10,2,0,1
2023/2024,2023,DANSA,DANSA ESPANYOLA,5,9,9,0,0,1
2023/2024,2023,DANSA,DANSA ESPANYOLA,6,7,7,0,0,1
2023/2024,2023,DANSA,PEDAGOGIA DE LA DANSA,1,12,12,0,0,1
2023/2024,2023,DANSA,PEDAGOGIA DE LA DANSA,2,14,13,1,0,1
2023/2024,2023,DANSA,PEDAGOGIA DE LA DANSA,3,7,7,0,0,1
2023/2024,2023,DANSA,PEDAGOGIA DE LA DANSA,4,22,20,2,0,1
2023/2024,2023,EDUCACIÓ D'ADULTS,ADAPTACIÓ DE L'EDUCACIÓ SECUNDÀRIA OBLIGATÒRIA PER A PERSONES ADULTES,NA,11088,5722,5366,0,138
2023/2024,2023,EDUCACIÓ D'ADULTS,CICLE DE FORMACIÓ INSTRUMENTAL,NA,9418,5247,4171,0,128
2023/2024,2023,EDUCACIÓ D'ADULTS NO REGLATS,ACCÈS A CICLES FORMATIUS DE GRAU MITJÀ,NA,282,160,122,0,27
2023/2024,2023,EDUCACIÓ D'ADULTS NO REGLATS,ACCÈS A LA UNIVERSITAT PER MAJORS 25,NA,1958,1185,773,0,80
2023/2024,2023,EDUCACIÓ D'ADULTS NO REGLATS,ACCÈS CICLES FORMATIUS DE GRAU SUPERIOR,NA,1973,942,1031,0,105
2023/2024,2023,EDUCACIÓ D'ADULTS NO REGLATS,INFORMÀTICA NIVELL USUARI,NA,11296,8016,3280,0,142
2023/2024,2023,EDUCACIÓ D'ADULTS NO REGLATS,LLENGUA CASTELLANA,NA,13099,7385,5714,0,143
2023/2024,2023,EDUCACIÓ D'ADULTS NO REGLATS,LLENGUA CATALANA,NA,9396,5164,4232,0,138
2023/2024,2023,EDUCACIÓ D'ADULTS NO REGLATS,LLENGUA ESTRANGERA ANGLÈS INICIAL,NA,12478,8266,4212,0,146
2023/2024,2023,EDUCACIÓ D'ADULTS NO REGLATS,LLENGUA ESTRANGERA FRANCÈS INICIAL,NA,1113,659,454,0,34
2023/2024,2023,EDUCACIÓ ESPECIAL,EDUCACIÓ ESPECIAL INFANTIL,1,90,27,63,0,38
2023/2024,2023,EDUCACIÓ ESPECIAL,EDUCACIÓ ESPECIAL INFANTIL,2,150,56,94,0,49
2023/2024,2023,EDUCACIÓ ESPECIAL,EDUCACIÓ ESPECIAL INFANTIL,3,181,56,125,0,53
2023/2024,2023,EDUCACIÓ ESPECIAL,EDUCACIÓ ESPECIAL PRIMÀRIA,1,248,73,175,0,67
2023/2024,2023,EDUCACIÓ ESPECIAL,EDUCACIÓ ESPECIAL PRIMÀRIA,2,273,90,183,0,72
2023/2024,2023,EDUCACIÓ ESPECIAL,EDUCACIÓ ESPECIAL PRIMÀRIA,3,281,100,181,0,75
2023/2024,2023,EDUCACIÓ ESPECIAL,EDUCACIÓ ESPECIAL PRIMÀRIA,4,275,83,192,0,73
2023/2024,2023,EDUCACIÓ ESPECIAL,EDUCACIÓ ESPECIAL PRIMÀRIA,5,354,111,243,0,80
2023/2024,2023,EDUCACIÓ ESPECIAL,EDUCACIÓ ESPECIAL PRIMÀRIA,6,422,139,283,0,83
2023/2024,2023,EDUCACIÓ ESPECIAL,EDUCACIÓ ESPECIAL SECUNDÀRIA,1,612,195,417,0,88
2023/2024,2023,EDUCACIÓ ESPECIAL,EDUCACIÓ ESPECIAL SECUNDÀRIA,2,694,232,462,0,92
2023/2024,2023,EDUCACIÓ ESPECIAL,EDUCACIÓ ESPECIAL SECUNDÀRIA,3,714,227,487,0,90
2023/2024,2023,EDUCACIÓ ESPECIAL,EDUCACIÓ ESPECIAL SECUNDÀRIA,4,1736,620,1116,0,98
2023/2024,2023,EDUCACIÓ ESPECIAL,EE PFI - AUXILIAR D'ACTIVITATS AGROPECUÀRIES,1,12,6,6,0,1
2023/2024,2023,EDUCACIÓ ESPECIAL,EE PFI - AUXILIAR D'ACTIVITATS AGROPECUÀRIES,2,9,6,3,0,1
2023/2024,2023,EDUCACIÓ ESPECIAL,EE PFI - AUXILIAR D'ACTIVITATS D'OFICINA I DE SERVEIS ADMINISTRATIUS GENERALS,1,78,26,52,0,9
2023/2024,2023,EDUCACIÓ ESPECIAL,EE PFI - AUXILIAR D'ACTIVITATS D'OFICINA I DE SERVEIS ADMINISTRATIUS GENERALS,2,69,36,33,0,8
2023/2024,2023,EDUCACIÓ ESPECIAL,EE PFI - AUXILIAR D'ACTIVITATS FORESTALS,1,11,0,11,0,1
2023/2024,2023,EDUCACIÓ ESPECIAL,EE PFI - AUXILIAR D'ACTIVITATS FORESTALS,2,6,0,6,0,1
2023/2024,2023,EDUCACIÓ ESPECIAL,EE PFI - AUXILIAR D'ARTS GRÀFIQUES I SERIGRAFIA,1,42,16,26,0,5
2023/2024,2023,EDUCACIÓ ESPECIAL,EE PFI - AUXILIAR D'ARTS GRÀFIQUES I SERIGRAFIA,2,37,16,21,0,5
2023/2024,2023,EDUCACIÓ ESPECIAL,EE PFI - AUXILIAR D'HOTELERIA: CUINA I CÀTERING,1,4,2,2,0,1
2023/2024,2023,EDUCACIÓ ESPECIAL,EE PFI - AUXILIAR D'HOTELERIA: CUINA I CÀTERING,2,3,3,0,0,1
2023/2024,2023,EDUCACIÓ ESPECIAL,EE PFI - AUXILIAR D'HOTELERIA: CUINA I SERVEIS DE RESTAURACIÓ,1,60,25,35,0,6
2023/2024,2023,EDUCACIÓ ESPECIAL,EE PFI - AUXILIAR D'HOTELERIA: CUINA I SERVEIS DE RESTAURACIÓ,2,55,27,28,0,6
2023/2024,2023,EDUCACIÓ ESPECIAL,EE PFI - AUXILIAR D'IMATGE PERSONAL: PERRUQUERIA I ESTÈTICA,2,4,3,1,0,1
2023/2024,2023,EDUCACIÓ ESPECIAL,EE PFI - AUXILIAR DE COMERÇ I ATENCIÓ AL PÚBLIC,1,19,6,13,0,3
2023/2024,2023,EDUCACIÓ ESPECIAL,EE PFI - AUXILIAR DE COMERÇ I ATENCIÓ AL PÚBLIC,2,13,6,7,0,3
2023/2024,2023,EDUCACIÓ ESPECIAL,EE PFI - AUXILIAR DE CONFECCIÓ EN TÈXTIL I PELL,1,5,5,0,0,1
2023/2024,2023,EDUCACIÓ ESPECIAL,EE PFI - AUXILIAR DE CUINA,1,6,2,4,0,2
2023/2024,2023,EDUCACIÓ ESPECIAL,EE PFI - AUXILIAR DE CUINA,2,8,2,6,0,2
2023/2024,2023,EDUCACIÓ ESPECIAL,EE PFI - AUXILIAR DE FABRICACIÓ MECÀNICA I INSTAL·LACIONS ELECTROTÈCNIQUES,1,20,0,20,0,3
2023/2024,2023,EDUCACIÓ ESPECIAL,EE PFI - AUXILIAR DE FABRICACIÓ MECÀNICA I INSTAL·LACIONS ELECTROTÈCNIQUES,2,18,0,18,0,3
2023/2024,2023,EDUCACIÓ ESPECIAL,EE PFI - AUXILIAR DE MUNTATGES D'INSTAL·LACIONS ELECTROTÈCNIQUES EN EDIFICIS,1,4,0,4,0,1
2023/2024,2023,EDUCACIÓ ESPECIAL,EE PFI - AUXILIAR DE MUNTATGES D'INSTAL·LACIONS ELECTROTÈCNIQUES EN EDIFICIS,2,7,2,5,0,1
2023/2024,2023,EDUCACIÓ ESPECIAL,EE PFI - AUXILIAR DE PALETA I CONSTRUCCIÓ,1,2,0,2,0,1
2023/2024,2023,EDUCACIÓ ESPECIAL,EE PFI - AUXILIAR DE PALETA I CONSTRUCCIÓ,2,3,0,3,0,1
2023/2024,2023,EDUCACIÓ ESPECIAL,EE PFI - AUXILIAR DE PERRUQUERIA I ESTÈTICA,1,5,5,0,0,1
2023/2024,2023,EDUCACIÓ ESPECIAL,EE PFI - AUXILIAR DE PINTURA,1,7,3,4,0,1
2023/2024,2023,EDUCACIÓ ESPECIAL,"EE PFI - AUXILIAR DE VENDES, OFICINA I ATENCIÓ AL PÚBLIC",1,54,19,35,0,5
2023/2024,2023,EDUCACIÓ ESPECIAL,"EE PFI - AUXILIAR DE VENDES, OFICINA I ATENCIÓ AL PÚBLIC",2,40,18,22,0,5
2023/2024,2023,EDUCACIÓ ESPECIAL,EE PFI - AUXILIAR DE VIVERS I JARDINS,1,44,6,38,0,6
2023/2024,2023,EDUCACIÓ ESPECIAL,EE PFI - AUXILIAR DE VIVERS I JARDINS,2,32,5,27,0,6
2023/2024,2023,EDUCACIÓ ESPECIAL,EE PFI - AUXILIAR EN ESTABLIMENTS HOTELERS I DE RESTAURACIÓ,1,24,15,9,0,4
2023/2024,2023,EDUCACIÓ ESPECIAL,EE PFI - AUXILIAR EN ESTABLIMENTS HOTELERS I DE RESTAURACIÓ,2,19,8,11,0,4
2023/2024,2023,EDUCACIÓ ESPECIAL,EE PFI - AUXILIAR EN PASTISSERIA I FORNERIA,1,13,9,4,0,2
2023/2024,2023,EDUCACIÓ ESPECIAL,EE PFI - AUXILIAR EN PASTISSERIA I FORNERIA,2,15,9,6,0,2
2023/2024,2023,EDUCACIÓ ESPECIAL,EE PFI - AUXILIAR EN TREBALLS DE FUSTERIA I INSTAL·LACIÓ DE MOBLES,1,40,2,38,0,7
2023/2024,2023,EDUCACIÓ ESPECIAL,EE PFI - AUXILIAR EN TREBALLS DE FUSTERIA I INSTAL·LACIÓ DE MOBLES,2,32,1,31,0,7
2023/2024,2023,EDUCACIÓ ESPECIAL,PROGRAMA DE FORMACIÓ PER A LA TRANSICIÓ A LA VIDA ADULTA,1,78,26,52,0,11
2023/2024,2023,EDUCACIÓ ESPECIAL,PROGRAMA DE FORMACIÓ PER A LA TRANSICIÓ A LA VIDA ADULTA,2,57,22,35,0,10
2023/2024,2023,EDUCACIÓ INFANTIL,EDUCACIÓ INFANTIL: LLAR D'INFANTS,1,5857,2794,3063,1018,1092
2023/2024,2023,EDUCACIÓ INFANTIL,EDUCACIÓ INFANTIL: LLAR D'INFANTS,2,26782,12906,13876,2590,1538
2023/2024,2023,EDUCACIÓ INFANTIL,EDUCACIÓ INFANTIL: LLAR D'INFANTS,3,41344,20050,21294,2466,1567
2023/2024,2023,EDUCACIÓ INFANTIL,EDUCACIÓ INFANTIL: PARVULARI,1,57729,28400,29329,3102,2257
2023/2024,2023,EDUCACIÓ INFANTIL,EDUCACIÓ INFANTIL: PARVULARI,2,61522,30075,31447,3125,2257
2023/2024,2023,EDUCACIÓ INFANTIL,EDUCACIÓ INFANTIL: PARVULARI,3,65382,31926,33455,3301,2263
2023/2024,2023,EDUCACIÓ INFANTIL,EDUCACIÓ INFANTIL: PARVULARI,NA,2210,1112,1098,0,18
2023/2024,2023,EDUCACIÓ INFANTIL,LLAR D'INFANTS,1,76,44,32,16,16
2023/2024,2023,EDUCACIÓ INFANTIL,LLAR D'INFANTS,2,370,183,187,44,34
2023/2024,2023,EDUCACIÓ INFANTIL,LLAR D'INFANTS,3,577,271,306,45,37
2023/2024,2023,EDUCACIÓ PRIMÀRIA,EDUCACIÓ PRIMÀRIA,1,69783,34021,35762,3135,2264
2023/2024,2023,EDUCACIÓ PRIMÀRIA,EDUCACIÓ PRIMÀRIA,2,73151,35814,37337,3281,2266
2023/2024,2023,EDUCACIÓ PRIMÀRIA,EDUCACIÓ PRIMÀRIA,3,75356,36667,38689,3350,2272
2023/2024,2023,EDUCACIÓ PRIMÀRIA,EDUCACIÓ PRIMÀRIA,4,76747,37253,39494,3348,2266
2023/2024,2023,EDUCACIÓ PRIMÀRIA,EDUCACIÓ PRIMÀRIA,5,76144,37063,39081,3233,2256
2023/2024,2023,EDUCACIÓ PRIMÀRIA,EDUCACIÓ PRIMÀRIA,6,80829,39346,41483,3622,2255
2023/2024,2023,EDUCACIÓ PRIMÀRIA,EDUCACIÓ PRIMÀRIA,NA,5582,2748,2834,0,19
2023/2024,2023,EDUCACIÓ SECUNDÀRIA OBLIGATÒRIA,EDUCACIÓ SECUNDÀRIA OBLIGATÒRIA,1,83672,40627,43045,2994,1162
2023/2024,2023,EDUCACIÓ SECUNDÀRIA OBLIGATÒRIA,EDUCACIÓ SECUNDÀRIA OBLIGATÒRIA,2,86340,41525,44815,3029,1159
2023/2024,2023,EDUCACIÓ SECUNDÀRIA OBLIGATÒRIA,EDUCACIÓ SECUNDÀRIA OBLIGATÒRIA,3,87773,41997,45776,3042,1157
2023/2024,2023,EDUCACIÓ SECUNDÀRIA OBLIGATÒRIA,EDUCACIÓ SECUNDÀRIA OBLIGATÒRIA,4,88710,43338,45372,3108,1149
2023/2024,2023,EDUCACIÓ SECUNDÀRIA OBLIGATÒRIA,EDUCACIÓ SECUNDÀRIA OBLIGATÒRIA,NA,3848,1891,1957,0,18
2023/2024,2023,ENSENYAMENTS D'IDIOMES,ALEMANY,1,91,67,24,0,1
2023/2024,2023,ENSENYAMENTS D'IDIOMES,ALEMANY,2,16,7,9,0,1
2023/2024,2023,ENSENYAMENTS D'IDIOMES,ALEMANY - C1,1,210,124,86,9,8
2023/2024,2023,ENSENYAMENTS D'IDIOMES,ALEMANY - NIVELL AVANÇAT,1,377,204,173,31,27
2023/2024,2023,ENSENYAMENTS D'IDIOMES,ALEMANY - NIVELL AVANÇAT,2,345,209,136,25,24
2023/2024,2023,ENSENYAMENTS D'IDIOMES,ALEMANY - NIVELL BÀSIC,1,1569,872,697,85,31
2023/2024,2023,ENSENYAMENTS D'IDIOMES,ALEMANY - NIVELL BÀSIC,2,942,567,375,68,31
2023/2024,2023,ENSENYAMENTS D'IDIOMES,ALEMANY - NIVELL INTERMEDI,1,739,423,316,53,30
2023/2024,2023,ENSENYAMENTS D'IDIOMES,ANGLÈS,1,836,588,248,0,1
2023/2024,2023,ENSENYAMENTS D'IDIOMES,ANGLÈS,2,406,284,122,0,1
2023/2024,2023,ENSENYAMENTS D'IDIOMES,ANGLÈS - C1,1,4097,2615,1482,132,45
2023/2024,2023,ENSENYAMENTS D'IDIOMES,ANGLÈS - C2,1,914,597,317,1,15
2023/2024,2023,ENSENYAMENTS D'IDIOMES,ANGLÈS - C2,2,442,303,139,0,13
2023/2024,2023,ENSENYAMENTS D'IDIOMES,ANGLÈS - NIVELL AVANÇAT,1,3688,2279,1409,178,45
2023/2024,2023,ENSENYAMENTS D'IDIOMES,ANGLÈS - NIVELL AVANÇAT,2,6186,3715,2471,187,45
2023/2024,2023,ENSENYAMENTS D'IDIOMES,ANGLÈS - NIVELL BÀSIC,1,2516,1599,917,98,42
2023/2024,2023,ENSENYAMENTS D'IDIOMES,ANGLÈS - NIVELL BÀSIC,2,3635,2243,1392,162,45
2023/2024,2023,ENSENYAMENTS D'IDIOMES,ANGLÈS - NIVELL INTERMEDI,1,5020,3058,1962,194,45
2023/2024,2023,ENSENYAMENTS D'IDIOMES,CATALÀ,1,74,48,26,0,1
2023/2024,2023,ENSENYAMENTS D'IDIOMES,CATALÀ PER A NO CATALANOPARLANTS - C1,1,216,135,81,4,12
2023/2024,2023,ENSENYAMENTS D'IDIOMES,CATALÀ PER A NO CATALANOPARLANTS - C2,1,1754,1300,454,14,15
2023/2024,2023,ENSENYAMENTS D'IDIOMES,CATALÀ PER A NO CATALANOPARLANTS - NIVELL AVANÇAT,1,78,61,17,4,5
2023/2024,2023,ENSENYAMENTS D'IDIOMES,CATALÀ PER A NO CATALANOPARLANTS - NIVELL BÀSIC,1,198,125,73,7,3
2023/2024,2023,ENSENYAMENTS D'IDIOMES,CATALÀ PER A NO CATALANOPARLANTS - NIVELL BÀSIC,2,129,94,35,6,4
2023/2024,2023,ENSENYAMENTS D'IDIOMES,CATALÀ PER A NO CATALANOPARLANTS - NIVELL INTERMEDI,1,124,81,43,7,6
2023/2024,2023,ENSENYAMENTS D'IDIOMES,COREÀ  - NIVELL BÀSIC,1,96,83,13,3,1
2023/2024,2023,ENSENYAMENTS D'IDIOMES,COREÀ  - NIVELL BÀSIC,2,50,41,9,2,1
2023/2024,2023,ENSENYAMENTS D'IDIOMES,COREÀ  - NIVELL INTERMEDI,1,34,25,9,1,1
2023/2024,2023,ENSENYAMENTS D'IDIOMES,COREÀ  - NIVELL INTERMEDI,2,13,12,1,1,1
2023/2024,2023,ENSENYAMENTS D'IDIOMES,ESPANYOL - C1,1,49,40,9,0,2
2023/2024,2023,ENSENYAMENTS D'IDIOMES,ESPANYOL PER A PERSONES ESTRANGERES - NIVELL AVANÇAT,1,225,166,59,0,5
2023/2024,2023,ENSENYAMENTS D'IDIOMES,ESPANYOL PER A PERSONES ESTRANGERES - NIVELL AVANÇAT,2,157,115,42,0,5
2023/2024,2023,ENSENYAMENTS D'IDIOMES,ESPANYOL PER A PERSONES ESTRANGERES - NIVELL BÀSIC,1,403,257,146,3,5
2023/2024,2023,ENSENYAMENTS D'IDIOMES,ESPANYOL PER A PERSONES ESTRANGERES - NIVELL BÀSIC,2,536,377,159,3,5
2023/2024,2023,ENSENYAMENTS D'IDIOMES,ESPANYOL PER A PERSONES ESTRANGERES - NIVELL INTERMEDI,1,477,351,126,4,5
2023/2024,2023,ENSENYAMENTS D'IDIOMES,FRANCÈS  - NIVELL BÀSIC,1,1871,1197,674,98,38
2023/2024,2023,ENSENYAMENTS D'IDIOMES,FRANCÈS  - NIVELL BÀSIC,2,1372,885,487,84,39
2023/2024,2023,ENSENYAMENTS D'IDIOMES,FRANCÈS - C1,1,389,259,130,13,14
2023/2024,2023,ENSENYAMENTS D'IDIOMES,FRANCÈS - NIVELL AVANÇAT,1,637,439,198,48,33
2023/2024,2023,ENSENYAMENTS D'IDIOMES,FRANCÈS - NIVELL AVANÇAT,2,618,419,199,41,33
2023/2024,2023,ENSENYAMENTS D'IDIOMES,FRANCÈS - NIVELL INTERMEDI,1,1052,687,365,72,39
2023/2024,2023,ENSENYAMENTS D'IDIOMES,GREC - NIVELL AVANÇAT,1,16,7,9,1,1
2023/2024,2023,ENSENYAMENTS D'IDIOMES,GREC - NIVELL AVANÇAT,2,15,7,8,0,1
2023/2024,2023,ENSENYAMENTS D'IDIOMES,GREC - NIVELL BÀSIC,1,46,25,21,2,1
2023/2024,2023,ENSENYAMENTS D'IDIOMES,GREC - NIVELL BÀSIC,2,35,19,16,1,1
2023/2024,2023,ENSENYAMENTS D'IDIOMES,GREC - NIVELL INTERMEDI,1,29,15,14,1,1
2023/2024,2023,ENSENYAMENTS D'IDIOMES,GREC - NIVELL INTERMEDI,2,2,0,2,0,1
2023/2024,2023,ENSENYAMENTS D'IDIOMES,ITALIÀ - C1,1,119,71,48,2,3
2023/2024,2023,ENSENYAMENTS D'IDIOMES,ITALIÀ - NIVELL AVANÇAT,1,137,91,46,8,6
2023/2024,2023,ENSENYAMENTS D'IDIOMES,ITALIÀ - NIVELL AVANÇAT,2,159,96,63,8,6
2023/2024,2023,ENSENYAMENTS D'IDIOMES,ITALIÀ - NIVELL BÀSIC,1,472,292,180,19,6
2023/2024,2023,ENSENYAMENTS D'IDIOMES,ITALIÀ - NIVELL BÀSIC,2,288,190,98,14,6
2023/2024,2023,ENSENYAMENTS D'IDIOMES,ITALIÀ - NIVELL INTERMEDI,1,246,159,87,8,6
2023/2024,2023,ENSENYAMENTS D'IDIOMES,JAPONÈS - NIVELL AVANÇAT,1,16,7,9,1,1
2023/2024,2023,ENSENYAMENTS D'IDIOMES,JAPONÈS - NIVELL AVANÇAT,2,15,3,12,1,1
2023/2024,2023,ENSENYAMENTS D'IDIOMES,JAPONÈS - NIVELL BÀSIC,1,174,74,100,6,1
2023/2024,2023,ENSENYAMENTS D'IDIOMES,JAPONÈS - NIVELL BÀSIC,2,108,63,45,4,1
2023/2024,2023,ENSENYAMENTS D'IDIOMES,JAPONÈS - NIVELL INTERMEDI,1,61,27,34,2,1
2023/2024,2023,ENSENYAMENTS D'IDIOMES,JAPONÈS - NIVELL INTERMEDI,2,43,16,27,2,1
2023/2024,2023,ENSENYAMENTS D'IDIOMES,NEERLANDÈS - NIVELL AVANÇAT,1,9,8,1,1,1
2023/2024,2023,ENSENYAMENTS D'IDIOMES,NEERLANDÈS - NIVELL AVANÇAT,2,12,8,4,1,1
2023/2024,2023,ENSENYAMENTS D'IDIOMES,NEERLANDÈS - NIVELL BÀSIC,1,40,25,15,2,1
2023/2024,2023,ENSENYAMENTS D'IDIOMES,NEERLANDÈS - NIVELL BÀSIC,2,23,12,11,1,1
2023/2024,2023,ENSENYAMENTS D'IDIOMES,NEERLANDÈS - NIVELL INTERMEDI,1,22,12,10,1,1
2023/2024,2023,ENSENYAMENTS D'IDIOMES,PORTUGUÈS - NIVELL AVANÇAT,1,18,13,5,1,1
2023/2024,2023,ENSENYAMENTS D'IDIOMES,PORTUGUÈS - NIVELL AVANÇAT,2,20,10,10,1,1
2023/2024,2023,ENSENYAMENTS D'IDIOMES,PORTUGUÈS - NIVELL BÀSIC,1,58,29,29,2,1
2023/2024,2023,ENSENYAMENTS D'IDIOMES,PORTUGUÈS - NIVELL BÀSIC,2,24,7,17,1,1
2023/2024,2023,ENSENYAMENTS D'IDIOMES,PORTUGUÈS - NIVELL INTERMEDI,1,22,12,10,1,1
2023/2024,2023,ENSENYAMENTS D'IDIOMES,RUS - NIVELL AVANÇAT,1,30,19,11,3,3
2023/2024,2023,ENSENYAMENTS D'IDIOMES,RUS - NIVELL AVANÇAT,2,31,20,11,2,3
2023/2024,2023,ENSENYAMENTS D'IDIOMES,RUS - NIVELL BÀSIC,1,162,65,97,12,5
2023/2024,2023,ENSENYAMENTS D'IDIOMES,RUS - NIVELL BÀSIC,2,75,32,43,7,4
2023/2024,2023,ENSENYAMENTS D'IDIOMES,RUS - NIVELL INTERMEDI,1,71,39,32,7,5
2023/2024,2023,ENSENYAMENTS D'IDIOMES,RUS - NIVELL INTERMEDI,2,44,13,31,5,4
2023/2024,2023,ENSENYAMENTS D'IDIOMES,XINÈS - NIVELL AVANÇAT,1,6,2,4,1,1
2023/2024,2023,ENSENYAMENTS D'IDIOMES,XINÈS - NIVELL AVANÇAT,2,6,5,1,1,1
2023/2024,2023,ENSENYAMENTS D'IDIOMES,XINÈS - NIVELL BÀSIC,1,162,85,77,6,1
2023/2024,2023,ENSENYAMENTS D'IDIOMES,XINÈS - NIVELL BÀSIC,2,58,23,35,4,1
2023/2024,2023,ENSENYAMENTS D'IDIOMES,XINÈS - NIVELL INTERMEDI,1,36,23,13,2,1
2023/2024,2023,ENSENYAMENTS D'IDIOMES,XINÈS - NIVELL INTERMEDI,2,30,20,10,1,1
2023/2024,2023,ENSENYAMENTS D'IDIOMES,ÀRAB - NIVELL AVANÇAT,1,19,11,8,1,1
2023/2024,2023,ENSENYAMENTS D'IDIOMES,ÀRAB - NIVELL AVANÇAT,2,20,13,7,1,1
2023/2024,2023,ENSENYAMENTS D'IDIOMES,ÀRAB - NIVELL BÀSIC,1,265,159,106,15,5
2023/2024,2023,ENSENYAMENTS D'IDIOMES,ÀRAB - NIVELL BÀSIC,2,109,67,42,10,5
2023/2024,2023,ENSENYAMENTS D'IDIOMES,ÀRAB - NIVELL INTERMEDI,1,48,27,21,4,3
2023/2024,2023,ENSENYAMENTS D'IDIOMES,ÀRAB - NIVELL INTERMEDI,2,52,30,22,5,4
2023/2024,2023,ENSENYAMENTS D'IDIOMES,ÈUSCAR - NIVELL AVANÇAT,1,9,5,4,0,1
2023/2024,2023,ENSENYAMENTS D'IDIOMES,ÈUSCAR - NIVELL AVANÇAT,2,19,9,10,0,1
2023/2024,2023,ENSENYAMENTS D'IDIOMES,ÈUSCAR - NIVELL BÀSIC,1,58,34,24,2,1
2023/2024,2023,ENSENYAMENTS D'IDIOMES,ÈUSCAR - NIVELL BÀSIC,2,22,6,16,1,1
2023/2024,2023,ENSENYAMENTS D'IDIOMES,ÈUSCAR - NIVELL INTERMEDI,1,18,6,12,1,1
2023/2024,2023,ENSENYAMENTS ESPORTIUS,TÈCNIC D'ESPORT EN ALTA MUNTANYA,2,2,1,1,0,1
2023/2024,2023,ENSENYAMENTS ESPORTIUS,TÈCNIC D'ESPORT EN BASQUETBOL,1,1,0,1,1,1
2023/2024,2023,ENSENYAMENTS ESPORTIUS,TÈCNIC D'ESPORT EN BASQUETBOL,2,1,0,1,1,1
2023/2024,2023,ENSENYAMENTS ESPORTIUS,TÈCNIC D'ESPORT EN DESCENS DE BARRANCS,1,4,2,2,0,1
2023/2024,2023,ENSENYAMENTS ESPORTIUS,TÈCNIC D'ESPORT EN DESCENS DE BARRANCS,2,4,0,4,0,1
2023/2024,2023,ENSENYAMENTS ESPORTIUS,TÈCNIC D'ESPORT EN ESCALADA,2,4,1,3,2,1
2023/2024,2023,ENSENYAMENTS ESPORTIUS,TÈCNIC D'ESPORT EN ESQUÍ ALPÍ,1,358,152,206,9,6
2023/2024,2023,ENSENYAMENTS ESPORTIUS,TÈCNIC D'ESPORT EN ESQUÍ ALPÍ,2,164,52,112,11,4
2023/2024,2023,ENSENYAMENTS ESPORTIUS,TÈCNIC D'ESPORT EN ESQUÍ DE FONS,1,6,4,2,0,1
2023/2024,2023,ENSENYAMENTS ESPORTIUS,TÈCNIC D'ESPORT EN FUTBOL,1,1371,71,1300,16,28
2023/2024,2023,ENSENYAMENTS ESPORTIUS,TÈCNIC D'ESPORT EN FUTBOL,2,790,34,756,13,20
2023/2024,2023,ENSENYAMENTS ESPORTIUS,TÈCNIC D'ESPORT EN FUTBOL SALA,1,12,2,10,2,3
2023/2024,2023,ENSENYAMENTS ESPORTIUS,TÈCNIC D'ESPORT EN FUTBOL SALA,2,5,1,4,1,1
2023/2024,2023,ENSENYAMENTS ESPORTIUS,TÈCNIC D'ESPORT EN HANDBOL,1,2,0,2,0,1
2023/2024,2023,ENSENYAMENTS ESPORTIUS,TÈCNIC D'ESPORT EN HANDBOL,2,1,0,1,1,1
2023/2024,2023,ENSENYAMENTS ESPORTIUS,TÈCNIC D'ESPORT EN MUNTANYA MITJANA,1,2,0,2,0,1
2023/2024,2023,ENSENYAMENTS ESPORTIUS,TÈCNIC D'ESPORT EN MUNTANYA MITJANA,2,9,2,7,3,1
2023/2024,2023,ENSENYAMENTS ESPORTIUS,TÈCNIC D'ESPORT EN SURF DE NEU,1,57,20,37,5,3
2023/2024,2023,ENSENYAMENTS ESPORTIUS,TÈCNIC D'ESPORT EN SURF DE NEU,2,33,5,28,7,3
2023/2024,2023,ENSENYAMENTS ESPORTIUS,TÈCNIC ESPORTIU EN ATLETISME,1,60,23,37,6,5
2023/2024,2023,ENSENYAMENTS ESPORTIUS,TÈCNIC ESPORTIU EN ATLETISME,2,28,11,17,2,3
2023/2024,2023,ENSENYAMENTS ESPORTIUS,TÈCNIC ESPORTIU EN BARRANCS,1,19,3,16,2,2
2023/2024,2023,ENSENYAMENTS ESPORTIUS,TÈCNIC ESPORTIU EN BARRANCS,2,56,7,49,4,1
2023/2024,2023,ENSENYAMENTS ESPORTIUS,TÈCNIC ESPORTIU EN BASQUETBOL,1,93,23,70,6,7
2023/2024,2023,ENSENYAMENTS ESPORTIUS,TÈCNIC ESPORTIU EN BASQUETBOL,2,62,9,53,4,5
2023/2024,2023,ENSENYAMENTS ESPORTIUS,TÈCNIC ESPORTIU EN BUSSEIG ESPORTIU AMB ESCAFANDRE AUTÒNOM,1,5,0,5,2,2
2023/2024,2023,ENSENYAMENTS ESPORTIUS,TÈCNIC ESPORTIU EN BUSSEIG ESPORTIU AMB ESCAFANDRE AUTÒNOM,2,5,0,5,1,2
2023/2024,2023,ENSENYAMENTS ESPORTIUS,TÈCNIC ESPORTIU EN ESGRIMA,1,12,3,9,1,1
2023/2024,2023,ENSENYAMENTS ESPORTIUS,TÈCNIC ESPORTIU EN ESGRIMA,2,1,0,1,1,1
2023/2024,2023,ENSENYAMENTS ESPORTIUS,TÈCNIC ESPORTIU EN ESPELEOLOGIA,1,18,1,17,3,1
2023/2024,2023,ENSENYAMENTS ESPORTIUS,TÈCNIC ESPORTIU EN ESPELEOLOGIA,2,27,1,26,4,2
2023/2024,2023,ENSENYAMENTS ESPORTIUS,TÈCNIC ESPORTIU EN HANDBOL,1,8,0,8,1,1
2023/2024,2023,ENSENYAMENTS ESPORTIUS,TÈCNIC ESPORTIU EN JUDO I DEFENSA PERSONAL,1,23,4,19,2,1
2023/2024,2023,ENSENYAMENTS ESPORTIUS,TÈCNIC ESPORTIU EN JUDO I DEFENSA PERSONAL,2,1,1,0,1,1
2023/2024,2023,ENSENYAMENTS ESPORTIUS,TÈCNIC ESPORTIU EN LES DISCIPLINES HÍPIQUES DE RESISTÈNCIA ORIENTACIÓ I TURISME EQÜESTRE,1,81,60,21,1,4
2023/2024,2023,ENSENYAMENTS ESPORTIUS,TÈCNIC ESPORTIU EN LES DISCIPLINES HÍPIQUES DE RESISTÈNCIA ORIENTACIÓ I TURISME EQÜESTRE,2,74,53,21,0,4
2023/2024,2023,ENSENYAMENTS ESPORTIUS,TÈCNIC ESPORTIU EN PIRAGÜISME EN AIGÜES BRAVES,1,14,4,10,0,1
2023/2024,2023,ENSENYAMENTS ESPORTIUS,TÈCNIC ESPORTIU EN PIRAGÜISME EN AIGÜES TRANQUIL·LES,1,39,17,22,3,4
2023/2024,2023,ENSENYAMENTS ESPORTIUS,TÈCNIC ESPORTIU EN PIRAGÜISME EN AIGÜES TRANQUIL·LES,2,2,0,2,0,1
2023/2024,2023,ENSENYAMENTS ESPORTIUS,TÈCNIC ESPORTIU EN PIRAGÜISME RECREATIU GUIA EN AIGÜES BRAVES,1,41,12,29,0,1
2023/2024,2023,ENSENYAMENTS ESPORTIUS,TÈCNIC ESPORTIU EN PIRAGÜISME RECREATIU GUIA EN AIGÜES BRAVES,2,15,4,11,0,1
2023/2024,2023,ENSENYAMENTS ESPORTIUS,TÈCNIC ESPORTIU EN SALVAMENT I SOCORRISME,1,423,99,324,24,20
2023/2024,2023,ENSENYAMENTS ESPORTIUS,TÈCNIC ESPORTIU EN SALVAMENT I SOCORRISME,2,131,24,107,9,9
2023/2024,2023,ENSENYAMENTS ESPORTIUS,TÈCNIC ESPORTIU EN VELA AMB APARELL FIX,1,184,66,118,13,6
2023/2024,2023,ENSENYAMENTS ESPORTIUS,TÈCNIC ESPORTIU EN VELA AMB APARELL FIX,2,42,8,34,4,2
2023/2024,2023,ENSENYAMENTS ESPORTIUS,TÈCNIC ESPORTIU EN VELA AMB APARELL LLIURE,1,6,5,1,1,2
2023/2024,2023,ENSENYAMENTS ESPORTIUS,TÈCNIC ESPORTIU SUPERIOR EN ALTA MUNTANYA,1,15,1,14,2,1
2023/2024,2023,ENSENYAMENTS ESPORTIUS,TÈCNIC ESPORTIU SUPERIOR EN ATLETISME,1,18,4,14,2,1
2023/2024,2023,ENSENYAMENTS ESPORTIUS,TÈCNIC ESPORTIU SUPERIOR EN BASQUETBOL,1,3,0,3,0,1
2023/2024,2023,ENSENYAMENTS ESPORTIUS,TÈCNIC ESPORTIU SUPERIOR EN SALVAMENT I SOCORRISME,1,23,3,20,2,2
2023/2024,2023,ENSENYAMENTS ESPORTIUS,"TÈCNIC ESPOTIU EN LES DISCIPLINES HÍPIQUES DE SALT, DOMA I CONCURS COMPLET",1,28,20,8,0,3
2023/2024,2023,ENSENYAMENTS ESPORTIUS,"TÈCNIC ESPOTIU EN LES DISCIPLINES HÍPIQUES DE SALT, DOMA I CONCURS COMPLET",2,14,12,2,0,3
2023/2024,2023,ENSENYAMENTS ESPORTIUS,TÈCNIC SUPERIOR D'ESPORT EN ALTA MUNTANYA,1,18,1,17,0,1
2023/2024,2023,ENSENYAMENTS ESPORTIUS,TÈCNIC SUPERIOR D'ESPORT EN ESCALADA,1,12,1,11,0,1
2023/2024,2023,ENSENYAMENTS ESPORTIUS,TÈCNIC SUPERIOR D'ESPORT EN ESQUÍ ALPÍ,1,31,7,24,1,2
2023/2024,2023,ENSENYAMENTS ESPORTIUS,TÈCNIC SUPERIOR D'ESPORT EN ESQUÍ DE MUNTANYA,1,1,0,1,0,1
2023/2024,2023,ENSENYAMENTS ESPORTIUS,TÈCNIC SUPERIOR D'ESPORT EN FUTBOL,1,334,13,321,1,8
2023/2024,2023,ENSENYAMENTS ESPORTIUS,TÈCNIC SUPERIOR D'ESPORT EN SURF DE NEU,1,13,0,13,0,2
2023/2024,2023,ENSENYAMENTS ESPORTIUS,TÈCNIC SUPERIOR ESPORTIU EN VELA AMB APARELL FIX,1,4,0,4,1,2
2023/2024,2023,ENSENYAMENTS ESPORTIUS,TÈCNICS ESPORTIU EN ESCALADA,1,48,12,36,2,3
2023/2024,2023,ENSENYAMENTS ESPORTIUS,TÈCNICS ESPORTIU EN ESCALADA,2,57,6,51,7,4
2023/2024,2023,ENSENYAMENTS ESPORTIUS,TÈCNICS ESPORTIU EN MUNTANYA MITJANA,1,166,42,124,2,7
2023/2024,2023,ENSENYAMENTS ESPORTIUS,TÈCNICS ESPORTIU EN MUNTANYA MITJANA,2,163,33,130,9,5
2023/2024,2023,ENSENYAMENTS SUPERIORS DE DISSENY,ESDL - DISSENY D'INTERIORS,1,166,148,18,1,3
2023/2024,2023,ENSENYAMENTS SUPERIORS DE DISSENY,ESDL - DISSENY D'INTERIORS,2,142,126,16,1,3
2023/2024,2023,ENSENYAMENTS SUPERIORS DE DISSENY,ESDL - DISSENY D'INTERIORS,3,138,114,24,1,3
2023/2024,2023,ENSENYAMENTS SUPERIORS DE DISSENY,ESDL - DISSENY D'INTERIORS,4,97,88,9,1,3
2023/2024,2023,ENSENYAMENTS SUPERIORS DE DISSENY,ESDL - DISSENY DE MODA,1,185,154,31,1,3
2023/2024,2023,ENSENYAMENTS SUPERIORS DE DISSENY,ESDL - DISSENY DE MODA,2,133,114,19,1,3
2023/2024,2023,ENSENYAMENTS SUPERIORS DE DISSENY,ESDL - DISSENY DE MODA,3,151,134,17,1,3
2023/2024,2023,ENSENYAMENTS SUPERIORS DE DISSENY,ESDL - DISSENY DE MODA,4,145,124,21,1,3
2023/2024,2023,ENSENYAMENTS SUPERIORS DE DISSENY,ESDL - DISSENY DE PRODUCTES,1,63,38,25,1,2
2023/2024,2023,ENSENYAMENTS SUPERIORS DE DISSENY,ESDL - DISSENY DE PRODUCTES,2,59,34,25,1,2
2023/2024,2023,ENSENYAMENTS SUPERIORS DE DISSENY,ESDL - DISSENY DE PRODUCTES,3,51,29,22,1,2
2023/2024,2023,ENSENYAMENTS SUPERIORS DE DISSENY,ESDL - DISSENY DE PRODUCTES,4,35,12,23,1,2
2023/2024,2023,ENSENYAMENTS SUPERIORS DE DISSENY,ESDL - DISSENY GRÀFIC,1,177,126,51,1,3
2023/2024,2023,ENSENYAMENTS SUPERIORS DE DISSENY,ESDL - DISSENY GRÀFIC,2,168,121,47,1,3
2023/2024,2023,ENSENYAMENTS SUPERIORS DE DISSENY,ESDL - DISSENY GRÀFIC,3,115,91,24,1,3
2023/2024,2023,ENSENYAMENTS SUPERIORS DE DISSENY,ESDL - DISSENY GRÀFIC,4,125,91,34,1,3
2023/2024,2023,ENSENYAMENTS SUPERIORS DE DISSENY,MÀSTER EN ENSENYAMENTS ARTÍSTICS EN CREACIÓ I DESENVOLUPAMENT DE PROJECTES DIGITALS DE LCI,1,7,4,3,0,1
2023/2024,2023,ENSENYAMENTS SUPERIORS DE DISSENY,MÀSTER EN ENSENYAMENTS ARTÍSTICS EN DISSENY D'INTERIORS EXPERIENCIAL DE LCI,1,19,16,3,0,1
2023/2024,2023,FORMACIÓ PROFESSIONAL,CFPM - ACTIVITATS COMERCIALAS (LOGÍSTICA),1,177,59,118,7,7
2023/2024,2023,FORMACIÓ PROFESSIONAL,CFPM - ACTIVITATS COMERCIALAS (LOGÍSTICA),2,95,26,69,5,5
2023/2024,2023,FORMACIÓ PROFESSIONAL,CFPM - ACTIVITATS COMERCIALS,1,2082,902,1180,69,59
2023/2024,2023,FORMACIÓ PROFESSIONAL,CFPM - ACTIVITATS COMERCIALS,2,1655,701,954,72,62
2023/2024,2023,FORMACIÓ PROFESSIONAL,CFPM - ACTIVITATS COMERCIALS (TÈXTIL),1,128,69,59,4,3
2023/2024,2023,FORMACIÓ PROFESSIONAL,CFPM - ACTIVITATS COMERCIALS (TÈXTIL),2,65,39,26,3,2
2023/2024,2023,FORMACIÓ PROFESSIONAL,CFPM - ACTIVITATS EQÜESTRES,1,152,116,36,3,7
2023/2024,2023,FORMACIÓ PROFESSIONAL,CFPM - ACTIVITATS EQÜESTRES,2,111,92,19,3,7
2023/2024,2023,FORMACIÓ PROFESSIONAL,CFPM - APROFITAMENT I CONSERVACIÓ DEL MEDI NATURAL,1,109,10,99,6,6
2023/2024,2023,FORMACIÓ PROFESSIONAL,CFPM - APROFITAMENT I CONSERVACIÓ DEL MEDI NATURAL,2,107,10,97,6,6
2023/2024,2023,FORMACIÓ PROFESSIONAL,CFPM - ATENCIÓ A PERSONES EN SITUACIÓ DE DEPENDÈNCIA,1,2791,2362,429,114,80
2023/2024,2023,FORMACIÓ PROFESSIONAL,CFPM - ATENCIÓ A PERSONES EN SITUACIÓ DE DEPENDÈNCIA,2,2440,2098,342,113,77
2023/2024,2023,FORMACIÓ PROFESSIONAL,CFPM - ATENCIÓ A PERSONES EN SITUACIÓ DE DEPENDÊNCIA,NA,331,247,84,0,1
2023/2024,2023,FORMACIÓ PROFESSIONAL,CFPM - CARROSSERIA,1,675,32,643,21,22
2023/2024,2023,FORMACIÓ PROFESSIONAL,CFPM - CARROSSERIA,2,487,18,469,21,22
2023/2024,2023,FORMACIÓ PROFESSIONAL,CFPM - COMERCIALITZACIÓ DE PRODUCTES ALIMENTARIS,1,63,24,39,8,4
2023/2024,2023,FORMACIÓ PROFESSIONAL,CFPM - COMERCIALITZACIÓ DE PRODUCTES ALIMENTARIS,2,22,11,11,8,4
2023/2024,2023,FORMACIÓ PROFESSIONAL,CFPM - CONDUCCIÓ DE VEHICLES DE TRANSPORT PER CARRETERA,1,55,3,52,5,5
2023/2024,2023,FORMACIÓ PROFESSIONAL,CFPM - CONDUCCIÓ DE VEHICLES DE TRANSPORT PER CARRETERA,2,32,2,30,5,5
2023/2024,2023,FORMACIÓ PROFESSIONAL,CFPM - CONFECCIÓ I MODA,1,233,171,62,8,6
2023/2024,2023,FORMACIÓ PROFESSIONAL,CFPM - CONFECCIÓ I MODA,2,182,151,31,8,6
2023/2024,2023,FORMACIÓ PROFESSIONAL,CFPM - CONSTRUCCIÓ,1,105,19,86,6,6
2023/2024,2023,FORMACIÓ PROFESSIONAL,CFPM - CONSTRUCCIÓ,2,73,7,66,5,5
2023/2024,2023,FORMACIÓ PROFESSIONAL,CFPM - CUINA I GASTRONOMIA,1,1008,306,702,32,25
2023/2024,2023,FORMACIÓ PROFESSIONAL,CFPM - CUINA I GASTRONOMIA,2,876,287,589,35,26
2023/2024,2023,FORMACIÓ PROFESSIONAL,CFPM - CULTIUS AQÜÍCOLES,1,10,5,5,1,1
2023/2024,2023,FORMACIÓ PROFESSIONAL,CFPM - CULTIUS AQÜÍCOLES,2,22,4,18,1,1
2023/2024,2023,FORMACIÓ PROFESSIONAL,CFPM - CURES AUXILIARS D'INFERMERIA,1,19679,16314,3365,197,107
2023/2024,2023,FORMACIÓ PROFESSIONAL,CFPM - CURES AUXILIARS D'INFERMERIA,2,119,105,14,0,7
2023/2024,2023,FORMACIÓ PROFESSIONAL,CFPM - CURES AUXILIARS D'INFERMERIA,NA,973,822,151,0,1
2023/2024,2023,FORMACIÓ PROFESSIONAL,CFPM - ELABORACIÓ DE PRODUCTES ALIMENTARIS,1,81,35,46,6,6
2023/2024,2023,FORMACIÓ PROFESSIONAL,CFPM - ELABORACIÓ DE PRODUCTES ALIMENTARIS,2,75,38,37,7,7
2023/2024,2023,FORMACIÓ PROFESSIONAL,CFPM - ELECTROMECÀNICA DE MAQUINÀRIA,1,79,3,76,4,4
2023/2024,2023,FORMACIÓ PROFESSIONAL,CFPM - ELECTROMECÀNICA DE MAQUINÀRIA,2,64,1,63,4,4
2023/2024,2023,FORMACIÓ PROFESSIONAL,CFPM - ELECTROMECÀNICA DE VEHICLES,1,2330,81,2249,72,46
2023/2024,2023,FORMACIÓ PROFESSIONAL,CFPM - ELECTROMECÀNICA DE VEHICLES,2,1851,60,1791,69,45
2023/2024,2023,FORMACIÓ PROFESSIONAL,CFPM - ELECTROMECÀNICA DE VEHICLES (AVIONS),1,34,3,31,1,1
2023/2024,2023,FORMACIÓ PROFESSIONAL,CFPM - ELECTROMECÀNICA DE VEHICLES (AVIONS),2,24,0,24,1,1
2023/2024,2023,FORMACIÓ PROFESSIONAL,CFPM - ELECTROMECÀNICA DE VEHICLES (INDUSTRIALS),1,86,5,81,3,3
2023/2024,2023,FORMACIÓ PROFESSIONAL,CFPM - ELECTROMECÀNICA DE VEHICLES (INDUSTRIALS),2,63,3,60,3,3
2023/2024,2023,FORMACIÓ PROFESSIONAL,CFPM - EMERGÈNCIES I PROTECCIÓ CIVIL,1,107,12,95,3,3
2023/2024,2023,FORMACIÓ PROFESSIONAL,CFPM - EMERGÈNCIES I PROTECCIÓ CIVIL,2,87,10,77,3,3
2023/2024,2023,FORMACIÓ PROFESSIONAL,CFPM - EMERGÈNCIES I PROTECCIÓ CIVIL,NA,151,13,138,0,1
2023/2024,2023,FORMACIÓ PROFESSIONAL,CFPM - EMERGÈNCIES SANITÀRIES,1,1653,675,978,34,29
2023/2024,2023,FORMACIÓ PROFESSIONAL,CFPM - EMERGÈNCIES SANITÀRIES,2,1265,523,742,32,26
2023/2024,2023,FORMACIÓ PROFESSIONAL,CFPM - EMERGÈNCIES SANITÀRIES,NA,126,39,87,0,1
2023/2024,2023,FORMACIÓ PROFESSIONAL,CFPM - ESTÈTICA I BELLESA,1,1024,995,29,32,27
2023/2024,2023,FORMACIÓ PROFESSIONAL,CFPM - ESTÈTICA I BELLESA,2,900,884,16,33,28
2023/2024,2023,FORMACIÓ PROFESSIONAL,CFPM - EXCAVACIONS I SONDATGES (OPERACIONS DE MAQUINÀRIA DE LA CONSTRUCCIÓ),1,38,1,37,1,2
2023/2024,2023,FORMACIÓ PROFESSIONAL,CFPM - EXCAVACIONS I SONDATGES (OPERACIONS DE MAQUINÀRIA DE LA CONSTRUCCIÓ),2,21,0,21,1,2
2023/2024,2023,FORMACIÓ PROFESSIONAL,CFPM - EXCAVACIONSCFPM - EXCAVACIONS I SONDATGES,1,25,2,23,1,1
2023/2024,2023,FORMACIÓ PROFESSIONAL,CFPM - EXCAVACIONSCFPM - EXCAVACIONS I SONDATGES,2,24,4,20,1,1
2023/2024,2023,FORMACIÓ PROFESSIONAL,CFPM - FABRICACIÓ I ENNOBLIMENT DE PRODUCTES TEXTILS (GENERES DE PUNT),1,12,11,1,1,1
2023/2024,2023,FORMACIÓ PROFESSIONAL,CFPM - FABRICACIÓ I ENNOBLIMENT DE PRODUCTES TEXTILS (GENERES DE PUNT),2,12,7,5,1,1
2023/2024,2023,FORMACIÓ PROFESSIONAL,CFPM - FABRICACIÓ I ENNOBLIMENT DE PRODUCTES TÈXTILS,1,44,32,12,3,3
2023/2024,2023,FORMACIÓ PROFESSIONAL,CFPM - FABRICACIÓ I ENNOBLIMENT DE PRODUCTES TÈXTILS,2,24,14,10,3,3
2023/2024,2023,FORMACIÓ PROFESSIONAL,CFPM - FARMÀCIA I PARAFARMÀCIA,1,1818,1422,396,53,43
2023/2024,2023,FORMACIÓ PROFESSIONAL,CFPM - FARMÀCIA I PARAFARMÀCIA,2,1773,1406,367,50,40
2023/2024,2023,FORMACIÓ PROFESSIONAL,"CFPM - FORNERIA, PASTISSERIA I CONFITERIA",1,418,262,156,22,18
2023/2024,2023,FORMACIÓ PROFESSIONAL,"CFPM - FORNERIA, PASTISSERIA I CONFITERIA",2,391,249,142,25,20
2023/2024,2023,FORMACIÓ PROFESSIONAL,CFPM - FUSTERIA I MOBLE,1,197,17,180,8,7
2023/2024,2023,FORMACIÓ PROFESSIONAL,CFPM - FUSTERIA I MOBLE,2,150,19,131,9,8
2023/2024,2023,FORMACIÓ PROFESSIONAL,CFPM - GESTIÓ ADMINISTRATIVA,1,6016,3325,2691,175,138
2023/2024,2023,FORMACIÓ PROFESSIONAL,CFPM - GESTIÓ ADMINISTRATIVA,2,4041,2176,1865,176,136
2023/2024,2023,FORMACIÓ PROFESSIONAL,CFPM - GESTIÓ ADMINISTRATIVA,NA,1233,971,262,0,1
2023/2024,2023,FORMACIÓ PROFESSIONAL,CFPM - GESTIÓ ADMINISTRATIVA (ÀMBIT JURÍDIC),1,405,282,123,14,14
2023/2024,2023,FORMACIÓ PROFESSIONAL,CFPM - GESTIÓ ADMINISTRATIVA (ÀMBIT JURÍDIC),2,303,236,67,13,13
2023/2024,2023,FORMACIÓ PROFESSIONAL,CFPM - GESTIÓ ADMINISTRATIVA (ÀMBIT SANITARI),1,228,151,77,8,8
2023/2024,2023,FORMACIÓ PROFESSIONAL,CFPM - GESTIÓ ADMINISTRATIVA (ÀMBIT SANITARI),2,120,90,30,6,7
2023/2024,2023,FORMACIÓ PROFESSIONAL,CFPM - GUIA EN EL MEDI NATURAL I DE TEMPS DE LLEURE,1,2634,448,2186,78,69
2023/2024,2023,FORMACIÓ PROFESSIONAL,CFPM - GUIA EN EL MEDI NATURAL I DE TEMPS DE LLEURE,2,2206,390,1816,74,69
2023/2024,2023,FORMACIÓ PROFESSIONAL,CFPM - GUIA EN EL MEDI NATURAL I DE TEMPS DE LLEURE (EXPLOTACIÓ D'ESTACIONS D'ESQUÍ),1,15,1,14,1,1
2023/2024,2023,FORMACIÓ PROFESSIONAL,CFPM - GUIA EN EL MEDI NATURAL I DE TEMPS DE LLEURE (EXPLOTACIÓ D'ESTACIONS D'ESQUÍ),2,10,3,7,1,1
2023/2024,2023,FORMACIÓ PROFESSIONAL,CFPM - IMPRESSIÓ GRÀFICA,1,42,20,22,2,2
2023/2024,2023,FORMACIÓ PROFESSIONAL,CFPM - IMPRESSIÓ GRÀFICA,2,26,9,17,2,2
2023/2024,2023,FORMACIÓ PROFESSIONAL,CFPM - IMPRESSIÓ GRÀFICA (IMPRESSIÓ GRÀFICA I CONVERTING),1,15,3,12,1,1
2023/2024,2023,FORMACIÓ PROFESSIONAL,CFPM - IMPRESSIÓ GRÀFICA (IMPRESSIÓ GRÀFICA I CONVERTING),2,15,4,11,1,1
2023/2024,2023,FORMACIÓ PROFESSIONAL,CFPM - INSTAL·LACIONS DE PRODUCCIÓ DE CALOR,1,103,0,103,4,5
2023/2024,2023,FORMACIÓ PROFESSIONAL,CFPM - INSTAL·LACIONS DE PRODUCCIÓ DE CALOR,2,99,0,99,7,8
2023/2024,2023,FORMACIÓ PROFESSIONAL,CFPM - INSTAL·LACIONS DE TELECOMUNICACIONS,1,391,12,379,20,16
2023/2024,2023,FORMACIÓ PROFESSIONAL,CFPM - INSTAL·LACIONS DE TELECOMUNICACIONS,2,261,10,251,19,15
2023/2024,2023,FORMACIÓ PROFESSIONAL,CFPM - INSTAL·LACIONS ELÈCTRIQUES I AUTOMÀTIQUES,1,1660,44,1616,62,55
2023/2024,2023,FORMACIÓ PROFESSIONAL,CFPM - INSTAL·LACIONS ELÈCTRIQUES I AUTOMÀTIQUES,2,1212,16,1196,60,53
2023/2024,2023,FORMACIÓ PROFESSIONAL,CFPM - INSTAL·LACIONS ELÈCTRIQUES I AUTOMÀTIQUES,NA,377,14,363,0,1
2023/2024,2023,FORMACIÓ PROFESSIONAL,CFPM - INSTAL·LACIONS FRIGORÍFIQUES I DE CLIMATITZACIÓ,1,207,1,206,7,7
2023/2024,2023,FORMACIÓ PROFESSIONAL,CFPM - INSTAL·LACIONS FRIGORÍFIQUES I DE CLIMATITZACIÓ,2,137,1,136,8,8
2023/2024,2023,FORMACIÓ PROFESSIONAL,CFPM - INSTAL·LACIÓ i MOBLAMENT,1,53,10,43,2,2
2023/2024,2023,FORMACIÓ PROFESSIONAL,CFPM - INSTAL·LACIÓ i MOBLAMENT,2,54,9,45,3,3
2023/2024,2023,FORMACIÓ PROFESSIONAL,CFPM - JARDINERIA I FLORISTERIA,1,214,49,165,13,12
2023/2024,2023,FORMACIÓ PROFESSIONAL,CFPM - JARDINERIA I FLORISTERIA,2,164,45,119,12,11
2023/2024,2023,FORMACIÓ PROFESSIONAL,CFPM - MANTENIMENT D'EMBARCACIONS D'ESBARJO,1,214,2,212,13,8
2023/2024,2023,FORMACIÓ PROFESSIONAL,CFPM - MANTENIMENT D'EMBARCACIONS D'ESBARJO,2,135,5,130,12,7
2023/2024,2023,FORMACIÓ PROFESSIONAL,CFPM - MANTENIMENT D'ESTRUCTURES DE FUSTA I MOBILIARI D'EMBARCACIONS D'ESBARJO,1,20,0,20,1,1
2023/2024,2023,FORMACIÓ PROFESSIONAL,CFPM - MANTENIMENT D'ESTRUCTURES DE FUSTA I MOBILIARI D'EMBARCACIONS D'ESBARJO,2,21,0,21,1,1
2023/2024,2023,FORMACIÓ PROFESSIONAL,CFPM - MANTENIMENT DE MATERIAL RODANT FERROVIARI,1,24,0,24,1,1
2023/2024,2023,FORMACIÓ PROFESSIONAL,CFPM - MANTENIMENT DE MATERIAL RODANT FERROVIARI,2,22,3,19,1,1
2023/2024,2023,FORMACIÓ PROFESSIONAL,CFPM - MANTENIMENT ELECTROMECÀNIC,1,1029,24,1005,49,38
2023/2024,2023,FORMACIÓ PROFESSIONAL,CFPM - MANTENIMENT ELECTROMECÀNIC,2,825,24,801,50,39
2023/2024,2023,FORMACIÓ PROFESSIONAL,CFPM - MANTENIMENT I CONTROL DE LA MAQUINÀRIA DE VAIXELLS I EMBARCACIONS,1,15,0,15,1,1
2023/2024,2023,FORMACIÓ PROFESSIONAL,CFPM - MANTENIMENT I CONTROL DE LA MAQUINÀRIA DE VAIXELLS I EMBARCACIONS,2,16,1,15,1,1
2023/2024,2023,FORMACIÓ PROFESSIONAL,CFPM - MECANITZACIÓ,1,690,21,669,28,26
2023/2024,2023,FORMACIÓ PROFESSIONAL,CFPM - MECANITZACIÓ,2,568,15,553,27,25
2023/2024,2023,FORMACIÓ PROFESSIONAL,CFPM - MECANITZACIÓ (RELLOTGERIA),1,23,2,21,1,1
2023/2024,2023,FORMACIÓ PROFESSIONAL,CFPM - MECANITZACIÓ (RELLOTGERIA),2,18,6,12,1,1
2023/2024,2023,FORMACIÓ PROFESSIONAL,CFPM - NAVEGACIÓ I PESCA LITORAL,1,14,2,12,1,1
2023/2024,2023,FORMACIÓ PROFESSIONAL,CFPM - NAVEGACIÓ I PESCA LITORAL,2,17,3,14,1,1
2023/2024,2023,FORMACIÓ PROFESSIONAL,"CFPM - OBRES D'INTERIOR, DECORACIÓ i REHABILITACIÓ",1,95,41,54,8,4
2023/2024,2023,FORMACIÓ PROFESSIONAL,"CFPM - OBRES D'INTERIOR, DECORACIÓ i REHABILITACIÓ",2,85,43,42,8,4
2023/2024,2023,FORMACIÓ PROFESSIONAL,CFPM - OLIS D'OLIVA I VINS,1,45,8,37,17,6
2023/2024,2023,FORMACIÓ PROFESSIONAL,CFPM - OLIS D'OLIVA I VINS,2,39,3,36,17,6
2023/2024,2023,FORMACIÓ PROFESSIONAL,CFPM - OPERACIONS DE LABORATORI,1,457,240,217,16,16
2023/2024,2023,FORMACIÓ PROFESSIONAL,CFPM - OPERACIONS DE LABORATORI,2,386,187,199,15,16
2023/2024,2023,FORMACIÓ PROFESSIONAL,CFPM - OPERACIONS SUBAQUÀTIQUES I HIPERBÀRIQUES,1,18,2,16,1,1
2023/2024,2023,FORMACIÓ PROFESSIONAL,CFPM - OPERACIONS SUBAQUÀTIQUES I HIPERBÀRIQUES,2,22,2,20,1,1
2023/2024,2023,FORMACIÓ PROFESSIONAL,CFPM - PEDRA NATURAL,1,25,0,25,1,1
2023/2024,2023,FORMACIÓ PROFESSIONAL,CFPM - PEDRA NATURAL,2,7,1,6,1,1
2023/2024,2023,FORMACIÓ PROFESSIONAL,CFPM - PERRUQUERIA I COSMÈTICA CAPIL·LAR,1,802,565,237,45,35
2023/2024,2023,FORMACIÓ PROFESSIONAL,CFPM - PERRUQUERIA I COSMÈTICA CAPIL·LAR,2,643,514,129,44,35
2023/2024,2023,FORMACIÓ PROFESSIONAL,CFPM - PLANTA QUÍMICA,1,31,8,23,1,1
2023/2024,2023,FORMACIÓ PROFESSIONAL,CFPM - PLANTA QUÍMICA,2,22,3,19,1,1
2023/2024,2023,FORMACIÓ PROFESSIONAL,CFPM - PLANTA QUÍMICA (PRODUCTES FARMACÈUTICS I COSMÈTICS),1,140,56,84,6,6
2023/2024,2023,FORMACIÓ PROFESSIONAL,CFPM - PLANTA QUÍMICA (PRODUCTES FARMACÈUTICS I COSMÈTICS),2,113,48,65,6,6
2023/2024,2023,FORMACIÓ PROFESSIONAL,CFPM - POSTIMPRESSIÓ I ACABATS GRÀFICS,1,12,9,3,1,1
2023/2024,2023,FORMACIÓ PROFESSIONAL,CFPM - POSTIMPRESSIÓ I ACABATS GRÀFICS,2,8,2,6,1,1
2023/2024,2023,FORMACIÓ PROFESSIONAL,CFPM - PREIMPRESSIÓ DIGITAL,1,271,123,148,10,8
2023/2024,2023,FORMACIÓ PROFESSIONAL,CFPM - PREIMPRESSIÓ DIGITAL,2,240,105,135,10,8
2023/2024,2023,FORMACIÓ PROFESSIONAL,CFPM - PRODUCCIÓ AGROECOLÒGICA,1,37,13,24,4,4
2023/2024,2023,FORMACIÓ PROFESSIONAL,CFPM - PRODUCCIÓ AGROECOLÒGICA,2,29,7,22,4,4
2023/2024,2023,FORMACIÓ PROFESSIONAL,CFPM - PRODUCCIÓ AGROECOLÒGICA (AGRÍCOLA),1,40,9,31,8,4
2023/2024,2023,FORMACIÓ PROFESSIONAL,CFPM - PRODUCCIÓ AGROECOLÒGICA (AGRÍCOLA),2,41,6,35,8,4
2023/2024,2023,FORMACIÓ PROFESSIONAL,CFPM - PRODUCCIÓ AGROPECUÀRIA,1,99,22,77,9,5
2023/2024,2023,FORMACIÓ PROFESSIONAL,CFPM - PRODUCCIÓ AGROPECUÀRIA,2,87,16,71,8,5
2023/2024,2023,FORMACIÓ PROFESSIONAL,CFPM - PRODUCCIÓ AGROPECUÀRIA,NA,91,33,58,0,1
2023/2024,2023,FORMACIÓ PROFESSIONAL,CFPM - PRODUCCIÓ AGROPECUÀRIA (AGRÍCOLA),1,18,1,17,1,1
2023/2024,2023,FORMACIÓ PROFESSIONAL,CFPM - PRODUCCIÓ AGROPECUÀRIA (AGRÍCOLA),2,18,1,17,1,1
2023/2024,2023,FORMACIÓ PROFESSIONAL,CFPM - PRODUCCIÓ AGROPECUÀRIA (RAMADERA),1,7,3,4,1,1
2023/2024,2023,FORMACIÓ PROFESSIONAL,CFPM - PRODUCCIÓ AGROPECUÀRIA (RAMADERA),2,12,2,10,1,1
2023/2024,2023,FORMACIÓ PROFESSIONAL,CFPM - SERVEIS EN RESTAURACIÓ,1,455,170,285,29,21
2023/2024,2023,FORMACIÓ PROFESSIONAL,CFPM - SERVEIS EN RESTAURACIÓ,2,484,177,307,36,22
2023/2024,2023,FORMACIÓ PROFESSIONAL,CFPM - SISTEMES MICROINFORMÀTICS I XARXES,1,6936,527,6409,184,111
2023/2024,2023,FORMACIÓ PROFESSIONAL,CFPM - SISTEMES MICROINFORMÀTICS I XARXES,2,5693,390,5303,180,109
2023/2024,2023,FORMACIÓ PROFESSIONAL,CFPM - SISTEMES MICROINFORMÀTICS I XARXES,NA,708,92,616,0,1
2023/2024,2023,FORMACIÓ PROFESSIONAL,CFPM - SOLDADURA I CALDERERIA,1,338,7,331,11,9
2023/2024,2023,FORMACIÓ PROFESSIONAL,CFPM - SOLDADURA I CALDERERIA,2,204,4,200,15,9
2023/2024,2023,FORMACIÓ PROFESSIONAL,CFPM - VIDEO DISCJÒQUEI I SO,1,581,164,417,17,16
2023/2024,2023,FORMACIÓ PROFESSIONAL,CFPM - VIDEO DISCJÒQUEI I SO,2,519,134,385,16,14
2023/2024,2023,FORMACIÓ PROFESSIONAL,CFPM - XARXES I ESTACIONS DE TRACTAMENT D'AIGÜES,1,66,1,65,8,4
2023/2024,2023,FORMACIÓ PROFESSIONAL,CFPM - XARXES I ESTACIONS DE TRACTAMENT D'AIGÜES,2,39,2,37,8,4
2023/2024,2023,FORMACIÓ PROFESSIONAL,CFPS - ADMINISTRACIÓ DE SISTEMES INFORMÀTICS EN XARXA,1,1322,127,1195,30,37
2023/2024,2023,FORMACIÓ PROFESSIONAL,CFPS - ADMINISTRACIÓ DE SISTEMES INFORMÀTICS EN XARXA,2,1577,138,1439,32,40
2023/2024,2023,FORMACIÓ PROFESSIONAL,CFPS - ADMINISTRACIÓ DE SISTEMES INFORMÀTICS EN XARXA,NA,733,89,644,0,1
2023/2024,2023,FORMACIÓ PROFESSIONAL,CFPS - ADMINISTRACIÓ DE SISTEMES INFORMÀTICS EN XARXA (CIBERSEGURETAT),1,998,93,905,46,24
2023/2024,2023,FORMACIÓ PROFESSIONAL,CFPS - ADMINISTRACIÓ DE SISTEMES INFORMÀTICS EN XARXA (CIBERSEGURETAT),2,1377,139,1238,50,25
2023/2024,2023,FORMACIÓ PROFESSIONAL,CFPS - ADMINISTRACIÓ I FINANCES,1,4490,2503,1987,120,112
2023/2024,2023,FORMACIÓ PROFESSIONAL,CFPS - ADMINISTRACIÓ I FINANCES,2,7559,4669,2890,119,112
2023/2024,2023,FORMACIÓ PROFESSIONAL,CFPS - ADMINISTRACIÓ I FINANCES,NA,1811,1495,316,0,1
2023/2024,2023,FORMACIÓ PROFESSIONAL,CFPS - ADMINISTRACIÓ I FINANCES (GESTOR D'ASSEGURANCES),1,170,99,71,11,7
2023/2024,2023,FORMACIÓ PROFESSIONAL,CFPS - ADMINISTRACIÓ I FINANCES (GESTOR D'ASSEGURANCES),2,159,87,72,11,7
2023/2024,2023,FORMACIÓ PROFESSIONAL,CFPS - AGÈNCIES DE VIATGES I GESTIÓ D'ESDEVENIMENTS,1,185,147,38,9,10
2023/2024,2023,FORMACIÓ PROFESSIONAL,CFPS - AGÈNCIES DE VIATGES I GESTIÓ D'ESDEVENIMENTS,2,225,176,49,11,10
2023/2024,2023,FORMACIÓ PROFESSIONAL,CFPS - ANATOMIA PATOLÒGICA I CITODIAGNÒSTIC,1,545,452,93,8,13
2023/2024,2023,FORMACIÓ PROFESSIONAL,CFPS - ANATOMIA PATOLÒGICA I CITODIAGNÒSTIC,2,580,479,101,8,13
2023/2024,2023,FORMACIÓ PROFESSIONAL,"CFPS - ANIMACIONS EN 3D, JOCS I ENTORNS INTERACTIUS",1,347,101,246,6,13
2023/2024,2023,FORMACIÓ PROFESSIONAL,"CFPS - ANIMACIONS EN 3D, JOCS I ENTORNS INTERACTIUS",2,857,236,621,6,14
2023/2024,2023,FORMACIÓ PROFESSIONAL,"CFPS - ANIMACIONS EN 3D, JOCS I ENTORNS INTERACTIUS",NA,200,70,130,0,1
2023/2024,2023,FORMACIÓ PROFESSIONAL,"CFPS - ANIMACIÓ EN 3D, JOCS i ENTORNS INTERACTIUS (MONS VIRTUALS, REALITAT AUGMENTADA i GAMIFICACIÓ)",1,54,16,38,1,2
2023/2024,2023,FORMACIÓ PROFESSIONAL,"CFPS - ANIMACIÓ EN 3D, JOCS i ENTORNS INTERACTIUS (MONS VIRTUALS, REALITAT AUGMENTADA i GAMIFICACIÓ)",2,90,18,72,1,3
2023/2024,2023,FORMACIÓ PROFESSIONAL,CFPS - ANIMACIÓ SOCIOCULTURAL I TURÍSTICA,1,147,108,39,13,9
2023/2024,2023,FORMACIÓ PROFESSIONAL,CFPS - ANIMACIÓ SOCIOCULTURAL I TURÍSTICA,2,144,104,40,13,9
2023/2024,2023,FORMACIÓ PROFESSIONAL,CFPS - AQÜICULTURA,1,15,2,13,1,1
2023/2024,2023,FORMACIÓ PROFESSIONAL,CFPS - AQÜICULTURA,2,19,7,12,1,1
2023/2024,2023,FORMACIÓ PROFESSIONAL,CFPS - ASSESSORIA D'IMATGE PERSONAL I CORPORATIVA,1,148,134,14,4,8
2023/2024,2023,FORMACIÓ PROFESSIONAL,CFPS - ASSESSORIA D'IMATGE PERSONAL I CORPORATIVA,2,142,137,5,3,7
2023/2024,2023,FORMACIÓ PROFESSIONAL,CFPS - ASSISTÈNCIA A LA DIRECCIÓ,1,397,248,149,24,16
2023/2024,2023,FORMACIÓ PROFESSIONAL,CFPS - ASSISTÈNCIA A LA DIRECCIÓ,2,864,560,304,25,18
2023/2024,2023,FORMACIÓ PROFESSIONAL,CFPS - ASSISTÈNCIA A LA DIRECCIÓ,NA,304,273,31,0,1
2023/2024,2023,FORMACIÓ PROFESSIONAL,CFPS - AUDIOLOGIA PROTÈTICA,1,187,120,67,4,5
2023/2024,2023,FORMACIÓ PROFESSIONAL,CFPS - AUDIOLOGIA PROTÈTICA,2,343,214,129,2,4
2023/2024,2023,FORMACIÓ PROFESSIONAL,CFPS - AUTOMATITZACIÓ I ROBÒTICA INDUSTRIAL,1,996,71,925,41,38
2023/2024,2023,FORMACIÓ PROFESSIONAL,CFPS - AUTOMATITZACIÓ I ROBÒTICA INDUSTRIAL,2,902,37,865,37,36
2023/2024,2023,FORMACIÓ PROFESSIONAL,CFPS - AUTOMOCIÓ,1,1312,45,1267,38,35
2023/2024,2023,FORMACIÓ PROFESSIONAL,CFPS - AUTOMOCIÓ,2,1267,47,1220,37,35
2023/2024,2023,FORMACIÓ PROFESSIONAL,CFPS - CARACTERITZACIÓ I MAQUILLATGE PROFESSIONAL,1,175,162,13,4,7
2023/2024,2023,FORMACIÓ PROFESSIONAL,CFPS - CARACTERITZACIÓ I MAQUILLATGE PROFESSIONAL,2,134,128,6,3,7
2023/2024,2023,FORMACIÓ PROFESSIONAL,CFPS - COMERÇ INTERNACIONAL,1,1408,624,784,33,41
2023/2024,2023,FORMACIÓ PROFESSIONAL,CFPS - COMERÇ INTERNACIONAL,2,1340,555,785,35,41
2023/2024,2023,FORMACIÓ PROFESSIONAL,CFPS - COMERÇ INTERNACIONAL,NA,325,179,146,0,1
2023/2024,2023,FORMACIÓ PROFESSIONAL,CFPS - CONDICIONAMENT FÍSIC,1,765,167,598,18,31
2023/2024,2023,FORMACIÓ PROFESSIONAL,CFPS - CONDICIONAMENT FÍSIC,2,542,131,411,18,27
2023/2024,2023,FORMACIÓ PROFESSIONAL,CFPS - CONSTRUCCIONS METÀL·LIQUES,1,77,1,76,3,3
2023/2024,2023,FORMACIÓ PROFESSIONAL,CFPS - CONSTRUCCIONS METÀL·LIQUES,2,73,4,69,3,3
2023/2024,2023,FORMACIÓ PROFESSIONAL,CFPS - COORDINACIÓ D'EMERGÈNCIES I PROTECCIÓ CIVIL,1,30,6,24,0,1
2023/2024,2023,FORMACIÓ PROFESSIONAL,CFPS - COORDINACIÓ D'EMERGÈNCIES I PROTECCIÓ CIVIL,2,10,2,8,0,1
2023/2024,2023,FORMACIÓ PROFESSIONAL,CFPS - DESENV. D'APLICACIONS MULTIPLATAFORMA (INFORMÀTICA APLICADA A LA LOGÍSTICA),2,15,1,14,1,1
2023/2024,2023,FORMACIÓ PROFESSIONAL,CFPS - DESENV. D'APLICACIONS MULTIPLATAFORMA (VIDEOJOCS I OCI DIGITAL),1,206,20,186,6,9
2023/2024,2023,FORMACIÓ PROFESSIONAL,CFPS - DESENV. D'APLICACIONS MULTIPLATAFORMA (VIDEOJOCS I OCI DIGITAL),2,219,18,201,6,9
2023/2024,2023,FORMACIÓ PROFESSIONAL,CFPS - DESENVOLUPAMENT D'APLICACIONS MULTIPLATAFORMA,1,1819,249,1570,40,49
2023/2024,2023,FORMACIÓ PROFESSIONAL,CFPS - DESENVOLUPAMENT D'APLICACIONS MULTIPLATAFORMA,2,3992,670,3322,44,52
2023/2024,2023,FORMACIÓ PROFESSIONAL,CFPS - DESENVOLUPAMENT D'APLICACIONS MULTIPLATAFORMA,NA,753,175,578,0,1
2023/2024,2023,FORMACIÓ PROFESSIONAL,CFPS - DESENVOLUPAMENT D'APLICACIONS WEB,1,1566,260,1306,43,45
2023/2024,2023,FORMACIÓ PROFESSIONAL,CFPS - DESENVOLUPAMENT D'APLICACIONS WEB,2,4093,850,3243,41,48
2023/2024,2023,FORMACIÓ PROFESSIONAL,CFPS - DESENVOLUPAMENT D'APLICACIONS WEB,NA,556,136,420,0,1
2023/2024,2023,FORMACIÓ PROFESSIONAL,CFPS - DESENVOLUPAMENT D'APLICACIONS WEB (BIOINFORMÀTICA),1,101,12,89,3,4
2023/2024,2023,FORMACIÓ PROFESSIONAL,CFPS - DESENVOLUPAMENT D'APLICACIONS WEB (BIOINFORMÀTICA),2,77,12,65,3,4
2023/2024,2023,FORMACIÓ PROFESSIONAL,CFPS - DESENVOLUPAMENT DE PROJECTES D'INSTAL·LACIONS TÈRMIQUES I DE FLUIDS,1,35,2,33,2,2
2023/2024,2023,FORMACIÓ PROFESSIONAL,CFPS - DESENVOLUPAMENT DE PROJECTES D'INSTAL·LACIONS TÈRMIQUES I DE FLUIDS,2,13,0,13,1,1
2023/2024,2023,FORMACIÓ PROFESSIONAL,CFPS - DIETÈTICA,1,830,553,277,17,31
2023/2024,2023,FORMACIÓ PROFESSIONAL,CFPS - DIETÈTICA,2,2747,1929,818,15,28
2023/2024,2023,FORMACIÓ PROFESSIONAL,CFPS - DIRECCIÓ DE CUINA,1,416,128,288,24,18
2023/2024,2023,FORMACIÓ PROFESSIONAL,CFPS - DIRECCIÓ DE CUINA,2,468,153,315,24,18
2023/2024,2023,FORMACIÓ PROFESSIONAL,CFPS - DIRECCIÓ DE SERVEIS EN RESTAURACIÓ,1,117,48,69,10,9
2023/2024,2023,FORMACIÓ PROFESSIONAL,CFPS - DIRECCIÓ DE SERVEIS EN RESTAURACIÓ,2,155,61,94,11,10
2023/2024,2023,FORMACIÓ PROFESSIONAL,CFPS - DISSENY EN FABRICACIÓ MECÀNICA,1,181,22,159,16,9
2023/2024,2023,FORMACIÓ PROFESSIONAL,CFPS - DISSENY EN FABRICACIÓ MECÀNICA,2,253,19,234,23,12
2023/2024,2023,FORMACIÓ PROFESSIONAL,CFPS - DISSENY EN FABRICACIÓ MECÀNICA (DESENVOLUPAMENT VIRTUAL DE L'AUTOMÒBIL),1,18,1,17,2,2
2023/2024,2023,FORMACIÓ PROFESSIONAL,CFPS - DISSENY EN FABRICACIÓ MECÀNICA (DESENVOLUPAMENT VIRTUAL DE L'AUTOMÒBIL),2,18,3,15,6,2
2023/2024,2023,FORMACIÓ PROFESSIONAL,CFPS - DISSENY I EDICIÓ DE PUBL.IMPRESES I MULTIMÈDIA,1,150,81,69,10,6
2023/2024,2023,FORMACIÓ PROFESSIONAL,CFPS - DISSENY I EDICIÓ DE PUBL.IMPRESES I MULTIMÈDIA,2,139,80,59,10,6
2023/2024,2023,FORMACIÓ PROFESSIONAL,CFPS - DISSENY I GESTIÓ DE LA PRODUCCIÓ GRÀFIC,1,81,41,40,3,3
2023/2024,2023,FORMACIÓ PROFESSIONAL,CFPS - DISSENY I GESTIÓ DE LA PRODUCCIÓ GRÀFIC,2,60,30,30,3,3
2023/2024,2023,FORMACIÓ PROFESSIONAL,CFPS - DISSENY I MOBLAMENT,1,107,19,88,6,6
2023/2024,2023,FORMACIÓ PROFESSIONAL,CFPS - DISSENY I MOBLAMENT,2,73,18,55,5,5
2023/2024,2023,FORMACIÓ PROFESSIONAL,CFPS - DISSENY I MOBLAMENT (CONSTRUCCIONS EFÍMERES I DECORACIÓ),1,20,7,13,1,1
2023/2024,2023,FORMACIÓ PROFESSIONAL,CFPS - DISSENY I MOBLAMENT (CONSTRUCCIONS EFÍMERES I DECORACIÓ),2,23,4,19,1,1
2023/2024,2023,FORMACIÓ PROFESSIONAL,CFPS - DISSENY TÈCNIC EN TÈXTIL i PELL,1,20,15,5,1,1
2023/2024,2023,FORMACIÓ PROFESSIONAL,CFPS - DISSENY TÈCNIC EN TÈXTIL i PELL,2,13,11,2,1,1
2023/2024,2023,FORMACIÓ PROFESSIONAL,CFPS - DOCUMENTACIÓ I ADMINISTRACIÓ SANITÀRIA,1,990,818,172,23,30
2023/2024,2023,FORMACIÓ PROFESSIONAL,CFPS - DOCUMENTACIÓ I ADMINISTRACIÓ SANITÀRIA,2,3580,2953,627,18,26
2023/2024,2023,FORMACIÓ PROFESSIONAL,CFPS - DOCUMENTACIÓ I ADMINISTRACIÓ SANITÀRIES,NA,612,544,68,0,1
2023/2024,2023,FORMACIÓ PROFESSIONAL,CFPS - DOCUMENTACIÓ I ADMINISTRACIÓ SANITÀRIES (GESTIÓ DE DADES),1,33,29,4,1,1
2023/2024,2023,FORMACIÓ PROFESSIONAL,CFPS - DOCUMENTACIÓ I ADMINISTRACIÓ SANITÀRIES (GESTIÓ DE DADES),2,26,17,9,1,1
2023/2024,2023,FORMACIÓ PROFESSIONAL,CFPS - EDUCACIÓ I CONTROL AMBIENTAL,1,94,39,55,15,7
2023/2024,2023,FORMACIÓ PROFESSIONAL,CFPS - EDUCACIÓ I CONTROL AMBIENTAL,2,106,41,65,16,8
2023/2024,2023,FORMACIÓ PROFESSIONAL,CFPS - EDUCACIÓ INFANTIL,1,3365,3017,348,96,86
2023/2024,2023,FORMACIÓ PROFESSIONAL,CFPS - EDUCACIÓ INFANTIL,2,4867,4462,405,89,84
2023/2024,2023,FORMACIÓ PROFESSIONAL,CFPS - EDUCACIÓ INFANTIL,NA,1056,1018,38,0,1
2023/2024,2023,FORMACIÓ PROFESSIONAL,CFPS - EFICIÈNCIA ENERGÈTICA I ENERGIA SOLAR I TÈRMICA,1,36,2,34,6,2
2023/2024,2023,FORMACIÓ PROFESSIONAL,CFPS - EFICIÈNCIA ENERGÈTICA I ENERGIA SOLAR I TÈRMICA,2,59,3,56,7,3
2023/2024,2023,FORMACIÓ PROFESSIONAL,CFPS - ELECTROMEDICINA CLÍNICA,1,60,9,51,2,2
2023/2024,2023,FORMACIÓ PROFESSIONAL,CFPS - ELECTROMEDICINA CLÍNICA,2,53,3,50,2,2
2023/2024,2023,FORMACIÓ PROFESSIONAL,CFPS - ENERGIES RENOVABLES,1,216,8,208,11,11
2023/2024,2023,FORMACIÓ PROFESSIONAL,CFPS - ENERGIES RENOVABLES,2,179,17,162,8,8
2023/2024,2023,FORMACIÓ PROFESSIONAL,CFPS - ENSENYAMENT I ANIMACIÓ SOCIOESPORTIVA,1,1537,266,1271,46,57
2023/2024,2023,FORMACIÓ PROFESSIONAL,CFPS - ENSENYAMENT I ANIMACIÓ SOCIOESPORTIVA,2,1066,206,860,46,55
2023/2024,2023,FORMACIÓ PROFESSIONAL,CFPS - ESTILISME I DIRECCIÓ DE PERRUQUERIA,1,129,111,18,10,9
2023/2024,2023,FORMACIÓ PROFESSIONAL,CFPS - ESTILISME I DIRECCIÓ DE PERRUQUERIA,2,113,97,16,11,10
2023/2024,2023,FORMACIÓ PROFESSIONAL,CFPS - ESTÈTICA INTEGRAL I BENESTAR,1,275,270,5,10,12
2023/2024,2023,FORMACIÓ PROFESSIONAL,CFPS - ESTÈTICA INTEGRAL I BENESTAR,2,269,262,7,10,12
2023/2024,2023,FORMACIÓ PROFESSIONAL,"CFPS - FABRICACIÓ DE PRODUCTES FARMACÈUTICS, BIOTECNOLÒGICS I AFINS",1,320,182,138,10,10
2023/2024,2023,FORMACIÓ PROFESSIONAL,"CFPS - FABRICACIÓ DE PRODUCTES FARMACÈUTICS, BIOTECNOLÒGICS I AFINS",2,333,192,141,10,10
2023/2024,2023,FORMACIÓ PROFESSIONAL,CFPS - FORMACIÓ PER A LA MOBILITAT SEGURA I SOSTENIBLE,1,23,3,20,1,1
2023/2024,2023,FORMACIÓ PROFESSIONAL,CFPS - GESTIÓ D'ALLOTJAMENTS TURÍSTICS,1,261,149,112,20,17
2023/2024,2023,FORMACIÓ PROFESSIONAL,CFPS - GESTIÓ D'ALLOTJAMENTS TURÍSTICS,2,429,285,144,20,18
2023/2024,2023,FORMACIÓ PROFESSIONAL,CFPS - GESTIÓ DE L'AIGUA,1,59,8,51,3,3
2023/2024,2023,FORMACIÓ PROFESSIONAL,CFPS - GESTIÓ DE L'AIGUA,2,39,6,33,2,2
2023/2024,2023,FORMACIÓ PROFESSIONAL,CFPS - GESTIÓ DE VENDES I ESPAIS COMERCIALS,1,399,146,253,18,18
2023/2024,2023,FORMACIÓ PROFESSIONAL,CFPS - GESTIÓ DE VENDES I ESPAIS COMERCIALS,2,367,153,214,19,17
2023/2024,2023,FORMACIÓ PROFESSIONAL,CFPS - GESTIÓ DE VENDES I ESPAIS COMERCIALS,NA,166,105,61,0,1
2023/2024,2023,FORMACIÓ PROFESSIONAL,CFPS - GESTIÓ FORESTAL I DEL MEDI NATURAL,1,196,34,162,8,7
2023/2024,2023,FORMACIÓ PROFESSIONAL,CFPS - GESTIÓ FORESTAL I DEL MEDI NATURAL,2,227,33,194,8,7
2023/2024,2023,FORMACIÓ PROFESSIONAL,"CFPS - GUIA, INFORMACIÓ I ASSISTÈNCIA TURÍSTIQUES",1,156,112,44,17,11
2023/2024,2023,FORMACIÓ PROFESSIONAL,"CFPS - GUIA, INFORMACIÓ I ASSISTÈNCIA TURÍSTIQUES",2,171,104,67,19,13
2023/2024,2023,FORMACIÓ PROFESSIONAL,CFPS - HIGIENE BUCODENTAL,1,1758,1519,239,29,37
2023/2024,2023,FORMACIÓ PROFESSIONAL,CFPS - HIGIENE BUCODENTAL,2,5468,4806,662,29,38
2023/2024,2023,FORMACIÓ PROFESSIONAL,"CFPS - IL·LUMINACIÓ, CAPTACIÓ i TRACTAMENT D'IMATGE",1,200,91,109,6,7
2023/2024,2023,FORMACIÓ PROFESSIONAL,"CFPS - IL·LUMINACIÓ, CAPTACIÓ i TRACTAMENT D'IMATGE",2,250,107,143,6,7
2023/2024,2023,FORMACIÓ PROFESSIONAL,CFPS - IMATGE PER AL DIAGNÒSTIC I MEDICINA NUCLEAR,1,1403,923,480,9,21
2023/2024,2023,FORMACIÓ PROFESSIONAL,CFPS - IMATGE PER AL DIAGNÒSTIC I MEDICINA NUCLEAR,2,8892,6696,2196,9,21
2023/2024,2023,FORMACIÓ PROFESSIONAL,CFPS - INTEGRACIÓ SOCIAL,1,2697,2143,554,89,71
2023/2024,2023,FORMACIÓ PROFESSIONAL,CFPS - INTEGRACIÓ SOCIAL,2,5195,4153,1042,85,70
2023/2024,2023,FORMACIÓ PROFESSIONAL,CFPS - INTEGRACIÓ SOCIAL,NA,1721,1419,302,0,1
2023/2024,2023,FORMACIÓ PROFESSIONAL,CFPS - LABORATORI CLÍNIC I BIOMÈDIC,1,1144,865,279,38,29
2023/2024,2023,FORMACIÓ PROFESSIONAL,CFPS - LABORATORI CLÍNIC I BIOMÈDIC,2,1259,913,346,23,28
2023/2024,2023,FORMACIÓ PROFESSIONAL,CFPS - LABORATORI CLÍNIC I BIOMÈDIC (RECERCA),1,34,30,4,1,1
2023/2024,2023,FORMACIÓ PROFESSIONAL,CFPS - LABORATORI CLÍNIC I BIOMÈDIC (RECERCA),2,28,21,7,1,1
2023/2024,2023,FORMACIÓ PROFESSIONAL,CFPS - LABORATORI D'ANÀLISI I CONTROL DE QUALITAT,1,588,342,246,20,18
2023/2024,2023,FORMACIÓ PROFESSIONAL,CFPS - LABORATORI D'ANÀLISI I CONTROL DE QUALITAT,2,568,311,257,19,18
2023/2024,2023,FORMACIÓ PROFESSIONAL,CFPS - MANTENIMENT AEROMECÀNIC D'AVIONS AMB MOTOR DE PISTÓ,2,3,0,3,1,1
2023/2024,2023,FORMACIÓ PROFESSIONAL,CFPS - MANTENIMENT AEROMECÀNIC D'AVIONS AMB MOTOR DE TURBINA,1,24,4,20,1,1
2023/2024,2023,FORMACIÓ PROFESSIONAL,CFPS - MANTENIMENT AEROMECÀNIC D'AVIONS AMB MOTOR DE TURBINA,2,33,1,32,1,1
2023/2024,2023,FORMACIÓ PROFESSIONAL,CFPS - MANTENIMENT AEROMECÀNIC D'HELICÒPTERS AMB MOTOR DE PISTÓ,2,2,0,2,1,1
2023/2024,2023,FORMACIÓ PROFESSIONAL,CFPS - MANTENIMENT AEROMECÀNIC D'HELICÒPTERS AMB MOTOR DE TURBINA,1,13,1,12,1,1
2023/2024,2023,FORMACIÓ PROFESSIONAL,CFPS - MANTENIMENT AEROMECÀNIC D'HELICÒPTERS AMB MOTOR DE TURBINA,2,8,0,8,1,1
2023/2024,2023,FORMACIÓ PROFESSIONAL,CFPS - MANTENIMENT D'INSTAL·LACIONS TÈRMIQUES I DE FLUIDS,1,127,1,126,7,7
2023/2024,2023,FORMACIÓ PROFESSIONAL,CFPS - MANTENIMENT D'INSTAL·LACIONS TÈRMIQUES I DE FLUIDS,2,134,6,128,8,8
2023/2024,2023,FORMACIÓ PROFESSIONAL,CFPS - MANTENIMENT DE SISTEMES ELECTRÒNICS I AVIÒNICS EN AERONAUS,1,19,3,16,1,1
2023/2024,2023,FORMACIÓ PROFESSIONAL,CFPS - MANTENIMENT DE SISTEMES ELECTRÒNICS I AVIÒNICS EN AERONAUS,2,33,1,32,1,1
2023/2024,2023,FORMACIÓ PROFESSIONAL,CFPS - MANTENIMENT ELECTRÒNIC,1,82,1,81,14,6
2023/2024,2023,FORMACIÓ PROFESSIONAL,CFPS - MANTENIMENT ELECTRÒNIC,2,80,7,73,14,6
2023/2024,2023,FORMACIÓ PROFESSIONAL,CFPS - MECATRÒNICA INDUSTRIAL,1,721,34,687,26,29
2023/2024,2023,FORMACIÓ PROFESSIONAL,CFPS - MECATRÒNICA INDUSTRIAL,2,716,26,690,28,30
2023/2024,2023,FORMACIÓ PROFESSIONAL,CFPS - MEDIACIÓ COMUNICATIVA,1,78,68,10,8,4
2023/2024,2023,FORMACIÓ PROFESSIONAL,CFPS - MEDIACIÓ COMUNICATIVA,2,62,52,10,7,3
2023/2024,2023,FORMACIÓ PROFESSIONAL,CFPS - MÀRQUETING I PUBLICITAT,1,2132,1134,998,46,58
2023/2024,2023,FORMACIÓ PROFESSIONAL,CFPS - MÀRQUETING I PUBLICITAT,2,3092,1747,1345,40,55
2023/2024,2023,FORMACIÓ PROFESSIONAL,CFPS - MÀRQUETING I PUBLICITAT,NA,296,212,84,0,1
2023/2024,2023,FORMACIÓ PROFESSIONAL,CFPS - MÀRQUETING I PUBLICITAT (ENOLÒGIC),1,9,2,7,1,1
2023/2024,2023,FORMACIÓ PROFESSIONAL,CFPS - MÀRQUETING I PUBLICITAT (ENOLÒGIC),2,11,3,8,1,1
2023/2024,2023,FORMACIÓ PROFESSIONAL,CFPS - MÀRQUETING I PUBLICITAT (PROMOCIÓ TURÍSTICA),1,27,18,9,1,1
2023/2024,2023,FORMACIÓ PROFESSIONAL,CFPS - MÀRQUETING I PUBLICITAT (PROMOCIÓ TURÍSTICA),2,13,10,3,1,1
2023/2024,2023,FORMACIÓ PROFESSIONAL,CFPS - ORGANITZACIÓ DEL MANTENIMENT DE LA MAQUINÀRIA DE VAIXELLS I EMBARCACIONS,1,29,1,28,1,1
2023/2024,2023,FORMACIÓ PROFESSIONAL,CFPS - ORGANITZACIÓ DEL MANTENIMENT DE LA MAQUINÀRIA DE VAIXELLS I EMBARCACIONS,2,28,0,28,1,1
2023/2024,2023,FORMACIÓ PROFESSIONAL,CFPS - ORGANITZACIÓ I CONTROL D'OBRES DE CONSTRUCCIÓ,1,42,9,33,6,2
2023/2024,2023,FORMACIÓ PROFESSIONAL,CFPS - ORGANITZACIÓ I CONTROL D'OBRES DE CONSTRUCCIÓ,2,19,4,15,6,2
2023/2024,2023,FORMACIÓ PROFESSIONAL,CFPS - ORTOPRÒTESI I PRODUCTES DE SUPORT,1,34,17,17,1,2
2023/2024,2023,FORMACIÓ PROFESSIONAL,CFPS - ORTOPRÒTESI I PRODUCTES DE SUPORT,2,7,5,2,0,1
2023/2024,2023,FORMACIÓ PROFESSIONAL,CFPS - PAISATGISME I MEDI RURAL,1,125,35,90,6,7
2023/2024,2023,FORMACIÓ PROFESSIONAL,CFPS - PAISATGISME I MEDI RURAL,2,112,28,84,6,7
2023/2024,2023,FORMACIÓ PROFESSIONAL,CFPS - PAISATGISME I MEDI RURAL (AGROECOLOGIA I ACCIÓ CLIMÀTICA),1,14,5,9,1,1
2023/2024,2023,FORMACIÓ PROFESSIONAL,CFPS - PAISATGISME I MEDI RURAL (AGROECOLOGIA I ACCIÓ CLIMÀTICA),2,19,7,12,1,1
2023/2024,2023,FORMACIÓ PROFESSIONAL,CFPS - PAISATGISME I MEDI RURAL (GESTIÓ AGROPECUÀRIA),1,37,2,35,3,3
2023/2024,2023,FORMACIÓ PROFESSIONAL,CFPS - PAISATGISME I MEDI RURAL (GESTIÓ AGROPECUÀRIA),2,30,4,26,3,3
2023/2024,2023,FORMACIÓ PROFESSIONAL,CFPS - PATRONATGE I MODA,1,164,120,44,5,7
2023/2024,2023,FORMACIÓ PROFESSIONAL,CFPS - PATRONATGE I MODA,2,182,151,31,5,7
2023/2024,2023,FORMACIÓ PROFESSIONAL,CFPS - PREVENCIÓ DE RISCOS PROFESSIONALS,1,175,81,94,12,5
2023/2024,2023,FORMACIÓ PROFESSIONAL,CFPS - PREVENCIÓ DE RISCOS PROFESSIONALS,2,55,25,30,12,4
2023/2024,2023,FORMACIÓ PROFESSIONAL,CFPS - PREVENCIÓ DE RISCOS PROFESSIONALS,NA,606,311,295,0,1
2023/2024,2023,FORMACIÓ PROFESSIONAL,CFPS - PROCESSOS I QUALITAT EN LA INDÚSRIA ALIMENTÀRIA,1,101,53,48,10,7
2023/2024,2023,FORMACIÓ PROFESSIONAL,CFPS - PROCESSOS I QUALITAT EN LA INDÚSRIA ALIMENTÀRIA,2,89,53,36,10,6
2023/2024,2023,FORMACIÓ PROFESSIONAL,CFPS - PRODUCCIÓ D'AUDIOVISUALS I ESPECTACLES,1,242,122,120,6,9
2023/2024,2023,FORMACIÓ PROFESSIONAL,CFPS - PRODUCCIÓ D'AUDIOVISUALS I ESPECTACLES,2,322,155,167,6,8
2023/2024,2023,FORMACIÓ PROFESSIONAL,CFPS - PROGRAMACIÓ DE LA PRODUCCIÓ EN L'EMMOTLLAMENT DE METALLS I POLÍMERS,1,11,2,9,5,1
2023/2024,2023,FORMACIÓ PROFESSIONAL,CFPS - PROGRAMACIÓ DE LA PRODUCCIÓ EN L'EMMOTLLAMENT DE METALLS I POLÍMERS,2,3,0,3,5,1
2023/2024,2023,FORMACIÓ PROFESSIONAL,CFPS - PROGRAMACIÓ DE PRODUCCIÓ EN FABRICACIÓ MECANICA (MOTLLES I MATRIUS),1,28,0,28,2,2
2023/2024,2023,FORMACIÓ PROFESSIONAL,CFPS - PROGRAMACIÓ DE PRODUCCIÓ EN FABRICACIÓ MECANICA (MOTLLES I MATRIUS),2,33,2,31,2,2
2023/2024,2023,FORMACIÓ PROFESSIONAL,CFPS - PROGRAMACIÓ DE PRODUCCIÓ EN FABRICACIÓ MECÀNICA,1,310,10,300,20,19
2023/2024,2023,FORMACIÓ PROFESSIONAL,CFPS - PROGRAMACIÓ DE PRODUCCIÓ EN FABRICACIÓ MECÀNICA,2,350,19,331,25,20
2023/2024,2023,FORMACIÓ PROFESSIONAL,CFPS - PROJECTES D'EDIFICACIÓ,1,172,80,92,13,6
2023/2024,2023,FORMACIÓ PROFESSIONAL,CFPS - PROJECTES D'EDIFICACIÓ,2,143,50,93,13,6
2023/2024,2023,FORMACIÓ PROFESSIONAL,CFPS - PROJECTES D'EDIFICACIÓ (REHABILITACIÓ I RESTAURACIÓ),1,72,38,34,3,3
2023/2024,2023,FORMACIÓ PROFESSIONAL,CFPS - PROJECTES D'EDIFICACIÓ (REHABILITACIÓ I RESTAURACIÓ),2,66,20,46,4,4
2023/2024,2023,FORMACIÓ PROFESSIONAL,CFPS - PROJECTES D'OBRA CIVIL,1,38,8,30,2,2
2023/2024,2023,FORMACIÓ PROFESSIONAL,CFPS - PROJECTES D'OBRA CIVIL,2,26,6,20,2,2
2023/2024,2023,FORMACIÓ PROFESSIONAL,CFPS - PROMOCIÓ DE LA IGUALTAT DE GÈNERE,1,81,75,6,5,7
2023/2024,2023,FORMACIÓ PROFESSIONAL,CFPS - PROMOCIÓ DE LA IGUALTAT DE GÈNERE,2,76,67,9,5,6
2023/2024,2023,FORMACIÓ PROFESSIONAL,CFPS - PRÒTESIS DENTALS,1,230,172,58,3,7
2023/2024,2023,FORMACIÓ PROFESSIONAL,CFPS - PRÒTESIS DENTALS,2,272,202,70,3,7
2023/2024,2023,FORMACIÓ PROFESSIONAL,CFPS - QUÍMICA I SALUT AMBIENTAL,1,115,56,59,10,6
2023/2024,2023,FORMACIÓ PROFESSIONAL,CFPS - QUÍMICA I SALUT AMBIENTAL,2,106,45,61,10,6
2023/2024,2023,FORMACIÓ PROFESSIONAL,CFPS - QUÍMICA INDUSTRIAL,1,280,80,200,10,7
2023/2024,2023,FORMACIÓ PROFESSIONAL,CFPS - QUÍMICA INDUSTRIAL,2,286,78,208,11,7
2023/2024,2023,FORMACIÓ PROFESSIONAL,CFPS - RADIOTERÀPIA I DOSIMETRIA,1,53,36,17,1,2
2023/2024,2023,FORMACIÓ PROFESSIONAL,CFPS - RADIOTERÀPIA I DOSIMETRIA,2,75,53,22,1,2
2023/2024,2023,FORMACIÓ PROFESSIONAL,CFPS - RAMADERIA I ASSISTÈNCIA EN SANITAT ANIMAL,1,234,179,55,4,6
2023/2024,2023,FORMACIÓ PROFESSIONAL,CFPS - RAMADERIA I ASSISTÈNCIA EN SANITAT ANIMAL,2,230,149,81,4,6
2023/2024,2023,FORMACIÓ PROFESSIONAL,CFPS - REALITZACIÓ DE PROJECTES AUDIOVISUALS I ESPECTACLES,1,332,139,193,9,12
2023/2024,2023,FORMACIÓ PROFESSIONAL,CFPS - REALITZACIÓ DE PROJECTES AUDIOVISUALS I ESPECTACLES,2,598,270,328,7,10
2023/2024,2023,FORMACIÓ PROFESSIONAL,CFPS - SISTEMES DE TELECOMUNICACIONS I INFORMÀTICS,1,237,23,214,21,11
2023/2024,2023,FORMACIÓ PROFESSIONAL,CFPS - SISTEMES DE TELECOMUNICACIONS I INFORMÀTICS,2,184,15,169,21,11
2023/2024,2023,FORMACIÓ PROFESSIONAL,CFPS - SISTEMES ELECTROTÈCNICS I AUTOMATITZATS,1,358,15,343,30,18
2023/2024,2023,FORMACIÓ PROFESSIONAL,CFPS - SISTEMES ELECTROTÈCNICS I AUTOMATITZATS,2,306,8,298,29,18
2023/2024,2023,FORMACIÓ PROFESSIONAL,CFPS - SISTEMES ELECTROTÈCNICS I AUTOMATITZATS (INSTAL. ELÈCTRIQUES I COMUNICACIÓ DE VAIXELLS),1,26,2,24,1,1
2023/2024,2023,FORMACIÓ PROFESSIONAL,CFPS - SISTEMES ELECTROTÈCNICS I AUTOMATITZATS (INSTAL. ELÈCTRIQUES I COMUNICACIÓ DE VAIXELLS),2,17,1,16,1,1
2023/2024,2023,FORMACIÓ PROFESSIONAL,CFPS - SO PER AUDIOVISUALS I ESPECTACLES,1,241,32,209,6,6
2023/2024,2023,FORMACIÓ PROFESSIONAL,CFPS - SO PER AUDIOVISUALS I ESPECTACLES,2,233,42,191,6,6
2023/2024,2023,FORMACIÓ PROFESSIONAL,CFPS - TERMALISME I BENESTAR,1,41,37,4,2,3
2023/2024,2023,FORMACIÓ PROFESSIONAL,CFPS - TERMALISME I BENESTAR,2,30,27,3,2,3
2023/2024,2023,FORMACIÓ PROFESSIONAL,CFPS - TRANSPORT I LOGÍSTICA,1,730,222,508,21,22
2023/2024,2023,FORMACIÓ PROFESSIONAL,CFPS - TRANSPORT I LOGÍSTICA,2,1290,481,809,26,22
2023/2024,2023,FORMACIÓ PROFESSIONAL,CFPS - TRANSPORT I LOGÍSTICA,NA,233,99,134,0,1
2023/2024,2023,FORMACIÓ PROFESSIONAL,CFPS - TRANSPORT MARÍTIM I PESCA D'ALTURA,1,59,7,52,2,1
2023/2024,2023,FORMACIÓ PROFESSIONAL,CFPS - TRANSPORT MARÍTIM I PESCA D'ALTURA,2,67,5,62,2,1
2023/2024,2023,FORMACIÓ PROFESSIONAL,CFPS - VESTUARI A MIDA PER ESPECTACLES,1,52,46,6,1,2
2023/2024,2023,FORMACIÓ PROFESSIONAL,CFPS - VESTUARI A MIDA PER ESPECTACLES,2,95,78,17,2,3
2023/2024,2023,FORMACIÓ PROFESSIONAL,CFPS - VITIVINICULTURA,1,52,7,45,3,4
2023/2024,2023,FORMACIÓ PROFESSIONAL,CFPS - VITIVINICULTURA,2,45,10,35,3,3
2023/2024,2023,FORMACIÓ PROFESSIONAL,CFPS - ÒPTICA D'ULLERA,1,22,17,5,1,1
2023/2024,2023,FORMACIÓ PROFESSIONAL,CFPS - ÒPTICA D'ULLERA,2,19,13,6,1,1
2023/2024,2023,ITINERARIS FORMATIUS ESPECÍFICS,IFE - AUXILIAR EN CURA D'ANIMALS I ESPAIS VERDS,1,90,33,57,0,10
2023/2024,2023,ITINERARIS FORMATIUS ESPECÍFICS,IFE - AUXILIAR EN CURA D'ANIMALS I ESPAIS VERDS,2,72,28,44,0,9
2023/2024,2023,ITINERARIS FORMATIUS ESPECÍFICS,IFE - AUXILIAR EN CURA D'ANIMALS I ESPAIS VERDS,3,40,10,30,0,5
2023/2024,2023,ITINERARIS FORMATIUS ESPECÍFICS,IFE - AUXILIAR EN CURA D'ANIMALS I ESPAIS VERDS,4,27,5,22,0,5
2023/2024,2023,ITINERARIS FORMATIUS ESPECÍFICS,IFE - AUXILIAR EN MANTENIMENT D'INSTAL·LACIONS ESPORTIVES,1,102,19,83,0,13
2023/2024,2023,ITINERARIS FORMATIUS ESPECÍFICS,IFE - AUXILIAR EN MANTENIMENT D'INSTAL·LACIONS ESPORTIVES,2,110,23,87,0,13
2023/2024,2023,ITINERARIS FORMATIUS ESPECÍFICS,IFE - AUXILIAR EN MANTENIMENT D'INSTAL·LACIONS ESPORTIVES,3,84,24,60,0,13
2023/2024,2023,ITINERARIS FORMATIUS ESPECÍFICS,IFE - AUXILIAR EN MANTENIMENT D'INSTAL·LACIONS ESPORTIVES,4,63,7,56,0,10
2023/2024,2023,ITINERARIS FORMATIUS ESPECÍFICS,IFE - AUXILIAR EN SERVEIS DE RESTAURACIÓ I ELABORACIÓ D'ÀPATS,1,46,21,25,0,5
2023/2024,2023,ITINERARIS FORMATIUS ESPECÍFICS,IFE - AUXILIAR EN SERVEIS DE RESTAURACIÓ I ELABORACIÓ D'ÀPATS,2,37,16,21,0,4
2023/2024,2023,ITINERARIS FORMATIUS ESPECÍFICS,IFE - AUXILIAR EN SERVEIS DE RESTAURACIÓ I ELABORACIÓ D'ÀPATS,3,19,6,13,0,2
2023/2024,2023,ITINERARIS FORMATIUS ESPECÍFICS,IFE - AUXILIAR EN VENDES I ATENCIÓ AL PÚBLIC,1,157,65,92,0,18
2023/2024,2023,ITINERARIS FORMATIUS ESPECÍFICS,IFE - AUXILIAR EN VENDES I ATENCIÓ AL PÚBLIC,2,154,75,79,0,17
2023/2024,2023,ITINERARIS FORMATIUS ESPECÍFICS,IFE - AUXILIAR EN VENDES I ATENCIÓ AL PÚBLIC,3,138,58,80,0,15
2023/2024,2023,ITINERARIS FORMATIUS ESPECÍFICS,IFE - AUXILIAR EN VENDES I ATENCIÓ AL PÚBLIC,4,102,43,59,0,13
2023/2024,2023,MÚSICA,ACORDIÓ,1,5,2,3,0,5
2023/2024,2023,MÚSICA,ACORDIÓ,2,2,0,2,0,2
2023/2024,2023,MÚSICA,ACORDIÓ,3,4,1,3,0,4
2023/2024,2023,MÚSICA,ACORDIÓ,4,5,4,1,0,4
2023/2024,2023,MÚSICA,ACORDIÓ,5,3,0,3,0,3
2023/2024,2023,MÚSICA,ACORDIÓ,6,11,7,4,0,4
2023/2024,2023,MÚSICA,ACORDIÓ (INTERPRETACIÓ: CLÀSSICA I CONTEMPORÀNIA),1,1,0,1,0,1
2023/2024,2023,MÚSICA,ACORDIÓ (MÚSICA TRADICIONAL),3,1,0,1,0,1
2023/2024,2023,MÚSICA,ACORDIÓ (MÚSICA TRADICIONAL),6,1,1,0,0,1
2023/2024,2023,MÚSICA,ACORDIÓ DIATÓNIC (INTERPRETACIÓ: MÚSICA TRADICIONAL I FLAMENC),1,1,1,0,0,1
2023/2024,2023,MÚSICA,ACORDIÓ DIATÓNIC (INTERPRETACIÓ: MÚSICA TRADICIONAL I FLAMENC),2,1,0,1,0,1
2023/2024,2023,MÚSICA,ACORDIÓ DIÀTONIC (INTERPRETACIÓ: JAZZ I MÚSICA MODERNA),4,2,1,1,0,1
2023/2024,2023,MÚSICA,ARPA,1,5,4,1,0,4
2023/2024,2023,MÚSICA,ARPA,2,7,6,1,0,4
2023/2024,2023,MÚSICA,ARPA,3,1,1,0,0,1
2023/2024,2023,MÚSICA,ARPA,4,4,2,2,0,3
2023/2024,2023,MÚSICA,ARPA,5,1,0,1,0,1
2023/2024,2023,MÚSICA,ARPA,6,6,3,3,0,4
2023/2024,2023,MÚSICA,ARPA (INTERPRETACIÓ: CLÀSSICA I CONTEMPORÀNIA),1,2,1,1,0,1
2023/2024,2023,MÚSICA,ARPA (INTERPRETACIÓ: CLÀSSICA I CONTEMPORÀNIA),4,2,1,1,0,2
2023/2024,2023,MÚSICA,BAIX ELÈCTRIC,2,1,0,1,0,1
2023/2024,2023,MÚSICA,BAIX ELÈCTRIC,5,2,0,2,0,2
2023/2024,2023,MÚSICA,BAIX ELÈCTRIC (INTERPRETACIÓ: JAZZ I MÚSICA MODERNA),1,5,0,5,0,3
2023/2024,2023,MÚSICA,BAIX ELÈCTRIC (INTERPRETACIÓ: JAZZ I MÚSICA MODERNA),2,12,1,11,0,4
2023/2024,2023,MÚSICA,BAIX ELÈCTRIC (INTERPRETACIÓ: JAZZ I MÚSICA MODERNA),3,4,0,4,0,3
2023/2024,2023,MÚSICA,BAIX ELÈCTRIC (INTERPRETACIÓ: JAZZ I MÚSICA MODERNA),4,14,0,14,0,3
2023/2024,2023,MÚSICA,BATERIA (INTERPRETACIÓ: JAZZ I MÚSICA MODERNA),1,16,1,15,0,4
2023/2024,2023,MÚSICA,BATERIA (INTERPRETACIÓ: JAZZ I MÚSICA MODERNA),2,19,2,17,0,4
2023/2024,2023,MÚSICA,BATERIA (INTERPRETACIÓ: JAZZ I MÚSICA MODERNA),3,21,0,21,0,4
2023/2024,2023,MÚSICA,BATERIA (INTERPRETACIÓ: JAZZ I MÚSICA MODERNA),4,26,2,24,0,4
2023/2024,2023,MÚSICA,CANT,1,16,12,4,0,8
2023/2024,2023,MÚSICA,CANT,2,21,20,1,0,9
2023/2024,2023,MÚSICA,CANT,3,20,16,4,0,13
2023/2024,2023,MÚSICA,CANT,4,13,11,2,0,7
2023/2024,2023,MÚSICA,CANT,5,33,29,4,0,12
2023/2024,2023,MÚSICA,CANT,6,33,26,7,0,14
2023/2024,2023,MÚSICA,CANT (INTERPRETACIÓ: CLÀSSICA I CONTEMPORÀNIA),1,13,9,4,0,2
2023/2024,2023,MÚSICA,CANT (INTERPRETACIÓ: CLÀSSICA I CONTEMPORÀNIA),2,17,13,4,0,2
2023/2024,2023,MÚSICA,CANT (INTERPRETACIÓ: CLÀSSICA I CONTEMPORÀNIA),3,23,16,7,0,2
2023/2024,2023,MÚSICA,CANT (INTERPRETACIÓ: CLÀSSICA I CONTEMPORÀNIA),4,25,15,10,0,2
2023/2024,2023,MÚSICA,CANT (INTERPRETACIÓ: JAZZ I MÚSICA MODERNA),1,32,27,5,0,4
2023/2024,2023,MÚSICA,CANT (INTERPRETACIÓ: JAZZ I MÚSICA MODERNA),2,35,21,14,0,4
2023/2024,2023,MÚSICA,CANT (INTERPRETACIÓ: JAZZ I MÚSICA MODERNA),3,19,14,5,0,4
2023/2024,2023,MÚSICA,CANT (INTERPRETACIÓ: JAZZ I MÚSICA MODERNA),4,16,15,1,0,4
2023/2024,2023,MÚSICA,CANT FLAMENC (INTERPRETACIÓ: MÚSICA TRADICIONAL),3,2,2,0,0,1
2023/2024,2023,MÚSICA,CANT FLAMENC (INTERPRETACIÓ: MÚSICA TRADICIONAL),4,1,1,0,0,1
2023/2024,2023,MÚSICA,CANT HISTÒRIC (INTERPRETACIÓ: MÚSICA ANTIGA),1,5,5,0,0,1
2023/2024,2023,MÚSICA,CANT HISTÒRIC (INTERPRETACIÓ: MÚSICA ANTIGA),2,2,1,1,0,1
2023/2024,2023,MÚSICA,CANT HISTÒRIC (INTERPRETACIÓ: MÚSICA ANTIGA),3,1,1,0,0,1
2023/2024,2023,MÚSICA,CANT HISTÒRIC (INTERPRETACIÓ: MÚSICA ANTIGA),4,3,2,1,0,1
2023/2024,2023,MÚSICA,CLARINET,1,25,12,13,0,18
2023/2024,2023,MÚSICA,CLARINET,2,23,17,6,0,16
2023/2024,2023,MÚSICA,CLARINET,3,39,21,18,0,16
2023/2024,2023,MÚSICA,CLARINET,4,33,15,18,0,17
2023/2024,2023,MÚSICA,CLARINET,5,22,8,14,0,14
2023/2024,2023,MÚSICA,CLARINET,6,33,22,11,0,13
2023/2024,2023,MÚSICA,CLARINET (INTERPRETACIÓ: CLÀSSICA I CONTEMPORÀNIA),1,6,3,3,0,2
2023/2024,2023,MÚSICA,CLARINET (INTERPRETACIÓ: CLÀSSICA I CONTEMPORÀNIA),2,4,2,2,0,2
2023/2024,2023,MÚSICA,CLARINET (INTERPRETACIÓ: CLÀSSICA I CONTEMPORÀNIA),3,6,3,3,0,2
2023/2024,2023,MÚSICA,CLARINET (INTERPRETACIÓ: CLÀSSICA I CONTEMPORÀNIA),4,7,3,4,0,2
2023/2024,2023,MÚSICA,CLARINET (INTERPRETACIÓ: JAZZ I MÚSICA MODERNA),1,1,0,1,0,1
2023/2024,2023,MÚSICA,CLARINET (INTERPRETACIÓ: JAZZ I MÚSICA MODERNA),2,1,0,1,0,1
2023/2024,2023,MÚSICA,CLARINET (INTERPRETACIÓ: JAZZ I MÚSICA MODERNA),3,1,1,0,0,1
2023/2024,2023,MÚSICA,CLARINET (INTERPRETACIÓ: JAZZ I MÚSICA MODERNA),4,3,1,2,0,2
2023/2024,2023,MÚSICA,CLAVICÈMBAL,1,2,1,1,0,1
2023/2024,2023,MÚSICA,CLAVICÈMBAL,2,2,1,1,0,2
2023/2024,2023,MÚSICA,CLAVICÈMBAL,3,2,1,1,0,2
2023/2024,2023,MÚSICA,CLAVICÈMBAL,4,1,0,1,0,1
2023/2024,2023,MÚSICA,CLAVICÈMBAL,5,1,1,0,0,1
2023/2024,2023,MÚSICA,CLAVICÈMBAL,6,3,1,2,0,3
2023/2024,2023,MÚSICA,COMPOSICIÓ,1,21,2,19,0,4
2023/2024,2023,MÚSICA,COMPOSICIÓ,2,19,4,15,0,3
2023/2024,2023,MÚSICA,COMPOSICIÓ,3,19,5,14,0,3
2023/2024,2023,MÚSICA,COMPOSICIÓ,4,28,6,22,0,3
2023/2024,2023,MÚSICA,CONTRABAIX,1,10,4,6,0,8
2023/2024,2023,MÚSICA,CONTRABAIX,2,9,3,6,0,9
2023/2024,2023,MÚSICA,CONTRABAIX,3,12,7,5,0,10
2023/2024,2023,MÚSICA,CONTRABAIX,4,11,5,6,0,9
2023/2024,2023,MÚSICA,CONTRABAIX,5,21,6,15,0,14
2023/2024,2023,MÚSICA,CONTRABAIX,6,12,3,9,0,10
2023/2024,2023,MÚSICA,CONTRABAIX (INTERPRETACIÓ: CLÀSSICA I CONTEMPORÀNIA),1,4,1,3,0,1
2023/2024,2023,MÚSICA,CONTRABAIX (INTERPRETACIÓ: CLÀSSICA I CONTEMPORÀNIA),2,3,1,2,0,2
2023/2024,2023,MÚSICA,CONTRABAIX (INTERPRETACIÓ: CLÀSSICA I CONTEMPORÀNIA),3,1,0,1,0,1
2023/2024,2023,MÚSICA,CONTRABAIX (INTERPRETACIÓ: CLÀSSICA I CONTEMPORÀNIA),4,3,2,1,0,1
2023/2024,2023,MÚSICA,CONTRABAIX (INTERPRETACIÓ: JAZZ I MÚSICA MODERNA),1,1,0,1,0,1
2023/2024,2023,MÚSICA,CONTRABAIX (INTERPRETACIÓ: JAZZ I MÚSICA MODERNA),2,3,0,3,0,3
2023/2024,2023,MÚSICA,CONTRABAIX (INTERPRETACIÓ: JAZZ I MÚSICA MODERNA),3,3,0,3,0,1
2023/2024,2023,MÚSICA,CONTRABAIX (INTERPRETACIÓ: JAZZ I MÚSICA MODERNA),4,4,0,4,0,2
2023/2024,2023,MÚSICA,CORNAMUSA (INTERPRETACIÓ: MÚSICA TRADICIONAL I FLAMENC),3,1,1,0,0,1
2023/2024,2023,MÚSICA,FAGOT,1,11,7,4,0,8
2023/2024,2023,MÚSICA,FAGOT,2,9,4,5,0,7
2023/2024,2023,MÚSICA,FAGOT,3,6,3,3,0,5
2023/2024,2023,MÚSICA,FAGOT,4,5,2,3,0,4
2023/2024,2023,MÚSICA,FAGOT,5,5,5,0,0,3
2023/2024,2023,MÚSICA,FAGOT,6,6,0,6,0,6
2023/2024,2023,MÚSICA,FAGOT (INTERPRETACIÓ: CLÀSSICA I CONTEMPORÀNIA),1,7,2,5,0,1
2023/2024,2023,MÚSICA,FAGOT (INTERPRETACIÓ: CLÀSSICA I CONTEMPORÀNIA),2,2,1,1,0,1
2023/2024,2023,MÚSICA,FAGOT (INTERPRETACIÓ: CLÀSSICA I CONTEMPORÀNIA),3,2,1,1,0,2
2023/2024,2023,MÚSICA,FAGOT (INTERPRETACIÓ: CLÀSSICA I CONTEMPORÀNIA),4,3,1,2,0,2
2023/2024,2023,MÚSICA,FAGOTS HISTÒRICS (INTERPRETACIÓ: MÚSICA ANTIGA),4,1,0,1,0,1
2023/2024,2023,MÚSICA,FLABIOL I TAMBORÍ,1,1,0,1,0,1
2023/2024,2023,MÚSICA,FLABIOL I TAMBORÍ,3,2,1,1,0,1
2023/2024,2023,MÚSICA,FLABIOL I TAMBORÍ,6,3,3,0,0,2
2023/2024,2023,MÚSICA,FLABIOL I TAMBORÍ (INTERPRETACIÓ: MÚSICA TRADICIONAL),2,3,2,1,0,1
2023/2024,2023,MÚSICA,FLABIOL I TAMBORÍ (INTERPRETACIÓ: MÚSICA TRADICIONAL),3,1,1,0,0,1
2023/2024,2023,MÚSICA,FLABIOL I TAMBORÍ (INTERPRETACIÓ: MÚSICA TRADICIONAL),4,1,1,0,0,1
2023/2024,2023,MÚSICA,FLAUTA DE BEC,1,3,1,2,0,3
2023/2024,2023,MÚSICA,FLAUTA DE BEC,2,2,1,1,0,2
2023/2024,2023,MÚSICA,FLAUTA DE BEC,3,10,6,4,0,7
2023/2024,2023,MÚSICA,FLAUTA DE BEC,4,6,3,3,0,4
2023/2024,2023,MÚSICA,FLAUTA DE BEC,5,5,2,3,0,5
2023/2024,2023,MÚSICA,FLAUTA DE BEC,6,4,2,2,0,3
2023/2024,2023,MÚSICA,FLAUTA DE BEC (INTERPRETACIÓ: CLÀSSICA I CONTEMPORÀNIA),1,3,1,2,0,1
2023/2024,2023,MÚSICA,FLAUTA DE BEC (INTERPRETACIÓ: CLÀSSICA I CONTEMPORÀNIA),2,2,1,1,0,1
2023/2024,2023,MÚSICA,FLAUTA DE BEC (INTERPRETACIÓ: CLÀSSICA I CONTEMPORÀNIA),3,3,3,0,0,1
2023/2024,2023,MÚSICA,FLAUTA DE BEC (INTERPRETACIÓ: CLÀSSICA I CONTEMPORÀNIA),4,2,1,1,0,1
2023/2024,2023,MÚSICA,FLAUTA TRAVESSERA,1,37,32,5,0,20
2023/2024,2023,MÚSICA,FLAUTA TRAVESSERA,2,31,25,6,0,18
2023/2024,2023,MÚSICA,FLAUTA TRAVESSERA,3,39,33,6,0,16
2023/2024,2023,MÚSICA,FLAUTA TRAVESSERA,4,42,35,7,0,18
2023/2024,2023,MÚSICA,FLAUTA TRAVESSERA,5,29,25,4,0,15
2023/2024,2023,MÚSICA,FLAUTA TRAVESSERA,6,41,33,8,0,21
2023/2024,2023,MÚSICA,FLAUTA TRAVESSERA (INTERPRETACIÓ: CLÀSSICA I CONTEMPORÀNIA),1,4,3,1,0,1
2023/2024,2023,MÚSICA,FLAUTA TRAVESSERA (INTERPRETACIÓ: CLÀSSICA I CONTEMPORÀNIA),2,2,2,0,0,1
2023/2024,2023,MÚSICA,FLAUTA TRAVESSERA (INTERPRETACIÓ: CLÀSSICA I CONTEMPORÀNIA),3,4,3,1,0,1
2023/2024,2023,MÚSICA,FLAUTA TRAVESSERA (INTERPRETACIÓ: CLÀSSICA I CONTEMPORÀNIA),4,4,3,1,0,1
2023/2024,2023,MÚSICA,FLAUTA TRAVESSERA (INTERPRETACIÓ: JAZZ I MÚSICA MODERNA),1,1,0,1,0,1
2023/2024,2023,MÚSICA,FLAUTA TRAVESSERA (INTERPRETACIÓ: JAZZ I MÚSICA MODERNA),2,1,1,0,0,1
2023/2024,2023,MÚSICA,FLAUTA TRAVESSERA (INTERPRETACIÓ: JAZZ I MÚSICA MODERNA),3,1,1,0,0,1
2023/2024,2023,MÚSICA,FLAUTA TRAVESSERA (INTERPRETACIÓ: JAZZ I MÚSICA MODERNA),4,2,0,2,0,2
2023/2024,2023,MÚSICA,GUITARRA,1,38,17,21,0,19
2023/2024,2023,MÚSICA,GUITARRA,2,36,18,18,0,18
2023/2024,2023,MÚSICA,GUITARRA,3,35,13,22,0,19
2023/2024,2023,MÚSICA,GUITARRA,4,38,15,23,0,17
2023/2024,2023,MÚSICA,GUITARRA,5,32,17,15,0,17
2023/2024,2023,MÚSICA,GUITARRA,6,61,19,42,0,21
2023/2024,2023,MÚSICA,GUITARRA (INTERPRETACIÓ: CLÀSSICA I CONTEMPORÀNIA),1,7,3,4,0,2
2023/2024,2023,MÚSICA,GUITARRA (INTERPRETACIÓ: CLÀSSICA I CONTEMPORÀNIA),2,9,4,5,0,2
2023/2024,2023,MÚSICA,GUITARRA (INTERPRETACIÓ: CLÀSSICA I CONTEMPORÀNIA),3,5,0,5,0,2
2023/2024,2023,MÚSICA,GUITARRA (INTERPRETACIÓ: CLÀSSICA I CONTEMPORÀNIA),4,9,2,7,0,2
2023/2024,2023,MÚSICA,GUITARRA ACÚSTICA (INTERPRETACIÓ: JAZZ I MÚSICA MODERNA),1,3,0,3,0,2
2023/2024,2023,MÚSICA,GUITARRA ACÚSTICA (INTERPRETACIÓ: JAZZ I MÚSICA MODERNA),2,3,0,3,0,1
2023/2024,2023,MÚSICA,GUITARRA ACÚSTICA (INTERPRETACIÓ: JAZZ I MÚSICA MODERNA),3,1,0,1,0,1
2023/2024,2023,MÚSICA,GUITARRA ACÚSTICA (INTERPRETACIÓ: JAZZ I MÚSICA MODERNA),4,6,0,6,0,1
2023/2024,2023,MÚSICA,GUITARRA ELÈCTRICA,1,7,0,7,0,5
2023/2024,2023,MÚSICA,GUITARRA ELÈCTRICA,2,11,2,9,0,6
2023/2024,2023,MÚSICA,GUITARRA ELÈCTRICA,3,3,1,2,0,3
2023/2024,2023,MÚSICA,GUITARRA ELÈCTRICA,4,6,1,5,0,4
2023/2024,2023,MÚSICA,GUITARRA ELÈCTRICA,5,7,1,6,0,3
2023/2024,2023,MÚSICA,GUITARRA ELÈCTRICA,6,15,1,14,0,7
2023/2024,2023,MÚSICA,GUITARRA ELÈCTRICA (INTERPRETACIÓ: JAZZ I MÚSICA MODERNA),1,21,2,19,0,3
2023/2024,2023,MÚSICA,GUITARRA ELÈCTRICA (INTERPRETACIÓ: JAZZ I MÚSICA MODERNA),2,18,0,18,0,3
2023/2024,2023,MÚSICA,GUITARRA ELÈCTRICA (INTERPRETACIÓ: JAZZ I MÚSICA MODERNA),3,15,1,14,0,3
2023/2024,2023,MÚSICA,GUITARRA ELÈCTRICA (INTERPRETACIÓ: JAZZ I MÚSICA MODERNA),4,31,2,29,0,3
2023/2024,2023,MÚSICA,GUITARRA FLAMENCA (INTERPRETACIÓ: MÚSICA TRADICIONAL),1,6,1,5,0,3
2023/2024,2023,MÚSICA,GUITARRA FLAMENCA (INTERPRETACIÓ: MÚSICA TRADICIONAL),2,4,1,3,0,2
2023/2024,2023,MÚSICA,GUITARRA FLAMENCA (INTERPRETACIÓ: MÚSICA TRADICIONAL),3,6,1,5,0,3
2023/2024,2023,MÚSICA,GUITARRA FLAMENCA (INTERPRETACIÓ: MÚSICA TRADICIONAL),4,10,0,10,0,3
2023/2024,2023,MÚSICA,INSTRUMENTS DE CORDA POLSADA,2,1,1,0,0,1
2023/2024,2023,MÚSICA,INSTRUMENTS HISTÒRICS DE BROQUET (INTERPRETACIÓ: MÚSICA ANTIGA),4,1,0,1,0,1
2023/2024,2023,MÚSICA,NO APLICA,1,314,141,173,0,2
2023/2024,2023,MÚSICA,OBOÈ,1,21,9,12,0,15
2023/2024,2023,MÚSICA,OBOÈ,2,16,6,10,0,10
2023/2024,2023,MÚSICA,OBOÈ,3,17,8,9,0,12
2023/2024,2023,MÚSICA,OBOÈ,4,16,7,9,0,10
2023/2024,2023,MÚSICA,OBOÈ,5,11,5,6,0,9
2023/2024,2023,MÚSICA,OBOÈ,6,10,3,7,0,7
2023/2024,2023,MÚSICA,OBOÈ (INTERPRETACIÓ: CLÀSSICA I CONTEMPORÀNIA),1,3,2,1,0,1
2023/2024,2023,MÚSICA,OBOÈ (INTERPRETACIÓ: CLÀSSICA I CONTEMPORÀNIA),2,5,3,2,0,2
2023/2024,2023,MÚSICA,OBOÈ (INTERPRETACIÓ: CLÀSSICA I CONTEMPORÀNIA),3,5,4,1,0,1
2023/2024,2023,MÚSICA,OBOÈ (INTERPRETACIÓ: CLÀSSICA I CONTEMPORÀNIA),4,2,1,1,0,1
2023/2024,2023,MÚSICA,ORGUE,1,1,0,1,0,1
2023/2024,2023,MÚSICA,ORGUE,2,3,1,2,0,3
2023/2024,2023,MÚSICA,ORGUE,3,5,0,5,0,2
2023/2024,2023,MÚSICA,ORGUE,4,1,1,0,0,1
2023/2024,2023,MÚSICA,ORGUE,5,3,0,3,0,3
2023/2024,2023,MÚSICA,ORGUE,6,6,1,5,0,4
2023/2024,2023,MÚSICA,ORGUE (INTERPRETACIÓ: CLÀSSICA I CONTEMPORÀNIA),1,2,0,2,0,1
2023/2024,2023,MÚSICA,ORGUE (INTERPRETACIÓ: CLÀSSICA I CONTEMPORÀNIA),3,1,0,1,0,1
2023/2024,2023,MÚSICA,ORGUE (INTERPRETACIÓ: CLÀSSICA I CONTEMPORÀNIA),4,2,0,2,0,1
2023/2024,2023,MÚSICA,PEDAGOGIA DE L'INSTRUMENT,4,2,1,1,0,1
2023/2024,2023,MÚSICA,PERCUSSIÓ,1,18,2,16,0,9
2023/2024,2023,MÚSICA,PERCUSSIÓ,2,16,3,13,0,8
2023/2024,2023,MÚSICA,PERCUSSIÓ,3,14,3,11,0,10
2023/2024,2023,MÚSICA,PERCUSSIÓ,4,13,1,12,0,9
2023/2024,2023,MÚSICA,PERCUSSIÓ,5,20,4,16,0,12
2023/2024,2023,MÚSICA,PERCUSSIÓ,6,19,3,16,0,8
2023/2024,2023,MÚSICA,PERCUSSIÓ (INTERPRETACIÓ: CLÀSSICA I CONTEMPORÀNIA),1,2,0,2,0,1
2023/2024,2023,MÚSICA,PERCUSSIÓ (INTERPRETACIÓ: CLÀSSICA I CONTEMPORÀNIA),2,4,0,4,0,2
2023/2024,2023,MÚSICA,PERCUSSIÓ (INTERPRETACIÓ: CLÀSSICA I CONTEMPORÀNIA),3,1,0,1,0,1
2023/2024,2023,MÚSICA,PERCUSSIÓ (INTERPRETACIÓ: JAZZ I MÚSICA MODERNA),1,2,1,1,0,2
2023/2024,2023,MÚSICA,PERCUSSIÓ (INTERPRETACIÓ: JAZZ I MÚSICA MODERNA),2,2,0,2,0,1
2023/2024,2023,MÚSICA,PERCUSSIÓ (INTERPRETACIÓ: JAZZ I MÚSICA MODERNA),4,1,0,1,0,1
2023/2024,2023,MÚSICA,PERCUSSIÓ (MÚSICA MODERNA I JAZZ),1,2,0,2,0,2
2023/2024,2023,MÚSICA,PERCUSSIÓ (MÚSICA MODERNA I JAZZ),2,1,1,0,0,1
2023/2024,2023,MÚSICA,PERCUSSIÓ (MÚSICA MODERNA I JAZZ),3,1,1,0,0,1
2023/2024,2023,MÚSICA,PERCUSSIÓ (MÚSICA MODERNA I JAZZ),4,4,1,3,0,3
2023/2024,2023,MÚSICA,PERCUSSIÓ (MÚSICA MODERNA I JAZZ),6,4,0,4,0,2
2023/2024,2023,MÚSICA,PIANO,1,148,90,58,0,25
2023/2024,2023,MÚSICA,PIANO,2,145,85,60,0,24
2023/2024,2023,MÚSICA,PIANO,3,129,64,65,0,26
2023/2024,2023,MÚSICA,PIANO,4,133,72,61,0,25
2023/2024,2023,MÚSICA,PIANO,5,111,62,49,0,24
2023/2024,2023,MÚSICA,PIANO,6,161,85,76,0,25
2023/2024,2023,MÚSICA,PIANO (INTERPRETACIÓ: CLÀSSICA I CONTEMPORÀNIA),1,29,15,14,0,2
2023/2024,2023,MÚSICA,PIANO (INTERPRETACIÓ: CLÀSSICA I CONTEMPORÀNIA),2,26,12,14,0,2
2023/2024,2023,MÚSICA,PIANO (INTERPRETACIÓ: CLÀSSICA I CONTEMPORÀNIA),3,30,16,14,0,2
2023/2024,2023,MÚSICA,PIANO (INTERPRETACIÓ: CLÀSSICA I CONTEMPORÀNIA),4,37,21,16,0,2
2023/2024,2023,MÚSICA,PIANO (INTERPRETACIÓ: JAZZ I MÚSICA MODERNA),1,16,6,10,0,4
2023/2024,2023,MÚSICA,PIANO (INTERPRETACIÓ: JAZZ I MÚSICA MODERNA),2,8,1,7,0,3
2023/2024,2023,MÚSICA,PIANO (INTERPRETACIÓ: JAZZ I MÚSICA MODERNA),3,11,4,7,0,3
2023/2024,2023,MÚSICA,PIANO (INTERPRETACIÓ: JAZZ I MÚSICA MODERNA),4,17,6,11,0,4
2023/2024,2023,MÚSICA,PRODUCCIÓ I GESTIÓ,1,14,11,3,0,3
2023/2024,2023,MÚSICA,PRODUCCIÓ I GESTIÓ,2,8,4,4,0,2
2023/2024,2023,MÚSICA,PRODUCCIÓ I GESTIÓ,3,5,1,4,0,1
2023/2024,2023,MÚSICA,PRODUCCIÓ I GESTIÓ,4,7,5,2,0,2
2023/2024,2023,MÚSICA,SAXÒFON,1,21,7,14,0,14
2023/2024,2023,MÚSICA,SAXÒFON,2,24,6,18,0,15
2023/2024,2023,MÚSICA,SAXÒFON,3,38,14,24,0,18
2023/2024,2023,MÚSICA,SAXÒFON,4,31,9,22,0,15
2023/2024,2023,MÚSICA,SAXÒFON,5,20,5,15,0,11
2023/2024,2023,MÚSICA,SAXÒFON,6,29,10,19,0,16
2023/2024,2023,MÚSICA,SAXÒFON (INTERPRETACIÓ: CLÀSSICA I CONTEMPORÀNIA),1,4,2,2,0,2
2023/2024,2023,MÚSICA,SAXÒFON (INTERPRETACIÓ: CLÀSSICA I CONTEMPORÀNIA),2,4,3,1,0,2
2023/2024,2023,MÚSICA,SAXÒFON (INTERPRETACIÓ: CLÀSSICA I CONTEMPORÀNIA),3,3,1,2,0,1
2023/2024,2023,MÚSICA,SAXÒFON (INTERPRETACIÓ: CLÀSSICA I CONTEMPORÀNIA),4,4,2,2,0,1
2023/2024,2023,MÚSICA,SAXÒFON (INTERPRETACIÓ: JAZZ I MÚSICA MODERNA),1,13,2,11,0,3
2023/2024,2023,MÚSICA,SAXÒFON (INTERPRETACIÓ: JAZZ I MÚSICA MODERNA),2,6,1,5,0,3
2023/2024,2023,MÚSICA,SAXÒFON (INTERPRETACIÓ: JAZZ I MÚSICA MODERNA),3,6,3,3,0,2
2023/2024,2023,MÚSICA,SAXÒFON (INTERPRETACIÓ: JAZZ I MÚSICA MODERNA),4,9,2,7,0,3
2023/2024,2023,MÚSICA,SENSE MODALITAT (DIRECCIÓ),1,3,1,2,0,1
2023/2024,2023,MÚSICA,SENSE MODALITAT (DIRECCIÓ),2,4,0,4,0,1
2023/2024,2023,MÚSICA,SENSE MODALITAT (DIRECCIÓ),3,4,2,2,0,1
2023/2024,2023,MÚSICA,SENSE MODALITAT (DIRECCIÓ),4,7,1,6,0,1
2023/2024,2023,MÚSICA,SENSE MODALITAT (INTERPRETACIÓ: CLÀSSICA I CONTEMPORÀNIA),2,1,0,1,0,1
2023/2024,2023,MÚSICA,SENSE MODALITAT (INTERPRETACIÓ: CLÀSSICA I CONTEMPORÀNIA),3,16,5,11,0,1
2023/2024,2023,MÚSICA,SENSE MODALITAT (INTERPRETACIÓ: CLÀSSICA I CONTEMPORÀNIA),4,21,7,14,0,1
2023/2024,2023,MÚSICA,SENSE MODALITAT (INTERPRETACIÓ: JAZZ I MÚSICA MODERNA),1,2,1,1,0,1
2023/2024,2023,MÚSICA,SENSE MODALITAT (INTERPRETACIÓ: JAZZ I MÚSICA MODERNA),2,4,2,2,0,2
2023/2024,2023,MÚSICA,SENSE MODALITAT (INTERPRETACIÓ: JAZZ I MÚSICA MODERNA),3,5,1,4,0,1
2023/2024,2023,MÚSICA,SENSE MODALITAT (INTERPRETACIÓ: JAZZ I MÚSICA MODERNA),4,8,2,6,0,1
2023/2024,2023,MÚSICA,SENSE MODALITAT (INTERPRETACIÓ: MÚSICA ANTIGA),3,1,1,0,0,1
2023/2024,2023,MÚSICA,SENSE MODALITAT (INTERPRETACIÓ: MÚSICA ANTIGA),4,5,0,5,0,1
2023/2024,2023,MÚSICA,SENSE MODALITAT (INTERPRETACIÓ: MÚSICA TRADICIONAL I FLAMENC),2,2,1,1,0,1
2023/2024,2023,MÚSICA,SENSE MODALITAT (INTERPRETACIÓ: MÚSICA TRADICIONAL I FLAMENC),3,3,1,2,0,1
2023/2024,2023,MÚSICA,SENSE MODALITAT (INTERPRETACIÓ: MÚSICA TRADICIONAL I FLAMENC),4,8,2,6,0,2
2023/2024,2023,MÚSICA,SENSE MODALITAT (MUSICOLOGIA),1,11,8,3,0,1
2023/2024,2023,MÚSICA,SENSE MODALITAT (MUSICOLOGIA),2,2,0,2,0,1
2023/2024,2023,MÚSICA,SENSE MODALITAT (MUSICOLOGIA),3,3,2,1,0,1
2023/2024,2023,MÚSICA,SENSE MODALITAT (MUSICOLOGIA),4,5,5,0,0,1
2023/2024,2023,MÚSICA,SENSE MODALITAT (PEDAGOGIA),1,26,14,12,0,3
2023/2024,2023,MÚSICA,SENSE MODALITAT (PEDAGOGIA),2,31,20,11,0,3
2023/2024,2023,MÚSICA,SENSE MODALITAT (PEDAGOGIA),3,40,24,16,0,3
2023/2024,2023,MÚSICA,SENSE MODALITAT (PEDAGOGIA),4,41,24,17,0,3
2023/2024,2023,MÚSICA,SONOLOGIA,1,25,4,21,0,2
2023/2024,2023,MÚSICA,SONOLOGIA,2,4,0,4,0,1
2023/2024,2023,MÚSICA,SONOLOGIA,3,8,4,4,0,1
2023/2024,2023,MÚSICA,SONOLOGIA,4,5,1,4,0,1
2023/2024,2023,MÚSICA,TECLATS (INTERPRETACIÓ: JAZZ I MÚSICA MODERNA),1,2,0,2,0,2
2023/2024,2023,MÚSICA,TECLATS (INTERPRETACIÓ: JAZZ I MÚSICA MODERNA),2,1,0,1,0,1
2023/2024,2023,MÚSICA,TECLATS (INTERPRETACIÓ: JAZZ I MÚSICA MODERNA),3,1,0,1,0,1
2023/2024,2023,MÚSICA,TECLATS (INTERPRETACIÓ: JAZZ I MÚSICA MODERNA),4,2,0,2,0,1
2023/2024,2023,MÚSICA,TENORA,1,2,0,2,0,2
2023/2024,2023,MÚSICA,TENORA,2,2,0,2,0,1
2023/2024,2023,MÚSICA,TENORA,3,2,0,2,0,1
2023/2024,2023,MÚSICA,TENORA,4,2,2,0,0,1
2023/2024,2023,MÚSICA,TENORA,5,1,1,0,0,1
2023/2024,2023,MÚSICA,TENORA,6,1,0,1,0,1
2023/2024,2023,MÚSICA,TENORA (INTERPRETACIÓ: MÚSICA TRADICIONAL),4,2,0,2,0,1
2023/2024,2023,MÚSICA,TIBLE,1,1,0,1,0,1
2023/2024,2023,MÚSICA,TIBLE,2,1,0,1,0,1
2023/2024,2023,MÚSICA,TIBLE,3,1,0,1,0,1
2023/2024,2023,MÚSICA,TIBLE (INTERPRETACIÓ: MÚSICA TRADICIONAL),1,1,0,1,0,1
2023/2024,2023,MÚSICA,TROMBÓ,1,21,3,18,0,13
2023/2024,2023,MÚSICA,TROMBÓ,2,15,4,11,0,10
2023/2024,2023,MÚSICA,TROMBÓ,3,16,4,12,0,9
2023/2024,2023,MÚSICA,TROMBÓ,4,23,5,18,0,15
2023/2024,2023,MÚSICA,TROMBÓ,5,10,5,5,0,7
2023/2024,2023,MÚSICA,TROMBÓ,6,18,4,14,0,10
2023/2024,2023,MÚSICA,TROMBÓ (INTERPRETACIÓ: CLÀSSICA I CONTEMPORÀNIA),1,4,1,3,0,2
2023/2024,2023,MÚSICA,TROMBÓ (INTERPRETACIÓ: CLÀSSICA I CONTEMPORÀNIA),2,7,1,6,0,2
2023/2024,2023,MÚSICA,TROMBÓ (INTERPRETACIÓ: CLÀSSICA I CONTEMPORÀNIA),3,1,0,1,0,1
2023/2024,2023,MÚSICA,TROMBÓ (INTERPRETACIÓ: CLÀSSICA I CONTEMPORÀNIA),4,3,1,2,0,1
2023/2024,2023,MÚSICA,TROMBÓ (INTERPRETACIÓ: JAZZ I MÚSICA MODERNA),1,2,0,2,0,2
2023/2024,2023,MÚSICA,TROMBÓ (INTERPRETACIÓ: JAZZ I MÚSICA MODERNA),2,2,0,2,0,1
2023/2024,2023,MÚSICA,TROMBÓ (INTERPRETACIÓ: JAZZ I MÚSICA MODERNA),4,1,0,1,0,1
2023/2024,2023,MÚSICA,TROMBÓ-FISCORN BAIX (MÚSICA TRADICIONAL),3,1,1,0,0,1
2023/2024,2023,MÚSICA,TROMPA,1,17,1,16,0,11
2023/2024,2023,MÚSICA,TROMPA,2,11,7,4,0,7
2023/2024,2023,MÚSICA,TROMPA,3,19,3,16,0,11
2023/2024,2023,MÚSICA,TROMPA,4,13,5,8,0,9
2023/2024,2023,MÚSICA,TROMPA,5,12,4,8,0,11
2023/2024,2023,MÚSICA,TROMPA,6,19,6,13,0,11
2023/2024,2023,MÚSICA,TROMPA (INTERPRETACIÓ: CLÀSSICA I CONTEMPORÀNIA),1,2,0,2,0,1
2023/2024,2023,MÚSICA,TROMPA (INTERPRETACIÓ: CLÀSSICA I CONTEMPORÀNIA),2,2,1,1,0,2
2023/2024,2023,MÚSICA,TROMPA (INTERPRETACIÓ: CLÀSSICA I CONTEMPORÀNIA),3,4,1,3,0,2
2023/2024,2023,MÚSICA,TROMPA (INTERPRETACIÓ: CLÀSSICA I CONTEMPORÀNIA),4,4,2,2,0,2
2023/2024,2023,MÚSICA,TROMPA (INTERPRETACIÓ: JAZZ I MÚSICA MODERNA),4,1,0,1,0,1
2023/2024,2023,MÚSICA,TROMPETA,1,31,9,22,0,17
2023/2024,2023,MÚSICA,TROMPETA,2,24,10,14,0,14
2023/2024,2023,MÚSICA,TROMPETA,3,21,3,18,0,12
2023/2024,2023,MÚSICA,TROMPETA,4,18,7,11,0,14
2023/2024,2023,MÚSICA,TROMPETA,5,20,3,17,0,11
2023/2024,2023,MÚSICA,TROMPETA,6,34,10,24,0,17
2023/2024,2023,MÚSICA,TROMPETA (INTERPRETACIÓ: CLÀSSICA I CONTEMPORÀNIA),1,3,2,1,0,2
2023/2024,2023,MÚSICA,TROMPETA (INTERPRETACIÓ: CLÀSSICA I CONTEMPORÀNIA),2,4,2,2,0,2
2023/2024,2023,MÚSICA,TROMPETA (INTERPRETACIÓ: CLÀSSICA I CONTEMPORÀNIA),3,4,0,4,0,2
2023/2024,2023,MÚSICA,TROMPETA (INTERPRETACIÓ: CLÀSSICA I CONTEMPORÀNIA),4,11,4,7,0,2
2023/2024,2023,MÚSICA,TROMPETA (INTERPRETACIÓ: JAZZ I MÚSICA MODERNA),1,7,0,7,0,2
2023/2024,2023,MÚSICA,TROMPETA (INTERPRETACIÓ: JAZZ I MÚSICA MODERNA),2,6,3,3,0,2
2023/2024,2023,MÚSICA,TROMPETA (INTERPRETACIÓ: JAZZ I MÚSICA MODERNA),3,6,0,6,0,3
2023/2024,2023,MÚSICA,TROMPETA (INTERPRETACIÓ: JAZZ I MÚSICA MODERNA),4,6,1,5,0,3
2023/2024,2023,MÚSICA,TUBA,1,2,0,2,0,2
2023/2024,2023,MÚSICA,TUBA,2,8,0,8,0,7
2023/2024,2023,MÚSICA,TUBA,3,7,2,5,0,6
2023/2024,2023,MÚSICA,TUBA,4,3,0,3,0,3
2023/2024,2023,MÚSICA,TUBA,5,3,0,3,0,2
2023/2024,2023,MÚSICA,TUBA,6,3,0,3,0,3
2023/2024,2023,MÚSICA,TUBA (INTERPRETACIÓ: CLÀSSICA I CONTEMPORÀNIA),1,1,0,1,0,1
2023/2024,2023,MÚSICA,TUBA (INTERPRETACIÓ: CLÀSSICA I CONTEMPORÀNIA),3,1,0,1,0,1
2023/2024,2023,MÚSICA,TUBA (INTERPRETACIÓ: CLÀSSICA I CONTEMPORÀNIA),4,2,1,1,0,2
2023/2024,2023,MÚSICA,VIOLA,1,20,12,8,0,15
2023/2024,2023,MÚSICA,VIOLA,2,21,17,4,0,13
2023/2024,2023,MÚSICA,VIOLA,3,17,9,8,0,13
2023/2024,2023,MÚSICA,VIOLA,4,16,13,3,0,13
2023/2024,2023,MÚSICA,VIOLA,5,19,12,7,0,12
2023/2024,2023,MÚSICA,VIOLA,6,27,17,10,0,17
2023/2024,2023,MÚSICA,VIOLA (INTERPRETACIÓ: CLÀSSICA I CONTEMPORÀNIA),1,12,6,6,0,2
2023/2024,2023,MÚSICA,VIOLA (INTERPRETACIÓ: CLÀSSICA I CONTEMPORÀNIA),2,5,3,2,0,2
2023/2024,2023,MÚSICA,VIOLA (INTERPRETACIÓ: CLÀSSICA I CONTEMPORÀNIA),3,8,7,1,0,2
2023/2024,2023,MÚSICA,VIOLA (INTERPRETACIÓ: CLÀSSICA I CONTEMPORÀNIA),4,10,7,3,0,2
2023/2024,2023,MÚSICA,VIOLA DE GAMBA,1,2,0,2,0,1
2023/2024,2023,MÚSICA,VIOLA DE GAMBA (INTERPRETACIÓ: MÚSICA ANTIGA),3,1,1,0,0,1
2023/2024,2023,MÚSICA,VIOLONCEL,1,42,25,17,0,17
2023/2024,2023,MÚSICA,VIOLONCEL,2,32,16,16,0,16
2023/2024,2023,MÚSICA,VIOLONCEL,3,32,20,12,0,17
2023/2024,2023,MÚSICA,VIOLONCEL,4,31,18,13,0,17
2023/2024,2023,MÚSICA,VIOLONCEL,5,37,28,9,0,18
2023/2024,2023,MÚSICA,VIOLONCEL,6,45,32,13,0,17
2023/2024,2023,MÚSICA,VIOLONCEL (INTERPRETACIÓ: CLÀSSICA I CONTEMPORÀNIA),1,12,8,4,0,2
2023/2024,2023,MÚSICA,VIOLONCEL (INTERPRETACIÓ: CLÀSSICA I CONTEMPORÀNIA),2,8,5,3,0,2
2023/2024,2023,MÚSICA,VIOLONCEL (INTERPRETACIÓ: CLÀSSICA I CONTEMPORÀNIA),3,17,12,5,0,3
2023/2024,2023,MÚSICA,VIOLONCEL (INTERPRETACIÓ: CLÀSSICA I CONTEMPORÀNIA),4,10,6,4,0,2
2023/2024,2023,MÚSICA,VIOLONCEL BARROC (INTERPRETACIÓ: MÚSICA ANTIGA),3,1,1,0,0,1
2023/2024,2023,MÚSICA,VIOLONCEL BARROC (INTERPRETACIÓ: MÚSICA ANTIGA),4,1,1,0,0,1
2023/2024,2023,MÚSICA,VIOLÍ,1,95,67,28,0,24
2023/2024,2023,MÚSICA,VIOLÍ,2,96,61,35,0,25
2023/2024,2023,MÚSICA,VIOLÍ,3,79,59,20,0,21
2023/2024,2023,MÚSICA,VIOLÍ,4,105,71,34,0,22
2023/2024,2023,MÚSICA,VIOLÍ,5,81,49,32,0,22
2023/2024,2023,MÚSICA,VIOLÍ,6,101,68,33,0,24
2023/2024,2023,MÚSICA,VIOLÍ (INTERPRETACIÓ: CLÀSSICA I CONTEMPORÀNIA),1,24,13,11,0,2
2023/2024,2023,MÚSICA,VIOLÍ (INTERPRETACIÓ: CLÀSSICA I CONTEMPORÀNIA),2,27,18,9,0,2
2023/2024,2023,MÚSICA,VIOLÍ (INTERPRETACIÓ: CLÀSSICA I CONTEMPORÀNIA),3,20,11,9,0,1
2023/2024,2023,MÚSICA,VIOLÍ (INTERPRETACIÓ: CLÀSSICA I CONTEMPORÀNIA),4,10,6,4,0,2
2023/2024,2023,MÚSICA,VIOLÍ (INTERPRETACIÓ: JAZZ I MÚSICA MODERNA),2,4,2,2,0,2
2023/2024,2023,MÚSICA,VIOLÍ (INTERPRETACIÓ: JAZZ I MÚSICA MODERNA),3,4,2,2,0,3
2023/2024,2023,MÚSICA,VIOLÍ (INTERPRETACIÓ: JAZZ I MÚSICA MODERNA),4,1,1,0,0,1
2023/2024,2023,MÚSICA,VIOLÍ I VIOLA BARROCS (INTERPRETACIÓ: MÚSICA ANTIGA),1,3,2,1,0,1
2023/2024,2023,MÚSICA,XEREMIA,5,1,0,1,0,1
2023/2024,2023,PROGRAMA DE FORMACIÓ I INSERCIÓ,AUXILIAR D'ACTIVITATS AGROPECUÀRIES,1,5,3,2,0,1
2023/2024,2023,PROGRAMA DE FORMACIÓ I INSERCIÓ,AUXILIAR D'ACTIVITATS AQÜÍCOLES,1,8,1,7,0,1
2023/2024,2023,PROGRAMA DE FORMACIÓ I INSERCIÓ,AUXILIAR D'ACTIVITATS D'OFICINA I DE SERVEIS ADMINISTRATIUS GENERALS,1,250,123,127,0,19
2023/2024,2023,PROGRAMA DE FORMACIÓ I INSERCIÓ,AUXILIAR D'ACTIVITATS ESPORTIVES,1,147,20,127,0,9
2023/2024,2023,PROGRAMA DE FORMACIÓ I INSERCIÓ,AUXILIAR D'ACTIVITATS FORESTALS,1,55,3,52,0,5
2023/2024,2023,PROGRAMA DE FORMACIÓ I INSERCIÓ,AUXILIAR D'ARTS GRÀFIQUES I SERIGRAFIA,1,56,29,27,0,4
2023/2024,2023,PROGRAMA DE FORMACIÓ I INSERCIÓ,AUXILIAR D'HOTELERIA: CUINA I CÀTERING,1,35,11,24,0,4
2023/2024,2023,PROGRAMA DE FORMACIÓ I INSERCIÓ,AUXILIAR D'HOTELERIA: CUINA I SERVEIS DE RESTAURACIÓ,1,477,187,290,0,29
2023/2024,2023,PROGRAMA DE FORMACIÓ I INSERCIÓ,AUXILIAR D'IMATGE PERSONAL: ESTÈTICA,1,15,14,1,0,1
2023/2024,2023,PROGRAMA DE FORMACIÓ I INSERCIÓ,AUXILIAR D'OBRES D'INTERIOR I PINTURA,1,59,8,51,0,4
2023/2024,2023,PROGRAMA DE FORMACIÓ I INSERCIÓ,AUXILIAR DE COMERCIALITZACIÓ DE PRODUCTES I LOGÍSTICA,1,99,44,55,0,7
2023/2024,2023,PROGRAMA DE FORMACIÓ I INSERCIÓ,AUXILIAR DE COMERÇ I ATENCIÓ AL PÚBLIC,1,138,59,79,0,10
2023/2024,2023,PROGRAMA DE FORMACIÓ I INSERCIÓ,AUXILIAR DE CONFECCIÓ EN TÈXTIL I PELL,1,28,22,6,0,3
2023/2024,2023,PROGRAMA DE FORMACIÓ I INSERCIÓ,AUXILIAR DE FABRICACIÓ MECÀNICA I D'AJUST I SOLDADURA,1,120,5,115,0,8
2023/2024,2023,PROGRAMA DE FORMACIÓ I INSERCIÓ,AUXILIAR DE FABRICACIÓ MECÀNICA I INSTAL·LACIONS ELECTROTÈCNIQUES,1,102,2,100,0,7
2023/2024,2023,PROGRAMA DE FORMACIÓ I INSERCIÓ,"AUXILIAR DE FONTANERIA, CALEFACCIÓ I CLIMATITZACIÓ",1,79,1,78,0,6
2023/2024,2023,PROGRAMA DE FORMACIÓ I INSERCIÓ,AUXILIAR DE FUSTERIA METÀL·LICA I PVC,1,23,1,22,0,2
2023/2024,2023,PROGRAMA DE FORMACIÓ I INSERCIÓ,AUXILIAR DE MANTENIMENT D'EMBARCACIONS ESPORTIVES I D'ESBARJO,1,24,1,23,0,2
2023/2024,2023,PROGRAMA DE FORMACIÓ I INSERCIÓ,AUXILIAR DE MANTENIMENT I REPARACIÓ DE CARROSSERIA DE VEHICLES,1,30,3,27,0,2
2023/2024,2023,PROGRAMA DE FORMACIÓ I INSERCIÓ,AUXILIAR DE MANTENIMENT I REPARACIÓ DE VEHICLES DE MOBILITAT PERSONAL,1,77,1,76,0,6
2023/2024,2023,PROGRAMA DE FORMACIÓ I INSERCIÓ,AUXILIAR DE MUNTATGE I MANTENIMENT D'EQUIPS INFORMÀTICS,1,424,27,397,0,29
2023/2024,2023,PROGRAMA DE FORMACIÓ I INSERCIÓ,AUXILIAR DE MUNTATGES D'INSTAL·LACIONS ELECTROTÈCNIQUES EN EDIFICIS,1,156,7,149,0,10
2023/2024,2023,PROGRAMA DE FORMACIÓ I INSERCIÓ,"AUXILIAR DE MUNTATGES D'INSTAL·LACIONS ELÈCTRIQUES, D'AIGUA I GAS",1,375,6,369,0,26
2023/2024,2023,PROGRAMA DE FORMACIÓ I INSERCIÓ,AUXILIAR DE PERRUQUERIA I ESTÈTICA,1,509,425,84,0,25
2023/2024,2023,PROGRAMA DE FORMACIÓ I INSERCIÓ,AUXILIAR DE PINTURA,1,125,13,112,0,11
2023/2024,2023,PROGRAMA DE FORMACIÓ I INSERCIÓ,AUXILIAR DE PREPARACIÓ I COMERCIALITZACIÓ DE PEIX I MARISC,1,20,2,18,0,2
2023/2024,2023,PROGRAMA DE FORMACIÓ I INSERCIÓ,AUXILIAR DE REPARACIÓ I MANTENIMENT DE VEHICLES LLEUGERS,1,287,11,276,0,17
2023/2024,2023,PROGRAMA DE FORMACIÓ I INSERCIÓ,AUXILIAR DE SERRALLERIA I CONSTRUCCIONS METÀL·LIQUES,1,57,7,50,0,4
2023/2024,2023,PROGRAMA DE FORMACIÓ I INSERCIÓ,AUXILIAR DE SUPORT A LES PERSONES EN ACTIVITATS SOCIOESPORTIVES,1,40,7,33,0,3
2023/2024,2023,PROGRAMA DE FORMACIÓ I INSERCIÓ,"AUXILIAR DE VENDES, OFICINA I ATENCIÓ AL PÚBLIC",1,739,386,353,0,51
2023/2024,2023,PROGRAMA DE FORMACIÓ I INSERCIÓ,AUXILIAR DE VIVERS I JARDINS,1,337,41,296,0,25
2023/2024,2023,PROGRAMA DE FORMACIÓ I INSERCIÓ,AUXILIAR EN CENTRES SANITARIS,1,254,161,93,0,17
2023/2024,2023,PROGRAMA DE FORMACIÓ I INSERCIÓ,AUXILIAR EN CONSTRUCCIÓ,1,74,4,70,0,5
2023/2024,2023,PROGRAMA DE FORMACIÓ I INSERCIÓ,AUXILIAR EN ESTABLIMENTS DEL SECTOR CARNI,1,17,2,15,0,1
2023/2024,2023,PROGRAMA DE FORMACIÓ I INSERCIÓ,AUXILIAR EN ESTABLIMENTS HOTELERS I DE RESTAURACIÓ,1,15,3,12,0,1
2023/2024,2023,PROGRAMA DE FORMACIÓ I INSERCIÓ,AUXILIAR EN PASTISSERIA I FORNERIA,1,116,46,70,0,7
2023/2024,2023,PROGRAMA DE FORMACIÓ I INSERCIÓ,AUXILIAR EN TREBALLS DE FUSTERIA I INSTAL·LACIÓ DE MOBLES,1,123,7,116,0,9
2024/2025,2024,ART DRAMÀTIC SUPERIOR,ADRL - DIRECCIÓ D'ESCENA I DRAMATÚRGIA,1,29,21,8,0,2
2024/2025,2024,ART DRAMÀTIC SUPERIOR,ADRL - DIRECCIÓ D'ESCENA I DRAMATÚRGIA,2,20,10,10,0,2
2024/2025,2024,ART DRAMÀTIC SUPERIOR,ADRL - DIRECCIÓ D'ESCENA I DRAMATÚRGIA,3,23,10,13,0,2
2024/2025,2024,ART DRAMÀTIC SUPERIOR,ADRL - DIRECCIÓ D'ESCENA I DRAMATÚRGIA,4,39,25,14,0,2
2024/2025,2024,ART DRAMÀTIC SUPERIOR,ADRL - ESCENOGRAFIA,1,10,7,3,0,1
2024/2025,2024,ART DRAMÀTIC SUPERIOR,ADRL - ESCENOGRAFIA,2,15,11,4,0,1
2024/2025,2024,ART DRAMÀTIC SUPERIOR,ADRL - ESCENOGRAFIA,3,8,6,2,0,1
2024/2025,2024,ART DRAMÀTIC SUPERIOR,ADRL - ESCENOGRAFIA,4,23,17,6,0,1
2024/2025,2024,ART DRAMÀTIC SUPERIOR,ADRL - INTERPRETACIÓ,1,73,56,17,0,2
2024/2025,2024,ART DRAMÀTIC SUPERIOR,ADRL - INTERPRETACIÓ,2,70,45,25,0,2
2024/2025,2024,ART DRAMÀTIC SUPERIOR,ADRL - INTERPRETACIÓ,3,67,45,22,0,2
2024/2025,2024,ART DRAMÀTIC SUPERIOR,ADRL - INTERPRETACIÓ,4,105,76,29,0,2
2024/2025,2024,ARTS ESCÈNIQUES,ESCM - TÈCNIC D'ANIMACIÓ EN CIRC,1,17,10,7,0,1
2024/2025,2024,ARTS ESCÈNIQUES,ESCM - TÈCNIC D'ANIMACIÓ EN CIRC,2,13,11,2,0,1
2024/2025,2024,ARTS ESCÈNIQUES,ESCM - TÈCNIC DE DANSA URBANA,1,101,83,18,0,5
2024/2025,2024,ARTS ESCÈNIQUES,ESCM - TÈCNIC DE DANSA URBANA,2,92,72,20,0,5
2024/2025,2024,ARTS ESCÈNIQUES,ESCS - LUMINOTÈCNIA PER A LES ARTS ESCÈNIQUES,1,11,2,9,1,1
2024/2025,2024,ARTS ESCÈNIQUES,ESCS - LUMINOTÈCNIA PER A LES ARTS ESCÈNIQUES,2,8,6,2,1,1
2024/2025,2024,ARTS ESCÈNIQUES,ESCS - MAQUINÀRIA ESCÈNICA,1,4,1,3,1,1
2024/2025,2024,ARTS ESCÈNIQUES,ESCS - MAQUINÀRIA ESCÈNICA,2,1,1,0,1,1
2024/2025,2024,ARTS ESCÈNIQUES,ESCS - SONORITZACIÓ PER A LES ARTS ESCÈNIQUES,1,9,1,8,1,1
2024/2025,2024,ARTS ESCÈNIQUES,ESCS - SONORITZACIÓ PER A LES ARTS ESCÈNIQUES,2,2,1,1,1,1
2024/2025,2024,ARTS ESCÈNIQUES,ESCS - TÈCNIC SUPERIOR EN ARTS DEL CIRC,2,11,8,3,0,1
2024/2025,2024,ARTS ESCÈNIQUES,ESCS - TÈCNIC SUPERIOR EN TÈCNIQUES D'ACTUACIÓ TEATRAL,1,98,66,32,7,9
2024/2025,2024,ARTS ESCÈNIQUES,ESCS - TÈCNIC SUPERIOR EN TÈCNIQUES D'ACTUACIÓ TEATRAL,2,84,66,18,6,9
2024/2025,2024,ARTS ESCÈNIQUES,ESCS - TÈCNIC SUPERIOR EN TÈCNIQUES DE DIRECCIÓ CORAL,1,6,4,2,1,1
2024/2025,2024,ARTS PLÀSTIQUES I DISSENY,CFAM - ASSISTÈNCIA AL PROD. GRÀFIC INTERACTIU (ASSIS.CREACIÓ I PRODUCCIÓ DE VIDEOJOCS),1,67,35,32,0,2
2024/2025,2024,ARTS PLÀSTIQUES I DISSENY,CFAM - ASSISTÈNCIA AL PROD. GRÀFIC INTERACTIU (ASSIS.CREACIÓ I PRODUCCIÓ DE VIDEOJOCS),2,68,30,38,0,2
2024/2025,2024,ARTS PLÀSTIQUES I DISSENY,CFAM - ASSISTÈNCIA AL PRODUCTE GRÀFIC IMPRÈS,1,277,205,72,0,10
2024/2025,2024,ARTS PLÀSTIQUES I DISSENY,CFAM - ASSISTÈNCIA AL PRODUCTE GRÀFIC IMPRÈS,2,254,169,85,0,10
2024/2025,2024,ARTS PLÀSTIQUES I DISSENY,CFAM - ASSISTÈNCIA AL PRODUCTE GRÀFIC IMPRÈS (ASSISTENT DE FOTOGRAFIA),1,30,24,6,0,2
2024/2025,2024,ARTS PLÀSTIQUES I DISSENY,CFAM - ASSISTÈNCIA AL PRODUCTE GRÀFIC IMPRÈS (ASSISTENT DE FOTOGRAFIA),2,35,26,9,0,2
2024/2025,2024,ARTS PLÀSTIQUES I DISSENY,CFAM - ASSISTÈNCIA AL PRODUCTE GRÀFIC INTERACTIU,1,288,172,116,0,13
2024/2025,2024,ARTS PLÀSTIQUES I DISSENY,CFAM - ASSISTÈNCIA AL PRODUCTE GRÀFIC INTERACTIU,2,240,132,108,0,12
2024/2025,2024,ARTS PLÀSTIQUES I DISSENY,CFAM - DECORACIÓ CERÀMICA,1,17,14,3,0,2
2024/2025,2024,ARTS PLÀSTIQUES I DISSENY,CFAM - DECORACIÓ CERÀMICA,2,25,18,7,0,2
2024/2025,2024,ARTS PLÀSTIQUES I DISSENY,CFAM - ENCASTAMENT,1,25,21,4,0,1
2024/2025,2024,ARTS PLÀSTIQUES I DISSENY,CFAM - ESMALTATGE SOBRE METALLS,1,5,2,3,0,1
2024/2025,2024,ARTS PLÀSTIQUES I DISSENY,CFAM - ESMALTATGE SOBRE METALLS,2,9,6,3,0,1
2024/2025,2024,ARTS PLÀSTIQUES I DISSENY,CFAM - FORJA ARTÍSTICA,1,25,7,18,0,2
2024/2025,2024,ARTS PLÀSTIQUES I DISSENY,CFAM - FORJA ARTÍSTICA,2,11,2,9,0,2
2024/2025,2024,ARTS PLÀSTIQUES I DISSENY,CFAM - PROCEDIMENTS DE JOIERIA ARTÍSTICA,1,12,10,2,0,1
2024/2025,2024,ARTS PLÀSTIQUES I DISSENY,CFAM - PROCEDIMENTS DE JOIERIA ARTÍSTICA,2,12,10,2,0,1
2024/2025,2024,ARTS PLÀSTIQUES I DISSENY,CFAM - REPRODUCCIONS ARTÍSTIQUES EN FUSTA,1,7,5,2,0,1
2024/2025,2024,ARTS PLÀSTIQUES I DISSENY,CFAM - REPRODUCCIONS ARTÍSTIQUES EN FUSTA,2,5,5,0,0,1
2024/2025,2024,ARTS PLÀSTIQUES I DISSENY,CFAM - REPRODUCCIONS ARTÍSTIQUES EN FUSTA (CREACIÓ D'OBJECTE I MOBLE),1,13,7,6,0,1
2024/2025,2024,ARTS PLÀSTIQUES I DISSENY,CFAM - REPRODUCCIONS ARTÍSTIQUES EN FUSTA (CREACIÓ D'OBJECTE I MOBLE),2,11,8,3,0,1
2024/2025,2024,ARTS PLÀSTIQUES I DISSENY,CFAM - REVESTIMENTS MURALS,1,80,68,12,0,3
2024/2025,2024,ARTS PLÀSTIQUES I DISSENY,CFAM - REVESTIMENTS MURALS,2,62,51,11,0,3
2024/2025,2024,ARTS PLÀSTIQUES I DISSENY,CFAM - SERIGRAFIA ARTÍSTICA,1,90,68,22,0,4
2024/2025,2024,ARTS PLÀSTIQUES I DISSENY,CFAM - TERRISSERIA,1,10,6,4,0,1
2024/2025,2024,ARTS PLÀSTIQUES I DISSENY,CFAM - TERRISSERIA,2,13,11,2,0,1
2024/2025,2024,ARTS PLÀSTIQUES I DISSENY,CFAS - ANIMACIÓ,1,90,62,28,14,6
2024/2025,2024,ARTS PLÀSTIQUES I DISSENY,CFAS - ANIMACIÓ,2,96,64,32,10,6
2024/2025,2024,ARTS PLÀSTIQUES I DISSENY,CFAS - ANIMACIÓ (VIDEOJOCS I ENTORNS PROFESSIONALS I PROJECTE),1,30,14,16,1,1
2024/2025,2024,ARTS PLÀSTIQUES I DISSENY,CFAS - ANIMACIÓ (VIDEOJOCS I ENTORNS PROFESSIONALS I PROJECTE),2,33,15,18,1,1
2024/2025,2024,ARTS PLÀSTIQUES I DISSENY,CFAS - ANIMACIÓ (VIDEOJOCS I ENTORNS VIRTUALS),1,38,14,24,2,2
2024/2025,2024,ARTS PLÀSTIQUES I DISSENY,CFAS - ANIMACIÓ (VIDEOJOCS I ENTORNS VIRTUALS),2,45,21,24,7,3
2024/2025,2024,ARTS PLÀSTIQUES I DISSENY,CFAS - ARQUITECTURA EFÍMERA,1,35,33,2,6,2
2024/2025,2024,ARTS PLÀSTIQUES I DISSENY,CFAS - ARQUITECTURA EFÍMERA,2,50,38,12,7,3
2024/2025,2024,ARTS PLÀSTIQUES I DISSENY,CFAS - ART TÈXTIL,1,23,22,1,1,1
2024/2025,2024,ARTS PLÀSTIQUES I DISSENY,CFAS - ART TÈXTIL,2,17,14,3,1,1
2024/2025,2024,ARTS PLÀSTIQUES I DISSENY,CFAS - ARTS APLICADES AL MUR,1,66,53,13,13,5
2024/2025,2024,ARTS PLÀSTIQUES I DISSENY,CFAS - ARTS APLICADES AL MUR,2,89,72,17,13,5
2024/2025,2024,ARTS PLÀSTIQUES I DISSENY,CFAS - CERÀMICA ARTÍSTICA,1,27,25,2,11,3
2024/2025,2024,ARTS PLÀSTIQUES I DISSENY,CFAS - CERÀMICA ARTÍSTICA,2,24,18,6,11,3
2024/2025,2024,ARTS PLÀSTIQUES I DISSENY,CFAS - CERÀMICA ARTÍSTICA (FABRICACIÓ DIGITAL I TÈCNIQUES TRADICIONALS),1,10,9,1,5,1
2024/2025,2024,ARTS PLÀSTIQUES I DISSENY,CFAS - CERÀMICA ARTÍSTICA (FABRICACIÓ DIGITAL I TÈCNIQUES TRADICIONALS),2,16,15,1,5,1
2024/2025,2024,ARTS PLÀSTIQUES I DISSENY,CFAS - CERÀMICA ARTÍSTICA (FORMACIÓ EN ENTORN PROFESSIONAL),1,27,25,2,1,1
2024/2025,2024,ARTS PLÀSTIQUES I DISSENY,CFAS - CERÀMICA ARTÍSTICA (FORMACIÓ EN ENTORN PROFESSIONAL),2,29,26,3,1,1
2024/2025,2024,ARTS PLÀSTIQUES I DISSENY,CFAS - CÒMIC,1,47,31,16,2,2
2024/2025,2024,ARTS PLÀSTIQUES I DISSENY,CFAS - CÒMIC,2,44,26,18,2,2
2024/2025,2024,ARTS PLÀSTIQUES I DISSENY,CFAS - ENQUADERNACIÓ ARTÍSTICA,1,8,7,1,5,1
2024/2025,2024,ARTS PLÀSTIQUES I DISSENY,CFAS - ENQUADERNACIÓ ARTÍSTICA,2,15,14,1,5,1
2024/2025,2024,ARTS PLÀSTIQUES I DISSENY,CFAS - ESCULTURA APLICADA A L'ESPECTACLE,1,16,14,2,10,2
2024/2025,2024,ARTS PLÀSTIQUES I DISSENY,CFAS - ESCULTURA APLICADA A L'ESPECTACLE,2,27,22,5,15,3
2024/2025,2024,ARTS PLÀSTIQUES I DISSENY,CFAS - ESCULTURA APLICADA A L'ESPECTACLE (ENTERTAINMENT ARTS),1,9,7,2,1,1
2024/2025,2024,ARTS PLÀSTIQUES I DISSENY,CFAS - ESCULTURA APLICADA A L'ESPECTACLE (ENTERTAINMENT ARTS),2,8,5,3,1,1
2024/2025,2024,ARTS PLÀSTIQUES I DISSENY,CFAS - ESMALT ARTÍSTIC AL FOC SOBRE METALLS,1,4,4,0,1,1
2024/2025,2024,ARTS PLÀSTIQUES I DISSENY,CFAS - ESMALT ARTÍSTIC AL FOC SOBRE METALLS,2,22,16,6,26,2
2024/2025,2024,ARTS PLÀSTIQUES I DISSENY,CFAS - ESTAMPACIONS I TINTATGES ARTÍSTICS,1,8,7,1,5,1
2024/2025,2024,ARTS PLÀSTIQUES I DISSENY,CFAS - ESTAMPACIONS I TINTATGES ARTÍSTICS,2,11,9,2,5,1
2024/2025,2024,ARTS PLÀSTIQUES I DISSENY,CFAS - ESTILISME D'INDUMENTÀRIA,1,98,78,20,3,4
2024/2025,2024,ARTS PLÀSTIQUES I DISSENY,CFAS - ESTILISME D'INDUMENTÀRIA,2,109,87,22,16,4
2024/2025,2024,ARTS PLÀSTIQUES I DISSENY,CFAS - FOSA ARTÍSTICA,2,8,4,4,25,1
2024/2025,2024,ARTS PLÀSTIQUES I DISSENY,CFAS - FOTOGRAFIA,1,73,50,23,5,5
2024/2025,2024,ARTS PLÀSTIQUES I DISSENY,CFAS - FOTOGRAFIA,2,85,62,23,5,5
2024/2025,2024,ARTS PLÀSTIQUES I DISSENY,CFAS - GRAVAT I TÈCNIQUES D'ESTAMPACIÓ,1,15,13,2,1,1
2024/2025,2024,ARTS PLÀSTIQUES I DISSENY,CFAS - GRAVAT I TÈCNIQUES D'ESTAMPACIÓ,2,23,20,3,5,1
2024/2025,2024,ARTS PLÀSTIQUES I DISSENY,CFAS - GRÀFICA AUDIOVISUAL,1,52,34,18,2,3
2024/2025,2024,ARTS PLÀSTIQUES I DISSENY,CFAS - GRÀFICA AUDIOVISUAL,2,47,24,23,2,3
2024/2025,2024,ARTS PLÀSTIQUES I DISSENY,CFAS - GRÀFICA AUDIOVISUAL (INFOGRAFIA 3D),1,14,8,6,1,1
2024/2025,2024,ARTS PLÀSTIQUES I DISSENY,CFAS - GRÀFICA AUDIOVISUAL (INFOGRAFIA 3D),2,16,9,7,1,1
2024/2025,2024,ARTS PLÀSTIQUES I DISSENY,CFAS - GRÀFICA AUDIOVISUAL (REALITAT VIRTUAL I GAMIFICACIÓ),1,4,1,3,5,1
2024/2025,2024,ARTS PLÀSTIQUES I DISSENY,CFAS - GRÀFICA AUDIOVISUAL (REALITAT VIRTUAL I GAMIFICACIÓ),2,16,8,8,5,1
2024/2025,2024,ARTS PLÀSTIQUES I DISSENY,CFAS - GRÀFICA IMPRESA,1,58,37,21,7,3
2024/2025,2024,ARTS PLÀSTIQUES I DISSENY,CFAS - GRÀFICA IMPRESA,2,66,50,16,7,3
2024/2025,2024,ARTS PLÀSTIQUES I DISSENY,CFAS - GRÀFICA IMPRESA I PROJECTE,1,20,12,8,1,1
2024/2025,2024,ARTS PLÀSTIQUES I DISSENY,CFAS - GRÀFICA IMPRESA I PROJECTE,2,26,19,7,1,1
2024/2025,2024,ARTS PLÀSTIQUES I DISSENY,CFAS - GRÀFICA INTERACTIVA,1,62,39,23,13,5
2024/2025,2024,ARTS PLÀSTIQUES I DISSENY,CFAS - GRÀFICA INTERACTIVA,2,83,51,32,14,6
2024/2025,2024,ARTS PLÀSTIQUES I DISSENY,CFAS - GRÀFICA INTERACTIVA (DISSENY WEB I APLICACIONS),1,9,6,3,1,1
2024/2025,2024,ARTS PLÀSTIQUES I DISSENY,CFAS - GRÀFICA INTERACTIVA (DISSENY WEB I APLICACIONS),2,21,14,7,1,1
2024/2025,2024,ARTS PLÀSTIQUES I DISSENY,CFAS - GRÀFICA PUBLICITÀRIA,1,263,171,92,17,14
2024/2025,2024,ARTS PLÀSTIQUES I DISSENY,CFAS - GRÀFICA PUBLICITÀRIA,2,312,216,96,18,15
2024/2025,2024,ARTS PLÀSTIQUES I DISSENY,CFAS - IL·LUSTRACIÓ,1,275,220,55,16,11
2024/2025,2024,ARTS PLÀSTIQUES I DISSENY,CFAS - IL·LUSTRACIÓ,2,276,219,57,16,11
2024/2025,2024,ARTS PLÀSTIQUES I DISSENY,CFAS - JOIERIA ARTÍSTICA,1,71,61,10,9,5
2024/2025,2024,ARTS PLÀSTIQUES I DISSENY,CFAS - JOIERIA ARTÍSTICA,2,104,79,25,9,5
2024/2025,2024,ARTS PLÀSTIQUES I DISSENY,CFAS - MOBLAMENT,2,16,16,0,5,1
2024/2025,2024,ARTS PLÀSTIQUES I DISSENY,CFAS - MODELISME I MAQUETISME,2,8,2,6,0,1
2024/2025,2024,ARTS PLÀSTIQUES I DISSENY,CFAS - MODELISME I MATRICERIA CERÀMICA,1,4,3,1,5,1
2024/2025,2024,ARTS PLÀSTIQUES I DISSENY,CFAS - MODELISME I MATRICERIA CERÀMICA,2,10,9,1,5,1
2024/2025,2024,ARTS PLÀSTIQUES I DISSENY,CFAS - MODELISME INDUSTRIAL,1,41,20,21,6,2
2024/2025,2024,ARTS PLÀSTIQUES I DISSENY,CFAS - MODELISME INDUSTRIAL,2,57,31,26,6,2
2024/2025,2024,ARTS PLÀSTIQUES I DISSENY,"CFAS - MOTLLES I REPRODUCCIONS ESCULTÒRIQUES (MODELS 3D, MOTLLES I ART TOYS)",1,4,4,0,5,1
2024/2025,2024,ARTS PLÀSTIQUES I DISSENY,"CFAS - MOTLLES I REPRODUCCIONS ESCULTÒRIQUES (MODELS 3D, MOTLLES I ART TOYS)",2,10,7,3,5,1
2024/2025,2024,ARTS PLÀSTIQUES I DISSENY,CFAS - PROJECTES I DIRECCIÓ D'OBRES DE DECORACIÓ,1,257,207,50,28,10
2024/2025,2024,ARTS PLÀSTIQUES I DISSENY,CFAS - PROJECTES I DIRECCIÓ D'OBRES DE DECORACIÓ,2,302,251,51,14,10
2024/2025,2024,ARTS PLÀSTIQUES I DISSENY,CFAS - PUNTES ARTÍSTIQUES,1,1,1,0,5,1
2024/2025,2024,ARTS PLÀSTIQUES I DISSENY,CFAS - TÈCNIQUES ESCULTÒRIQUES,1,43,29,14,16,4
2024/2025,2024,ARTS PLÀSTIQUES I DISSENY,CFAS - TÈCNIQUES ESCULTÒRIQUES,2,41,26,15,16,4
2024/2025,2024,ARTS PLÀSTIQUES I DISSENY,PROJECTES I DIRECCIÓ D'OBRES DE DECORACIÓ (BIOCONSTRUCCIÓ),1,9,9,0,1,1
2024/2025,2024,ARTS PLÀSTIQUES I DISSENY,PROJECTES I DIRECCIÓ D'OBRES DE DECORACIÓ (BIOCONSTRUCCIÓ),2,6,5,1,1,1
2024/2025,2024,BATXILLERAT,BATXILLERAT,NA,1907,937,970,0,21
2024/2025,2024,BATXILLERAT,BATXILLERAT D'ARTS,1,3426,2693,733,223,133
2024/2025,2024,BATXILLERAT,BATXILLERAT D'ARTS,2,3346,2657,689,179,137
2024/2025,2024,BATXILLERAT,"BATXILLERAT D'ARTS. VIA D'ARTS ESCÈNIQUES, MÚSICA I DANSA",NA,91,58,33,0,1
2024/2025,2024,BATXILLERAT,"BATXILLERAT D'ARTS. VIA D'ARTS PLÀSTIQUES, DISSENY I IMATGE",NA,165,128,37,0,1
2024/2025,2024,BATXILLERAT,BATXILLERAT D'HUMANITATS I CIÈNCIES SOCIALS,1,24176,14073,10103,4041,722
2024/2025,2024,BATXILLERAT,BATXILLERAT D'HUMANITATS I CIÈNCIES SOCIALS,2,21850,12829,9021,2763,722
2024/2025,2024,BATXILLERAT,BATXILLERAT D'HUMANITATS I CIÈNCIES SOCIALS,NA,763,443,320,0,1
2024/2025,2024,BATXILLERAT,BATXILLERAT DE CIÈNCIES I TECNOLOGIA,1,26481,12893,13588,4057,723
2024/2025,2024,BATXILLERAT,BATXILLERAT DE CIÈNCIES I TECNOLOGIA,2,22300,10661,11639,2779,721
2024/2025,2024,BATXILLERAT,BATXILLERAT DE CIÈNCIES I TECNOLOGIA,NA,363,170,193,0,1
2024/2025,2024,BATXILLERAT,BATXILLERAT GENERAL,1,134,68,66,0,9
2024/2025,2024,BATXILLERAT,BATXILLERAT GENERAL,2,109,61,48,0,8
2024/2025,2024,BATXILLERAT,GENERAL,NA,95,49,46,0,1
2024/2025,2024,CONSERVACIÓ I RESTAURACIÓ DE BÉNS CULTURALS,CONSERVACIÓ I RESTAURACIÓ D'ESCULTURA,3,4,4,0,0,1
2024/2025,2024,CONSERVACIÓ I RESTAURACIÓ DE BÉNS CULTURALS,CONSERVACIÓ I RESTAURACIÓ D'ESCULTURA,4,8,6,2,0,1
2024/2025,2024,CONSERVACIÓ I RESTAURACIÓ DE BÉNS CULTURALS,CONSERVACIÓ I RESTAURACIÓ D'ESCULTURA,A,4,4,0,0,1
2024/2025,2024,CONSERVACIÓ I RESTAURACIÓ DE BÉNS CULTURALS,CONSERVACIÓ I RESTAURACIÓ DE BÉNS ARQUEOLÒGICS,1,24,20,4,0,1
2024/2025,2024,CONSERVACIÓ I RESTAURACIÓ DE BÉNS CULTURALS,CONSERVACIÓ I RESTAURACIÓ DE BÉNS ARQUEOLÒGICS,2,26,21,5,0,1
2024/2025,2024,CONSERVACIÓ I RESTAURACIÓ DE BÉNS CULTURALS,CONSERVACIÓ I RESTAURACIÓ DE BÉNS ARQUEOLÒGICS,3,8,7,1,0,1
2024/2025,2024,CONSERVACIÓ I RESTAURACIÓ DE BÉNS CULTURALS,CONSERVACIÓ I RESTAURACIÓ DE BÉNS ARQUEOLÒGICS,4,7,7,0,0,1
2024/2025,2024,CONSERVACIÓ I RESTAURACIÓ DE BÉNS CULTURALS,CONSERVACIÓ I RESTAURACIÓ DE BÉNS ARQUEOLÒGICS,A,4,4,0,0,1
2024/2025,2024,CONSERVACIÓ I RESTAURACIÓ DE BÉNS CULTURALS,CONSERVACIÓ I RESTAURACIÓ DE DOCUMENT GRÀFIC,1,1,1,0,0,1
2024/2025,2024,CONSERVACIÓ I RESTAURACIÓ DE BÉNS CULTURALS,CONSERVACIÓ I RESTAURACIÓ DE DOCUMENT GRÀFIC,3,4,4,0,0,1
2024/2025,2024,CONSERVACIÓ I RESTAURACIÓ DE BÉNS CULTURALS,CONSERVACIÓ I RESTAURACIÓ DE DOCUMENT GRÀFIC,4,7,7,0,0,1
2024/2025,2024,CONSERVACIÓ I RESTAURACIÓ DE BÉNS CULTURALS,CONSERVACIÓ I RESTAURACIÓ DE DOCUMENT GRÀFIC,A,3,3,0,0,1
2024/2025,2024,CONSERVACIÓ I RESTAURACIÓ DE BÉNS CULTURALS,CONSERVACIÓ I RESTAURACIÓ DE PINTURA,3,9,6,3,0,1
2024/2025,2024,CONSERVACIÓ I RESTAURACIÓ DE BÉNS CULTURALS,CONSERVACIÓ I RESTAURACIÓ DE PINTURA,4,8,7,1,0,1
2024/2025,2024,CONSERVACIÓ I RESTAURACIÓ DE BÉNS CULTURALS,CONSERVACIÓ I RESTAURACIÓ DE PINTURA,A,2,2,0,0,1
2024/2025,2024,CONSERVACIÓ I RESTAURACIÓ DE BÉNS CULTURALS,MÀSTER EN CONSERVACIÓ PREVENTIVA DE BÉNS CULTURALS MOBLES I IMMOBLES (ESCRBC),NO APLICA,15,14,1,0,1
2024/2025,2024,CURSOS D'ACCÉS SENSE TITULACIÓ,CURS ESPECÍFIC PER A l'ACCÉS ALS CICLES FORMATIUS DE GRAU MITJÀ D'FP,NA,325,177,148,0,19
2024/2025,2024,DANSA,COREOGRAFIA I INTERPRETACIÓ,1,12,11,1,0,1
2024/2025,2024,DANSA,COREOGRAFIA I INTERPRETACIÓ,2,12,8,4,0,1
2024/2025,2024,DANSA,COREOGRAFIA I INTERPRETACIÓ,3,15,13,2,0,1
2024/2025,2024,DANSA,COREOGRAFIA I INTERPRETACIÓ,4,24,17,7,0,1
2024/2025,2024,DANSA,DANSA CLÀSSICA,1,16,12,4,0,2
2024/2025,2024,DANSA,DANSA CLÀSSICA,2,24,20,4,0,2
2024/2025,2024,DANSA,DANSA CLÀSSICA,3,30,26,4,0,2
2024/2025,2024,DANSA,DANSA CLÀSSICA,4,28,21,7,0,2
2024/2025,2024,DANSA,DANSA CLÀSSICA,5,22,19,3,0,2
2024/2025,2024,DANSA,DANSA CLÀSSICA,6,25,22,3,0,2
2024/2025,2024,DANSA,DANSA CONTEMPORÀNIA,1,22,16,6,0,2
2024/2025,2024,DANSA,DANSA CONTEMPORÀNIA,2,27,20,7,0,2
2024/2025,2024,DANSA,DANSA CONTEMPORÀNIA,3,24,17,7,0,2
2024/2025,2024,DANSA,DANSA CONTEMPORÀNIA,4,31,25,6,0,2
2024/2025,2024,DANSA,DANSA CONTEMPORÀNIA,5,26,21,5,0,2
2024/2025,2024,DANSA,DANSA CONTEMPORÀNIA,6,26,21,5,0,2
2024/2025,2024,DANSA,DANSA ESPANYOLA,1,8,8,0,0,1
2024/2025,2024,DANSA,DANSA ESPANYOLA,2,11,11,0,0,1
2024/2025,2024,DANSA,DANSA ESPANYOLA,3,10,6,4,0,1
2024/2025,2024,DANSA,DANSA ESPANYOLA,4,7,7,0,0,1
2024/2025,2024,DANSA,DANSA ESPANYOLA,5,12,10,2,0,1
2024/2025,2024,DANSA,DANSA ESPANYOLA,6,8,8,0,0,1
2024/2025,2024,DANSA,PEDAGOGIA DE LA DANSA,1,12,10,2,0,1
2024/2025,2024,DANSA,PEDAGOGIA DE LA DANSA,2,11,11,0,0,1
2024/2025,2024,DANSA,PEDAGOGIA DE LA DANSA,3,14,14,0,0,1
2024/2025,2024,DANSA,PEDAGOGIA DE LA DANSA,4,17,16,1,0,1
2024/2025,2024,EDUCACIÓ D'ADULTS,ADAPTACIÓ DE L'EDUCACIÓ SECUNDÀRIA OBLIGATÒRIA PER A PERSONES ADULTES,NA,10787,5626,5161,0,136
2024/2025,2024,EDUCACIÓ D'ADULTS,CICLE DE FORMACIÓ INSTRUMENTAL,NA,10404,5262,5142,0,130
2024/2025,2024,EDUCACIÓ D'ADULTS NO REGLATS,ACCÈS A CICLES FORMATIUS DE GRAU MITJÀ,NA,418,225,193,0,34
2024/2025,2024,EDUCACIÓ D'ADULTS NO REGLATS,ACCÈS A LA UNIVERSITAT PER MAJORS 25,NA,2053,1276,777,0,88
2024/2025,2024,EDUCACIÓ D'ADULTS NO REGLATS,ACCÈS CICLES FORMATIUS DE GRAU SUPERIOR,NA,2227,1126,1101,0,111
2024/2025,2024,EDUCACIÓ D'ADULTS NO REGLATS,INFORMÀTICA NIVELL USUARI,NA,10943,7633,3310,0,144
2024/2025,2024,EDUCACIÓ D'ADULTS NO REGLATS,LLENGUA CASTELLANA,NA,15038,8230,6808,0,145
2024/2025,2024,EDUCACIÓ D'ADULTS NO REGLATS,LLENGUA CATALANA,NA,10368,5475,4893,0,144
2024/2025,2024,EDUCACIÓ D'ADULTS NO REGLATS,LLENGUA ESTRANGERA ANGLÈS INICIAL,NA,13253,8792,4461,0,154
2024/2025,2024,EDUCACIÓ D'ADULTS NO REGLATS,LLENGUA ESTRANGERA FRANCÈS INICIAL,NA,1282,791,491,0,37
2024/2025,2024,EDUCACIÓ ESPECIAL,EDUCACIÓ ESPECIAL INFANTIL,1,87,39,48,0,39
2024/2025,2024,EDUCACIÓ ESPECIAL,EDUCACIÓ ESPECIAL INFANTIL,2,119,28,91,0,48
2024/2025,2024,EDUCACIÓ ESPECIAL,EDUCACIÓ ESPECIAL INFANTIL,3,203,59,144,0,55
2024/2025,2024,EDUCACIÓ ESPECIAL,EDUCACIÓ ESPECIAL PRIMÀRIA,1,299,81,218,0,67
2024/2025,2024,EDUCACIÓ ESPECIAL,EDUCACIÓ ESPECIAL PRIMÀRIA,2,278,79,199,0,70
2024/2025,2024,EDUCACIÓ ESPECIAL,EDUCACIÓ ESPECIAL PRIMÀRIA,3,301,95,206,0,74
2024/2025,2024,EDUCACIÓ ESPECIAL,EDUCACIÓ ESPECIAL PRIMÀRIA,4,296,102,194,0,80
2024/2025,2024,EDUCACIÓ ESPECIAL,EDUCACIÓ ESPECIAL PRIMÀRIA,5,283,90,193,0,77
2024/2025,2024,EDUCACIÓ ESPECIAL,EDUCACIÓ ESPECIAL PRIMÀRIA,6,466,157,309,0,83
2024/2025,2024,EDUCACIÓ ESPECIAL,EDUCACIÓ ESPECIAL SECUNDÀRIA,1,618,192,426,0,92
2024/2025,2024,EDUCACIÓ ESPECIAL,EDUCACIÓ ESPECIAL SECUNDÀRIA,2,665,220,445,0,92
2024/2025,2024,EDUCACIÓ ESPECIAL,EDUCACIÓ ESPECIAL SECUNDÀRIA,3,727,239,488,0,89
2024/2025,2024,EDUCACIÓ ESPECIAL,EDUCACIÓ ESPECIAL SECUNDÀRIA,4,1761,617,1144,0,98
2024/2025,2024,EDUCACIÓ ESPECIAL,EE PFI - AUXILIAR D'ACTIVITATS AGROPECUÀRIES,1,6,3,3,0,1
2024/2025,2024,EDUCACIÓ ESPECIAL,EE PFI - AUXILIAR D'ACTIVITATS AGROPECUÀRIES,2,10,6,4,0,1
2024/2025,2024,EDUCACIÓ ESPECIAL,EE PFI - AUXILIAR D'ACTIVITATS D'OFICINA I DE SERVEIS ADMINISTRATIUS GENERALS,1,66,32,34,0,8
2024/2025,2024,EDUCACIÓ ESPECIAL,EE PFI - AUXILIAR D'ACTIVITATS D'OFICINA I DE SERVEIS ADMINISTRATIUS GENERALS,2,51,17,34,0,8
2024/2025,2024,EDUCACIÓ ESPECIAL,EE PFI - AUXILIAR D'ACTIVITATS ESPORTIVES,1,19,4,15,0,2
2024/2025,2024,EDUCACIÓ ESPECIAL,EE PFI - AUXILIAR D'ACTIVITATS FORESTALS,1,8,1,7,0,1
2024/2025,2024,EDUCACIÓ ESPECIAL,EE PFI - AUXILIAR D'ACTIVITATS FORESTALS,2,9,0,9,0,1
2024/2025,2024,EDUCACIÓ ESPECIAL,EE PFI - AUXILIAR D'ARTS GRÀFIQUES I SERIGRAFIA,1,40,17,23,0,5
2024/2025,2024,EDUCACIÓ ESPECIAL,EE PFI - AUXILIAR D'ARTS GRÀFIQUES I SERIGRAFIA,2,39,15,24,0,5
2024/2025,2024,EDUCACIÓ ESPECIAL,EE PFI - AUXILIAR D'HOTELERIA: CUINA I SERVEIS DE RESTAURACIÓ,1,2,1,1,0,2
2024/2025,2024,EDUCACIÓ ESPECIAL,EE PFI - AUXILIAR D'HOTELERIA: CUINA I SERVEIS DE RESTAURACIÓ,2,24,12,12,0,3
2024/2025,2024,EDUCACIÓ ESPECIAL,EE PFI - AUXILIAR D'IMATGE PERSONAL: PERRUQUERIA I ESTÈTICA,1,7,6,1,0,1
2024/2025,2024,EDUCACIÓ ESPECIAL,EE PFI - AUXILIAR D'IMATGE PERSONAL: PERRUQUERIA I ESTÈTICA,2,5,5,0,0,1
2024/2025,2024,EDUCACIÓ ESPECIAL,EE PFI - AUXILIAR DE COMERÇ I ATENCIÓ AL PÚBLIC,1,41,17,24,0,6
2024/2025,2024,EDUCACIÓ ESPECIAL,EE PFI - AUXILIAR DE COMERÇ I ATENCIÓ AL PÚBLIC,2,46,17,29,0,6
2024/2025,2024,EDUCACIÓ ESPECIAL,EE PFI - AUXILIAR DE CONFECCIÓ EN TÈXTIL I PELL,2,3,3,0,0,1
2024/2025,2024,EDUCACIÓ ESPECIAL,EE PFI - AUXILIAR DE CUINA,1,15,7,8,0,3
2024/2025,2024,EDUCACIÓ ESPECIAL,EE PFI - AUXILIAR DE CUINA,2,12,5,7,0,3
2024/2025,2024,EDUCACIÓ ESPECIAL,EE PFI - AUXILIAR DE FABRICACIÓ MECÀNICA,1,23,0,23,0,2
2024/2025,2024,EDUCACIÓ ESPECIAL,EE PFI - AUXILIAR DE FABRICACIÓ MECÀNICA,2,7,0,7,0,1
2024/2025,2024,EDUCACIÓ ESPECIAL,EE PFI - AUXILIAR DE FABRICACIÓ MECÀNICA I INSTAL·LACIONS ELECTROTÈCNIQUES,1,6,0,6,0,1
2024/2025,2024,EDUCACIÓ ESPECIAL,EE PFI - AUXILIAR DE FABRICACIÓ MECÀNICA I INSTAL·LACIONS ELECTROTÈCNIQUES,2,8,0,8,0,2
2024/2025,2024,EDUCACIÓ ESPECIAL,EE PFI - AUXILIAR DE MUNTATGES D'INSTAL·LACIONS ELECTROTÈCNIQUES EN EDIFICIS,1,6,1,5,0,1
2024/2025,2024,EDUCACIÓ ESPECIAL,EE PFI - AUXILIAR DE MUNTATGES D'INSTAL·LACIONS ELECTROTÈCNIQUES EN EDIFICIS,2,1,1,0,0,1
2024/2025,2024,EDUCACIÓ ESPECIAL,EE PFI - AUXILIAR DE PALETA I CONSTRUCCIÓ,1,4,0,4,0,1
2024/2025,2024,EDUCACIÓ ESPECIAL,EE PFI - AUXILIAR DE PALETA I CONSTRUCCIÓ,2,2,0,2,0,1
2024/2025,2024,EDUCACIÓ ESPECIAL,EE PFI - AUXILIAR DE PINTURA,1,2,0,2,0,1
2024/2025,2024,EDUCACIÓ ESPECIAL,EE PFI - AUXILIAR DE PINTURA,2,6,2,4,0,1
2024/2025,2024,EDUCACIÓ ESPECIAL,EE PFI - AUXILIAR DE SERVEIS DE RESTAURACIÓ I CUINA,1,58,27,31,0,6
2024/2025,2024,EDUCACIÓ ESPECIAL,EE PFI - AUXILIAR DE SERVEIS DE RESTAURACIÓ I CUINA,2,25,10,15,0,3
2024/2025,2024,EDUCACIÓ ESPECIAL,"EE PFI - AUXILIAR DE VENDES, OFICINA I ATENCIÓ AL PÚBLIC",1,13,7,6,0,3
2024/2025,2024,EDUCACIÓ ESPECIAL,"EE PFI - AUXILIAR DE VENDES, OFICINA I ATENCIÓ AL PÚBLIC",2,19,9,10,0,2
2024/2025,2024,EDUCACIÓ ESPECIAL,EE PFI - AUXILIAR DE VIVERS I JARDINS,1,48,7,41,0,7
2024/2025,2024,EDUCACIÓ ESPECIAL,EE PFI - AUXILIAR DE VIVERS I JARDINS,2,23,2,21,0,5
2024/2025,2024,EDUCACIÓ ESPECIAL,EE PFI - AUXILIAR EN ESTABLIMENTS HOTELERS I DE RESTAURACIÓ,1,33,17,16,0,5
2024/2025,2024,EDUCACIÓ ESPECIAL,EE PFI - AUXILIAR EN ESTABLIMENTS HOTELERS I DE RESTAURACIÓ,2,22,15,7,0,4
2024/2025,2024,EDUCACIÓ ESPECIAL,EE PFI - AUXILIAR EN PASTISSERIA I FORNERIA,1,19,11,8,0,2
2024/2025,2024,EDUCACIÓ ESPECIAL,EE PFI - AUXILIAR EN PASTISSERIA I FORNERIA,2,11,9,2,0,2
2024/2025,2024,EDUCACIÓ ESPECIAL,EE PFI - AUXILIAR EN TREBALLS DE FUSTERIA I INSTAL·LACIÓ DE MOBLES,1,40,4,36,0,7
2024/2025,2024,EDUCACIÓ ESPECIAL,EE PFI - AUXILIAR EN TREBALLS DE FUSTERIA I INSTAL·LACIÓ DE MOBLES,2,26,1,25,0,6
2024/2025,2024,EDUCACIÓ ESPECIAL,PROGRAMA DE FORMACIÓ PER A LA TRANSICIÓ A LA VIDA ADULTA,1,75,29,46,0,11
2024/2025,2024,EDUCACIÓ ESPECIAL,PROGRAMA DE FORMACIÓ PER A LA TRANSICIÓ A LA VIDA ADULTA,2,56,20,36,0,9
2024/2025,2024,EDUCACIÓ INFANTIL,EDUCACIÓ INFANTIL: LLAR D'INFANTS,1,6185,2964,3221,1848,1072
2024/2025,2024,EDUCACIÓ INFANTIL,EDUCACIÓ INFANTIL: LLAR D'INFANTS,2,26490,12782,13708,4150,1518
2024/2025,2024,EDUCACIÓ INFANTIL,EDUCACIÓ INFANTIL: LLAR D'INFANTS,3,40648,19628,21020,4442,1557
2024/2025,2024,EDUCACIÓ INFANTIL,EDUCACIÓ INFANTIL: PARVULARI,1,57654,28122,29532,3090,2262
2024/2025,2024,EDUCACIÓ INFANTIL,EDUCACIÓ INFANTIL: PARVULARI,2,59143,29126,30017,3079,2260
2024/2025,2024,EDUCACIÓ INFANTIL,EDUCACIÓ INFANTIL: PARVULARI,3,62816,30697,32119,3412,2262
2024/2025,2024,EDUCACIÓ INFANTIL,EDUCACIÓ INFANTIL: PARVULARI,NA,2079,1032,1047,0,20
2024/2025,2024,EDUCACIÓ INFANTIL,LLAR D'INFANTS,1,88,41,47,17,18
2024/2025,2024,EDUCACIÓ INFANTIL,LLAR D'INFANTS,2,324,161,163,34,28
2024/2025,2024,EDUCACIÓ INFANTIL,LLAR D'INFANTS,3,496,250,246,33,30
2024/2025,2024,EDUCACIÓ PRIMÀRIA,EDUCACIÓ PRIMÀRIA,1,66484,32538,33946,3092,2258
2024/2025,2024,EDUCACIÓ PRIMÀRIA,EDUCACIÓ PRIMÀRIA,2,71237,34734,36503,3233,2271
2024/2025,2024,EDUCACIÓ PRIMÀRIA,EDUCACIÓ PRIMÀRIA,3,73952,36189,37763,3325,2266
2024/2025,2024,EDUCACIÓ PRIMÀRIA,EDUCACIÓ PRIMÀRIA,4,76760,37366,39394,3343,2270
2024/2025,2024,EDUCACIÓ PRIMÀRIA,EDUCACIÓ PRIMÀRIA,5,77940,37822,40118,3288,2265
2024/2025,2024,EDUCACIÓ PRIMÀRIA,EDUCACIÓ PRIMÀRIA,6,77772,37757,40015,3535,2256
2024/2025,2024,EDUCACIÓ PRIMÀRIA,EDUCACIÓ PRIMÀRIA,NA,5488,2695,2793,0,21
2024/2025,2024,EDUCACIÓ SECUNDÀRIA OBLIGATÒRIA,EDUCACIÓ SECUNDÀRIA OBLIGATÒRIA,1,83170,40148,43022,2969,1159
2024/2025,2024,EDUCACIÓ SECUNDÀRIA OBLIGATÒRIA,EDUCACIÓ SECUNDÀRIA OBLIGATÒRIA,2,85764,41541,44223,2995,1159
2024/2025,2024,EDUCACIÓ SECUNDÀRIA OBLIGATÒRIA,EDUCACIÓ SECUNDÀRIA OBLIGATÒRIA,3,87967,42263,45704,3047,1155
2024/2025,2024,EDUCACIÓ SECUNDÀRIA OBLIGATÒRIA,EDUCACIÓ SECUNDÀRIA OBLIGATÒRIA,4,88017,42471,45546,3064,1152
2024/2025,2024,EDUCACIÓ SECUNDÀRIA OBLIGATÒRIA,EDUCACIÓ SECUNDÀRIA OBLIGATÒRIA,NA,4009,1951,2058,0,20
2024/2025,2024,ENSENYAMENTS D'IDIOMES,ALEMANY,1,108,75,33,0,1
2024/2025,2024,ENSENYAMENTS D'IDIOMES,ALEMANY,2,18,14,4,0,1
2024/2025,2024,ENSENYAMENTS D'IDIOMES,ALEMANY - C1,1,189,109,80,7,9
2024/2025,2024,ENSENYAMENTS D'IDIOMES,ALEMANY - NIVELL AVANÇAT,1,430,247,183,32,26
2024/2025,2024,ENSENYAMENTS D'IDIOMES,ALEMANY - NIVELL AVANÇAT,2,323,198,125,26,24
2024/2025,2024,ENSENYAMENTS D'IDIOMES,ALEMANY - NIVELL BÀSIC,1,1506,800,706,83,31
2024/2025,2024,ENSENYAMENTS D'IDIOMES,ALEMANY - NIVELL BÀSIC,2,989,564,425,66,31
2024/2025,2024,ENSENYAMENTS D'IDIOMES,ALEMANY - NIVELL INTERMEDI,1,730,422,308,53,30
2024/2025,2024,ENSENYAMENTS D'IDIOMES,ANGLÈS,1,849,594,255,0,1
2024/2025,2024,ENSENYAMENTS D'IDIOMES,ANGLÈS,2,424,308,116,0,1
2024/2025,2024,ENSENYAMENTS D'IDIOMES,ANGLÈS - C1,1,4142,2589,1553,141,45
2024/2025,2024,ENSENYAMENTS D'IDIOMES,ANGLÈS - C2,1,841,540,301,1,15
2024/2025,2024,ENSENYAMENTS D'IDIOMES,ANGLÈS - C2,2,446,284,162,0,15
2024/2025,2024,ENSENYAMENTS D'IDIOMES,ANGLÈS - NIVELL AVANÇAT,1,3689,2353,1336,177,45
2024/2025,2024,ENSENYAMENTS D'IDIOMES,ANGLÈS - NIVELL AVANÇAT,2,6323,3705,2618,185,45
2024/2025,2024,ENSENYAMENTS D'IDIOMES,ANGLÈS - NIVELL BÀSIC,1,2614,1632,982,106,43
2024/2025,2024,ENSENYAMENTS D'IDIOMES,ANGLÈS - NIVELL BÀSIC,2,3692,2269,1423,161,45
2024/2025,2024,ENSENYAMENTS D'IDIOMES,ANGLÈS - NIVELL INTERMEDI,1,5019,3097,1922,186,45
2024/2025,2024,ENSENYAMENTS D'IDIOMES,CATALÀ,1,72,55,17,0,1
2024/2025,2024,ENSENYAMENTS D'IDIOMES,CATALÀ PER A NO CATALANOPARLANTS - C1,1,175,129,46,5,10
2024/2025,2024,ENSENYAMENTS D'IDIOMES,CATALÀ PER A NO CATALANOPARLANTS - C2,1,2040,1507,533,13,20
2024/2025,2024,ENSENYAMENTS D'IDIOMES,CATALÀ PER A NO CATALANOPARLANTS - NIVELL AVANÇAT,1,116,80,36,4,6
2024/2025,2024,ENSENYAMENTS D'IDIOMES,CATALÀ PER A NO CATALANOPARLANTS - NIVELL BÀSIC,1,198,123,75,9,4
2024/2025,2024,ENSENYAMENTS D'IDIOMES,CATALÀ PER A NO CATALANOPARLANTS - NIVELL BÀSIC,2,137,92,45,6,4
2024/2025,2024,ENSENYAMENTS D'IDIOMES,CATALÀ PER A NO CATALANOPARLANTS - NIVELL INTERMEDI,1,126,95,31,6,5
2024/2025,2024,ENSENYAMENTS D'IDIOMES,COREÀ  - NIVELL BÀSIC,1,84,66,18,3,1
2024/2025,2024,ENSENYAMENTS D'IDIOMES,COREÀ  - NIVELL BÀSIC,2,55,47,8,2,1
2024/2025,2024,ENSENYAMENTS D'IDIOMES,COREÀ  - NIVELL INTERMEDI,1,21,17,4,1,1
2024/2025,2024,ENSENYAMENTS D'IDIOMES,COREÀ  - NIVELL INTERMEDI,2,21,14,7,1,1
2024/2025,2024,ENSENYAMENTS D'IDIOMES,ESPANYOL - C1,1,79,59,20,0,2
2024/2025,2024,ENSENYAMENTS D'IDIOMES,ESPANYOL PER A PERSONES ESTRANGERES - NIVELL AVANÇAT,1,408,313,95,6,5
2024/2025,2024,ENSENYAMENTS D'IDIOMES,ESPANYOL PER A PERSONES ESTRANGERES - NIVELL AVANÇAT,2,354,268,86,0,5
2024/2025,2024,ENSENYAMENTS D'IDIOMES,ESPANYOL PER A PERSONES ESTRANGERES - NIVELL BÀSIC,1,781,504,277,0,5
2024/2025,2024,ENSENYAMENTS D'IDIOMES,ESPANYOL PER A PERSONES ESTRANGERES - NIVELL BÀSIC,2,942,676,266,2,5
2024/2025,2024,ENSENYAMENTS D'IDIOMES,ESPANYOL PER A PERSONES ESTRANGERES - NIVELL INTERMEDI,1,795,619,176,14,5
2024/2025,2024,ENSENYAMENTS D'IDIOMES,FRANCÈS  - NIVELL BÀSIC,1,1829,1165,664,130,39
2024/2025,2024,ENSENYAMENTS D'IDIOMES,FRANCÈS  - NIVELL BÀSIC,2,1441,950,491,125,39
2024/2025,2024,ENSENYAMENTS D'IDIOMES,FRANCÈS - C1,1,431,296,135,14,15
2024/2025,2024,ENSENYAMENTS D'IDIOMES,FRANCÈS - NIVELL AVANÇAT,1,691,441,250,45,33
2024/2025,2024,ENSENYAMENTS D'IDIOMES,FRANCÈS - NIVELL AVANÇAT,2,609,401,208,40,32
2024/2025,2024,ENSENYAMENTS D'IDIOMES,FRANCÈS - NIVELL INTERMEDI,1,1103,732,371,69,39
2024/2025,2024,ENSENYAMENTS D'IDIOMES,GREC - NIVELL AVANÇAT,1,21,11,10,1,1
2024/2025,2024,ENSENYAMENTS D'IDIOMES,GREC - NIVELL AVANÇAT,2,18,8,10,0,1
2024/2025,2024,ENSENYAMENTS D'IDIOMES,GREC - NIVELL BÀSIC,1,36,17,19,2,1
2024/2025,2024,ENSENYAMENTS D'IDIOMES,GREC - NIVELL BÀSIC,2,33,23,10,1,1
2024/2025,2024,ENSENYAMENTS D'IDIOMES,GREC - NIVELL INTERMEDI,1,36,19,17,1,1
2024/2025,2024,ENSENYAMENTS D'IDIOMES,GREC - NIVELL INTERMEDI,2,2,2,0,0,1
2024/2025,2024,ENSENYAMENTS D'IDIOMES,ITALIÀ - C1,1,107,72,35,1,3
2024/2025,2024,ENSENYAMENTS D'IDIOMES,ITALIÀ - NIVELL AVANÇAT,1,159,112,47,8,6
2024/2025,2024,ENSENYAMENTS D'IDIOMES,ITALIÀ - NIVELL AVANÇAT,2,159,102,57,7,6
2024/2025,2024,ENSENYAMENTS D'IDIOMES,ITALIÀ - NIVELL BÀSIC,1,436,282,154,18,6
2024/2025,2024,ENSENYAMENTS D'IDIOMES,ITALIÀ - NIVELL BÀSIC,2,292,185,107,15,6
2024/2025,2024,ENSENYAMENTS D'IDIOMES,ITALIÀ - NIVELL INTERMEDI,1,275,179,96,10,6
2024/2025,2024,ENSENYAMENTS D'IDIOMES,JAPONÈS - NIVELL AVANÇAT,1,22,8,14,1,1
2024/2025,2024,ENSENYAMENTS D'IDIOMES,JAPONÈS - NIVELL AVANÇAT,2,11,3,8,1,1
2024/2025,2024,ENSENYAMENTS D'IDIOMES,JAPONÈS - NIVELL BÀSIC,1,179,88,91,6,1
2024/2025,2024,ENSENYAMENTS D'IDIOMES,JAPONÈS - NIVELL BÀSIC,2,119,50,69,4,1
2024/2025,2024,ENSENYAMENTS D'IDIOMES,JAPONÈS - NIVELL INTERMEDI,1,65,38,27,2,1
2024/2025,2024,ENSENYAMENTS D'IDIOMES,JAPONÈS - NIVELL INTERMEDI,2,42,12,30,2,1
2024/2025,2024,ENSENYAMENTS D'IDIOMES,NEERLANDÈS - NIVELL AVANÇAT,1,14,7,7,1,1
2024/2025,2024,ENSENYAMENTS D'IDIOMES,NEERLANDÈS - NIVELL AVANÇAT,2,8,7,1,1,1
2024/2025,2024,ENSENYAMENTS D'IDIOMES,NEERLANDÈS - NIVELL BÀSIC,1,32,22,10,2,1
2024/2025,2024,ENSENYAMENTS D'IDIOMES,NEERLANDÈS - NIVELL BÀSIC,2,20,9,11,1,1
2024/2025,2024,ENSENYAMENTS D'IDIOMES,NEERLANDÈS - NIVELL INTERMEDI,1,27,16,11,1,1
2024/2025,2024,ENSENYAMENTS D'IDIOMES,PORTUGUÈS - NIVELL AVANÇAT,1,8,4,4,1,1
2024/2025,2024,ENSENYAMENTS D'IDIOMES,PORTUGUÈS - NIVELL AVANÇAT,2,19,11,8,1,1
2024/2025,2024,ENSENYAMENTS D'IDIOMES,PORTUGUÈS - NIVELL BÀSIC,1,58,25,33,2,1
2024/2025,2024,ENSENYAMENTS D'IDIOMES,PORTUGUÈS - NIVELL BÀSIC,2,30,14,16,1,1
2024/2025,2024,ENSENYAMENTS D'IDIOMES,PORTUGUÈS - NIVELL INTERMEDI,1,32,15,17,1,1
2024/2025,2024,ENSENYAMENTS D'IDIOMES,RUS - NIVELL AVANÇAT,1,17,4,13,1,2
2024/2025,2024,ENSENYAMENTS D'IDIOMES,RUS - NIVELL AVANÇAT,2,36,24,12,2,2
2024/2025,2024,ENSENYAMENTS D'IDIOMES,RUS - NIVELL BÀSIC,1,137,54,83,10,4
2024/2025,2024,ENSENYAMENTS D'IDIOMES,RUS - NIVELL BÀSIC,2,86,37,49,8,5
2024/2025,2024,ENSENYAMENTS D'IDIOMES,RUS - NIVELL INTERMEDI,1,51,23,28,5,3
2024/2025,2024,ENSENYAMENTS D'IDIOMES,RUS - NIVELL INTERMEDI,2,74,36,38,7,5
2024/2025,2024,ENSENYAMENTS D'IDIOMES,XINÈS - NIVELL AVANÇAT,1,9,2,7,1,1
2024/2025,2024,ENSENYAMENTS D'IDIOMES,XINÈS - NIVELL AVANÇAT,2,11,7,4,1,1
2024/2025,2024,ENSENYAMENTS D'IDIOMES,XINÈS - NIVELL BÀSIC,1,151,73,78,6,1
2024/2025,2024,ENSENYAMENTS D'IDIOMES,XINÈS - NIVELL BÀSIC,2,59,33,26,4,1
2024/2025,2024,ENSENYAMENTS D'IDIOMES,XINÈS - NIVELL INTERMEDI,1,41,16,25,2,1
2024/2025,2024,ENSENYAMENTS D'IDIOMES,XINÈS - NIVELL INTERMEDI,2,30,20,10,1,1
2024/2025,2024,ENSENYAMENTS D'IDIOMES,ÀRAB - NIVELL AVANÇAT,1,16,5,11,0,1
2024/2025,2024,ENSENYAMENTS D'IDIOMES,ÀRAB - NIVELL AVANÇAT,2,29,16,13,0,1
2024/2025,2024,ENSENYAMENTS D'IDIOMES,ÀRAB - NIVELL BÀSIC,1,249,149,100,15,5
2024/2025,2024,ENSENYAMENTS D'IDIOMES,ÀRAB - NIVELL BÀSIC,2,143,95,48,10,5
2024/2025,2024,ENSENYAMENTS D'IDIOMES,ÀRAB - NIVELL INTERMEDI,1,51,31,20,5,4
2024/2025,2024,ENSENYAMENTS D'IDIOMES,ÀRAB - NIVELL INTERMEDI,2,43,22,21,4,3
2024/2025,2024,ENSENYAMENTS D'IDIOMES,ÈUSCAR - NIVELL AVANÇAT,1,9,5,4,0,1
2024/2025,2024,ENSENYAMENTS D'IDIOMES,ÈUSCAR - NIVELL AVANÇAT,2,16,9,7,0,1
2024/2025,2024,ENSENYAMENTS D'IDIOMES,ÈUSCAR - NIVELL BÀSIC,1,52,35,17,2,1
2024/2025,2024,ENSENYAMENTS D'IDIOMES,ÈUSCAR - NIVELL BÀSIC,2,31,15,16,1,1
2024/2025,2024,ENSENYAMENTS D'IDIOMES,ÈUSCAR - NIVELL INTERMEDI,1,21,6,15,1,1
2024/2025,2024,ENSENYAMENTS ESPORTIUS,TÈCNIC D'ESPORT EN ESQUÍ ALPÍ,1,341,160,181,0,6
2024/2025,2024,ENSENYAMENTS ESPORTIUS,TÈCNIC D'ESPORT EN ESQUÍ ALPÍ,2,183,73,110,0,5
2024/2025,2024,ENSENYAMENTS ESPORTIUS,TÈCNIC D'ESPORT EN ESQUÍ DE FONS,1,7,1,6,0,1
2024/2025,2024,ENSENYAMENTS ESPORTIUS,TÈCNIC D'ESPORT EN ESQUÍ DE FONS,2,1,0,1,0,1
2024/2025,2024,ENSENYAMENTS ESPORTIUS,TÈCNIC D'ESPORT EN FUTBOL,1,917,60,857,0,25
2024/2025,2024,ENSENYAMENTS ESPORTIUS,TÈCNIC D'ESPORT EN FUTBOL,2,809,51,758,0,20
2024/2025,2024,ENSENYAMENTS ESPORTIUS,TÈCNIC D'ESPORT EN FUTBOL SALA,1,3,0,3,0,1
2024/2025,2024,ENSENYAMENTS ESPORTIUS,TÈCNIC D'ESPORT EN FUTBOL SALA,2,9,1,8,0,1
2024/2025,2024,ENSENYAMENTS ESPORTIUS,TÈCNIC D'ESPORT EN HANDBOL,1,11,7,4,0,1
2024/2025,2024,ENSENYAMENTS ESPORTIUS,TÈCNIC D'ESPORT EN HANDBOL,2,9,6,3,0,1
2024/2025,2024,ENSENYAMENTS ESPORTIUS,TÈCNIC D'ESPORT EN SURF DE NEU,1,72,16,56,0,4
2024/2025,2024,ENSENYAMENTS ESPORTIUS,TÈCNIC D'ESPORT EN SURF DE NEU,2,35,12,23,0,2
2024/2025,2024,ENSENYAMENTS ESPORTIUS,TÈCNIC ESPORTIU EN ATLETISME,1,32,12,20,0,3
2024/2025,2024,ENSENYAMENTS ESPORTIUS,TÈCNIC ESPORTIU EN ATLETISME,2,19,7,12,0,2
2024/2025,2024,ENSENYAMENTS ESPORTIUS,TÈCNIC ESPORTIU EN BARRANCS,1,24,10,14,0,2
2024/2025,2024,ENSENYAMENTS ESPORTIUS,TÈCNIC ESPORTIU EN BARRANCS,2,51,7,44,0,4
2024/2025,2024,ENSENYAMENTS ESPORTIUS,TÈCNIC ESPORTIU EN BASQUETBOL,1,63,13,50,0,5
2024/2025,2024,ENSENYAMENTS ESPORTIUS,TÈCNIC ESPORTIU EN BASQUETBOL,2,50,10,40,0,5
2024/2025,2024,ENSENYAMENTS ESPORTIUS,TÈCNIC ESPORTIU EN BUSSEIG ESPORTIU AMB ESCAFANDRE AUTÒNOM,1,39,28,11,0,1
2024/2025,2024,ENSENYAMENTS ESPORTIUS,TÈCNIC ESPORTIU EN BUSSEIG ESPORTIU AMB ESCAFANDRE AUTÒNOM,2,10,4,6,0,1
2024/2025,2024,ENSENYAMENTS ESPORTIUS,TÈCNIC ESPORTIU EN ESGRIMA,1,19,6,13,0,1
2024/2025,2024,ENSENYAMENTS ESPORTIUS,TÈCNIC ESPORTIU EN ESPELEOLOGIA,1,29,8,21,0,2
2024/2025,2024,ENSENYAMENTS ESPORTIUS,TÈCNIC ESPORTIU EN ESPELEOLOGIA,2,30,5,25,0,2
2024/2025,2024,ENSENYAMENTS ESPORTIUS,TÈCNIC ESPORTIU EN HANDBOL,1,11,1,10,0,1
2024/2025,2024,ENSENYAMENTS ESPORTIUS,TÈCNIC ESPORTIU EN HANDBOL,2,7,0,7,0,1
2024/2025,2024,ENSENYAMENTS ESPORTIUS,TÈCNIC ESPORTIU EN JUDO I DEFENSA PERSONAL,1,21,6,15,0,1
2024/2025,2024,ENSENYAMENTS ESPORTIUS,TÈCNIC ESPORTIU EN JUDO I DEFENSA PERSONAL,2,8,2,6,0,1
2024/2025,2024,ENSENYAMENTS ESPORTIUS,TÈCNIC ESPORTIU EN LES DISCIPLINES HÍPIQUES DE RESISTÈNCIA ORIENTACIÓ I TURISME EQÜESTRE,1,45,43,2,0,2
2024/2025,2024,ENSENYAMENTS ESPORTIUS,TÈCNIC ESPORTIU EN LES DISCIPLINES HÍPIQUES DE RESISTÈNCIA ORIENTACIÓ I TURISME EQÜESTRE,2,53,51,2,0,3
2024/2025,2024,ENSENYAMENTS ESPORTIUS,TÈCNIC ESPORTIU EN PIRAGÜISME EN AIGÜES BRAVES,1,79,28,51,0,1
2024/2025,2024,ENSENYAMENTS ESPORTIUS,TÈCNIC ESPORTIU EN PIRAGÜISME EN AIGÜES BRAVES,2,10,3,7,0,1
2024/2025,2024,ENSENYAMENTS ESPORTIUS,TÈCNIC ESPORTIU EN PIRAGÜISME EN AIGÜES TRANQUIL·LES,1,22,7,15,0,4
2024/2025,2024,ENSENYAMENTS ESPORTIUS,TÈCNIC ESPORTIU EN PIRAGÜISME EN AIGÜES TRANQUIL·LES,2,9,5,4,0,2
2024/2025,2024,ENSENYAMENTS ESPORTIUS,TÈCNIC ESPORTIU EN PIRAGÜISME RECREATIU GUIA EN AIGÜES BRAVES,2,13,0,13,0,1
2024/2025,2024,ENSENYAMENTS ESPORTIUS,TÈCNIC ESPORTIU EN SALVAMENT I SOCORRISME,1,364,88,276,0,21
2024/2025,2024,ENSENYAMENTS ESPORTIUS,TÈCNIC ESPORTIU EN SALVAMENT I SOCORRISME,2,107,39,68,0,8
2024/2025,2024,ENSENYAMENTS ESPORTIUS,TÈCNIC ESPORTIU EN VELA AMB APARELL FIX,1,151,53,98,0,6
2024/2025,2024,ENSENYAMENTS ESPORTIUS,TÈCNIC ESPORTIU EN VELA AMB APARELL FIX,2,17,5,12,0,2
2024/2025,2024,ENSENYAMENTS ESPORTIUS,TÈCNIC ESPORTIU EN VELA AMB APARELL LLIURE,2,12,4,8,0,1
2024/2025,2024,ENSENYAMENTS ESPORTIUS,TÈCNIC ESPORTIU SUPERIOR EN ALTA MUNTANYA,1,22,3,19,0,1
2024/2025,2024,ENSENYAMENTS ESPORTIUS,TÈCNIC ESPORTIU SUPERIOR EN ATLETISME,1,23,3,20,0,1
2024/2025,2024,ENSENYAMENTS ESPORTIUS,TÈCNIC ESPORTIU SUPERIOR EN BASQUETBOL,1,7,1,6,0,1
2024/2025,2024,ENSENYAMENTS ESPORTIUS,TÈCNIC ESPORTIU SUPERIOR EN ESCALADA,1,4,1,3,0,1
2024/2025,2024,ENSENYAMENTS ESPORTIUS,TÈCNIC ESPORTIU SUPERIOR EN HÍPICA,1,2,1,1,0,1
2024/2025,2024,ENSENYAMENTS ESPORTIUS,TÈCNIC ESPORTIU SUPERIOR EN PIRAGÜISME EN AIGÜES BRAVES,1,11,10,1,0,1
2024/2025,2024,ENSENYAMENTS ESPORTIUS,TÈCNIC ESPORTIU SUPERIOR EN SALVAMENT I SOCORRISME,1,23,4,19,0,2
2024/2025,2024,ENSENYAMENTS ESPORTIUS,"TÈCNIC ESPOTIU EN LES DISCIPLINES HÍPIQUES DE SALT, DOMA I CONCURS COMPLET",1,4,4,0,0,1
2024/2025,2024,ENSENYAMENTS ESPORTIUS,"TÈCNIC ESPOTIU EN LES DISCIPLINES HÍPIQUES DE SALT, DOMA I CONCURS COMPLET",2,7,6,1,0,2
2024/2025,2024,ENSENYAMENTS ESPORTIUS,TÈCNIC SUPERIOR D'ESPORT EN ESQUÍ ALPÍ,1,29,6,23,0,2
2024/2025,2024,ENSENYAMENTS ESPORTIUS,TÈCNIC SUPERIOR D'ESPORT EN ESQUÍ DE FONS,1,2,0,2,0,1
2024/2025,2024,ENSENYAMENTS ESPORTIUS,TÈCNIC SUPERIOR D'ESPORT EN FUTBOL,1,345,7,338,0,9
2024/2025,2024,ENSENYAMENTS ESPORTIUS,TÈCNIC SUPERIOR D'ESPORT EN SURF DE NEU,1,12,3,9,0,2
2024/2025,2024,ENSENYAMENTS ESPORTIUS,TÈCNIC SUPERIOR ESPORTIU EN VELA AMB APARELL FIX,1,16,6,10,0,2
2024/2025,2024,ENSENYAMENTS ESPORTIUS,TÈCNICS ESPORTIU EN ESCALADA,1,23,8,15,0,3
2024/2025,2024,ENSENYAMENTS ESPORTIUS,TÈCNICS ESPORTIU EN ESCALADA,2,60,8,52,0,4
2024/2025,2024,ENSENYAMENTS ESPORTIUS,TÈCNICS ESPORTIU EN MUNTANYA MITJANA,1,193,66,127,0,6
2024/2025,2024,ENSENYAMENTS ESPORTIUS,TÈCNICS ESPORTIU EN MUNTANYA MITJANA,2,169,35,134,0,6
2024/2025,2024,ENSENYAMENTS SUPERIORS DE DISSENY,ESDL - DISSENY D'INTERIORS,1,268,241,27,0,3
2024/2025,2024,ENSENYAMENTS SUPERIORS DE DISSENY,ESDL - DISSENY D'INTERIORS,2,242,217,25,0,3
2024/2025,2024,ENSENYAMENTS SUPERIORS DE DISSENY,ESDL - DISSENY D'INTERIORS,3,214,189,25,0,3
2024/2025,2024,ENSENYAMENTS SUPERIORS DE DISSENY,ESDL - DISSENY D'INTERIORS,4,222,184,38,0,3
2024/2025,2024,ENSENYAMENTS SUPERIORS DE DISSENY,ESDL - DISSENY DE MODA,1,206,176,30,0,3
2024/2025,2024,ENSENYAMENTS SUPERIORS DE DISSENY,ESDL - DISSENY DE MODA,2,186,155,31,0,3
2024/2025,2024,ENSENYAMENTS SUPERIORS DE DISSENY,ESDL - DISSENY DE MODA,3,148,128,20,0,3
2024/2025,2024,ENSENYAMENTS SUPERIORS DE DISSENY,ESDL - DISSENY DE MODA,4,198,175,23,0,3
2024/2025,2024,ENSENYAMENTS SUPERIORS DE DISSENY,ESDL - DISSENY DE PRODUCTES,1,78,51,27,0,2
2024/2025,2024,ENSENYAMENTS SUPERIORS DE DISSENY,ESDL - DISSENY DE PRODUCTES,2,72,49,23,0,2
2024/2025,2024,ENSENYAMENTS SUPERIORS DE DISSENY,ESDL - DISSENY DE PRODUCTES,3,66,43,23,0,2
2024/2025,2024,ENSENYAMENTS SUPERIORS DE DISSENY,ESDL - DISSENY DE PRODUCTES,4,71,35,36,0,2
2024/2025,2024,ENSENYAMENTS SUPERIORS DE DISSENY,ESDL - DISSENY GRÀFIC,1,294,221,73,0,3
2024/2025,2024,ENSENYAMENTS SUPERIORS DE DISSENY,ESDL - DISSENY GRÀFIC,2,230,167,63,0,3
2024/2025,2024,ENSENYAMENTS SUPERIORS DE DISSENY,ESDL - DISSENY GRÀFIC,3,244,168,76,0,3
2024/2025,2024,ENSENYAMENTS SUPERIORS DE DISSENY,ESDL - DISSENY GRÀFIC,4,218,164,54,0,3
2024/2025,2024,ENSENYAMENTS SUPERIORS DE DISSENY,MÀSTER EN ENSENYAMENTS ARTÍSTICS EN CREACIÓ I DESENVOLUPAMENT DE PROJECTES DIGITALS DE LCI,NO APLICA,6,5,1,0,1
2024/2025,2024,ENSENYAMENTS SUPERIORS DE DISSENY,MÀSTER EN ENSENYAMENTS ARTÍSTICS EN DISSENY D'INTERIORS EXPERIENCIAL DE LCI,NO APLICA,21,16,5,0,1
2024/2025,2024,FORMACIÓ PROFESSIONAL,CFPB - ACCÉS I CONSERVACIÓ EN INSTAL·LACIONS ESPORTIVES,1,51,5,46,3,3
2024/2025,2024,FORMACIÓ PROFESSIONAL,CFPB - ACCÉS I CONSERVACIÓ EN INSTAL·LACIONS ESPORTIVES,2,53,6,47,5,5
2024/2025,2024,FORMACIÓ PROFESSIONAL,CFPB - ACTIVITATS DOMÈSTIQUES I NETEJA D'EDIFICIS,1,19,9,10,2,2
2024/2025,2024,FORMACIÓ PROFESSIONAL,CFPB - ACTIVITATS DOMÈSTIQUES I NETEJA D'EDIFICIS,2,17,9,8,2,2
2024/2025,2024,FORMACIÓ PROFESSIONAL,CFPB - AGROJARDINERIA I COMPOSICIONS FLORALS,1,8,4,4,1,1
2024/2025,2024,FORMACIÓ PROFESSIONAL,CFPB - AGROJARDINERIA I COMPOSICIONS FLORALS,2,7,0,7,1,1
2024/2025,2024,FORMACIÓ PROFESSIONAL,CFPB - CUINA I RESTAURACIÓ,1,18,6,12,1,1
2024/2025,2024,FORMACIÓ PROFESSIONAL,CFPB - CUINA I RESTAURACIÓ,2,13,1,12,1,1
2024/2025,2024,FORMACIÓ PROFESSIONAL,CFPB - ELECTRICITAT I ELECTRÒNICA,1,52,2,50,4,4
2024/2025,2024,FORMACIÓ PROFESSIONAL,CFPB - ELECTRICITAT I ELECTRÒNICA,2,50,3,47,5,5
2024/2025,2024,FORMACIÓ PROFESSIONAL,CFPB - FABRICACIÓ I MUNTATGE,1,47,4,43,3,3
2024/2025,2024,FORMACIÓ PROFESSIONAL,CFPB - FABRICACIÓ I MUNTATGE,2,26,0,26,2,2
2024/2025,2024,FORMACIÓ PROFESSIONAL,CFPB - INFORMÀTICA D'OFICINA,1,203,26,177,15,15
2024/2025,2024,FORMACIÓ PROFESSIONAL,CFPB - INFORMÀTICA D'OFICINA,2,153,25,128,15,15
2024/2025,2024,FORMACIÓ PROFESSIONAL,CFPB - PERRUQUERIA I ESTÈTICA,1,78,65,13,5,5
2024/2025,2024,FORMACIÓ PROFESSIONAL,CFPB - PERRUQUERIA I ESTÈTICA,2,48,44,4,5,5
2024/2025,2024,FORMACIÓ PROFESSIONAL,CFPB - REFORMA I MANTENIMENT D'EDIFICIS,1,9,0,9,1,1
2024/2025,2024,FORMACIÓ PROFESSIONAL,CFPB - REFORMA I MANTENIMENT D'EDIFICIS,2,9,1,8,1,1
2024/2025,2024,FORMACIÓ PROFESSIONAL,CFPB - SERVEIS ADMINISTRATIUS,1,114,43,71,8,8
2024/2025,2024,FORMACIÓ PROFESSIONAL,CFPB - SERVEIS ADMINISTRATIUS,2,71,28,43,6,6
2024/2025,2024,FORMACIÓ PROFESSIONAL,CFPB - SERVEIS COMERCIALS,1,108,45,63,7,7
2024/2025,2024,FORMACIÓ PROFESSIONAL,CFPB - SERVEIS COMERCIALS,2,74,35,39,6,6
2024/2025,2024,FORMACIÓ PROFESSIONAL,CFPM - ACTIVITATS COMERCIALAS (LOGÍSTICA),1,223,54,169,0,8
2024/2025,2024,FORMACIÓ PROFESSIONAL,CFPM - ACTIVITATS COMERCIALAS (LOGÍSTICA),2,142,50,92,0,7
2024/2025,2024,FORMACIÓ PROFESSIONAL,CFPM - ACTIVITATS COMERCIALS,1,2105,797,1308,0,58
2024/2025,2024,FORMACIÓ PROFESSIONAL,CFPM - ACTIVITATS COMERCIALS,2,1793,795,998,0,58
2024/2025,2024,FORMACIÓ PROFESSIONAL,CFPM - ACTIVITATS COMERCIALS (TÈXTIL),1,119,71,48,0,3
2024/2025,2024,FORMACIÓ PROFESSIONAL,CFPM - ACTIVITATS COMERCIALS (TÈXTIL),2,81,47,34,0,3
2024/2025,2024,FORMACIÓ PROFESSIONAL,CFPM - ACTIVITATS EQÜESTRES,1,154,134,20,0,8
2024/2025,2024,FORMACIÓ PROFESSIONAL,CFPM - ACTIVITATS EQÜESTRES,2,137,105,32,0,7
2024/2025,2024,FORMACIÓ PROFESSIONAL,CFPM - APROFITAMENT I CONSERVACIÓ DEL MEDI NATURAL,1,124,17,107,0,6
2024/2025,2024,FORMACIÓ PROFESSIONAL,CFPM - APROFITAMENT I CONSERVACIÓ DEL MEDI NATURAL,2,89,8,81,0,6
2024/2025,2024,FORMACIÓ PROFESSIONAL,CFPM - ATENCIÓ A PERSONES EN SITUACIÓ DE DEPENDÈNCIA,NA,159,110,49,0,1
2024/2025,2024,FORMACIÓ PROFESSIONAL,CFPM - ATENCIÓ A PERSONES EN SITUACIÓ DE DEPENDÊNCIA,1,2970,2523,447,0,81
2024/2025,2024,FORMACIÓ PROFESSIONAL,CFPM - ATENCIÓ A PERSONES EN SITUACIÓ DE DEPENDÊNCIA,2,2553,2199,354,0,80
2024/2025,2024,FORMACIÓ PROFESSIONAL,CFPM - ATENCIÓ A PERSONES EN SITUACIÓ DE DEPENDÊNCIA,NA,184,139,45,0,1
2024/2025,2024,FORMACIÓ PROFESSIONAL,CFPM - CARROSSERIA,1,705,37,668,0,22
2024/2025,2024,FORMACIÓ PROFESSIONAL,CFPM - CARROSSERIA,2,428,21,407,0,21
2024/2025,2024,FORMACIÓ PROFESSIONAL,CFPM - COMERCIALITZACIÓ DE PRODUCTES ALIMENTARIS,1,68,28,40,0,3
2024/2025,2024,FORMACIÓ PROFESSIONAL,CFPM - COMERCIALITZACIÓ DE PRODUCTES ALIMENTARIS,2,44,17,27,0,4
2024/2025,2024,FORMACIÓ PROFESSIONAL,CFPM - CONDUCCIÓ DE VEHICLES DE TRANSPORT PER CARRETERA,1,99,5,94,0,5
2024/2025,2024,FORMACIÓ PROFESSIONAL,CFPM - CONDUCCIÓ DE VEHICLES DE TRANSPORT PER CARRETERA,2,43,1,42,0,5
2024/2025,2024,FORMACIÓ PROFESSIONAL,CFPM - CONFECCIÓ I MODA,1,224,174,50,0,6
2024/2025,2024,FORMACIÓ PROFESSIONAL,CFPM - CONFECCIÓ I MODA,2,199,159,40,0,6
2024/2025,2024,FORMACIÓ PROFESSIONAL,CFPM - CONSTRUCCIÓ,1,103,15,88,0,6
2024/2025,2024,FORMACIÓ PROFESSIONAL,CFPM - CONSTRUCCIÓ,2,96,16,80,0,6
2024/2025,2024,FORMACIÓ PROFESSIONAL,CFPM - CUINA I GASTRONOMIA,1,1064,369,695,0,28
2024/2025,2024,FORMACIÓ PROFESSIONAL,CFPM - CUINA I GASTRONOMIA,2,925,288,637,0,26
2024/2025,2024,FORMACIÓ PROFESSIONAL,CFPM - CULTIUS AQÜÍCOLES,1,27,4,23,0,1
2024/2025,2024,FORMACIÓ PROFESSIONAL,CFPM - CULTIUS AQÜÍCOLES,2,11,5,6,0,1
2024/2025,2024,FORMACIÓ PROFESSIONAL,CFPM - CURES AUXILIARS D'INFERMERIA,1,10074,8357,1717,0,106
2024/2025,2024,FORMACIÓ PROFESSIONAL,CFPM - CURES AUXILIARS D'INFERMERIA,NA,1103,926,177,0,1
2024/2025,2024,FORMACIÓ PROFESSIONAL,CFPM - ELABORACIÓ DE PRODUCTES ALIMENTARIS,1,89,41,48,0,7
2024/2025,2024,FORMACIÓ PROFESSIONAL,CFPM - ELABORACIÓ DE PRODUCTES ALIMENTARIS,2,79,38,41,0,6
2024/2025,2024,FORMACIÓ PROFESSIONAL,CFPM - ELECTROMECÀNICA DE MAQUINÀRIA,1,112,4,108,0,4
2024/2025,2024,FORMACIÓ PROFESSIONAL,CFPM - ELECTROMECÀNICA DE MAQUINÀRIA,2,55,3,52,0,4
2024/2025,2024,FORMACIÓ PROFESSIONAL,CFPM - ELECTROMECÀNICA DE VEHICLES,1,2484,141,2343,0,46
2024/2025,2024,FORMACIÓ PROFESSIONAL,CFPM - ELECTROMECÀNICA DE VEHICLES,2,2021,66,1955,0,46
2024/2025,2024,FORMACIÓ PROFESSIONAL,CFPM - ELECTROMECÀNICA DE VEHICLES (AVIONS),1,30,5,25,0,1
2024/2025,2024,FORMACIÓ PROFESSIONAL,CFPM - ELECTROMECÀNICA DE VEHICLES (AVIONS),2,38,2,36,0,1
2024/2025,2024,FORMACIÓ PROFESSIONAL,CFPM - ELECTROMECÀNICA DE VEHICLES (INDUSTRIALS),1,90,10,80,0,3
2024/2025,2024,FORMACIÓ PROFESSIONAL,CFPM - ELECTROMECÀNICA DE VEHICLES (INDUSTRIALS),2,75,3,72,0,3
2024/2025,2024,FORMACIÓ PROFESSIONAL,CFPM - EMERGÈNCIES I PROTECCIÓ CIVIL,1,127,10,117,0,4
2024/2025,2024,FORMACIÓ PROFESSIONAL,CFPM - EMERGÈNCIES I PROTECCIÓ CIVIL,2,92,12,80,0,3
2024/2025,2024,FORMACIÓ PROFESSIONAL,CFPM - EMERGÈNCIES SANITÀRIES,1,1317,577,740,0,28
2024/2025,2024,FORMACIÓ PROFESSIONAL,CFPM - EMERGÈNCIES SANITÀRIES,2,1161,488,673,0,27
2024/2025,2024,FORMACIÓ PROFESSIONAL,CFPM - EMERGÈNCIES SANITÀRIES,NA,115,46,69,0,1
2024/2025,2024,FORMACIÓ PROFESSIONAL,CFPM - ESTÈTICA I BELLESA,1,1129,1107,22,0,28
2024/2025,2024,FORMACIÓ PROFESSIONAL,CFPM - ESTÈTICA I BELLESA,2,961,936,25,0,27
2024/2025,2024,FORMACIÓ PROFESSIONAL,CFPM - EXCAVACIONS I SONDATGES,1,20,3,17,0,1
2024/2025,2024,FORMACIÓ PROFESSIONAL,CFPM - EXCAVACIONS I SONDATGES,2,30,4,26,0,1
2024/2025,2024,FORMACIÓ PROFESSIONAL,CFPM - EXCAVACIONS I SONDATGES (OPERACIONS DE MAQUINÀRIA DE LA CONSTRUCCIÓ),1,40,1,39,0,2
2024/2025,2024,FORMACIÓ PROFESSIONAL,CFPM - EXCAVACIONS I SONDATGES (OPERACIONS DE MAQUINÀRIA DE LA CONSTRUCCIÓ),2,36,1,35,0,2
2024/2025,2024,FORMACIÓ PROFESSIONAL,CFPM - FABRICACIÓ I ENNOBLIMENT DE PRODUCTES TEXTILS (GENERES DE PUNT),1,21,12,9,0,1
2024/2025,2024,FORMACIÓ PROFESSIONAL,CFPM - FABRICACIÓ I ENNOBLIMENT DE PRODUCTES TEXTILS (GENERES DE PUNT),2,8,8,0,0,1
2024/2025,2024,FORMACIÓ PROFESSIONAL,CFPM - FABRICACIÓ I ENNOBLIMENT DE PRODUCTES TÈXTILS,1,21,14,7,0,2
2024/2025,2024,FORMACIÓ PROFESSIONAL,CFPM - FABRICACIÓ I ENNOBLIMENT DE PRODUCTES TÈXTILS,2,28,22,6,0,3
2024/2025,2024,FORMACIÓ PROFESSIONAL,CFPM - FARMÀCIA I PARAFARMÀCIA,1,1660,1315,345,0,43
2024/2025,2024,FORMACIÓ PROFESSIONAL,CFPM - FARMÀCIA I PARAFARMÀCIA,2,1525,1184,341,0,43
2024/2025,2024,FORMACIÓ PROFESSIONAL,"CFPM - FORNERIA, PASTISSERIA I CONFITERIA",1,443,277,166,0,18
2024/2025,2024,FORMACIÓ PROFESSIONAL,"CFPM - FORNERIA, PASTISSERIA I CONFITERIA",2,391,244,147,0,19
2024/2025,2024,FORMACIÓ PROFESSIONAL,CFPM - FUSTERIA I MOBLE,1,216,13,203,0,7
2024/2025,2024,FORMACIÓ PROFESSIONAL,CFPM - FUSTERIA I MOBLE,2,172,20,152,0,8
2024/2025,2024,FORMACIÓ PROFESSIONAL,CFPM - GESTIÓ ADMINISTRATIVA,1,4270,1974,2296,0,139
2024/2025,2024,FORMACIÓ PROFESSIONAL,CFPM - GESTIÓ ADMINISTRATIVA,2,3749,1841,1908,0,136
2024/2025,2024,FORMACIÓ PROFESSIONAL,CFPM - GESTIÓ ADMINISTRATIVA,NA,1281,984,297,0,1
2024/2025,2024,FORMACIÓ PROFESSIONAL,CFPM - GESTIÓ ADMINISTRATIVA (AMBIT SANITARI),1,258,173,85,0,9
2024/2025,2024,FORMACIÓ PROFESSIONAL,CFPM - GESTIÓ ADMINISTRATIVA (AMBIT SANITARI),2,173,113,60,0,8
2024/2025,2024,FORMACIÓ PROFESSIONAL,CFPM - GESTIÓ ADMINISTRATIVA (ÀMBIT JURÍDIC),1,419,316,103,0,13
2024/2025,2024,FORMACIÓ PROFESSIONAL,CFPM - GESTIÓ ADMINISTRATIVA (ÀMBIT JURÍDIC),2,374,276,98,0,13
2024/2025,2024,FORMACIÓ PROFESSIONAL,CFPM - GUIA EN EL MEDI NATURAL I DE TEMPS DE LLEURE,1,2703,434,2269,0,68
2024/2025,2024,FORMACIÓ PROFESSIONAL,CFPM - GUIA EN EL MEDI NATURAL I DE TEMPS DE LLEURE,2,2476,425,2051,0,70
2024/2025,2024,FORMACIÓ PROFESSIONAL,CFPM - GUIA EN EL MEDI NATURAL I DE TEMPS DE LLEURE (EXPLOTACIÓ D'ESTACIONS D'ESQUÍ),1,13,4,9,0,1
2024/2025,2024,FORMACIÓ PROFESSIONAL,CFPM - GUIA EN EL MEDI NATURAL I DE TEMPS DE LLEURE (EXPLOTACIÓ D'ESTACIONS D'ESQUÍ),2,17,3,14,0,1
2024/2025,2024,FORMACIÓ PROFESSIONAL,CFPM - IMPRESSIÓ GRÀFICA,1,43,20,23,0,2
2024/2025,2024,FORMACIÓ PROFESSIONAL,CFPM - IMPRESSIÓ GRÀFICA,2,28,15,13,0,2
2024/2025,2024,FORMACIÓ PROFESSIONAL,CFPM - IMPRESSIÓ GRÀFICA (IMPRESSIÓ GRÀFICA I CONVERTING),1,18,4,14,0,1
2024/2025,2024,FORMACIÓ PROFESSIONAL,CFPM - IMPRESSIÓ GRÀFICA (IMPRESSIÓ GRÀFICA I CONVERTING),2,13,3,10,0,1
2024/2025,2024,FORMACIÓ PROFESSIONAL,CFPM - INSTAL·LACIONS DE PRODUCCIÓ DE CALOR,1,130,0,130,0,5
2024/2025,2024,FORMACIÓ PROFESSIONAL,CFPM - INSTAL·LACIONS DE PRODUCCIÓ DE CALOR,2,127,0,127,0,9
2024/2025,2024,FORMACIÓ PROFESSIONAL,CFPM - INSTAL·LACIONS DE TELECOMUNICACIONS,1,367,13,354,0,14
2024/2025,2024,FORMACIÓ PROFESSIONAL,CFPM - INSTAL·LACIONS DE TELECOMUNICACIONS,2,334,15,319,0,16
2024/2025,2024,FORMACIÓ PROFESSIONAL,CFPM - INSTAL·LACIONS ELÈCTRIQUES I AUTOMÀTIQUES,1,1689,35,1654,0,55
2024/2025,2024,FORMACIÓ PROFESSIONAL,CFPM - INSTAL·LACIONS ELÈCTRIQUES I AUTOMÀTIQUES,2,1317,34,1283,0,54
2024/2025,2024,FORMACIÓ PROFESSIONAL,CFPM - INSTAL·LACIONS ELÈCTRIQUES I AUTOMÀTIQUES,NA,365,19,346,0,1
2024/2025,2024,FORMACIÓ PROFESSIONAL,CFPM - INSTAL·LACIONS FRIGORÍFIQUES I DE CLIMATITZACIÓ,1,200,2,198,0,8
2024/2025,2024,FORMACIÓ PROFESSIONAL,CFPM - INSTAL·LACIONS FRIGORÍFIQUES I DE CLIMATITZACIÓ,2,175,1,174,0,8
2024/2025,2024,FORMACIÓ PROFESSIONAL,CFPM - INSTAL·LACIÓ i MOBLAMENT,1,56,6,50,0,2
2024/2025,2024,FORMACIÓ PROFESSIONAL,CFPM - INSTAL·LACIÓ i MOBLAMENT,2,68,10,58,0,3
2024/2025,2024,FORMACIÓ PROFESSIONAL,CFPM - JARDINERIA I FLORISTERIA,1,218,39,179,0,12
2024/2025,2024,FORMACIÓ PROFESSIONAL,CFPM - JARDINERIA I FLORISTERIA,2,182,39,143,0,12
2024/2025,2024,FORMACIÓ PROFESSIONAL,CFPM - MANTENIMENT D'EMBARCACIONS D'ESBARJO,1,233,4,229,0,8
2024/2025,2024,FORMACIÓ PROFESSIONAL,CFPM - MANTENIMENT D'EMBARCACIONS D'ESBARJO,2,141,2,139,0,8
2024/2025,2024,FORMACIÓ PROFESSIONAL,CFPM - MANTENIMENT D'ESTRUCTURES DE FUSTA I MOBILIARI D'EMBARCACIONS D'ESBARJO,1,28,0,28,0,1
2024/2025,2024,FORMACIÓ PROFESSIONAL,CFPM - MANTENIMENT D'ESTRUCTURES DE FUSTA I MOBILIARI D'EMBARCACIONS D'ESBARJO,2,17,0,17,0,1
2024/2025,2024,FORMACIÓ PROFESSIONAL,CFPM - MANTENIMENT DE MATERIAL RODANT FERROVIARI,1,25,1,24,0,1
2024/2025,2024,FORMACIÓ PROFESSIONAL,CFPM - MANTENIMENT DE MATERIAL RODANT FERROVIARI,2,21,0,21,0,1
2024/2025,2024,FORMACIÓ PROFESSIONAL,CFPM - MANTENIMENT ELECTROMECÀNIC,1,1028,17,1011,0,38
2024/2025,2024,FORMACIÓ PROFESSIONAL,CFPM - MANTENIMENT ELECTROMECÀNIC,2,902,20,882,0,39
2024/2025,2024,FORMACIÓ PROFESSIONAL,CFPM - MANTENIMENT I CONTROL DE LA MAQUINÀRIA DE VAIXELLS I EMBARCACIONS,1,15,2,13,0,1
2024/2025,2024,FORMACIÓ PROFESSIONAL,CFPM - MANTENIMENT I CONTROL DE LA MAQUINÀRIA DE VAIXELLS I EMBARCACIONS,2,16,0,16,0,1
2024/2025,2024,FORMACIÓ PROFESSIONAL,CFPM - MECANITZACIÓ,1,766,26,740,0,26
2024/2025,2024,FORMACIÓ PROFESSIONAL,CFPM - MECANITZACIÓ,2,589,16,573,0,26
2024/2025,2024,FORMACIÓ PROFESSIONAL,CFPM - MECANITZACIÓ (RELLOTGERIA),1,32,4,28,0,1
2024/2025,2024,FORMACIÓ PROFESSIONAL,CFPM - MECANITZACIÓ (RELLOTGERIA),2,17,2,15,0,1
2024/2025,2024,FORMACIÓ PROFESSIONAL,CFPM - NAVEGACIÓ I PESCA LITORAL,1,29,7,22,0,1
2024/2025,2024,FORMACIÓ PROFESSIONAL,CFPM - NAVEGACIÓ I PESCA LITORAL,2,15,3,12,0,1
2024/2025,2024,FORMACIÓ PROFESSIONAL,"CFPM - OBRES D'INTERIOR, DECORACIÓ i REHABILITACIÓ",1,99,45,54,0,4
2024/2025,2024,FORMACIÓ PROFESSIONAL,"CFPM - OBRES D'INTERIOR, DECORACIÓ i REHABILITACIÓ",2,80,39,41,0,4
2024/2025,2024,FORMACIÓ PROFESSIONAL,CFPM - OLIS D'OLIVA I VINS,1,41,8,33,0,5
2024/2025,2024,FORMACIÓ PROFESSIONAL,CFPM - OLIS D'OLIVA I VINS,2,34,5,29,0,5
2024/2025,2024,FORMACIÓ PROFESSIONAL,CFPM - OPERACIONS DE LABORATORI,1,441,224,217,0,16
2024/2025,2024,FORMACIÓ PROFESSIONAL,CFPM - OPERACIONS DE LABORATORI,2,411,203,208,0,16
2024/2025,2024,FORMACIÓ PROFESSIONAL,CFPM - OPERACIONS SUBAQUÀTIQUES I HIPERBÀRIQUES,1,16,1,15,0,1
2024/2025,2024,FORMACIÓ PROFESSIONAL,CFPM - OPERACIONS SUBAQUÀTIQUES I HIPERBÀRIQUES,2,24,4,20,0,1
2024/2025,2024,FORMACIÓ PROFESSIONAL,CFPM - PEDRA NATURAL,1,11,0,11,0,1
2024/2025,2024,FORMACIÓ PROFESSIONAL,CFPM - PEDRA NATURAL,2,7,0,7,0,1
2024/2025,2024,FORMACIÓ PROFESSIONAL,CFPM - PERRUQUERIA I COSMÈTICA CAPIL·LAR,1,894,658,236,0,37
2024/2025,2024,FORMACIÓ PROFESSIONAL,CFPM - PERRUQUERIA I COSMÈTICA CAPIL·LAR,2,685,519,166,0,36
2024/2025,2024,FORMACIÓ PROFESSIONAL,CFPM - PLANTA QUÍMICA,1,27,7,20,0,1
2024/2025,2024,FORMACIÓ PROFESSIONAL,CFPM - PLANTA QUÍMICA,2,28,5,23,0,1
2024/2025,2024,FORMACIÓ PROFESSIONAL,CFPM - PLANTA QUÍMICA (PRODUCTES FARMACEUTICS I COSMETICS),1,145,74,71,0,6
2024/2025,2024,FORMACIÓ PROFESSIONAL,CFPM - PLANTA QUÍMICA (PRODUCTES FARMACEUTICS I COSMETICS),2,106,48,58,0,6
2024/2025,2024,FORMACIÓ PROFESSIONAL,CFPM - POSTIMPRESSIÓ I ACABATS GRÀFICS,1,9,8,1,0,1
2024/2025,2024,FORMACIÓ PROFESSIONAL,CFPM - POSTIMPRESSIÓ I ACABATS GRÀFICS,2,10,7,3,0,1
2024/2025,2024,FORMACIÓ PROFESSIONAL,CFPM - PREIMPRESSIÓ DIGITAL,1,306,143,163,0,9
2024/2025,2024,FORMACIÓ PROFESSIONAL,CFPM - PREIMPRESSIÓ DIGITAL,2,238,114,124,0,8
2024/2025,2024,FORMACIÓ PROFESSIONAL,CFPM - PRODUCCIÓ AGROECOLÒGICA,1,53,17,36,0,4
2024/2025,2024,FORMACIÓ PROFESSIONAL,CFPM - PRODUCCIÓ AGROECOLÒGICA,2,31,9,22,0,4
2024/2025,2024,FORMACIÓ PROFESSIONAL,CFPM - PRODUCCIÓ AGROECOLÒGICA (AGRÍCOLA),1,48,6,42,0,4
2024/2025,2024,FORMACIÓ PROFESSIONAL,CFPM - PRODUCCIÓ AGROECOLÒGICA (AGRÍCOLA),2,39,3,36,0,4
2024/2025,2024,FORMACIÓ PROFESSIONAL,CFPM - PRODUCCIÓ AGROPECUÀRIA,1,53,17,36,0,4
2024/2025,2024,FORMACIÓ PROFESSIONAL,CFPM - PRODUCCIÓ AGROPECUÀRIA,2,76,14,62,0,5
2024/2025,2024,FORMACIÓ PROFESSIONAL,CFPM - PRODUCCIÓ AGROPECUÀRIA,NA,65,26,39,0,1
2024/2025,2024,FORMACIÓ PROFESSIONAL,CFPM - PRODUCCIÓ AGROPECUÀRIA (AGRÍCOLA),1,16,1,15,0,1
2024/2025,2024,FORMACIÓ PROFESSIONAL,CFPM - PRODUCCIÓ AGROPECUÀRIA (AGRÍCOLA),2,20,1,19,0,1
2024/2025,2024,FORMACIÓ PROFESSIONAL,CFPM - PRODUCCIÓ AGROPECUÀRIA (RAMADERA),1,19,6,13,0,1
2024/2025,2024,FORMACIÓ PROFESSIONAL,CFPM - PRODUCCIÓ AGROPECUÀRIA (RAMADERA),2,7,2,5,0,1
2024/2025,2024,FORMACIÓ PROFESSIONAL,CFPM - SERVEIS EN RESTAURACIÓ,1,453,206,247,0,21
2024/2025,2024,FORMACIÓ PROFESSIONAL,CFPM - SERVEIS EN RESTAURACIÓ,2,440,173,267,0,22
2024/2025,2024,FORMACIÓ PROFESSIONAL,CFPM - SISTEMES MICROINFORMÀTICS I XARXES,1,5542,442,5100,0,111
2024/2025,2024,FORMACIÓ PROFESSIONAL,CFPM - SISTEMES MICROINFORMÀTICS I XARXES,2,5235,314,4921,0,108
2024/2025,2024,FORMACIÓ PROFESSIONAL,CFPM - SISTEMES MICROINFORMÀTICS I XARXES,NA,647,85,562,0,1
2024/2025,2024,FORMACIÓ PROFESSIONAL,CFPM - SOLDADURA I CALDERERIA,1,362,7,355,0,10
2024/2025,2024,FORMACIÓ PROFESSIONAL,CFPM - SOLDADURA I CALDERERIA,2,290,4,286,0,10
2024/2025,2024,FORMACIÓ PROFESSIONAL,CFPM - VIDEO DISCJÒQUEI I SO,1,536,132,404,0,17
2024/2025,2024,FORMACIÓ PROFESSIONAL,CFPM - VIDEO DISCJÒQUEI I SO,2,554,169,385,0,18
2024/2025,2024,FORMACIÓ PROFESSIONAL,CFPM - XARXES I ESTACIONS DE TRACTAMENT D'AIGÜES,1,72,7,65,0,4
2024/2025,2024,FORMACIÓ PROFESSIONAL,CFPM - XARXES I ESTACIONS DE TRACTAMENT D'AIGÜES,2,45,0,45,0,4
2024/2025,2024,FORMACIÓ PROFESSIONAL,CFPS - ADMINISTRACIÓ DE SISTEMES INFORMATICS EN XARXA (CIBERSEGURETAT),1,860,73,787,0,25
2024/2025,2024,FORMACIÓ PROFESSIONAL,CFPS - ADMINISTRACIÓ DE SISTEMES INFORMATICS EN XARXA (CIBERSEGURETAT),2,839,61,778,0,26
2024/2025,2024,FORMACIÓ PROFESSIONAL,CFPS - ADMINISTRACIÓ DE SISTEMES INFORMÀTICS EN XARXA,1,1012,78,934,0,38
2024/2025,2024,FORMACIÓ PROFESSIONAL,CFPS - ADMINISTRACIÓ DE SISTEMES INFORMÀTICS EN XARXA,2,1298,122,1176,0,38
2024/2025,2024,FORMACIÓ PROFESSIONAL,CFPS - ADMINISTRACIÓ DE SISTEMES INFORMÀTICS EN XARXA,NA,697,93,604,0,1
2024/2025,2024,FORMACIÓ PROFESSIONAL,CFPS - ADMINISTRACIÓ I FINANCES,1,3416,1760,1656,0,116
2024/2025,2024,FORMACIÓ PROFESSIONAL,CFPS - ADMINISTRACIÓ I FINANCES,2,3744,1990,1754,0,109
2024/2025,2024,FORMACIÓ PROFESSIONAL,CFPS - ADMINISTRACIÓ I FINANCES,NA,1707,1389,318,0,1
2024/2025,2024,FORMACIÓ PROFESSIONAL,CFPS - ADMINISTRACIÓ I FINANCES (GESTOR D'ASSEGURANCES),1,184,105,79,0,7
2024/2025,2024,FORMACIÓ PROFESSIONAL,CFPS - ADMINISTRACIÓ I FINANCES (GESTOR D'ASSEGURANCES),2,172,98,74,0,7
2024/2025,2024,FORMACIÓ PROFESSIONAL,CFPS - AGÈNCIES DE VIATGES I GESTIÓ D'ESDEVENIMENTS,1,150,112,38,0,7
2024/2025,2024,FORMACIÓ PROFESSIONAL,CFPS - AGÈNCIES DE VIATGES I GESTIÓ D'ESDEVENIMENTS,2,195,148,47,0,9
2024/2025,2024,FORMACIÓ PROFESSIONAL,CFPS - ANATOMIA PATOLÒGICA I CITODIAGNÒSTIC,1,538,444,94,0,16
2024/2025,2024,FORMACIÓ PROFESSIONAL,CFPS - ANATOMIA PATOLÒGICA I CITODIAGNÒSTIC,2,543,441,102,0,14
2024/2025,2024,FORMACIÓ PROFESSIONAL,"CFPS - ANIMACIONS EN 3D, JOCS I ENTORNS INTERACTIUS",1,387,103,284,0,17
2024/2025,2024,FORMACIÓ PROFESSIONAL,"CFPS - ANIMACIONS EN 3D, JOCS I ENTORNS INTERACTIUS",2,460,129,331,0,15
2024/2025,2024,FORMACIÓ PROFESSIONAL,"CFPS - ANIMACIONS EN 3D, JOCS I ENTORNS INTERACTIUS",NA,172,61,111,0,1
2024/2025,2024,FORMACIÓ PROFESSIONAL,"CFPS - ANIMACIÓ EN 3D, JOCS i ENTORNS INTERACTIUS (MONS VIRTUALS, REALITAT AUGMENTADA i GAMIFICACIÓ)",1,42,6,36,0,2
2024/2025,2024,FORMACIÓ PROFESSIONAL,"CFPS - ANIMACIÓ EN 3D, JOCS i ENTORNS INTERACTIUS (MONS VIRTUALS, REALITAT AUGMENTADA i GAMIFICACIÓ)",2,55,16,39,0,2
2024/2025,2024,FORMACIÓ PROFESSIONAL,CFPS - ANIMACIÓ SOCIOCULTURAL I TURÍSTICA,1,100,69,31,0,8
2024/2025,2024,FORMACIÓ PROFESSIONAL,CFPS - ANIMACIÓ SOCIOCULTURAL I TURÍSTICA,2,135,101,34,0,9
2024/2025,2024,FORMACIÓ PROFESSIONAL,CFPS - AQÜICULTURA,1,16,6,10,0,1
2024/2025,2024,FORMACIÓ PROFESSIONAL,CFPS - AQÜICULTURA,2,19,5,14,0,1
2024/2025,2024,FORMACIÓ PROFESSIONAL,CFPS - ASSESSORIA D'IMATGE PERSONAL I CORPORATIVA,1,145,133,12,0,7
2024/2025,2024,FORMACIÓ PROFESSIONAL,CFPS - ASSESSORIA D'IMATGE PERSONAL I CORPORATIVA,2,136,125,11,0,8
2024/2025,2024,FORMACIÓ PROFESSIONAL,CFPS - ASSISTÈNCIA A LA DIRECCIÓ,1,250,168,82,0,12
2024/2025,2024,FORMACIÓ PROFESSIONAL,CFPS - ASSISTÈNCIA A LA DIRECCIÓ,2,418,237,181,0,14
2024/2025,2024,FORMACIÓ PROFESSIONAL,CFPS - ASSISTÈNCIA A LA DIRECCIÓ,NA,299,268,31,0,1
2024/2025,2024,FORMACIÓ PROFESSIONAL,CFPS - AUDIOLOGIA PROTÈTICA,1,107,72,35,0,5
2024/2025,2024,FORMACIÓ PROFESSIONAL,CFPS - AUDIOLOGIA PROTÈTICA,2,100,80,20,0,5
2024/2025,2024,FORMACIÓ PROFESSIONAL,CFPS - AUTOMATITZACIÓ I ROBÒTICA INDUSTRIAL,1,1005,71,934,0,37
2024/2025,2024,FORMACIÓ PROFESSIONAL,CFPS - AUTOMATITZACIÓ I ROBÒTICA INDUSTRIAL,2,994,58,936,0,38
2024/2025,2024,FORMACIÓ PROFESSIONAL,CFPS - AUTOMOCIÓ,1,1393,64,1329,0,35
2024/2025,2024,FORMACIÓ PROFESSIONAL,CFPS - AUTOMOCIÓ,2,1326,37,1289,0,35
2024/2025,2024,FORMACIÓ PROFESSIONAL,CFPS - CARACTERITZACIÓ I MAQUILLATGE PROFESSIONAL,1,146,136,10,0,6
2024/2025,2024,FORMACIÓ PROFESSIONAL,CFPS - CARACTERITZACIÓ I MAQUILLATGE PROFESSIONAL,2,162,151,11,0,6
2024/2025,2024,FORMACIÓ PROFESSIONAL,CFPS - COMERÇ INTERNACIONAL,1,1057,427,630,0,38
2024/2025,2024,FORMACIÓ PROFESSIONAL,CFPS - COMERÇ INTERNACIONAL,2,1226,527,699,0,40
2024/2025,2024,FORMACIÓ PROFESSIONAL,CFPS - COMERÇ INTERNACIONAL,NA,315,176,139,0,1
2024/2025,2024,FORMACIÓ PROFESSIONAL,CFPS - CONDICIONAMENT FÍSIC,1,828,177,651,0,31
2024/2025,2024,FORMACIÓ PROFESSIONAL,CFPS - CONDICIONAMENT FÍSIC,2,756,160,596,0,32
2024/2025,2024,FORMACIÓ PROFESSIONAL,CFPS - CONSTRUCCIONS METÀL·LIQUES,1,65,3,62,0,3
2024/2025,2024,FORMACIÓ PROFESSIONAL,CFPS - CONSTRUCCIONS METÀL·LIQUES,2,92,1,91,0,3
2024/2025,2024,FORMACIÓ PROFESSIONAL,CFPS - COORDINACIÓ D'EMERGÈNCIES I PROTECCIÓ CIVIL,1,21,4,17,0,1
2024/2025,2024,FORMACIÓ PROFESSIONAL,CFPS - DESENV. D'APLICACIONS MULTIPLATAFORMA (VIDEOJOCS I OCI DIGITAL),1,242,16,226,0,9
2024/2025,2024,FORMACIÓ PROFESSIONAL,CFPS - DESENV. D'APLICACIONS MULTIPLATAFORMA (VIDEOJOCS I OCI DIGITAL),2,250,18,232,0,10
2024/2025,2024,FORMACIÓ PROFESSIONAL,CFPS - DESENVOLUPAMENT D'APLICACIONS MULTIPLATAFORMA,1,1300,164,1136,0,50
2024/2025,2024,FORMACIÓ PROFESSIONAL,CFPS - DESENVOLUPAMENT D'APLICACIONS MULTIPLATAFORMA,2,1691,209,1482,0,52
2024/2025,2024,FORMACIÓ PROFESSIONAL,CFPS - DESENVOLUPAMENT D'APLICACIONS MULTIPLATAFORMA,NA,704,152,552,0,1
2024/2025,2024,FORMACIÓ PROFESSIONAL,CFPS - DESENVOLUPAMENT D'APLICACIONS WEB,1,1256,156,1100,0,47
2024/2025,2024,FORMACIÓ PROFESSIONAL,CFPS - DESENVOLUPAMENT D'APLICACIONS WEB,2,1570,201,1369,0,50
2024/2025,2024,FORMACIÓ PROFESSIONAL,CFPS - DESENVOLUPAMENT D'APLICACIONS WEB,NA,516,120,396,0,1
2024/2025,2024,FORMACIÓ PROFESSIONAL,CFPS - DESENVOLUPAMENT D'APLICACIONS WEB (BIOINFORMÀTICA),1,29,5,24,0,1
2024/2025,2024,FORMACIÓ PROFESSIONAL,CFPS - DESENVOLUPAMENT D'APLICACIONS WEB (BIOINFORMÀTICA),2,69,8,61,0,3
2024/2025,2024,FORMACIÓ PROFESSIONAL,CFPS - DESENVOLUPAMENT DE PROJECTES D'INSTAL·LACIONS TÈRMIQUES I DE FLUIDS,1,29,0,29,0,1
2024/2025,2024,FORMACIÓ PROFESSIONAL,CFPS - DESENVOLUPAMENT DE PROJECTES D'INSTAL·LACIONS TÈRMIQUES I DE FLUIDS,2,32,2,30,0,2
2024/2025,2024,FORMACIÓ PROFESSIONAL,CFPS - DIETÈTICA,1,731,474,257,0,28
2024/2025,2024,FORMACIÓ PROFESSIONAL,CFPS - DIETÈTICA,2,634,385,249,0,26
2024/2025,2024,FORMACIÓ PROFESSIONAL,CFPS - DIRECCIÓ DE CUINA,1,431,154,277,0,19
2024/2025,2024,FORMACIÓ PROFESSIONAL,CFPS - DIRECCIÓ DE CUINA,2,402,136,266,0,19
2024/2025,2024,FORMACIÓ PROFESSIONAL,CFPS - DIRECCIÓ DE SERVEIS EN RESTAURACIÓ,1,84,34,50,0,9
2024/2025,2024,FORMACIÓ PROFESSIONAL,CFPS - DIRECCIÓ DE SERVEIS EN RESTAURACIÓ,2,110,57,53,0,10
2024/2025,2024,FORMACIÓ PROFESSIONAL,CFPS - DISSENY EN FABRICACIÓ MECÀNICA,1,198,20,178,0,9
2024/2025,2024,FORMACIÓ PROFESSIONAL,CFPS - DISSENY EN FABRICACIÓ MECÀNICA,2,236,22,214,0,12
2024/2025,2024,FORMACIÓ PROFESSIONAL,CFPS - DISSENY EN FABRICACIÓ MECÀNICA (DESENVOLUPAMENT VIRTUAL DE L'AUTOMÒBIL),1,23,1,22,0,2
2024/2025,2024,FORMACIÓ PROFESSIONAL,CFPS - DISSENY EN FABRICACIÓ MECÀNICA (DESENVOLUPAMENT VIRTUAL DE L'AUTOMÒBIL),2,20,1,19,0,2
2024/2025,2024,FORMACIÓ PROFESSIONAL,CFPS - DISSENY I EDICIÓ DE PUBL.IMPRESES I MULTIMÈDIA,1,143,82,61,0,6
2024/2025,2024,FORMACIÓ PROFESSIONAL,CFPS - DISSENY I EDICIÓ DE PUBL.IMPRESES I MULTIMÈDIA,2,144,80,64,0,6
2024/2025,2024,FORMACIÓ PROFESSIONAL,CFPS - DISSENY I GESTIÓ DE LA PRODUCCIÓ GRÀFIC,1,75,34,41,0,3
2024/2025,2024,FORMACIÓ PROFESSIONAL,CFPS - DISSENY I GESTIÓ DE LA PRODUCCIÓ GRÀFIC,2,83,38,45,0,3
2024/2025,2024,FORMACIÓ PROFESSIONAL,CFPS - DISSENY I MOBLAMENT,1,147,34,113,0,7
2024/2025,2024,FORMACIÓ PROFESSIONAL,CFPS - DISSENY I MOBLAMENT,2,121,26,95,0,6
2024/2025,2024,FORMACIÓ PROFESSIONAL,CFPS - DISSENY I MOBLAMENT (CONSTRUCCIONS EFÍMERES I DECORACIÓ),2,12,3,9,0,1
2024/2025,2024,FORMACIÓ PROFESSIONAL,CFPS - DISSENY TÈCNIC EN TÈXTIL i PELL,1,18,8,10,0,1
2024/2025,2024,FORMACIÓ PROFESSIONAL,CFPS - DISSENY TÈCNIC EN TÈXTIL i PELL,2,11,10,1,0,1
2024/2025,2024,FORMACIÓ PROFESSIONAL,CFPS - DOCUMENTACIÓ I ADMINISTRACIÓ SANITARIES (GESTIÖ DE DADES),1,30,28,2,0,1
2024/2025,2024,FORMACIÓ PROFESSIONAL,CFPS - DOCUMENTACIÓ I ADMINISTRACIÓ SANITARIES (GESTIÖ DE DADES),2,35,29,6,0,1
2024/2025,2024,FORMACIÓ PROFESSIONAL,CFPS - DOCUMENTACIÓ I ADMINISTRACIÓ SANITÀRIA,1,714,552,162,0,29
2024/2025,2024,FORMACIÓ PROFESSIONAL,CFPS - DOCUMENTACIÓ I ADMINISTRACIÓ SANITÀRIA,2,667,547,120,0,26
2024/2025,2024,FORMACIÓ PROFESSIONAL,CFPS - DOCUMENTACIÓ I ADMINISTRACIÓ SANITÀRIA,NA,528,465,63,0,1
2024/2025,2024,FORMACIÓ PROFESSIONAL,CFPS - DOCUMENTACIÓ I ADMINISTRACIÓ SANITÀRIES,NA,415,373,42,0,1
2024/2025,2024,FORMACIÓ PROFESSIONAL,CFPS - EDUCACIÓ I CONTROL AMBIENTAL,1,101,43,58,0,7
2024/2025,2024,FORMACIÓ PROFESSIONAL,CFPS - EDUCACIÓ I CONTROL AMBIENTAL,2,92,34,58,0,8
2024/2025,2024,FORMACIÓ PROFESSIONAL,CFPS - EDUCACIÓ INFANTIL,1,2979,2629,350,0,88
2024/2025,2024,FORMACIÓ PROFESSIONAL,CFPS - EDUCACIÓ INFANTIL,2,3099,2805,294,0,87
2024/2025,2024,FORMACIÓ PROFESSIONAL,CFPS - EDUCACIÓ INFANTIL,NA,962,920,42,0,1
2024/2025,2024,FORMACIÓ PROFESSIONAL,CFPS - EFICIÈNCIA ENERGÈTICA I ENERGIA SOLAR I TÈRMICA,1,66,4,62,0,3
2024/2025,2024,FORMACIÓ PROFESSIONAL,CFPS - EFICIÈNCIA ENERGÈTICA I ENERGIA SOLAR I TÈRMICA,2,46,2,44,0,2
2024/2025,2024,FORMACIÓ PROFESSIONAL,CFPS - ELECTROMEDICINA CLÍNICA,1,60,7,53,0,2
2024/2025,2024,FORMACIÓ PROFESSIONAL,CFPS - ELECTROMEDICINA CLÍNICA,2,55,7,48,0,2
2024/2025,2024,FORMACIÓ PROFESSIONAL,CFPS - ENERGIES RENOVABLES,1,185,13,172,0,13
2024/2025,2024,FORMACIÓ PROFESSIONAL,CFPS - ENERGIES RENOVABLES,2,191,9,182,0,11
2024/2025,2024,FORMACIÓ PROFESSIONAL,CFPS - ENSENYAMENT I ANIMACIÓ SOCIOESPORTIVA,1,1516,275,1241,0,57
2024/2025,2024,FORMACIÓ PROFESSIONAL,CFPS - ENSENYAMENT I ANIMACIÓ SOCIOESPORTIVA,2,1512,264,1248,0,59
2024/2025,2024,FORMACIÓ PROFESSIONAL,CFPS - ESTILISME I DIRECCIÓ DE PERRUQUERIA,1,115,95,20,0,9
2024/2025,2024,FORMACIÓ PROFESSIONAL,CFPS - ESTILISME I DIRECCIÓ DE PERRUQUERIA,2,141,120,21,0,9
2024/2025,2024,FORMACIÓ PROFESSIONAL,CFPS - ESTÈTICA INTEGRAL I BENESTAR,1,287,285,2,0,13
2024/2025,2024,FORMACIÓ PROFESSIONAL,CFPS - ESTÈTICA INTEGRAL I BENESTAR,2,278,272,6,0,11
2024/2025,2024,FORMACIÓ PROFESSIONAL,"CFPS - FABRICACIÓ DE PRODUCTES FARMACÈUTICS, BIOTECNOLÒGICS I AFINS",1,329,197,132,0,10
2024/2025,2024,FORMACIÓ PROFESSIONAL,"CFPS - FABRICACIÓ DE PRODUCTES FARMACÈUTICS, BIOTECNOLÒGICS I AFINS",2,342,196,146,0,10
2024/2025,2024,FORMACIÓ PROFESSIONAL,CFPS - FORMACIÓ PER A LA MOBILITAT SEGURA I SOSTENIBLE,1,31,10,21,0,2
2024/2025,2024,FORMACIÓ PROFESSIONAL,CFPS - FORMACIÓ PER A LA MOBILITAT SEGURA I SOSTENIBLE,2,22,3,19,0,1
2024/2025,2024,FORMACIÓ PROFESSIONAL,CFPS - GESTIÓ D'ALLOTJAMENTS TURÍSTICS,1,249,155,94,0,15
2024/2025,2024,FORMACIÓ PROFESSIONAL,CFPS - GESTIÓ D'ALLOTJAMENTS TURÍSTICS,2,233,128,105,0,15
2024/2025,2024,FORMACIÓ PROFESSIONAL,CFPS - GESTIÓ DE L'AIGUA,1,59,7,52,0,3
2024/2025,2024,FORMACIÓ PROFESSIONAL,CFPS - GESTIÓ DE L'AIGUA,2,55,7,48,0,3
2024/2025,2024,FORMACIÓ PROFESSIONAL,CFPS - GESTIÓ DE VENDES I ESPAIS COMERCIALS,1,367,136,231,0,15
2024/2025,2024,FORMACIÓ PROFESSIONAL,CFPS - GESTIÓ DE VENDES I ESPAIS COMERCIALS,2,324,110,214,0,15
2024/2025,2024,FORMACIÓ PROFESSIONAL,CFPS - GESTIÓ DE VENDES I ESPAIS COMERCIALS,NA,134,82,52,0,1
2024/2025,2024,FORMACIÓ PROFESSIONAL,CFPS - GESTIÓ FORESTAL I DEL MEDI NATURAL,1,214,37,177,0,7
2024/2025,2024,FORMACIÓ PROFESSIONAL,CFPS - GESTIÓ FORESTAL I DEL MEDI NATURAL,2,224,45,179,0,7
2024/2025,2024,FORMACIÓ PROFESSIONAL,"CFPS - GUIA, INFORMACIÓ I ASSISTÈNCIA TURÍSTIQUES",1,135,80,55,0,10
2024/2025,2024,FORMACIÓ PROFESSIONAL,"CFPS - GUIA, INFORMACIÓ I ASSISTÈNCIA TURÍSTIQUES",2,165,108,57,0,12
2024/2025,2024,FORMACIÓ PROFESSIONAL,CFPS - HIGIENE BUCODENTAL,1,1354,1174,180,0,41
2024/2025,2024,FORMACIÓ PROFESSIONAL,CFPS - HIGIENE BUCODENTAL,2,1414,1231,183,0,36
2024/2025,2024,FORMACIÓ PROFESSIONAL,"CFPS - IL·LUMINACIÓ, CAPTACIÓ i TRACTAMENT D'IMATGE",1,196,89,107,0,8
2024/2025,2024,FORMACIÓ PROFESSIONAL,"CFPS - IL·LUMINACIÓ, CAPTACIÓ i TRACTAMENT D'IMATGE",2,256,109,147,0,7
2024/2025,2024,FORMACIÓ PROFESSIONAL,CFPS - IMATGE PER AL DIAGNÒSTIC I MEDICINA NUCLEAR,1,913,599,314,0,21
2024/2025,2024,FORMACIÓ PROFESSIONAL,CFPS - IMATGE PER AL DIAGNÒSTIC I MEDICINA NUCLEAR,2,1062,692,370,0,20
2024/2025,2024,FORMACIÓ PROFESSIONAL,CFPS - INTEGRACIÓ SOCIAL,1,2342,1843,499,0,67
2024/2025,2024,FORMACIÓ PROFESSIONAL,CFPS - INTEGRACIÓ SOCIAL,2,2473,1961,512,0,70
2024/2025,2024,FORMACIÓ PROFESSIONAL,CFPS - INTEGRACIÓ SOCIAL,NA,1622,1340,282,0,1
2024/2025,2024,FORMACIÓ PROFESSIONAL,CFPS - LABORATORI CLÍNIC I BIOMEDIC (RECERCA),1,31,26,5,0,1
2024/2025,2024,FORMACIÓ PROFESSIONAL,CFPS - LABORATORI CLÍNIC I BIOMEDIC (RECERCA),2,25,21,4,0,1
2024/2025,2024,FORMACIÓ PROFESSIONAL,CFPS - LABORATORI CLÍNIC I BIOMÈDIC,1,1158,872,286,0,33
2024/2025,2024,FORMACIÓ PROFESSIONAL,CFPS - LABORATORI CLÍNIC I BIOMÈDIC,2,1166,880,286,0,31
2024/2025,2024,FORMACIÓ PROFESSIONAL,CFPS - LABORATORI D'ANÀLISI I CONTROL DE QUALITAT,1,580,353,227,0,18
2024/2025,2024,FORMACIÓ PROFESSIONAL,CFPS - LABORATORI D'ANÀLISI I CONTROL DE QUALITAT,2,592,330,262,0,18
2024/2025,2024,FORMACIÓ PROFESSIONAL,CFPS - MANTENIMENT AEROMECÀNIC D'AVIONS AMB MOTOR DE PISTÓ,2,5,1,4,0,1
2024/2025,2024,FORMACIÓ PROFESSIONAL,CFPS - MANTENIMENT AEROMECÀNIC D'AVIONS AMB MOTOR DE TURBINA,1,43,7,36,0,2
2024/2025,2024,FORMACIÓ PROFESSIONAL,CFPS - MANTENIMENT AEROMECÀNIC D'AVIONS AMB MOTOR DE TURBINA,2,54,5,49,0,2
2024/2025,2024,FORMACIÓ PROFESSIONAL,CFPS - MANTENIMENT AEROMECÀNIC D'HELICÒPTERS AMB MOTOR DE PISTÓ,2,2,1,1,0,1
2024/2025,2024,FORMACIÓ PROFESSIONAL,CFPS - MANTENIMENT AEROMECÀNIC D'HELICÒPTERS AMB MOTOR DE TURBINA,1,15,2,13,0,1
2024/2025,2024,FORMACIÓ PROFESSIONAL,CFPS - MANTENIMENT AEROMECÀNIC D'HELICÒPTERS AMB MOTOR DE TURBINA,2,17,2,15,0,1
2024/2025,2024,FORMACIÓ PROFESSIONAL,CFPS - MANTENIMENT D'INSTAL·LACIONS TÈRMIQUES I DE FLUIDS,1,100,1,99,0,6
2024/2025,2024,FORMACIÓ PROFESSIONAL,CFPS - MANTENIMENT D'INSTAL·LACIONS TÈRMIQUES I DE FLUIDS,2,137,1,136,0,8
2024/2025,2024,FORMACIÓ PROFESSIONAL,CFPS - MANTENIMENT DE SISTEMES ELECTRÒNICS I AVIÒNICS EN AERONAUS,1,18,5,13,0,1
2024/2025,2024,FORMACIÓ PROFESSIONAL,CFPS - MANTENIMENT DE SISTEMES ELECTRÒNICS I AVIÒNICS EN AERONAUS,2,46,2,44,0,1
2024/2025,2024,FORMACIÓ PROFESSIONAL,CFPS - MANTENIMENT ELECTRÒNIC,1,93,3,90,0,6
2024/2025,2024,FORMACIÓ PROFESSIONAL,CFPS - MANTENIMENT ELECTRÒNIC,2,74,3,71,0,6
2024/2025,2024,FORMACIÓ PROFESSIONAL,CFPS - MECATRÒNICA INDUSTRIAL,1,768,44,724,0,30
2024/2025,2024,FORMACIÓ PROFESSIONAL,CFPS - MECATRÒNICA INDUSTRIAL,2,766,31,735,0,30
2024/2025,2024,FORMACIÓ PROFESSIONAL,CFPS - MEDIACIÓ COMUNICATIVA,1,66,55,11,0,5
2024/2025,2024,FORMACIÓ PROFESSIONAL,CFPS - MEDIACIÓ COMUNICATIVA,2,70,60,10,0,4
2024/2025,2024,FORMACIÓ PROFESSIONAL,CFPS - MÀRQUETING I PUBLICITAT,1,1901,1030,871,0,58
2024/2025,2024,FORMACIÓ PROFESSIONAL,CFPS - MÀRQUETING I PUBLICITAT,2,1950,1014,936,0,60
2024/2025,2024,FORMACIÓ PROFESSIONAL,CFPS - MÀRQUETING I PUBLICITAT,NA,367,259,108,0,1
2024/2025,2024,FORMACIÓ PROFESSIONAL,CFPS - MÀRQUETING I PUBLICITAT (ENOLÒGIC),1,7,3,4,0,1
2024/2025,2024,FORMACIÓ PROFESSIONAL,CFPS - MÀRQUETING I PUBLICITAT (ENOLÒGIC),2,14,3,11,0,1
2024/2025,2024,FORMACIÓ PROFESSIONAL,CFPS - MÀRQUETING I PUBLICITAT (PROMOCIÓ TURÍSTICA),2,25,18,7,0,1
2024/2025,2024,FORMACIÓ PROFESSIONAL,CFPS - ORGANITZACIÓ DEL MANTENIMENT DE LA MAQUINÀRIA DE VAIXELLS I EMBARCACIONS,1,29,1,28,0,1
2024/2025,2024,FORMACIÓ PROFESSIONAL,CFPS - ORGANITZACIÓ DEL MANTENIMENT DE LA MAQUINÀRIA DE VAIXELLS I EMBARCACIONS,2,34,1,33,0,1
2024/2025,2024,FORMACIÓ PROFESSIONAL,CFPS - ORGANITZACIÓ I CONTROL D'OBRES DE CONSTRUCCIÓ,1,55,17,38,0,2
2024/2025,2024,FORMACIÓ PROFESSIONAL,CFPS - ORGANITZACIÓ I CONTROL D'OBRES DE CONSTRUCCIÓ,2,33,6,27,0,2
2024/2025,2024,FORMACIÓ PROFESSIONAL,CFPS - ORTOPRÒTESI I PRODUCTES DE SUPORT,1,32,20,12,0,2
2024/2025,2024,FORMACIÓ PROFESSIONAL,CFPS - ORTOPRÒTESI I PRODUCTES DE SUPORT,2,31,14,17,0,2
2024/2025,2024,FORMACIÓ PROFESSIONAL,CFPS - PAISATGISME I MEDI RURAL,1,147,34,113,0,7
2024/2025,2024,FORMACIÓ PROFESSIONAL,CFPS - PAISATGISME I MEDI RURAL,2,129,33,96,0,7
2024/2025,2024,FORMACIÓ PROFESSIONAL,CFPS - PAISATGISME I MEDI RURAL (AGROECOLOGIA I ACCIÓ CLIMÀTICA),1,16,5,11,0,1
2024/2025,2024,FORMACIÓ PROFESSIONAL,CFPS - PAISATGISME I MEDI RURAL (AGROECOLOGIA I ACCIÓ CLIMÀTICA),2,13,5,8,0,1
2024/2025,2024,FORMACIÓ PROFESSIONAL,CFPS - PAISATGISME I MEDI RURAL (GESTIÓ AGROPECUÀRIA),1,35,2,33,0,3
2024/2025,2024,FORMACIÓ PROFESSIONAL,CFPS - PAISATGISME I MEDI RURAL (GESTIÓ AGROPECUÀRIA),2,34,4,30,0,3
2024/2025,2024,FORMACIÓ PROFESSIONAL,CFPS - PATRONATGE I MODA,1,157,127,30,0,7
2024/2025,2024,FORMACIÓ PROFESSIONAL,CFPS - PATRONATGE I MODA,2,171,135,36,0,7
2024/2025,2024,FORMACIÓ PROFESSIONAL,CFPS - PREVENCIÓ DE RISCOS PROFESSIONALS,1,87,31,56,0,5
2024/2025,2024,FORMACIÓ PROFESSIONAL,CFPS - PREVENCIÓ DE RISCOS PROFESSIONALS,2,62,22,40,0,4
2024/2025,2024,FORMACIÓ PROFESSIONAL,CFPS - PREVENCIÓ DE RISCOS PROFESSIONALS,NA,643,344,299,0,1
2024/2025,2024,FORMACIÓ PROFESSIONAL,CFPS - PROCESSOS I QUALITAT EN LA INDÚSRIA ALIMENTÀRIA,1,82,48,34,0,6
2024/2025,2024,FORMACIÓ PROFESSIONAL,CFPS - PROCESSOS I QUALITAT EN LA INDÚSRIA ALIMENTÀRIA,2,87,43,44,0,6
2024/2025,2024,FORMACIÓ PROFESSIONAL,CFPS - PRODUCCIÓ D'AUDIOVISUALS I ESPECTACLES,1,147,74,73,0,7
2024/2025,2024,FORMACIÓ PROFESSIONAL,CFPS - PRODUCCIÓ D'AUDIOVISUALS I ESPECTACLES,2,213,109,104,0,8
2024/2025,2024,FORMACIÓ PROFESSIONAL,CFPS - PROGRAMACIÓ DE LA PRODUCCIÓ EN L'EMMOTLLAMENT DE METALLS I POLÍMERS,1,23,1,22,0,1
2024/2025,2024,FORMACIÓ PROFESSIONAL,CFPS - PROGRAMACIÓ DE LA PRODUCCIÓ EN L'EMMOTLLAMENT DE METALLS I POLÍMERS,2,13,1,12,0,1
2024/2025,2024,FORMACIÓ PROFESSIONAL,CFPS - PROGRAMACIÓ DE PRODUCCIÓ EN FABRICACIÓ MECANICA,1,358,19,339,0,19
2024/2025,2024,FORMACIÓ PROFESSIONAL,CFPS - PROGRAMACIÓ DE PRODUCCIÓ EN FABRICACIÓ MECANICA,2,347,11,336,0,19
2024/2025,2024,FORMACIÓ PROFESSIONAL,CFPS - PROGRAMACIÓ DE PRODUCCIÓ EN FABRICACIÓ MECÀNICA (MOTLLES I MATRIUS),1,21,2,19,0,2
2024/2025,2024,FORMACIÓ PROFESSIONAL,CFPS - PROGRAMACIÓ DE PRODUCCIÓ EN FABRICACIÓ MECÀNICA (MOTLLES I MATRIUS),2,37,2,35,0,2
2024/2025,2024,FORMACIÓ PROFESSIONAL,CFPS - PROJECTES D'EDIFICACIÓ,1,203,102,101,0,6
2024/2025,2024,FORMACIÓ PROFESSIONAL,CFPS - PROJECTES D'EDIFICACIÓ,2,169,74,95,0,6
2024/2025,2024,FORMACIÓ PROFESSIONAL,CFPS - PROJECTES D'EDIFICACIÓ (REHABILITACIÓ I RESTAURACIÓ),1,82,36,46,0,3
2024/2025,2024,FORMACIÓ PROFESSIONAL,CFPS - PROJECTES D'EDIFICACIÓ (REHABILITACIÓ I RESTAURACIÓ),2,71,38,33,0,3
2024/2025,2024,FORMACIÓ PROFESSIONAL,CFPS - PROJECTES D'OBRA CIVIL,1,43,11,32,0,2
2024/2025,2024,FORMACIÓ PROFESSIONAL,CFPS - PROJECTES D'OBRA CIVIL,2,30,5,25,0,2
2024/2025,2024,FORMACIÓ PROFESSIONAL,CFPS - PROMOCIÓ DE LA IGUALTAT DE GÈNERE,1,9,9,0,0,2
2024/2025,2024,FORMACIÓ PROFESSIONAL,CFPS - PROMOCIÓ DE LA IGUALTAT DE GÈNERE,2,34,29,5,0,5
2024/2025,2024,FORMACIÓ PROFESSIONAL,CFPS - PRÒTESIS DENTALS,1,240,193,47,0,8
2024/2025,2024,FORMACIÓ PROFESSIONAL,CFPS - PRÒTESIS DENTALS,2,175,138,37,0,7
2024/2025,2024,FORMACIÓ PROFESSIONAL,CFPS - QUÍMICA I SALUT AMBIENTAL,1,97,44,53,0,6
2024/2025,2024,FORMACIÓ PROFESSIONAL,CFPS - QUÍMICA I SALUT AMBIENTAL,2,107,46,61,0,6
2024/2025,2024,FORMACIÓ PROFESSIONAL,CFPS - QUÍMICA INDUSTRIAL,1,276,73,203,0,7
2024/2025,2024,FORMACIÓ PROFESSIONAL,CFPS - QUÍMICA INDUSTRIAL,2,291,78,213,0,7
2024/2025,2024,FORMACIÓ PROFESSIONAL,CFPS - RADIOTERÀPIA I DOSIMETRIA,1,52,39,13,0,2
2024/2025,2024,FORMACIÓ PROFESSIONAL,CFPS - RADIOTERÀPIA I DOSIMETRIA,2,77,52,25,0,2
2024/2025,2024,FORMACIÓ PROFESSIONAL,CFPS - RAMADERIA I ASSISTÈNCIA EN SANITAT ANIMAL,1,189,137,52,0,5
2024/2025,2024,FORMACIÓ PROFESSIONAL,CFPS - RAMADERIA I ASSISTÈNCIA EN SANITAT ANIMAL,2,181,126,55,0,5
2024/2025,2024,FORMACIÓ PROFESSIONAL,CFPS - REALITZACIÓ DE PROJECTES AUDIOVISUALS I ESPECTACLES,1,348,164,184,0,13
2024/2025,2024,FORMACIÓ PROFESSIONAL,CFPS - REALITZACIÓ DE PROJECTES AUDIOVISUALS I ESPECTACLES,2,435,193,242,0,12
2024/2025,2024,FORMACIÓ PROFESSIONAL,CFPS - SISTEMES DE TELECOMUNICACIONS I INFORMÀTICS,1,243,19,224,0,11
2024/2025,2024,FORMACIÓ PROFESSIONAL,CFPS - SISTEMES DE TELECOMUNICACIONS I INFORMÀTICS,2,248,31,217,0,11
2024/2025,2024,FORMACIÓ PROFESSIONAL,CFPS - SISTEMES ELECTROTÈCNICS I AUTOMATITZATS,1,389,16,373,0,18
2024/2025,2024,FORMACIÓ PROFESSIONAL,CFPS - SISTEMES ELECTROTÈCNICS I AUTOMATITZATS,2,358,10,348,0,18
2024/2025,2024,FORMACIÓ PROFESSIONAL,CFPS - SISTEMES ELECTROTÈCNICS I AUTOMATITZATS (INSTAL. ELÈCTRIQUES I COMUNICACIÓ DE VAIXELLS),1,49,4,45,0,2
2024/2025,2024,FORMACIÓ PROFESSIONAL,CFPS - SISTEMES ELECTROTÈCNICS I AUTOMATITZATS (INSTAL. ELÈCTRIQUES I COMUNICACIÓ DE VAIXELLS),2,20,2,18,0,1
2024/2025,2024,FORMACIÓ PROFESSIONAL,CFPS - SO PER AUDIOVISUALS I ESPECTACLES,1,206,53,153,0,6
2024/2025,2024,FORMACIÓ PROFESSIONAL,CFPS - SO PER AUDIOVISUALS I ESPECTACLES,2,265,40,225,0,6
2024/2025,2024,FORMACIÓ PROFESSIONAL,CFPS - TERMALISME I BENESTAR,1,27,23,4,0,2
2024/2025,2024,FORMACIÓ PROFESSIONAL,CFPS - TERMALISME I BENESTAR,2,41,37,4,0,3
2024/2025,2024,FORMACIÓ PROFESSIONAL,CFPS - TRANSPORT I LOGÍSTICA,1,541,162,379,0,18
2024/2025,2024,FORMACIÓ PROFESSIONAL,CFPS - TRANSPORT I LOGÍSTICA,2,630,216,414,0,20
2024/2025,2024,FORMACIÓ PROFESSIONAL,CFPS - TRANSPORT I LOGÍSTICA,NA,250,107,143,0,1
2024/2025,2024,FORMACIÓ PROFESSIONAL,CFPS - TRANSPORT MARÍTIM I PESCA D'ALTURA,1,65,9,56,0,1
2024/2025,2024,FORMACIÓ PROFESSIONAL,CFPS - TRANSPORT MARÍTIM I PESCA D'ALTURA,2,66,6,60,0,1
2024/2025,2024,FORMACIÓ PROFESSIONAL,CFPS - VESTUARI A MIDA PER ESPECTACLES,1,50,39,11,0,2
2024/2025,2024,FORMACIÓ PROFESSIONAL,CFPS - VESTUARI A MIDA PER ESPECTACLES,2,79,64,15,0,3
2024/2025,2024,FORMACIÓ PROFESSIONAL,CFPS - VITIVINICULTURA,1,44,14,30,0,4
2024/2025,2024,FORMACIÓ PROFESSIONAL,CFPS - VITIVINICULTURA,2,64,12,52,0,4
2024/2025,2024,FORMACIÓ PROFESSIONAL,CFPS - ÒPTICA D'ULLERA,1,25,20,5,0,1
2024/2025,2024,FORMACIÓ PROFESSIONAL,CFPS - ÒPTICA D'ULLERA,2,22,16,6,0,1
2024/2025,2024,FORMACIÓ PROFESSIONAL,EFPM - CURS D'ESPECIALITZACIÓ EN FORNERIA I BRIOIXERIA ARTESANAL,1,34,25,9,3,3
2024/2025,2024,FORMACIÓ PROFESSIONAL,EFPM - CURS D'ESPECIALITZACIÓ EN INSTAL·LACIÓ I MANTENIMENT DE SISTEMES CONNECTATS A INTERNET (IOT),1,11,0,11,1,1
2024/2025,2024,FORMACIÓ PROFESSIONAL,EFPM - CURS D'ESPECIALITZACIÓ EN MANTENIMENT DE VEHICLES HÍBRIDS I ELÈCTRICS,1,51,2,49,5,6
2024/2025,2024,FORMACIÓ PROFESSIONAL,EFPS - CURS D'ESPECIALITZACIÓ EN AERONAUS PILOTADES DE FORMA REMOTA-DRONS,1,18,0,18,3,3
2024/2025,2024,FORMACIÓ PROFESSIONAL,EFPS - CURS D'ESPECIALITZACIÓ EN AUDIODESCRIPCIÓ I SUBTITULACIÓ,1,21,16,5,1,1
2024/2025,2024,FORMACIÓ PROFESSIONAL,EFPS - CURS D'ESPECIALITZACIÓ EN CIBERSEGURETAT EN ENTORNS DE TECNOLOGIES D'OPERACIÓ,1,31,2,29,1,2
2024/2025,2024,FORMACIÓ PROFESSIONAL,EFPS - CURS D'ESPECIALITZACIÓ EN CIBERSEGURETAT EN ENTORNS DE TECNOLOGIES DE LA INFORMACIÓ,1,272,15,257,6,10
2024/2025,2024,FORMACIÓ PROFESSIONAL,EFPS - CURS D'ESPECIALITZACIÓ EN CULTIUS CEL·LULARS,1,37,24,13,3,3
2024/2025,2024,FORMACIÓ PROFESSIONAL,EFPS - CURS D'ESPECIALITZACIÓ EN DESENVOLUPAMENT DE VIDEOJOCS I REALITAT VIRTUAL,1,68,9,59,4,6
2024/2025,2024,FORMACIÓ PROFESSIONAL,EFPS - CURS D'ESPECIALITZACIÓ EN DIGITALITZACIÓ DEL MANTENIMENT INDUSTRIAL,1,4,0,4,1,1
2024/2025,2024,FORMACIÓ PROFESSIONAL,EFPS - CURS D'ESPECIALITZACIÓ EN FABRICACIÓ ADDITIVA,1,35,3,32,3,3
2024/2025,2024,FORMACIÓ PROFESSIONAL,EFPS - CURS D'ESPECIALITZACIÓ EN FABRICACIÓ INTEL·LIGENT,1,35,2,33,5,5
2024/2025,2024,FORMACIÓ PROFESSIONAL,EFPS - CURS D'ESPECIALITZACIÓ EN INTEL·LIGÈNCIA ARTIFICIAL I BIG DATA,1,180,13,167,4,9
2024/2025,2024,FORMACIÓ PROFESSIONAL,EFPS - CURS D'ESPECIALITZACIÓ EN MANTENIMENT I SEGURETAT EN SISTEMES DE VEHICLES HÍBRIDS I ELÈCTRICS,1,38,0,38,3,4
2024/2025,2024,FORMACIÓ PROFESSIONAL,EFPS - CURS D'ESPECIALITZACIÓ EN MODELATGE DE LA INFORMACIÓ EN LA CONSTRUCCIÓ (BIM),1,35,7,28,3,3
2024/2025,2024,FORMACIÓ PROFESSIONAL,EFPS - CURS D'ESPECIALITZACIÓ EN ROBÒTICA COL·LABORATIVA,1,17,1,16,3,3
2024/2025,2024,ITINERARIS FORMATIUS ESPECÍFICS,IFE - AUXILIAR EN CURA D'ANIMALS I ESPAIS VERDS,1,115,34,81,0,13
2024/2025,2024,ITINERARIS FORMATIUS ESPECÍFICS,IFE - AUXILIAR EN CURA D'ANIMALS I ESPAIS VERDS,2,107,39,68,0,12
2024/2025,2024,ITINERARIS FORMATIUS ESPECÍFICS,IFE - AUXILIAR EN CURA D'ANIMALS I ESPAIS VERDS,3,96,35,61,0,12
2024/2025,2024,ITINERARIS FORMATIUS ESPECÍFICS,IFE - AUXILIAR EN CURA D'ANIMALS I ESPAIS VERDS,4,64,15,49,0,8
2024/2025,2024,ITINERARIS FORMATIUS ESPECÍFICS,IFE - AUXILIAR EN MANTENIMENT D'INSTAL·LACIONS ESPORTIVES,1,119,22,97,0,15
2024/2025,2024,ITINERARIS FORMATIUS ESPECÍFICS,IFE - AUXILIAR EN MANTENIMENT D'INSTAL·LACIONS ESPORTIVES,2,104,20,84,0,14
2024/2025,2024,ITINERARIS FORMATIUS ESPECÍFICS,IFE - AUXILIAR EN MANTENIMENT D'INSTAL·LACIONS ESPORTIVES,3,105,23,82,0,15
2024/2025,2024,ITINERARIS FORMATIUS ESPECÍFICS,IFE - AUXILIAR EN MANTENIMENT D'INSTAL·LACIONS ESPORTIVES,4,80,22,58,0,14
2024/2025,2024,ITINERARIS FORMATIUS ESPECÍFICS,IFE - AUXILIAR EN SERVEIS DE RESTAURACIÓ I ELABORACIÓ D'ÀPATS,1,90,35,55,0,10
2024/2025,2024,ITINERARIS FORMATIUS ESPECÍFICS,IFE - AUXILIAR EN SERVEIS DE RESTAURACIÓ I ELABORACIÓ D'ÀPATS,2,50,23,27,0,6
2024/2025,2024,ITINERARIS FORMATIUS ESPECÍFICS,IFE - AUXILIAR EN SERVEIS DE RESTAURACIÓ I ELABORACIÓ D'ÀPATS,3,31,13,18,0,3
2024/2025,2024,ITINERARIS FORMATIUS ESPECÍFICS,IFE - AUXILIAR EN SERVEIS DE RESTAURACIÓ I ELABORACIÓ D'ÀPATS,4,17,7,10,0,2
2024/2025,2024,ITINERARIS FORMATIUS ESPECÍFICS,IFE - AUXILIAR EN VENDES I ATENCIÓ AL PÚBLIC,1,218,110,108,0,23
2024/2025,2024,ITINERARIS FORMATIUS ESPECÍFICS,IFE - AUXILIAR EN VENDES I ATENCIÓ AL PÚBLIC,2,178,80,98,0,21
2024/2025,2024,ITINERARIS FORMATIUS ESPECÍFICS,IFE - AUXILIAR EN VENDES I ATENCIÓ AL PÚBLIC,3,161,73,88,0,20
2024/2025,2024,ITINERARIS FORMATIUS ESPECÍFICS,IFE - AUXILIAR EN VENDES I ATENCIÓ AL PÚBLIC,4,151,63,88,0,18
2024/2025,2024,MÚSICA,ACORDIÓ,1,1,0,1,0,1
2024/2025,2024,MÚSICA,ACORDIÓ,2,5,2,3,0,5
2024/2025,2024,MÚSICA,ACORDIÓ,3,2,0,2,0,2
2024/2025,2024,MÚSICA,ACORDIÓ,4,3,1,2,0,3
2024/2025,2024,MÚSICA,ACORDIÓ,5,3,3,0,0,3
2024/2025,2024,MÚSICA,ACORDIÓ,6,8,5,3,0,5
2024/2025,2024,MÚSICA,ACORDIÓ (INTERPRETACIÓ: CLÀSSICA I CONTEMPORÀNIA),2,1,0,1,0,1
2024/2025,2024,MÚSICA,ACORDIÓ (MÚSICA TRADICIONAL),1,1,1,0,0,1
2024/2025,2024,MÚSICA,ACORDIÓ (MÚSICA TRADICIONAL),4,1,0,1,0,1
2024/2025,2024,MÚSICA,ACORDIÓ DIATÓNIC (INTERPRETACIÓ: MÚSICA TRADICIONAL I FLAMENC),1,1,1,0,0,1
2024/2025,2024,MÚSICA,ACORDIÓ DIATÓNIC (INTERPRETACIÓ: MÚSICA TRADICIONAL I FLAMENC),3,1,0,1,0,1
2024/2025,2024,MÚSICA,ACORDIÓ DIÀTONIC (INTERPRETACIÓ: JAZZ I MÚSICA MODERNA),4,1,0,1,0,1
2024/2025,2024,MÚSICA,ARPA,1,5,1,4,0,3
2024/2025,2024,MÚSICA,ARPA,2,3,3,0,0,2
2024/2025,2024,MÚSICA,ARPA,3,3,2,1,0,3
2024/2025,2024,MÚSICA,ARPA,4,1,1,0,0,1
2024/2025,2024,MÚSICA,ARPA,5,3,2,1,0,3
2024/2025,2024,MÚSICA,ARPA,6,4,3,1,0,3
2024/2025,2024,MÚSICA,ARPA (INTERPRETACIÓ: CLÀSSICA I CONTEMPORÀNIA),1,1,1,0,0,1
2024/2025,2024,MÚSICA,ARPA (INTERPRETACIÓ: CLÀSSICA I CONTEMPORÀNIA),2,2,1,1,0,1
2024/2025,2024,MÚSICA,BAIX ELÈCTRIC,1,2,0,2,0,2
2024/2025,2024,MÚSICA,BAIX ELÈCTRIC,3,2,1,1,0,2
2024/2025,2024,MÚSICA,BAIX ELÈCTRIC,4,1,0,1,0,1
2024/2025,2024,MÚSICA,BAIX ELÈCTRIC,6,4,0,4,0,3
2024/2025,2024,MÚSICA,BAIX ELÈCTRIC (INTERPRETACIÓ: JAZZ I MÚSICA MODERNA),1,6,1,5,0,3
2024/2025,2024,MÚSICA,BAIX ELÈCTRIC (INTERPRETACIÓ: JAZZ I MÚSICA MODERNA),2,4,0,4,0,3
2024/2025,2024,MÚSICA,BAIX ELÈCTRIC (INTERPRETACIÓ: JAZZ I MÚSICA MODERNA),3,10,1,9,0,2
2024/2025,2024,MÚSICA,BAIX ELÈCTRIC (INTERPRETACIÓ: JAZZ I MÚSICA MODERNA),4,8,0,8,0,4
2024/2025,2024,MÚSICA,BATERIA (INTERPRETACIÓ: JAZZ I MÚSICA MODERNA),1,17,1,16,0,4
2024/2025,2024,MÚSICA,BATERIA (INTERPRETACIÓ: JAZZ I MÚSICA MODERNA),2,15,1,14,0,4
2024/2025,2024,MÚSICA,BATERIA (INTERPRETACIÓ: JAZZ I MÚSICA MODERNA),3,20,2,18,0,4
2024/2025,2024,MÚSICA,BATERIA (INTERPRETACIÓ: JAZZ I MÚSICA MODERNA),4,34,1,33,0,4
2024/2025,2024,MÚSICA,CANT,1,19,14,5,0,9
2024/2025,2024,MÚSICA,CANT,2,18,14,4,0,10
2024/2025,2024,MÚSICA,CANT,3,19,16,3,0,10
2024/2025,2024,MÚSICA,CANT,4,22,16,6,0,13
2024/2025,2024,MÚSICA,CANT,5,16,14,2,0,7
2024/2025,2024,MÚSICA,CANT,6,41,35,6,0,14
2024/2025,2024,MÚSICA,CANT (INTERPRETACIÓ: CLÀSSICA I CONTEMPORÀNIA),1,16,10,6,0,2
2024/2025,2024,MÚSICA,CANT (INTERPRETACIÓ: CLÀSSICA I CONTEMPORÀNIA),2,14,10,4,0,2
2024/2025,2024,MÚSICA,CANT (INTERPRETACIÓ: CLÀSSICA I CONTEMPORÀNIA),3,16,13,3,0,2
2024/2025,2024,MÚSICA,CANT (INTERPRETACIÓ: CLÀSSICA I CONTEMPORÀNIA),4,24,14,10,0,2
2024/2025,2024,MÚSICA,CANT (INTERPRETACIÓ: JAZZ I MÚSICA MODERNA),1,22,22,0,0,3
2024/2025,2024,MÚSICA,CANT (INTERPRETACIÓ: JAZZ I MÚSICA MODERNA),2,33,27,6,0,4
2024/2025,2024,MÚSICA,CANT (INTERPRETACIÓ: JAZZ I MÚSICA MODERNA),3,35,21,14,0,4
2024/2025,2024,MÚSICA,CANT (INTERPRETACIÓ: JAZZ I MÚSICA MODERNA),4,28,21,7,0,4
2024/2025,2024,MÚSICA,CANT FLAMENC (INTERPRETACIÓ: MÚSICA TRADICIONAL),1,1,1,0,0,1
2024/2025,2024,MÚSICA,CANT FLAMENC (INTERPRETACIÓ: MÚSICA TRADICIONAL),3,1,1,0,0,1
2024/2025,2024,MÚSICA,CANT FLAMENC (INTERPRETACIÓ: MÚSICA TRADICIONAL),4,2,2,0,0,1
2024/2025,2024,MÚSICA,CANT HISTÒRIC (INTERPRETACIÓ: MÚSICA ANTIGA),1,2,0,2,0,1
2024/2025,2024,MÚSICA,CANT HISTÒRIC (INTERPRETACIÓ: MÚSICA ANTIGA),2,4,4,0,0,1
2024/2025,2024,MÚSICA,CANT HISTÒRIC (INTERPRETACIÓ: MÚSICA ANTIGA),3,3,2,1,0,1
2024/2025,2024,MÚSICA,CANT HISTÒRIC (INTERPRETACIÓ: MÚSICA ANTIGA),4,2,2,0,0,1
2024/2025,2024,MÚSICA,CLARINET,1,36,19,17,0,19
2024/2025,2024,MÚSICA,CLARINET,2,23,9,14,0,17
2024/2025,2024,MÚSICA,CLARINET,3,18,14,4,0,13
2024/2025,2024,MÚSICA,CLARINET,4,30,17,13,0,14
2024/2025,2024,MÚSICA,CLARINET,5,33,16,17,0,14
2024/2025,2024,MÚSICA,CLARINET,6,27,13,14,0,13
2024/2025,2024,MÚSICA,CLARINET (INTERPRETACIÓ: CLÀSSICA I CONTEMPORÀNIA),1,6,3,3,0,2
2024/2025,2024,MÚSICA,CLARINET (INTERPRETACIÓ: CLÀSSICA I CONTEMPORÀNIA),2,7,3,4,0,2
2024/2025,2024,MÚSICA,CLARINET (INTERPRETACIÓ: CLÀSSICA I CONTEMPORÀNIA),3,6,2,4,0,2
2024/2025,2024,MÚSICA,CLARINET (INTERPRETACIÓ: CLÀSSICA I CONTEMPORÀNIA),4,5,4,1,0,2
2024/2025,2024,MÚSICA,CLARINET (INTERPRETACIÓ: JAZZ I MÚSICA MODERNA),2,1,0,1,0,1
2024/2025,2024,MÚSICA,CLARINET (INTERPRETACIÓ: JAZZ I MÚSICA MODERNA),3,1,0,1,0,1
2024/2025,2024,MÚSICA,CLARINET (INTERPRETACIÓ: JAZZ I MÚSICA MODERNA),4,1,1,0,0,1
2024/2025,2024,MÚSICA,CLAVICÈMBAL,1,1,0,1,0,1
2024/2025,2024,MÚSICA,CLAVICÈMBAL,2,2,1,1,0,1
2024/2025,2024,MÚSICA,CLAVICÈMBAL,3,1,0,1,0,1
2024/2025,2024,MÚSICA,CLAVICÈMBAL,4,1,1,0,0,1
2024/2025,2024,MÚSICA,CLAVICÈMBAL,5,1,0,1,0,1
2024/2025,2024,MÚSICA,CLAVICÈMBAL,6,1,1,0,0,1
2024/2025,2024,MÚSICA,CLAVICÈMBAL (INTERPRETACIÓ: MÚSICA ANTIGA),1,1,0,1,0,1
2024/2025,2024,MÚSICA,COMPOSICIÓ,1,18,5,13,0,2
2024/2025,2024,MÚSICA,COMPOSICIÓ,2,20,4,16,0,4
2024/2025,2024,MÚSICA,COMPOSICIÓ,3,19,3,16,0,3
2024/2025,2024,MÚSICA,COMPOSICIÓ,4,30,7,23,0,3
2024/2025,2024,MÚSICA,CONTRABAIX,1,8,4,4,0,7
2024/2025,2024,MÚSICA,CONTRABAIX,2,11,3,8,0,9
2024/2025,2024,MÚSICA,CONTRABAIX,3,13,5,8,0,10
2024/2025,2024,MÚSICA,CONTRABAIX,4,12,7,5,0,9
2024/2025,2024,MÚSICA,CONTRABAIX,5,9,3,6,0,7
2024/2025,2024,MÚSICA,CONTRABAIX,6,24,6,18,0,15
2024/2025,2024,MÚSICA,CONTRABAIX (INTERPRETACIÓ: CLÀSSICA I CONTEMPORÀNIA),1,3,1,2,0,2
2024/2025,2024,MÚSICA,CONTRABAIX (INTERPRETACIÓ: CLÀSSICA I CONTEMPORÀNIA),2,4,1,3,0,2
2024/2025,2024,MÚSICA,CONTRABAIX (INTERPRETACIÓ: CLÀSSICA I CONTEMPORÀNIA),3,3,2,1,0,2
2024/2025,2024,MÚSICA,CONTRABAIX (INTERPRETACIÓ: CLÀSSICA I CONTEMPORÀNIA),4,2,1,1,0,1
2024/2025,2024,MÚSICA,CONTRABAIX (INTERPRETACIÓ: JAZZ I MÚSICA MODERNA),1,2,0,2,0,2
2024/2025,2024,MÚSICA,CONTRABAIX (INTERPRETACIÓ: JAZZ I MÚSICA MODERNA),2,3,0,3,0,2
2024/2025,2024,MÚSICA,CONTRABAIX (INTERPRETACIÓ: JAZZ I MÚSICA MODERNA),3,2,0,2,0,2
2024/2025,2024,MÚSICA,CONTRABAIX (INTERPRETACIÓ: JAZZ I MÚSICA MODERNA),4,2,0,2,0,1
2024/2025,2024,MÚSICA,CORNAMUSA (INTERPRETACIÓ: MÚSICA TRADICIONAL I FLAMENC),4,1,1,0,0,1
2024/2025,2024,MÚSICA,FAGOT,1,9,2,7,0,7
2024/2025,2024,MÚSICA,FAGOT,2,12,7,5,0,8
2024/2025,2024,MÚSICA,FAGOT,3,9,4,5,0,7
2024/2025,2024,MÚSICA,FAGOT,4,6,5,1,0,5
2024/2025,2024,MÚSICA,FAGOT,5,4,1,3,0,4
2024/2025,2024,MÚSICA,FAGOT,6,4,3,1,0,3
2024/2025,2024,MÚSICA,FAGOT (INTERPRETACIÓ: CLÀSSICA I CONTEMPORÀNIA),1,2,0,2,0,2
2024/2025,2024,MÚSICA,FAGOT (INTERPRETACIÓ: CLÀSSICA I CONTEMPORÀNIA),2,7,2,5,0,2
2024/2025,2024,MÚSICA,FAGOT (INTERPRETACIÓ: CLÀSSICA I CONTEMPORÀNIA),3,2,1,1,0,2
2024/2025,2024,MÚSICA,FAGOT (INTERPRETACIÓ: CLÀSSICA I CONTEMPORÀNIA),4,3,1,2,0,2
2024/2025,2024,MÚSICA,FLABIOL I TAMBORÍ,2,1,0,1,0,1
2024/2025,2024,MÚSICA,FLABIOL I TAMBORÍ,6,1,1,0,0,1
2024/2025,2024,MÚSICA,FLABIOL I TAMBORÍ (INTERPRETACIÓ: MÚSICA TRADICIONAL),2,1,1,0,0,1
2024/2025,2024,MÚSICA,FLABIOL I TAMBORÍ (INTERPRETACIÓ: MÚSICA TRADICIONAL),3,2,1,1,0,1
2024/2025,2024,MÚSICA,FLABIOL I TAMBORÍ (INTERPRETACIÓ: MÚSICA TRADICIONAL),4,3,2,1,0,1
2024/2025,2024,MÚSICA,FLAUTA DE BEC,1,7,3,4,0,4
2024/2025,2024,MÚSICA,FLAUTA DE BEC,2,3,1,2,0,3
2024/2025,2024,MÚSICA,FLAUTA DE BEC,3,3,1,2,0,3
2024/2025,2024,MÚSICA,FLAUTA DE BEC,4,8,4,4,0,5
2024/2025,2024,MÚSICA,FLAUTA DE BEC,5,3,1,2,0,3
2024/2025,2024,MÚSICA,FLAUTA DE BEC,6,7,3,4,0,5
2024/2025,2024,MÚSICA,FLAUTA DE BEC (INTERPRETACIÓ: CLÀSSICA I CONTEMPORÀNIA),1,2,2,0,0,1
2024/2025,2024,MÚSICA,FLAUTA DE BEC (INTERPRETACIÓ: CLÀSSICA I CONTEMPORÀNIA),2,1,0,1,0,1
2024/2025,2024,MÚSICA,FLAUTA DE BEC (INTERPRETACIÓ: CLÀSSICA I CONTEMPORÀNIA),3,2,1,1,0,1
2024/2025,2024,MÚSICA,FLAUTA DE BEC (INTERPRETACIÓ: CLÀSSICA I CONTEMPORÀNIA),4,4,4,0,0,1
2024/2025,2024,MÚSICA,FLAUTA DE BEC (INTERPRETACIÓ: MÚSICA ANTIGA),2,1,1,0,0,1
2024/2025,2024,MÚSICA,FLAUTA TRAVESSERA,1,38,27,11,0,16
2024/2025,2024,MÚSICA,FLAUTA TRAVESSERA,2,30,27,3,0,17
2024/2025,2024,MÚSICA,FLAUTA TRAVESSERA,3,30,24,6,0,15
2024/2025,2024,MÚSICA,FLAUTA TRAVESSERA,4,36,30,6,0,15
2024/2025,2024,MÚSICA,FLAUTA TRAVESSERA,5,30,27,3,0,15
2024/2025,2024,MÚSICA,FLAUTA TRAVESSERA,6,38,30,8,0,17
2024/2025,2024,MÚSICA,FLAUTA TRAVESSERA (INTERPRETACIÓ: CLÀSSICA I CONTEMPORÀNIA),1,4,2,2,0,1
2024/2025,2024,MÚSICA,FLAUTA TRAVESSERA (INTERPRETACIÓ: CLÀSSICA I CONTEMPORÀNIA),2,4,3,1,0,1
2024/2025,2024,MÚSICA,FLAUTA TRAVESSERA (INTERPRETACIÓ: CLÀSSICA I CONTEMPORÀNIA),3,2,2,0,0,1
2024/2025,2024,MÚSICA,FLAUTA TRAVESSERA (INTERPRETACIÓ: CLÀSSICA I CONTEMPORÀNIA),4,5,4,1,0,1
2024/2025,2024,MÚSICA,FLAUTA TRAVESSERA (INTERPRETACIÓ: JAZZ I MÚSICA MODERNA),1,2,1,1,0,1
2024/2025,2024,MÚSICA,FLAUTA TRAVESSERA (INTERPRETACIÓ: JAZZ I MÚSICA MODERNA),3,1,1,0,0,1
2024/2025,2024,MÚSICA,FLAUTA TRAVESSERA (INTERPRETACIÓ: JAZZ I MÚSICA MODERNA),4,2,1,1,0,2
2024/2025,2024,MÚSICA,GUITARRA,1,42,18,24,0,17
2024/2025,2024,MÚSICA,GUITARRA,2,39,18,21,0,19
2024/2025,2024,MÚSICA,GUITARRA,3,41,18,23,0,17
2024/2025,2024,MÚSICA,GUITARRA,4,30,11,19,0,15
2024/2025,2024,MÚSICA,GUITARRA,5,39,12,27,0,16
2024/2025,2024,MÚSICA,GUITARRA,6,40,18,22,0,18
2024/2025,2024,MÚSICA,GUITARRA (INTERPRETACIÓ: CLÀSSICA I CONTEMPORÀNIA),1,11,5,6,0,2
2024/2025,2024,MÚSICA,GUITARRA (INTERPRETACIÓ: CLÀSSICA I CONTEMPORÀNIA),2,9,4,5,0,2
2024/2025,2024,MÚSICA,GUITARRA (INTERPRETACIÓ: CLÀSSICA I CONTEMPORÀNIA),3,8,3,5,0,2
2024/2025,2024,MÚSICA,GUITARRA (INTERPRETACIÓ: CLÀSSICA I CONTEMPORÀNIA),4,5,0,5,0,2
2024/2025,2024,MÚSICA,GUITARRA ACÚSTICA (INTERPRETACIÓ: JAZZ I MÚSICA MODERNA),1,4,0,4,0,1
2024/2025,2024,MÚSICA,GUITARRA ACÚSTICA (INTERPRETACIÓ: JAZZ I MÚSICA MODERNA),2,3,0,3,0,2
2024/2025,2024,MÚSICA,GUITARRA ACÚSTICA (INTERPRETACIÓ: JAZZ I MÚSICA MODERNA),3,3,0,3,0,1
2024/2025,2024,MÚSICA,GUITARRA ACÚSTICA (INTERPRETACIÓ: JAZZ I MÚSICA MODERNA),4,5,0,5,0,1
2024/2025,2024,MÚSICA,GUITARRA ELÈCTRICA,1,5,0,5,0,3
2024/2025,2024,MÚSICA,GUITARRA ELÈCTRICA,2,9,1,8,0,6
2024/2025,2024,MÚSICA,GUITARRA ELÈCTRICA,3,9,2,7,0,6
2024/2025,2024,MÚSICA,GUITARRA ELÈCTRICA,4,2,0,2,0,2
2024/2025,2024,MÚSICA,GUITARRA ELÈCTRICA,5,10,3,7,0,6
2024/2025,2024,MÚSICA,GUITARRA ELÈCTRICA,6,11,0,11,0,6
2024/2025,2024,MÚSICA,GUITARRA ELÈCTRICA (INTERPRETACIÓ: JAZZ I MÚSICA MODERNA),1,20,1,19,0,3
2024/2025,2024,MÚSICA,GUITARRA ELÈCTRICA (INTERPRETACIÓ: JAZZ I MÚSICA MODERNA),2,20,2,18,0,3
2024/2025,2024,MÚSICA,GUITARRA ELÈCTRICA (INTERPRETACIÓ: JAZZ I MÚSICA MODERNA),3,17,0,17,0,3
2024/2025,2024,MÚSICA,GUITARRA ELÈCTRICA (INTERPRETACIÓ: JAZZ I MÚSICA MODERNA),4,27,3,24,0,3
2024/2025,2024,MÚSICA,GUITARRA FLAMENCA (INTERPRETACIÓ: MÚSICA TRADICIONAL),1,4,0,4,0,2
2024/2025,2024,MÚSICA,GUITARRA FLAMENCA (INTERPRETACIÓ: MÚSICA TRADICIONAL),2,6,1,5,0,3
2024/2025,2024,MÚSICA,GUITARRA FLAMENCA (INTERPRETACIÓ: MÚSICA TRADICIONAL),3,5,0,5,0,2
2024/2025,2024,MÚSICA,GUITARRA FLAMENCA (INTERPRETACIÓ: MÚSICA TRADICIONAL),4,11,2,9,0,3
2024/2025,2024,MÚSICA,INSTRUMENTS DE CORDA POLSADA,3,1,1,0,0,1
2024/2025,2024,MÚSICA,INSTRUMENTS HISTÒRICS DE BROQUET (INTERPRETACIÓ: MÚSICA ANTIGA),4,1,0,1,0,1
2024/2025,2024,MÚSICA,NO APLICA,NO APLICA,337,131,206,0,2
2024/2025,2024,MÚSICA,OBOÈ,1,12,5,7,0,11
2024/2025,2024,MÚSICA,OBOÈ,2,20,8,12,0,14
2024/2025,2024,MÚSICA,OBOÈ,3,12,5,7,0,7
2024/2025,2024,MÚSICA,OBOÈ,4,16,7,9,0,11
2024/2025,2024,MÚSICA,OBOÈ,5,17,6,11,0,11
2024/2025,2024,MÚSICA,OBOÈ,6,13,7,6,0,10
2024/2025,2024,MÚSICA,OBOÈ (INTERPRETACIÓ: CLÀSSICA I CONTEMPORÀNIA),1,2,2,0,0,1
2024/2025,2024,MÚSICA,OBOÈ (INTERPRETACIÓ: CLÀSSICA I CONTEMPORÀNIA),2,3,2,1,0,1
2024/2025,2024,MÚSICA,OBOÈ (INTERPRETACIÓ: CLÀSSICA I CONTEMPORÀNIA),3,5,3,2,0,2
2024/2025,2024,MÚSICA,OBOÈ (INTERPRETACIÓ: CLÀSSICA I CONTEMPORÀNIA),4,5,4,1,0,1
2024/2025,2024,MÚSICA,ORGUE,1,6,2,4,0,3
2024/2025,2024,MÚSICA,ORGUE,2,5,1,4,0,4
2024/2025,2024,MÚSICA,ORGUE,4,4,0,4,0,2
2024/2025,2024,MÚSICA,ORGUE,5,1,1,0,0,1
2024/2025,2024,MÚSICA,ORGUE,6,6,1,5,0,4
2024/2025,2024,MÚSICA,ORGUE (INTERPRETACIÓ: CLÀSSICA I CONTEMPORÀNIA),2,2,0,2,0,1
2024/2025,2024,MÚSICA,ORGUE (INTERPRETACIÓ: CLÀSSICA I CONTEMPORÀNIA),4,1,0,1,0,1
2024/2025,2024,MÚSICA,PEDAGOGIA DE L'INSTRUMENT,4,3,1,2,0,1
2024/2025,2024,MÚSICA,PERCUSSIÓ,1,17,5,12,0,10
2024/2025,2024,MÚSICA,PERCUSSIÓ,2,18,0,18,0,9
2024/2025,2024,MÚSICA,PERCUSSIÓ,3,12,2,10,0,6
2024/2025,2024,MÚSICA,PERCUSSIÓ,4,12,1,11,0,7
2024/2025,2024,MÚSICA,PERCUSSIÓ,5,11,1,10,0,8
2024/2025,2024,MÚSICA,PERCUSSIÓ,6,23,6,17,0,12
2024/2025,2024,MÚSICA,PERCUSSIÓ (INTERPRETACIÓ: CLÀSSICA I CONTEMPORÀNIA),1,7,0,7,0,2
2024/2025,2024,MÚSICA,PERCUSSIÓ (INTERPRETACIÓ: CLÀSSICA I CONTEMPORÀNIA),2,2,0,2,0,1
2024/2025,2024,MÚSICA,PERCUSSIÓ (INTERPRETACIÓ: CLÀSSICA I CONTEMPORÀNIA),3,4,0,4,0,2
2024/2025,2024,MÚSICA,PERCUSSIÓ (INTERPRETACIÓ: CLÀSSICA I CONTEMPORÀNIA),4,3,0,3,0,2
2024/2025,2024,MÚSICA,PERCUSSIÓ (INTERPRETACIÓ: JAZZ I MÚSICA MODERNA),1,2,0,2,0,2
2024/2025,2024,MÚSICA,PERCUSSIÓ (INTERPRETACIÓ: JAZZ I MÚSICA MODERNA),2,2,1,1,0,2
2024/2025,2024,MÚSICA,PERCUSSIÓ (INTERPRETACIÓ: JAZZ I MÚSICA MODERNA),3,1,0,1,0,1
2024/2025,2024,MÚSICA,PERCUSSIÓ (MÚSICA MODERNA I JAZZ),1,5,0,5,0,2
2024/2025,2024,MÚSICA,PERCUSSIÓ (MÚSICA MODERNA I JAZZ),2,1,0,1,0,1
2024/2025,2024,MÚSICA,PERCUSSIÓ (MÚSICA MODERNA I JAZZ),3,2,1,1,0,2
2024/2025,2024,MÚSICA,PERCUSSIÓ (MÚSICA MODERNA I JAZZ),4,1,1,0,0,1
2024/2025,2024,MÚSICA,PERCUSSIÓ (MÚSICA MODERNA I JAZZ),6,1,0,1,0,1
2024/2025,2024,MÚSICA,PERCUSSIÓ HISTÒRICA (INTERPRETACIÓ: MÚSICA ANTIGA),1,1,0,1,0,1
2024/2025,2024,MÚSICA,PIANO,1,135,85,50,0,26
2024/2025,2024,MÚSICA,PIANO,2,129,78,51,0,23
2024/2025,2024,MÚSICA,PIANO,3,129,76,53,0,22
2024/2025,2024,MÚSICA,PIANO,4,116,60,56,0,22
2024/2025,2024,MÚSICA,PIANO,5,119,59,60,0,23
2024/2025,2024,MÚSICA,PIANO,6,150,92,58,0,23
2024/2025,2024,MÚSICA,PIANO (INTERPRETACIÓ: CLÀSSICA I CONTEMPORÀNIA),1,37,13,24,0,2
2024/2025,2024,MÚSICA,PIANO (INTERPRETACIÓ: CLÀSSICA I CONTEMPORÀNIA),2,26,10,16,0,2
2024/2025,2024,MÚSICA,PIANO (INTERPRETACIÓ: CLÀSSICA I CONTEMPORÀNIA),3,29,14,15,0,2
2024/2025,2024,MÚSICA,PIANO (INTERPRETACIÓ: CLÀSSICA I CONTEMPORÀNIA),4,32,17,15,0,2
2024/2025,2024,MÚSICA,PIANO (INTERPRETACIÓ: JAZZ I MÚSICA MODERNA),1,11,3,8,0,3
2024/2025,2024,MÚSICA,PIANO (INTERPRETACIÓ: JAZZ I MÚSICA MODERNA),2,14,6,8,0,4
2024/2025,2024,MÚSICA,PIANO (INTERPRETACIÓ: JAZZ I MÚSICA MODERNA),3,8,1,7,0,3
2024/2025,2024,MÚSICA,PIANO (INTERPRETACIÓ: JAZZ I MÚSICA MODERNA),4,19,7,12,0,4
2024/2025,2024,MÚSICA,PIANOFORTE (INTERPRETACIÓ: MÚSICA ANTIGA),2,1,1,0,0,1
2024/2025,2024,MÚSICA,PRODUCCIÓ I GESTIÓ,1,2,1,1,0,1
2024/2025,2024,MÚSICA,PRODUCCIÓ I GESTIÓ,2,14,12,2,0,3
2024/2025,2024,MÚSICA,PRODUCCIÓ I GESTIÓ,3,9,5,4,0,2
2024/2025,2024,MÚSICA,PRODUCCIÓ I GESTIÓ,4,7,2,5,0,2
2024/2025,2024,MÚSICA,SAXÒFON,1,32,11,21,0,16
2024/2025,2024,MÚSICA,SAXÒFON,2,19,8,11,0,13
2024/2025,2024,MÚSICA,SAXÒFON,3,24,5,19,0,14
2024/2025,2024,MÚSICA,SAXÒFON,4,35,12,23,0,17
2024/2025,2024,MÚSICA,SAXÒFON,5,26,9,17,0,13
2024/2025,2024,MÚSICA,SAXÒFON,6,26,9,17,0,13
2024/2025,2024,MÚSICA,SAXÒFON (INTERPRETACIÓ: CLÀSSICA I CONTEMPORÀNIA),1,5,1,4,0,2
2024/2025,2024,MÚSICA,SAXÒFON (INTERPRETACIÓ: CLÀSSICA I CONTEMPORÀNIA),2,4,2,2,0,2
2024/2025,2024,MÚSICA,SAXÒFON (INTERPRETACIÓ: CLÀSSICA I CONTEMPORÀNIA),3,4,3,1,0,2
2024/2025,2024,MÚSICA,SAXÒFON (INTERPRETACIÓ: CLÀSSICA I CONTEMPORÀNIA),4,3,1,2,0,1
2024/2025,2024,MÚSICA,SAXÒFON (INTERPRETACIÓ: JAZZ I MÚSICA MODERNA),1,6,0,6,0,2
2024/2025,2024,MÚSICA,SAXÒFON (INTERPRETACIÓ: JAZZ I MÚSICA MODERNA),2,13,2,11,0,4
2024/2025,2024,MÚSICA,SAXÒFON (INTERPRETACIÓ: JAZZ I MÚSICA MODERNA),3,7,2,5,0,3
2024/2025,2024,MÚSICA,SAXÒFON (INTERPRETACIÓ: JAZZ I MÚSICA MODERNA),4,7,3,4,0,2
2024/2025,2024,MÚSICA,SENSE MODALITAT (DIRECCIÓ),1,4,2,2,0,1
2024/2025,2024,MÚSICA,SENSE MODALITAT (DIRECCIÓ),2,4,2,2,0,1
2024/2025,2024,MÚSICA,SENSE MODALITAT (DIRECCIÓ),3,5,1,4,0,1
2024/2025,2024,MÚSICA,SENSE MODALITAT (DIRECCIÓ),4,3,0,3,0,1
2024/2025,2024,MÚSICA,SENSE MODALITAT (INTERPRETACIÓ: CLÀSSICA I CONTEMPORÀNIA),1,2,0,2,0,1
2024/2025,2024,MÚSICA,SENSE MODALITAT (INTERPRETACIÓ: CLÀSSICA I CONTEMPORÀNIA),3,2,0,2,0,1
2024/2025,2024,MÚSICA,SENSE MODALITAT (INTERPRETACIÓ: CLÀSSICA I CONTEMPORÀNIA),4,18,8,10,0,1
2024/2025,2024,MÚSICA,SENSE MODALITAT (INTERPRETACIÓ: JAZZ I MÚSICA MODERNA),1,3,2,1,0,1
2024/2025,2024,MÚSICA,SENSE MODALITAT (INTERPRETACIÓ: JAZZ I MÚSICA MODERNA),2,2,1,1,0,1
2024/2025,2024,MÚSICA,SENSE MODALITAT (INTERPRETACIÓ: JAZZ I MÚSICA MODERNA),3,1,1,0,0,1
2024/2025,2024,MÚSICA,SENSE MODALITAT (INTERPRETACIÓ: JAZZ I MÚSICA MODERNA),4,9,1,8,0,1
2024/2025,2024,MÚSICA,SENSE MODALITAT (INTERPRETACIÓ: MÚSICA ANTIGA),2,1,0,1,0,1
2024/2025,2024,MÚSICA,SENSE MODALITAT (INTERPRETACIÓ: MÚSICA ANTIGA),4,3,1,2,0,1
2024/2025,2024,MÚSICA,SENSE MODALITAT (INTERPRETACIÓ: MÚSICA TRADICIONAL I FLAMENC),1,1,0,1,0,1
2024/2025,2024,MÚSICA,SENSE MODALITAT (INTERPRETACIÓ: MÚSICA TRADICIONAL I FLAMENC),2,2,2,0,0,1
2024/2025,2024,MÚSICA,SENSE MODALITAT (INTERPRETACIÓ: MÚSICA TRADICIONAL I FLAMENC),3,2,1,1,0,1
2024/2025,2024,MÚSICA,SENSE MODALITAT (INTERPRETACIÓ: MÚSICA TRADICIONAL I FLAMENC),4,7,3,4,0,1
2024/2025,2024,MÚSICA,SENSE MODALITAT (MUSICOLOGIA),1,7,4,3,0,1
2024/2025,2024,MÚSICA,SENSE MODALITAT (MUSICOLOGIA),2,4,2,2,0,1
2024/2025,2024,MÚSICA,SENSE MODALITAT (MUSICOLOGIA),3,3,2,1,0,1
2024/2025,2024,MÚSICA,SENSE MODALITAT (MUSICOLOGIA),4,7,5,2,0,1
2024/2025,2024,MÚSICA,SENSE MODALITAT (PEDAGOGIA),1,22,16,6,0,2
2024/2025,2024,MÚSICA,SENSE MODALITAT (PEDAGOGIA),2,30,16,14,0,3
2024/2025,2024,MÚSICA,SENSE MODALITAT (PEDAGOGIA),3,27,18,9,0,3
2024/2025,2024,MÚSICA,SENSE MODALITAT (PEDAGOGIA),4,51,28,23,0,3
2024/2025,2024,MÚSICA,SONOLOGIA,1,14,4,10,0,2
2024/2025,2024,MÚSICA,SONOLOGIA,2,22,4,18,0,2
2024/2025,2024,MÚSICA,SONOLOGIA,3,5,1,4,0,1
2024/2025,2024,MÚSICA,SONOLOGIA,4,6,2,4,0,1
2024/2025,2024,MÚSICA,TECLATS (INTERPRETACIÓ: JAZZ I MÚSICA MODERNA),1,2,2,0,0,1
2024/2025,2024,MÚSICA,TECLATS (INTERPRETACIÓ: JAZZ I MÚSICA MODERNA),2,3,1,2,0,2
2024/2025,2024,MÚSICA,TECLATS (INTERPRETACIÓ: JAZZ I MÚSICA MODERNA),3,1,0,1,0,1
2024/2025,2024,MÚSICA,TECLATS (INTERPRETACIÓ: JAZZ I MÚSICA MODERNA),4,2,0,2,0,1
2024/2025,2024,MÚSICA,TENORA,1,1,1,0,0,1
2024/2025,2024,MÚSICA,TENORA,2,2,0,2,0,2
2024/2025,2024,MÚSICA,TENORA,3,3,1,2,0,1
2024/2025,2024,MÚSICA,TENORA,5,2,2,0,0,1
2024/2025,2024,MÚSICA,TENORA,6,1,1,0,0,1
2024/2025,2024,MÚSICA,TENORA (INTERPRETACIÓ: MÚSICA TRADICIONAL),1,1,0,1,0,1
2024/2025,2024,MÚSICA,TENORA (INTERPRETACIÓ: MÚSICA TRADICIONAL),4,2,0,2,0,1
2024/2025,2024,MÚSICA,TIBLE,2,1,0,1,0,1
2024/2025,2024,MÚSICA,TIBLE,3,1,0,1,0,1
2024/2025,2024,MÚSICA,TIBLE,4,1,0,1,0,1
2024/2025,2024,MÚSICA,TIBLE (INTERPRETACIÓ: MÚSICA TRADICIONAL),2,1,0,1,0,1
2024/2025,2024,MÚSICA,TROMBÓ,1,12,2,10,0,8
2024/2025,2024,MÚSICA,TROMBÓ,2,19,4,15,0,11
2024/2025,2024,MÚSICA,TROMBÓ,3,13,5,8,0,8
2024/2025,2024,MÚSICA,TROMBÓ,4,17,4,13,0,9
2024/2025,2024,MÚSICA,TROMBÓ,5,19,3,16,0,11
2024/2025,2024,MÚSICA,TROMBÓ,6,14,7,7,0,8
2024/2025,2024,MÚSICA,TROMBÓ (INTERPRETACIÓ: CLÀSSICA I CONTEMPORÀNIA),1,6,0,6,0,2
2024/2025,2024,MÚSICA,TROMBÓ (INTERPRETACIÓ: CLÀSSICA I CONTEMPORÀNIA),2,4,1,3,0,2
2024/2025,2024,MÚSICA,TROMBÓ (INTERPRETACIÓ: CLÀSSICA I CONTEMPORÀNIA),3,7,1,6,0,2
2024/2025,2024,MÚSICA,TROMBÓ (INTERPRETACIÓ: CLÀSSICA I CONTEMPORÀNIA),4,2,0,2,0,1
2024/2025,2024,MÚSICA,TROMBÓ (INTERPRETACIÓ: JAZZ I MÚSICA MODERNA),1,3,1,2,0,2
2024/2025,2024,MÚSICA,TROMBÓ (INTERPRETACIÓ: JAZZ I MÚSICA MODERNA),2,3,1,2,0,3
2024/2025,2024,MÚSICA,TROMBÓ (INTERPRETACIÓ: JAZZ I MÚSICA MODERNA),3,2,0,2,0,1
2024/2025,2024,MÚSICA,TROMBÓ-FISCORN BAIX (MÚSICA TRADICIONAL),4,1,1,0,0,1
2024/2025,2024,MÚSICA,TROMPA,1,11,2,9,0,7
2024/2025,2024,MÚSICA,TROMPA,2,15,2,13,0,9
2024/2025,2024,MÚSICA,TROMPA,3,7,5,2,0,3
2024/2025,2024,MÚSICA,TROMPA,4,15,3,12,0,10
2024/2025,2024,MÚSICA,TROMPA,5,14,5,9,0,9
2024/2025,2024,MÚSICA,TROMPA,6,15,6,9,0,11
2024/2025,2024,MÚSICA,TROMPA (INTERPRETACIÓ: CLÀSSICA I CONTEMPORÀNIA),1,9,3,6,0,2
2024/2025,2024,MÚSICA,TROMPA (INTERPRETACIÓ: CLÀSSICA I CONTEMPORÀNIA),2,2,0,2,0,1
2024/2025,2024,MÚSICA,TROMPA (INTERPRETACIÓ: CLÀSSICA I CONTEMPORÀNIA),3,1,1,0,0,1
2024/2025,2024,MÚSICA,TROMPA (INTERPRETACIÓ: CLÀSSICA I CONTEMPORÀNIA),4,3,1,2,0,1
2024/2025,2024,MÚSICA,TROMPA (INTERPRETACIÓ: JAZZ I MÚSICA MODERNA),4,1,0,1,0,1
2024/2025,2024,MÚSICA,TROMPETA,1,21,9,12,0,13
2024/2025,2024,MÚSICA,TROMPETA,2,28,9,19,0,15
2024/2025,2024,MÚSICA,TROMPETA,3,21,7,14,0,13
2024/2025,2024,MÚSICA,TROMPETA,4,18,2,16,0,10
2024/2025,2024,MÚSICA,TROMPETA,5,15,6,9,0,12
2024/2025,2024,MÚSICA,TROMPETA,6,22,3,19,0,10
2024/2025,2024,MÚSICA,TROMPETA (INTERPRETACIÓ: CLÀSSICA I CONTEMPORÀNIA),1,7,1,6,0,2
2024/2025,2024,MÚSICA,TROMPETA (INTERPRETACIÓ: CLÀSSICA I CONTEMPORÀNIA),2,3,1,2,0,1
2024/2025,2024,MÚSICA,TROMPETA (INTERPRETACIÓ: CLÀSSICA I CONTEMPORÀNIA),3,4,2,2,0,2
2024/2025,2024,MÚSICA,TROMPETA (INTERPRETACIÓ: CLÀSSICA I CONTEMPORÀNIA),4,5,0,5,0,2
2024/2025,2024,MÚSICA,TROMPETA (INTERPRETACIÓ: JAZZ I MÚSICA MODERNA),1,3,1,2,0,3
2024/2025,2024,MÚSICA,TROMPETA (INTERPRETACIÓ: JAZZ I MÚSICA MODERNA),2,7,0,7,0,2
2024/2025,2024,MÚSICA,TROMPETA (INTERPRETACIÓ: JAZZ I MÚSICA MODERNA),3,5,3,2,0,2
2024/2025,2024,MÚSICA,TROMPETA (INTERPRETACIÓ: JAZZ I MÚSICA MODERNA),4,9,0,9,0,3
2024/2025,2024,MÚSICA,TUBA,1,3,1,2,0,3
2024/2025,2024,MÚSICA,TUBA,2,5,0,5,0,4
2024/2025,2024,MÚSICA,TUBA,3,8,1,7,0,7
2024/2025,2024,MÚSICA,TUBA,4,5,2,3,0,5
2024/2025,2024,MÚSICA,TUBA,5,5,0,5,0,5
2024/2025,2024,MÚSICA,TUBA,6,5,0,5,0,3
2024/2025,2024,MÚSICA,TUBA (INTERPRETACIÓ: CLÀSSICA I CONTEMPORÀNIA),1,1,0,1,0,1
2024/2025,2024,MÚSICA,TUBA (INTERPRETACIÓ: CLÀSSICA I CONTEMPORÀNIA),2,1,0,1,0,1
2024/2025,2024,MÚSICA,TUBA (INTERPRETACIÓ: CLÀSSICA I CONTEMPORÀNIA),4,2,0,2,0,1
2024/2025,2024,MÚSICA,VIOLA,1,20,14,6,0,11
2024/2025,2024,MÚSICA,VIOLA,2,21,12,9,0,16
2024/2025,2024,MÚSICA,VIOLA,3,16,12,4,0,11
2024/2025,2024,MÚSICA,VIOLA,4,14,8,6,0,9
2024/2025,2024,MÚSICA,VIOLA,5,16,14,2,0,11
2024/2025,2024,MÚSICA,VIOLA,6,24,16,8,0,13
2024/2025,2024,MÚSICA,VIOLA (INTERPRETACIÓ: CLÀSSICA I CONTEMPORÀNIA),1,9,6,3,0,2
2024/2025,2024,MÚSICA,VIOLA (INTERPRETACIÓ: CLÀSSICA I CONTEMPORÀNIA),2,10,6,4,0,2
2024/2025,2024,MÚSICA,VIOLA (INTERPRETACIÓ: CLÀSSICA I CONTEMPORÀNIA),3,5,2,3,0,2
2024/2025,2024,MÚSICA,VIOLA (INTERPRETACIÓ: CLÀSSICA I CONTEMPORÀNIA),4,12,9,3,0,2
2024/2025,2024,MÚSICA,VIOLA DE GAMBA,2,1,0,1,0,1
2024/2025,2024,MÚSICA,VIOLA DE GAMBA (INTERPRETACIÓ: MÚSICA ANTIGA),2,1,1,0,0,1
2024/2025,2024,MÚSICA,VIOLA DE GAMBA (INTERPRETACIÓ: MÚSICA ANTIGA),3,1,1,0,0,1
2024/2025,2024,MÚSICA,VIOLONCEL,1,42,23,19,0,18
2024/2025,2024,MÚSICA,VIOLONCEL,2,39,22,17,0,14
2024/2025,2024,MÚSICA,VIOLONCEL,3,32,18,14,0,14
2024/2025,2024,MÚSICA,VIOLONCEL,4,30,20,10,0,15
2024/2025,2024,MÚSICA,VIOLONCEL,5,25,14,11,0,13
2024/2025,2024,MÚSICA,VIOLONCEL,6,40,30,10,0,19
2024/2025,2024,MÚSICA,VIOLONCEL (INTERPRETACIÓ: CLÀSSICA I CONTEMPORÀNIA),1,6,3,3,0,2
2024/2025,2024,MÚSICA,VIOLONCEL (INTERPRETACIÓ: CLÀSSICA I CONTEMPORÀNIA),2,12,8,4,0,2
2024/2025,2024,MÚSICA,VIOLONCEL (INTERPRETACIÓ: CLÀSSICA I CONTEMPORÀNIA),3,8,4,4,0,2
2024/2025,2024,MÚSICA,VIOLONCEL (INTERPRETACIÓ: CLÀSSICA I CONTEMPORÀNIA),4,21,14,7,0,3
2024/2025,2024,MÚSICA,VIOLONCEL BARROC (INTERPRETACIÓ: MÚSICA ANTIGA),1,1,0,1,0,1
2024/2025,2024,MÚSICA,VIOLONCEL BARROC (INTERPRETACIÓ: MÚSICA ANTIGA),4,1,1,0,0,1
2024/2025,2024,MÚSICA,VIOLÍ,1,75,47,28,0,22
2024/2025,2024,MÚSICA,VIOLÍ,2,93,68,25,0,20
2024/2025,2024,MÚSICA,VIOLÍ,3,87,57,30,0,21
2024/2025,2024,MÚSICA,VIOLÍ,4,75,56,19,0,19
2024/2025,2024,MÚSICA,VIOLÍ,5,96,63,33,0,21
2024/2025,2024,MÚSICA,VIOLÍ,6,95,63,32,0,22
2024/2025,2024,MÚSICA,VIOLÍ (INTERPRETACIÓ: CLÀSSICA I CONTEMPORÀNIA),1,24,14,10,0,2
2024/2025,2024,MÚSICA,VIOLÍ (INTERPRETACIÓ: CLÀSSICA I CONTEMPORÀNIA),2,23,11,12,0,2
2024/2025,2024,MÚSICA,VIOLÍ (INTERPRETACIÓ: CLÀSSICA I CONTEMPORÀNIA),3,25,18,7,0,2
2024/2025,2024,MÚSICA,VIOLÍ (INTERPRETACIÓ: CLÀSSICA I CONTEMPORÀNIA),4,24,12,12,0,2
2024/2025,2024,MÚSICA,VIOLÍ (INTERPRETACIÓ: JAZZ I MÚSICA MODERNA),1,1,0,1,0,1
2024/2025,2024,MÚSICA,VIOLÍ (INTERPRETACIÓ: JAZZ I MÚSICA MODERNA),3,7,4,3,0,2
2024/2025,2024,MÚSICA,VIOLÍ (INTERPRETACIÓ: JAZZ I MÚSICA MODERNA),4,2,1,1,0,2
2024/2025,2024,MÚSICA,VIOLÍ I VIOLA BARROCS (INTERPRETACIÓ: MÚSICA ANTIGA),1,1,0,1,0,1
2024/2025,2024,MÚSICA,VIOLÍ I VIOLA BARROCS (INTERPRETACIÓ: MÚSICA ANTIGA),2,2,1,1,0,1
2024/2025,2024,PROGRAMA DE FORMACIÓ I INSERCIÓ,AUXILIAR D'ACTIVITATS AGROPECUÀRIES,1,16,4,12,1,1
2024/2025,2024,PROGRAMA DE FORMACIÓ I INSERCIÓ,AUXILIAR D'ACTIVITATS AQÜÍCOLES,1,14,2,12,1,1
2024/2025,2024,PROGRAMA DE FORMACIÓ I INSERCIÓ,AUXILIAR D'ACTIVITATS D'OFICINA I DE SERVEIS ADMINISTRATIUS GENERALS,1,284,120,164,15,20
2024/2025,2024,PROGRAMA DE FORMACIÓ I INSERCIÓ,AUXILIAR D'ACTIVITATS ESPORTIVES,1,190,24,166,9,12
2024/2025,2024,PROGRAMA DE FORMACIÓ I INSERCIÓ,AUXILIAR D'ACTIVITATS FORESTALS,1,58,12,46,4,5
2024/2025,2024,PROGRAMA DE FORMACIÓ I INSERCIÓ,AUXILIAR D'ARTS GRÀFIQUES I SERIGRAFIA,1,95,44,51,3,6
2024/2025,2024,PROGRAMA DE FORMACIÓ I INSERCIÓ,AUXILIAR D'HOTELERIA: CUINA I CÀTERING,1,41,9,32,3,3
2024/2025,2024,PROGRAMA DE FORMACIÓ I INSERCIÓ,AUXILIAR D'HOTELERIA: CUINA I SERVEIS DE RESTAURACIÓ,1,495,187,308,32,30
2024/2025,2024,PROGRAMA DE FORMACIÓ I INSERCIÓ,AUXILIAR D'IMATGE PERSONAL: ESTÈTICA,1,30,30,0,2,2
2024/2025,2024,PROGRAMA DE FORMACIÓ I INSERCIÓ,AUXILIAR D'INFORMÀTICA I PRODUCCIÓ DIGITAL,1,16,4,12,1,1
2024/2025,2024,PROGRAMA DE FORMACIÓ I INSERCIÓ,AUXILIAR D'OBRES D'INTERIOR I PINTURA,1,55,2,53,4,4
2024/2025,2024,PROGRAMA DE FORMACIÓ I INSERCIÓ,AUXILIAR D'OPERECIONS EN AEROPORTS,1,16,9,7,1,1
2024/2025,2024,PROGRAMA DE FORMACIÓ I INSERCIÓ,AUXILIAR DE COMERCIALITZACIÓ DE PRODUCTES I LOGÍSTICA,1,96,29,67,7,7
2024/2025,2024,PROGRAMA DE FORMACIÓ I INSERCIÓ,AUXILIAR DE COMERÇ I ATENCIÓ AL PÚBLIC,1,242,110,132,12,16
2024/2025,2024,PROGRAMA DE FORMACIÓ I INSERCIÓ,AUXILIAR DE CONFECCIÓ EN TÈXTIL I PELL,1,31,24,7,2,3
2024/2025,2024,PROGRAMA DE FORMACIÓ I INSERCIÓ,AUXILIAR DE CUINA,1,52,11,41,1,4
2024/2025,2024,PROGRAMA DE FORMACIÓ I INSERCIÓ,AUXILIAR DE FABRICACIÓ MECÀNICA,1,17,1,16,0,1
2024/2025,2024,PROGRAMA DE FORMACIÓ I INSERCIÓ,AUXILIAR DE FABRICACIÓ MECÀNICA I D'AJUST I SOLDADURA,1,131,3,128,9,8
2024/2025,2024,PROGRAMA DE FORMACIÓ I INSERCIÓ,AUXILIAR DE FABRICACIÓ MECÀNICA I INSTAL·LACIONS ELECTROTÈCNIQUES,1,135,8,127,9,9
2024/2025,2024,PROGRAMA DE FORMACIÓ I INSERCIÓ,"AUXILIAR DE FONTANERIA, CALEFACCIÓ I CLIMATITZACIÓ",1,128,2,126,8,9
2024/2025,2024,PROGRAMA DE FORMACIÓ I INSERCIÓ,AUXILIAR DE FUSTERIA METÀL·LICA I PVC,1,28,1,27,2,2
2024/2025,2024,PROGRAMA DE FORMACIÓ I INSERCIÓ,AUXILIAR DE MANTENIMENT D'EMBARCACIONS ESPORTIVES I D'ESBARJO,1,43,0,43,3,3
2024/2025,2024,PROGRAMA DE FORMACIÓ I INSERCIÓ,AUXILIAR DE MANTENIMENT I REPARACIÓ DE CARROSSERIA DE VEHICLES,1,29,0,29,2,2
2024/2025,2024,PROGRAMA DE FORMACIÓ I INSERCIÓ,AUXILIAR DE MANTENIMENT I REPARACIÓ DE VEHICLES DE MOBILITAT PERSONAL,1,83,7,76,6,6
2024/2025,2024,PROGRAMA DE FORMACIÓ I INSERCIÓ,AUXILIAR DE MUNTATGE I MANTENIMENT D'EQUIPS INFORMÀTICS,1,448,47,401,26,30
2024/2025,2024,PROGRAMA DE FORMACIÓ I INSERCIÓ,AUXILIAR DE MUNTATGES D'INSTAL·LACIONS ELECTROTÈCNIQUES EN EDIFICIS,1,175,3,172,10,12
2024/2025,2024,PROGRAMA DE FORMACIÓ I INSERCIÓ,"AUXILIAR DE MUNTATGES D'INSTAL·LACIONS ELÈCTRIQUES, D'AIGUA I GAS",1,391,6,385,27,26
2024/2025,2024,PROGRAMA DE FORMACIÓ I INSERCIÓ,AUXILIAR DE PERRUQUERIA I ESTÈTICA,1,596,486,110,29,26
2024/2025,2024,PROGRAMA DE FORMACIÓ I INSERCIÓ,AUXILIAR DE PINTURA,1,144,10,134,11,11
2024/2025,2024,PROGRAMA DE FORMACIÓ I INSERCIÓ,AUXILIAR DE PREPARACIÓ I COMERCIALITZACIÓ DE PEIX I MARISC,1,41,4,37,3,2
2024/2025,2024,PROGRAMA DE FORMACIÓ I INSERCIÓ,AUXILIAR DE REPARACIÓ I MANTENIMENT DE VEHICLES LLEUGERS,1,312,9,303,11,19
2024/2025,2024,PROGRAMA DE FORMACIÓ I INSERCIÓ,AUXILIAR DE SERRALLERIA I CONSTRUCCIONS METÀL·LIQUES,1,63,1,62,5,5
2024/2025,2024,PROGRAMA DE FORMACIÓ I INSERCIÓ,AUXILIAR DE SERVEIS DE RESTAURACIÓ I CUINA,1,95,45,50,0,5
2024/2025,2024,PROGRAMA DE FORMACIÓ I INSERCIÓ,AUXILIAR DE SUPORT A LES PERSONES EN ACTIVITATS SOCIOESPORTIVES,1,41,6,35,3,3
2024/2025,2024,PROGRAMA DE FORMACIÓ I INSERCIÓ,"AUXILIAR DE VENDES, OFICINA I ATENCIÓ AL PÚBLIC",1,767,344,423,55,55
2024/2025,2024,PROGRAMA DE FORMACIÓ I INSERCIÓ,AUXILIAR DE VIVERS I JARDINS,1,368,37,331,26,26
2024/2025,2024,PROGRAMA DE FORMACIÓ I INSERCIÓ,AUXILIAR EN CENTRES SANITARIS,1,275,166,109,19,19
2024/2025,2024,PROGRAMA DE FORMACIÓ I INSERCIÓ,AUXILIAR EN CONSTRUCCIÓ,1,86,1,85,6,6
2024/2025,2024,PROGRAMA DE FORMACIÓ I INSERCIÓ,AUXILIAR EN ESTABLIMENTS DEL SECTOR CARNI,1,32,1,31,2,1
2024/2025,2024,PROGRAMA DE FORMACIÓ I INSERCIÓ,AUXILIAR EN ESTABLIMENTS HOTELERS I DE RESTAURACIÓ,1,27,5,22,1,2
2024/2025,2024,PROGRAMA DE FORMACIÓ I INSERCIÓ,AUXILIAR EN PASTISSERIA I FORNERIA,1,125,60,65,6,7
2024/2025,2024,PROGRAMA DE FORMACIÓ I INSERCIÓ,AUXILIAR EN TREBALLS DE FUSTERIA I INSTAL·LACIÓ DE MOBLES,1,138,5,133,9,10
2025/2026,2025,ARTS ESCÈNIQUES,ESCM - TÈCNIC D'ANIMACIÓ EN CIRC,1,19,12,7,0,1
2025/2026,2025,ARTS ESCÈNIQUES,ESCM - TÈCNIC D'ANIMACIÓ EN CIRC,2,13,8,5,0,1
2025/2026,2025,ARTS ESCÈNIQUES,ESCM - TÈCNIC DE DANSA URBANA,1,91,79,12,3,6
2025/2026,2025,ARTS ESCÈNIQUES,ESCM - TÈCNIC DE DANSA URBANA,2,97,79,18,2,6
2025/2026,2025,ARTS ESCÈNIQUES,ESCS - LUMINOTÈCNIA PER A LES ARTS ESCÈNIQUES,1,24,10,14,1,2
2025/2026,2025,ARTS ESCÈNIQUES,ESCS - LUMINOTÈCNIA PER A LES ARTS ESCÈNIQUES,2,8,3,5,1,1
2025/2026,2025,ARTS ESCÈNIQUES,ESCS - MAQUINÀRIA ESCÈNICA,1,5,3,2,1,2
2025/2026,2025,ARTS ESCÈNIQUES,ESCS - MAQUINÀRIA ESCÈNICA,2,7,3,4,1,1
2025/2026,2025,ARTS ESCÈNIQUES,ESCS - SONORITZACIÓ PER A LES ARTS ESCÈNIQUES,1,10,3,7,1,2
2025/2026,2025,ARTS ESCÈNIQUES,ESCS - SONORITZACIÓ PER A LES ARTS ESCÈNIQUES,2,5,1,4,1,1
2025/2026,2025,ARTS ESCÈNIQUES,ESCS - TÈCNIC SUPERIOR EN ARTS DEL CIRC,1,12,7,5,0,1
2025/2026,2025,ARTS ESCÈNIQUES,ESCS - TÈCNIC SUPERIOR EN TÈCNIQUES D'ACTUACIÓ TEATRAL,1,90,60,30,8,9
2025/2026,2025,ARTS ESCÈNIQUES,ESCS - TÈCNIC SUPERIOR EN TÈCNIQUES D'ACTUACIÓ TEATRAL,2,119,84,35,7,9
2025/2026,2025,ARTS ESCÈNIQUES,ESCS - TÈCNIC SUPERIOR EN TÈCNIQUES DE DIRECCIÓ CORAL,1,5,2,3,1,1
2025/2026,2025,ARTS PLÀSTIQUES I DISSENY,CFAM - ARTESANIA DE COMPLEMENTS DE CUIR,2,10,9,1,1,1
2025/2026,2025,ARTS PLÀSTIQUES I DISSENY,CFAM - ASSISTÈNCIA AL PRODUCTE GRÀFIC IMPRÈS,1,245,156,89,12,11
2025/2026,2025,ARTS PLÀSTIQUES I DISSENY,CFAM - ASSISTÈNCIA AL PRODUCTE GRÀFIC IMPRÈS,2,275,207,68,12,11
2025/2026,2025,ARTS PLÀSTIQUES I DISSENY,CFAM - ASSISTÈNCIA AL PRODUCTE GRÀFIC IMPRÈS (ASSISTENT DE FOTOGRAFIA),1,23,16,7,2,2
2025/2026,2025,ARTS PLÀSTIQUES I DISSENY,CFAM - ASSISTÈNCIA AL PRODUCTE GRÀFIC IMPRÈS (ASSISTENT DE FOTOGRAFIA),2,32,24,8,2,2
2025/2026,2025,ARTS PLÀSTIQUES I DISSENY,CFAM - ASSISTÈNCIA AL PRODUCTE GRÀFIC INTERACTIU,1,318,187,131,11,15
2025/2026,2025,ARTS PLÀSTIQUES I DISSENY,CFAM - ASSISTÈNCIA AL PRODUCTE GRÀFIC INTERACTIU,2,269,153,116,10,13
2025/2026,2025,ARTS PLÀSTIQUES I DISSENY,CFAM - ASSISTÈNCIA PROD.GRÀFIC INTERACTIU (ASSIS.CREACIÓ I PRODUCCIÓ DE VIDEOJOCS),1,52,27,25,2,1
2025/2026,2025,ARTS PLÀSTIQUES I DISSENY,CFAM - ASSISTÈNCIA PROD.GRÀFIC INTERACTIU (ASSIS.CREACIÓ I PRODUCCIÓ DE VIDEOJOCS),2,53,24,29,2,1
2025/2026,2025,ARTS PLÀSTIQUES I DISSENY,CFAM - DECORACIÓ CERÀMICA,1,23,18,5,2,2
2025/2026,2025,ARTS PLÀSTIQUES I DISSENY,CFAM - DECORACIÓ CERÀMICA,2,4,2,2,1,1
2025/2026,2025,ARTS PLÀSTIQUES I DISSENY,CFAM - ENCASTAMENT,1,30,23,7,1,1
2025/2026,2025,ARTS PLÀSTIQUES I DISSENY,CFAM - ESMALTATGE SOBRE METALLS,1,7,3,4,1,1
2025/2026,2025,ARTS PLÀSTIQUES I DISSENY,CFAM - ESMALTATGE SOBRE METALLS,2,6,4,2,1,1
2025/2026,2025,ARTS PLÀSTIQUES I DISSENY,CFAM - FORJA ARTÍSTICA,1,12,3,9,2,2
2025/2026,2025,ARTS PLÀSTIQUES I DISSENY,CFAM - FORJA ARTÍSTICA,2,13,3,10,2,2
2025/2026,2025,ARTS PLÀSTIQUES I DISSENY,CFAM - GRAVAT ARTÍSTIC SOBRE METALL,2,10,8,2,1,1
2025/2026,2025,ARTS PLÀSTIQUES I DISSENY,CFAM - PROCEDIMENTS DE JOIERIA ARTÍSTICA,1,5,4,1,1,1
2025/2026,2025,ARTS PLÀSTIQUES I DISSENY,CFAM - PROCEDIMENTS DE JOIERIA ARTÍSTICA,2,17,16,1,1,1
2025/2026,2025,ARTS PLÀSTIQUES I DISSENY,CFAM - REPRODUCCIONS ARTÍSTIQUES EN FUSTA,1,5,3,2,1,1
2025/2026,2025,ARTS PLÀSTIQUES I DISSENY,CFAM - REPRODUCCIONS ARTÍSTIQUES EN FUSTA,2,6,5,1,1,1
2025/2026,2025,ARTS PLÀSTIQUES I DISSENY,CFAM - REPRODUCCIONS ARTÍSTIQUES EN FUSTA (CREACIÓ D'OBJECTE I MOBLE),1,18,9,9,1,1
2025/2026,2025,ARTS PLÀSTIQUES I DISSENY,CFAM - REPRODUCCIONS ARTÍSTIQUES EN FUSTA (CREACIÓ D'OBJECTE I MOBLE),2,13,7,6,1,1
2025/2026,2025,ARTS PLÀSTIQUES I DISSENY,CFAM - REVESTIMENTS MURALS,1,73,58,15,3,3
2025/2026,2025,ARTS PLÀSTIQUES I DISSENY,CFAM - REVESTIMENTS MURALS,2,64,55,9,3,3
2025/2026,2025,ARTS PLÀSTIQUES I DISSENY,CFAM - SERIGRAFIA ARTÍSTICA,1,68,46,22,4,4
2025/2026,2025,ARTS PLÀSTIQUES I DISSENY,CFAM - TERRISSERIA,1,10,6,4,1,1
2025/2026,2025,ARTS PLÀSTIQUES I DISSENY,CFAM - TERRISSERIA,2,6,5,1,1,1
2025/2026,2025,ARTS PLÀSTIQUES I DISSENY,CFAS - ANIMACIÓ,1,79,49,30,5,5
2025/2026,2025,ARTS PLÀSTIQUES I DISSENY,CFAS - ANIMACIÓ,2,97,66,31,6,6
2025/2026,2025,ARTS PLÀSTIQUES I DISSENY,CFAS - ANIMACIÓ (VIDEOJOCS I ENTORNS PROFESSIONALS I PROJECTE),2,28,13,15,1,1
2025/2026,2025,ARTS PLÀSTIQUES I DISSENY,CFAS - ANIMACIÓ (VIDEOJOCS I ENTORNS VIRTUALS),1,68,30,38,3,3
2025/2026,2025,ARTS PLÀSTIQUES I DISSENY,CFAS - ANIMACIÓ (VIDEOJOCS I ENTORNS VIRTUALS),2,39,15,24,2,3
2025/2026,2025,ARTS PLÀSTIQUES I DISSENY,CFAS - ARQUITECTURA EFÍMERA,1,38,37,1,3,3
2025/2026,2025,ARTS PLÀSTIQUES I DISSENY,CFAS - ARQUITECTURA EFÍMERA,2,50,41,9,3,3
2025/2026,2025,ARTS PLÀSTIQUES I DISSENY,CFAS - ART FLORAL,1,6,6,0,1,1
2025/2026,2025,ARTS PLÀSTIQUES I DISSENY,CFAS - ART TÈXTIL,1,21,20,1,2,2
2025/2026,2025,ARTS PLÀSTIQUES I DISSENY,CFAS - ART TÈXTIL,2,28,27,1,1,1
2025/2026,2025,ARTS PLÀSTIQUES I DISSENY,CFAS - ARTS APLICADES AL MUR,1,59,43,16,5,5
2025/2026,2025,ARTS PLÀSTIQUES I DISSENY,CFAS - ARTS APLICADES AL MUR,2,88,72,16,5,5
2025/2026,2025,ARTS PLÀSTIQUES I DISSENY,CFAS - CERÀMICA ARTÍSTICA,1,52,43,9,4,4
2025/2026,2025,ARTS PLÀSTIQUES I DISSENY,CFAS - CERÀMICA ARTÍSTICA,2,24,21,3,3,3
2025/2026,2025,ARTS PLÀSTIQUES I DISSENY,CFAS - CERÀMICA ARTÍSTICA (FABRICACIÓ DIGITAL I TÈCNIQUES TRADICIONALS),2,5,4,1,1,1
2025/2026,2025,ARTS PLÀSTIQUES I DISSENY,CFAS - CÒMIC,1,37,23,14,2,2
2025/2026,2025,ARTS PLÀSTIQUES I DISSENY,CFAS - CÒMIC,2,45,29,16,2,2
2025/2026,2025,ARTS PLÀSTIQUES I DISSENY,CFAS - ENQUADERNACIÓ ARTÍSTICA,1,1,0,1,1,1
2025/2026,2025,ARTS PLÀSTIQUES I DISSENY,CFAS - ENQUADERNACIÓ ARTÍSTICA,2,11,11,0,1,1
2025/2026,2025,ARTS PLÀSTIQUES I DISSENY,CFAS - ESCULTURA APLICADA A L'ESPECTACLE,1,16,12,4,2,2
2025/2026,2025,ARTS PLÀSTIQUES I DISSENY,CFAS - ESCULTURA APLICADA A L'ESPECTACLE,2,29,25,4,3,3
2025/2026,2025,ARTS PLÀSTIQUES I DISSENY,CFAS - ESCULTURA APLICADA A L'ESPECTACLE (ENTERTAINMENT ARTS),1,10,9,1,1,1
2025/2026,2025,ARTS PLÀSTIQUES I DISSENY,CFAS - ESCULTURA APLICADA A L'ESPECTACLE (ENTERTAINMENT ARTS),2,8,7,1,1,1
2025/2026,2025,ARTS PLÀSTIQUES I DISSENY,CFAS - ESMALT ARTÍSTIC AL FOC SOBRE METALLS,1,7,5,2,1,1
2025/2026,2025,ARTS PLÀSTIQUES I DISSENY,CFAS - ESMALT ARTÍSTIC AL FOC SOBRE METALLS,2,17,13,4,1,2
2025/2026,2025,ARTS PLÀSTIQUES I DISSENY,CFAS - ESTAMPACIONS I TINTATGES ARTÍSTICS,1,9,9,0,1,1
2025/2026,2025,ARTS PLÀSTIQUES I DISSENY,CFAS - ESTAMPACIONS I TINTATGES ARTÍSTICS,2,8,6,2,1,1
2025/2026,2025,ARTS PLÀSTIQUES I DISSENY,CFAS - ESTILISME D'INDUMENTÀRIA,1,103,85,18,4,5
2025/2026,2025,ARTS PLÀSTIQUES I DISSENY,CFAS - ESTILISME D'INDUMENTÀRIA,2,122,100,22,3,4
2025/2026,2025,ARTS PLÀSTIQUES I DISSENY,CFAS - FOSA ARTÍSTICA,2,6,4,2,0,1
2025/2026,2025,ARTS PLÀSTIQUES I DISSENY,CFAS - FOTOGRAFIA,1,55,41,14,4,4
2025/2026,2025,ARTS PLÀSTIQUES I DISSENY,CFAS - FOTOGRAFIA,2,75,51,24,5,5
2025/2026,2025,ARTS PLÀSTIQUES I DISSENY,CFAS - FOTOGRAFIA (COMUNICACIÓ FOTOGRÀFICA I AUDIOVISUAL),1,12,9,3,1,1
2025/2026,2025,ARTS PLÀSTIQUES I DISSENY,CFAS - GRAVAT I TÈCNIQUES D'ESTAMPACIÓ,1,13,10,3,1,1
2025/2026,2025,ARTS PLÀSTIQUES I DISSENY,CFAS - GRAVAT I TÈCNIQUES D'ESTAMPACIÓ,2,21,18,3,1,1
2025/2026,2025,ARTS PLÀSTIQUES I DISSENY,CFAS - GRÀFICA AUDIOVISUAL,1,34,21,13,2,4
2025/2026,2025,ARTS PLÀSTIQUES I DISSENY,CFAS - GRÀFICA AUDIOVISUAL,2,64,36,28,4,5
2025/2026,2025,ARTS PLÀSTIQUES I DISSENY,CFAS - GRÀFICA AUDIOVISUAL (INFOGRAFIA 3D),1,11,9,2,1,1
2025/2026,2025,ARTS PLÀSTIQUES I DISSENY,CFAS - GRÀFICA AUDIOVISUAL (INFOGRAFIA 3D),2,17,9,8,1,1
2025/2026,2025,ARTS PLÀSTIQUES I DISSENY,CFAS - GRÀFICA AUDIOVISUAL (REALITAT VIRTUAL I GAMIFICACIÓ),1,14,3,11,1,1
2025/2026,2025,ARTS PLÀSTIQUES I DISSENY,CFAS - GRÀFICA AUDIOVISUAL (REALITAT VIRTUAL I GAMIFICACIÓ),2,15,5,10,1,1
2025/2026,2025,ARTS PLÀSTIQUES I DISSENY,CFAS - GRÀFICA IMPRESA,1,66,47,19,4,4
2025/2026,2025,ARTS PLÀSTIQUES I DISSENY,CFAS - GRÀFICA IMPRESA,2,63,43,20,3,3
2025/2026,2025,ARTS PLÀSTIQUES I DISSENY,CFAS - GRÀFICA IMPRESA I PROJECTE,2,18,10,8,1,1
2025/2026,2025,ARTS PLÀSTIQUES I DISSENY,CFAS - GRÀFICA INTERACTIVA,1,75,44,31,5,6
2025/2026,2025,ARTS PLÀSTIQUES I DISSENY,CFAS - GRÀFICA INTERACTIVA,2,77,52,25,5,5
2025/2026,2025,ARTS PLÀSTIQUES I DISSENY,CFAS - GRÀFICA INTERACTIVA (DISSENY WEB I APLICACIONS),1,12,10,2,1,1
2025/2026,2025,ARTS PLÀSTIQUES I DISSENY,CFAS - GRÀFICA INTERACTIVA (DISSENY WEB I APLICACIONS),2,12,8,4,1,1
2025/2026,2025,ARTS PLÀSTIQUES I DISSENY,CFAS - GRÀFICA PUBLICITÀRIA,1,256,181,75,14,14
2025/2026,2025,ARTS PLÀSTIQUES I DISSENY,CFAS - GRÀFICA PUBLICITÀRIA,2,278,183,95,14,14
2025/2026,2025,ARTS PLÀSTIQUES I DISSENY,CFAS - IL·LUSTRACIÓ,1,280,219,61,12,11
2025/2026,2025,ARTS PLÀSTIQUES I DISSENY,CFAS - IL·LUSTRACIÓ,2,276,217,59,12,11
2025/2026,2025,ARTS PLÀSTIQUES I DISSENY,CFAS - JOIERIA ARTÍSTICA,1,86,70,16,5,5
2025/2026,2025,ARTS PLÀSTIQUES I DISSENY,CFAS - JOIERIA ARTÍSTICA,2,116,94,22,5,5
2025/2026,2025,ARTS PLÀSTIQUES I DISSENY,CFAS - MOBLAMENT,2,20,19,1,1,1
2025/2026,2025,ARTS PLÀSTIQUES I DISSENY,CFAS - MODELISME I MATRICERIA CERÀMICA,1,4,3,1,1,1
2025/2026,2025,ARTS PLÀSTIQUES I DISSENY,CFAS - MODELISME I MATRICERIA CERÀMICA,2,7,7,0,1,1
2025/2026,2025,ARTS PLÀSTIQUES I DISSENY,CFAS - MODELISME INDUSTRIAL,1,36,17,19,2,2
2025/2026,2025,ARTS PLÀSTIQUES I DISSENY,CFAS - MODELISME INDUSTRIAL,2,66,36,30,2,2
2025/2026,2025,ARTS PLÀSTIQUES I DISSENY,CFAS - MOTLLES I REPRODUCCIONS ESCULTORIQUES,1,4,2,2,1,1
2025/2026,2025,ARTS PLÀSTIQUES I DISSENY,"CFAS - MOTLLES I REPRODUCCIONS ESCULTÒRIQUES (MODELS 3D, MOTLLES I ART TOYS)",2,4,3,1,1,1
2025/2026,2025,ARTS PLÀSTIQUES I DISSENY,CFAS - PROJECTES I DIRECCIÓ D'OBRES DE DECORACIÓ,1,280,226,54,11,11
2025/2026,2025,ARTS PLÀSTIQUES I DISSENY,CFAS - PROJECTES I DIRECCIÓ D'OBRES DE DECORACIÓ,2,345,278,67,10,11
2025/2026,2025,ARTS PLÀSTIQUES I DISSENY,CFAS - PUNTES ARTÍSTIQUES,2,1,1,0,1,1
2025/2026,2025,ARTS PLÀSTIQUES I DISSENY,CFAS - TECNIQUES ESCULTORIQUES EN PELL,1,8,7,1,1,1
2025/2026,2025,ARTS PLÀSTIQUES I DISSENY,CFAS - TECNIQUES ESCULTORIQUES EN PELL,2,14,11,3,1,1
2025/2026,2025,ARTS PLÀSTIQUES I DISSENY,CFAS - TÈCNIQUES ESCULTÒRIQUES,1,36,21,15,3,3
2025/2026,2025,ARTS PLÀSTIQUES I DISSENY,CFAS - TÈCNIQUES ESCULTÒRIQUES,2,39,25,14,3,4
2025/2026,2025,ARTS PLÀSTIQUES I DISSENY,CFAS - TÈCNIQUES ESCULTÒRIQUES (PROJECTES ESCULTÒRICS AVANÇATS),1,12,7,5,1,1
2025/2026,2025,ARTS PLÀSTIQUES I DISSENY,PROJECTES I DIRECCIÓ D'OBRES DE DECORACIÓ (BIOCONSTRUCCIÓ),1,10,9,1,1,1
2025/2026,2025,ARTS PLÀSTIQUES I DISSENY,PROJECTES I DIRECCIÓ D'OBRES DE DECORACIÓ (BIOCONSTRUCCIÓ),2,7,7,0,1,1
2025/2026,2025,BATXILLERAT,BATXILLERAT D'ARTS,1,3126,2449,677,112,129
2025/2026,2025,BATXILLERAT,BATXILLERAT D'ARTS,2,3135,2497,638,113,134
2025/2026,2025,BATXILLERAT,BATXILLERAT D'HUMANITATS I CIÈNCIES SOCIALS,1,23595,13425,10170,657,717
2025/2026,2025,BATXILLERAT,BATXILLERAT D'HUMANITATS I CIÈNCIES SOCIALS,2,22020,13037,8983,642,720
2025/2026,2025,BATXILLERAT,BATXILLERAT DE CIÈNCIES I TECNOLOGIA,1,25611,12601,13010,661,718
2025/2026,2025,BATXILLERAT,BATXILLERAT DE CIÈNCIES I TECNOLOGIA,2,22621,11058,11563,646,722
2025/2026,2025,BATXILLERAT,BATXILLERAT GENERAL,1,149,71,78,0,9
2025/2026,2025,BATXILLERAT,BATXILLERAT GENERAL,2,109,60,49,0,9
2025/2026,2025,EDUCACIÓ ESPECIAL,EDUCACIÓ ESPECIAL INFANTIL,1,66,26,40,0,25
2025/2026,2025,EDUCACIÓ ESPECIAL,EDUCACIÓ ESPECIAL INFANTIL,2,111,39,72,0,50
2025/2026,2025,EDUCACIÓ ESPECIAL,EDUCACIÓ ESPECIAL INFANTIL,3,191,53,138,0,57
2025/2026,2025,EDUCACIÓ ESPECIAL,EDUCACIÓ ESPECIAL PRIMÀRIA,1,300,72,228,0,70
2025/2026,2025,EDUCACIÓ ESPECIAL,EDUCACIÓ ESPECIAL PRIMÀRIA,2,325,87,238,0,70
2025/2026,2025,EDUCACIÓ ESPECIAL,EDUCACIÓ ESPECIAL PRIMÀRIA,3,314,91,223,0,72
2025/2026,2025,EDUCACIÓ ESPECIAL,EDUCACIÓ ESPECIAL PRIMÀRIA,4,332,102,230,0,76
2025/2026,2025,EDUCACIÓ ESPECIAL,EDUCACIÓ ESPECIAL PRIMÀRIA,5,331,109,222,0,84
2025/2026,2025,EDUCACIÓ ESPECIAL,EDUCACIÓ ESPECIAL PRIMÀRIA,6,373,126,247,0,76
2025/2026,2025,EDUCACIÓ ESPECIAL,EDUCACIÓ ESPECIAL SECUNDÀRIA,1,659,220,439,0,95
2025/2026,2025,EDUCACIÓ ESPECIAL,EDUCACIÓ ESPECIAL SECUNDÀRIA,2,677,208,469,0,91
2025/2026,2025,EDUCACIÓ ESPECIAL,EDUCACIÓ ESPECIAL SECUNDÀRIA,3,655,217,438,0,93
2025/2026,2025,EDUCACIÓ ESPECIAL,EDUCACIÓ ESPECIAL SECUNDÀRIA,4,1806,648,1158,0,96
2025/2026,2025,EDUCACIÓ ESPECIAL,EE PFI - AUXILIAR D'ACTIVITATS AGROPECUÀRIES,1,11,8,3,0,1
2025/2026,2025,EDUCACIÓ ESPECIAL,EE PFI - AUXILIAR D'ACTIVITATS AGROPECUÀRIES,2,5,3,2,0,1
2025/2026,2025,EDUCACIÓ ESPECIAL,EE PFI - AUXILIAR D'ACTIVITATS D'OFICINA I DE SERVEIS ADMINISTRATIUS GENERALS,1,91,37,54,0,10
2025/2026,2025,EDUCACIÓ ESPECIAL,EE PFI - AUXILIAR D'ACTIVITATS D'OFICINA I DE SERVEIS ADMINISTRATIUS GENERALS,2,59,28,31,0,8
2025/2026,2025,EDUCACIÓ ESPECIAL,EE PFI - AUXILIAR D'ACTIVITATS ESPORTIVES,1,13,1,12,0,2
2025/2026,2025,EDUCACIÓ ESPECIAL,EE PFI - AUXILIAR D'ACTIVITATS ESPORTIVES,2,8,0,8,0,1
2025/2026,2025,EDUCACIÓ ESPECIAL,EE PFI - AUXILIAR D'ACTIVITATS FORESTALS,1,12,1,11,0,1
2025/2026,2025,EDUCACIÓ ESPECIAL,EE PFI - AUXILIAR D'ACTIVITATS FORESTALS,2,7,1,6,0,1
2025/2026,2025,EDUCACIÓ ESPECIAL,EE PFI - AUXILIAR D'ARTS GRÀFIQUES I SERIGRAFIA,1,40,15,25,0,5
2025/2026,2025,EDUCACIÓ ESPECIAL,EE PFI - AUXILIAR D'ARTS GRÀFIQUES I SERIGRAFIA,2,35,15,20,0,5
2025/2026,2025,EDUCACIÓ ESPECIAL,EE PFI - AUXILIAR D'HOTELERIA: CUINA I CÀTERING,2,1,1,0,0,1
2025/2026,2025,EDUCACIÓ ESPECIAL,EE PFI - AUXILIAR DE COMERÇ I ATENCIÓ AL PÚBLIC,1,66,19,47,0,7
2025/2026,2025,EDUCACIÓ ESPECIAL,EE PFI - AUXILIAR DE COMERÇ I ATENCIÓ AL PÚBLIC,2,53,22,31,0,7
2025/2026,2025,EDUCACIÓ ESPECIAL,EE PFI - AUXILIAR DE CUINA,1,12,3,9,0,4
2025/2026,2025,EDUCACIÓ ESPECIAL,EE PFI - AUXILIAR DE CUINA,2,15,7,8,0,3
2025/2026,2025,EDUCACIÓ ESPECIAL,EE PFI - AUXILIAR DE FABRICACIÓ MECÀNICA,1,23,0,23,0,3
2025/2026,2025,EDUCACIÓ ESPECIAL,EE PFI - AUXILIAR DE FABRICACIÓ MECÀNICA,2,24,0,24,0,3
2025/2026,2025,EDUCACIÓ ESPECIAL,EE PFI - AUXILIAR DE MUNTATGES D'INSTAL·LACIONS ELECTROTÈCNIQUES EN EDIFICIS,1,4,1,3,0,1
2025/2026,2025,EDUCACIÓ ESPECIAL,EE PFI - AUXILIAR DE MUNTATGES D'INSTAL·LACIONS ELECTROTÈCNIQUES EN EDIFICIS,2,4,1,3,0,1
2025/2026,2025,EDUCACIÓ ESPECIAL,EE PFI - AUXILIAR DE PALETA I CONSTRUCCIÓ,1,3,1,2,0,1
2025/2026,2025,EDUCACIÓ ESPECIAL,EE PFI - AUXILIAR DE PALETA I CONSTRUCCIÓ,2,4,0,4,0,1
2025/2026,2025,EDUCACIÓ ESPECIAL,EE PFI - AUXILIAR DE PINTURA,1,6,2,4,0,1
2025/2026,2025,EDUCACIÓ ESPECIAL,EE PFI - AUXILIAR DE PINTURA,2,1,0,1,0,1
2025/2026,2025,EDUCACIÓ ESPECIAL,EE PFI - AUXILIAR DE SERVEIS DE RESTAURACIÓ I CUINA,1,57,20,37,0,5
2025/2026,2025,EDUCACIÓ ESPECIAL,EE PFI - AUXILIAR DE SERVEIS DE RESTAURACIÓ I CUINA,2,52,25,27,0,6
2025/2026,2025,EDUCACIÓ ESPECIAL,EE PFI - AUXILIAR DE VIVERS I JARDINS,1,48,3,45,0,7
2025/2026,2025,EDUCACIÓ ESPECIAL,EE PFI - AUXILIAR DE VIVERS I JARDINS,2,29,3,26,0,6
2025/2026,2025,EDUCACIÓ ESPECIAL,EE PFI - AUXILIAR EN ESTABLIMENTS HOTELERS I DE RESTAURACIÓ,1,31,12,19,0,4
2025/2026,2025,EDUCACIÓ ESPECIAL,EE PFI - AUXILIAR EN ESTABLIMENTS HOTELERS I DE RESTAURACIÓ,2,20,11,9,0,4
2025/2026,2025,EDUCACIÓ ESPECIAL,EE PFI - AUXILIAR EN PASTISSERIA I FORNERIA,1,16,8,8,0,2
2025/2026,2025,EDUCACIÓ ESPECIAL,EE PFI - AUXILIAR EN PASTISSERIA I FORNERIA,2,13,7,6,0,2
2025/2026,2025,EDUCACIÓ ESPECIAL,EE PFI - AUXILIAR EN TREBALLS DE FUSTERIA I INSTAL·LACIÓ DE MOBLES,1,49,7,42,0,7
2025/2026,2025,EDUCACIÓ ESPECIAL,EE PFI - AUXILIAR EN TREBALLS DE FUSTERIA I INSTAL·LACIÓ DE MOBLES,2,31,3,28,0,7
2025/2026,2025,EDUCACIÓ ESPECIAL,PROGRAMA DE FORMACIÓ PER A LA TRANSICIÓ A LA VIDA ADULTA,1,70,22,48,0,11
2025/2026,2025,EDUCACIÓ ESPECIAL,PROGRAMA DE FORMACIÓ PER A LA TRANSICIÓ A LA VIDA ADULTA,2,66,25,41,0,10
2025/2026,2025,EDUCACIÓ INFANTIL,EDUCACIÓ INFANTIL: LLAR D'INFANTS,1,6380,3081,3298,849,1058
2025/2026,2025,EDUCACIÓ INFANTIL,EDUCACIÓ INFANTIL: LLAR D'INFANTS,2,26886,12947,13939,1733,1521
2025/2026,2025,EDUCACIÓ INFANTIL,EDUCACIÓ INFANTIL: LLAR D'INFANTS,3,39535,19167,20368,2034,1541
2025/2026,2025,EDUCACIÓ INFANTIL,EDUCACIÓ INFANTIL: PARVULARI,1,55767,27033,28732,3090,2249
2025/2026,2025,EDUCACIÓ INFANTIL,EDUCACIÓ INFANTIL: PARVULARI,2,58747,28658,30089,3093,2259
2025/2026,2025,EDUCACIÓ INFANTIL,EDUCACIÓ INFANTIL: PARVULARI,3,60199,29631,30568,3307,2254
2025/2026,2025,EDUCACIÓ INFANTIL,LLAR D'INFANTS,1,73,44,29,0,16
2025/2026,2025,EDUCACIÓ INFANTIL,LLAR D'INFANTS,2,290,118,172,0,23
2025/2026,2025,EDUCACIÓ INFANTIL,LLAR D'INFANTS,3,379,184,195,0,23
2025/2026,2025,EDUCACIÓ PRIMÀRIA,EDUCACIÓ PRIMÀRIA,1,63649,31130,32519,3237,2252
2025/2026,2025,EDUCACIÓ PRIMÀRIA,EDUCACIÓ PRIMÀRIA,2,67854,33171,34683,3160,2254
2025/2026,2025,EDUCACIÓ PRIMÀRIA,EDUCACIÓ PRIMÀRIA,3,71854,35055,36799,3263,2259
2025/2026,2025,EDUCACIÓ PRIMÀRIA,EDUCACIÓ PRIMÀRIA,4,75339,36869,38469,3296,2260
2025/2026,2025,EDUCACIÓ PRIMÀRIA,EDUCACIÓ PRIMÀRIA,5,77787,37830,39957,3288,2262
2025/2026,2025,EDUCACIÓ PRIMÀRIA,EDUCACIÓ PRIMÀRIA,6,79464,38489,40973,3600,2252
2025/2026,2025,EDUCACIÓ SECUNDÀRIA OBLIGATÒRIA,EDUCACIÓ SECUNDÀRIA OBLIGATÒRIA,1,80246,38657,41589,2908,1155
2025/2026,2025,EDUCACIÓ SECUNDÀRIA OBLIGATÒRIA,EDUCACIÓ SECUNDÀRIA OBLIGATÒRIA,2,84821,40967,43854,2976,1154
2025/2026,2025,EDUCACIÓ SECUNDÀRIA OBLIGATÒRIA,EDUCACIÓ SECUNDÀRIA OBLIGATÒRIA,3,86903,42162,44741,3010,1155
2025/2026,2025,EDUCACIÓ SECUNDÀRIA OBLIGATÒRIA,EDUCACIÓ SECUNDÀRIA OBLIGATÒRIA,4,87843,42483,45360,3070,1151
2025/2026,2025,ENSENYAMENTS D'IDIOMES,ALEMANY - C1,1,149,90,59,6,7
2025/2026,2025,ENSENYAMENTS D'IDIOMES,ALEMANY - NIVELL AVANÇAT,1,383,221,162,32,25
2025/2026,2025,ENSENYAMENTS D'IDIOMES,ALEMANY - NIVELL AVANÇAT,2,313,180,133,26,24
2025/2026,2025,ENSENYAMENTS D'IDIOMES,ALEMANY - NIVELL BÀSIC,1,1558,853,705,82,31
2025/2026,2025,ENSENYAMENTS D'IDIOMES,ALEMANY - NIVELL BÀSIC,2,860,462,398,68,31
2025/2026,2025,ENSENYAMENTS D'IDIOMES,ALEMANY - NIVELL INTERMEDI,1,681,396,285,49,30
2025/2026,2025,ENSENYAMENTS D'IDIOMES,ANGLÈS - C1,1,3348,2111,1237,143,45
2025/2026,2025,ENSENYAMENTS D'IDIOMES,ANGLÈS - C2,1,560,373,187,0,14
2025/2026,2025,ENSENYAMENTS D'IDIOMES,ANGLÈS - C2,2,354,239,115,0,15
2025/2026,2025,ENSENYAMENTS D'IDIOMES,ANGLÈS - NIVELL AVANÇAT,1,3337,2125,1212,173,45
2025/2026,2025,ENSENYAMENTS D'IDIOMES,ANGLÈS - NIVELL AVANÇAT,2,3531,2234,1297,180,45
2025/2026,2025,ENSENYAMENTS D'IDIOMES,ANGLÈS - NIVELL BÀSIC,1,2681,1723,958,114,43
2025/2026,2025,ENSENYAMENTS D'IDIOMES,ANGLÈS - NIVELL BÀSIC,2,3355,2071,1284,155,45
2025/2026,2025,ENSENYAMENTS D'IDIOMES,ANGLÈS - NIVELL INTERMEDI,1,3634,2334,1300,185,45
2025/2026,2025,ENSENYAMENTS D'IDIOMES,CATALÀ PER A NO CATALANOPARLANTS - C1,1,201,137,64,4,8
2025/2026,2025,ENSENYAMENTS D'IDIOMES,CATALÀ PER A NO CATALANOPARLANTS - C2,1,1382,999,383,16,21
2025/2026,2025,ENSENYAMENTS D'IDIOMES,CATALÀ PER A NO CATALANOPARLANTS - NIVELL AVANÇAT,1,125,88,37,6,6
2025/2026,2025,ENSENYAMENTS D'IDIOMES,CATALÀ PER A NO CATALANOPARLANTS - NIVELL BÀSIC,1,249,155,94,13,7
2025/2026,2025,ENSENYAMENTS D'IDIOMES,CATALÀ PER A NO CATALANOPARLANTS - NIVELL BÀSIC,2,168,111,57,10,7
2025/2026,2025,ENSENYAMENTS D'IDIOMES,CATALÀ PER A NO CATALANOPARLANTS - NIVELL INTERMEDI,1,120,90,30,9,6
2025/2026,2025,ENSENYAMENTS D'IDIOMES,COREÀ - NIVELL BÀSIC,1,86,72,14,3,1
2025/2026,2025,ENSENYAMENTS D'IDIOMES,COREÀ - NIVELL BÀSIC,2,53,41,12,2,1
2025/2026,2025,ENSENYAMENTS D'IDIOMES,COREÀ - NIVELL INTERMEDI,1,29,26,3,1,1
2025/2026,2025,ENSENYAMENTS D'IDIOMES,COREÀ - NIVELL INTERMEDI,2,15,13,2,1,1
2025/2026,2025,ENSENYAMENTS D'IDIOMES,ESPANYOL - C1,1,59,37,22,0,2
2025/2026,2025,ENSENYAMENTS D'IDIOMES,ESPANYOL PER A PERSONES ESTRANGERES - NIVELL AVANÇAT,1,314,241,73,6,5
2025/2026,2025,ENSENYAMENTS D'IDIOMES,ESPANYOL PER A PERSONES ESTRANGERES - NIVELL AVANÇAT,2,201,160,41,4,5
2025/2026,2025,ENSENYAMENTS D'IDIOMES,ESPANYOL PER A PERSONES ESTRANGERES - NIVELL BÀSIC,1,560,332,228,4,5
2025/2026,2025,ENSENYAMENTS D'IDIOMES,ESPANYOL PER A PERSONES ESTRANGERES - NIVELL BÀSIC,2,634,456,178,13,5
2025/2026,2025,ENSENYAMENTS D'IDIOMES,ESPANYOL PER A PERSONES ESTRANGERES - NIVELL INTERMEDI,1,514,396,118,14,5
2025/2026,2025,ENSENYAMENTS D'IDIOMES,FRANCÈS - C1,1,376,249,127,16,15
2025/2026,2025,ENSENYAMENTS D'IDIOMES,FRANCÈS - NIVELL AVANÇAT,1,665,437,228,43,34
2025/2026,2025,ENSENYAMENTS D'IDIOMES,FRANCÈS - NIVELL AVANÇAT,2,551,347,204,39,32
2025/2026,2025,ENSENYAMENTS D'IDIOMES,FRANCÈS - NIVELL BÀSIC,1,1654,1055,599,94,39
2025/2026,2025,ENSENYAMENTS D'IDIOMES,FRANCÈS - NIVELL BÀSIC,2,1336,870,466,83,39
2025/2026,2025,ENSENYAMENTS D'IDIOMES,FRANCÈS - NIVELL INTERMEDI,1,1111,718,393,72,39
2025/2026,2025,ENSENYAMENTS D'IDIOMES,GREC - NIVELL AVANÇAT,1,30,17,13,1,1
2025/2026,2025,ENSENYAMENTS D'IDIOMES,GREC - NIVELL AVANÇAT,2,21,12,9,0,1
2025/2026,2025,ENSENYAMENTS D'IDIOMES,GREC - NIVELL BÀSIC,1,42,20,22,2,1
2025/2026,2025,ENSENYAMENTS D'IDIOMES,GREC - NIVELL BÀSIC,2,34,20,14,1,1
2025/2026,2025,ENSENYAMENTS D'IDIOMES,GREC - NIVELL INTERMEDI,1,34,20,14,1,1
2025/2026,2025,ENSENYAMENTS D'IDIOMES,ITALIÀ - C1,1,76,54,22,0,3
2025/2026,2025,ENSENYAMENTS D'IDIOMES,ITALIÀ - NIVELL AVANÇAT,1,171,116,55,9,6
2025/2026,2025,ENSENYAMENTS D'IDIOMES,ITALIÀ - NIVELL AVANÇAT,2,125,85,40,7,6
2025/2026,2025,ENSENYAMENTS D'IDIOMES,ITALIÀ - NIVELL BÀSIC,1,541,343,198,21,7
2025/2026,2025,ENSENYAMENTS D'IDIOMES,ITALIÀ - NIVELL BÀSIC,2,323,203,120,16,7
2025/2026,2025,ENSENYAMENTS D'IDIOMES,ITALIÀ - NIVELL INTERMEDI,1,267,161,106,10,7
2025/2026,2025,ENSENYAMENTS D'IDIOMES,JAPONÈS - NIVELL AVANÇAT,1,26,9,17,1,1
2025/2026,2025,ENSENYAMENTS D'IDIOMES,JAPONÈS - NIVELL AVANÇAT,2,12,4,8,1,1
2025/2026,2025,ENSENYAMENTS D'IDIOMES,JAPONÈS - NIVELL BÀSIC,1,175,84,91,6,1
2025/2026,2025,ENSENYAMENTS D'IDIOMES,JAPONÈS - NIVELL BÀSIC,2,111,46,65,4,1
2025/2026,2025,ENSENYAMENTS D'IDIOMES,JAPONÈS - NIVELL INTERMEDI,1,63,30,33,2,1
2025/2026,2025,ENSENYAMENTS D'IDIOMES,JAPONÈS - NIVELL INTERMEDI,2,43,21,22,2,1
2025/2026,2025,ENSENYAMENTS D'IDIOMES,NEERLANDÈS - NIVELL AVANÇAT,1,12,7,5,1,1
2025/2026,2025,ENSENYAMENTS D'IDIOMES,NEERLANDÈS - NIVELL AVANÇAT,2,8,4,4,1,1
2025/2026,2025,ENSENYAMENTS D'IDIOMES,NEERLANDÈS - NIVELL BÀSIC,1,30,23,7,2,1
2025/2026,2025,ENSENYAMENTS D'IDIOMES,NEERLANDÈS - NIVELL BÀSIC,2,18,12,6,1,1
2025/2026,2025,ENSENYAMENTS D'IDIOMES,NEERLANDÈS - NIVELL INTERMEDI,1,17,10,7,1,1
2025/2026,2025,ENSENYAMENTS D'IDIOMES,PORTUGUÈS - NIVELL AVANÇAT,1,9,5,4,1,1
2025/2026,2025,ENSENYAMENTS D'IDIOMES,PORTUGUÈS - NIVELL AVANÇAT,2,7,0,7,1,1
2025/2026,2025,ENSENYAMENTS D'IDIOMES,PORTUGUÈS - NIVELL BÀSIC,1,54,24,30,2,1
2025/2026,2025,ENSENYAMENTS D'IDIOMES,PORTUGUÈS - NIVELL BÀSIC,2,28,12,16,1,1
2025/2026,2025,ENSENYAMENTS D'IDIOMES,PORTUGUÈS - NIVELL INTERMEDI,1,30,14,16,1,1
2025/2026,2025,ENSENYAMENTS D'IDIOMES,RUS - NIVELL AVANÇAT,1,22,12,10,1,2
2025/2026,2025,ENSENYAMENTS D'IDIOMES,RUS - NIVELL AVANÇAT,2,22,10,12,1,2
2025/2026,2025,ENSENYAMENTS D'IDIOMES,RUS - NIVELL BÀSIC,1,148,55,93,13,5
2025/2026,2025,ENSENYAMENTS D'IDIOMES,RUS - NIVELL BÀSIC,2,85,35,50,7,4
2025/2026,2025,ENSENYAMENTS D'IDIOMES,RUS - NIVELL INTERMEDI,1,61,24,37,7,5
2025/2026,2025,ENSENYAMENTS D'IDIOMES,RUS - NIVELL INTERMEDI,2,54,26,28,6,4
2025/2026,2025,ENSENYAMENTS D'IDIOMES,XINÈS - NIVELL AVANÇAT,1,10,6,4,1,1
2025/2026,2025,ENSENYAMENTS D'IDIOMES,XINÈS - NIVELL AVANÇAT,2,6,2,4,1,1
2025/2026,2025,ENSENYAMENTS D'IDIOMES,XINÈS - NIVELL BÀSIC,1,166,76,90,6,1
2025/2026,2025,ENSENYAMENTS D'IDIOMES,XINÈS - NIVELL BÀSIC,2,63,35,28,3,1
2025/2026,2025,ENSENYAMENTS D'IDIOMES,XINÈS - NIVELL INTERMEDI,1,24,10,14,2,1
2025/2026,2025,ENSENYAMENTS D'IDIOMES,XINÈS - NIVELL INTERMEDI,2,35,19,16,2,1
2025/2026,2025,ENSENYAMENTS D'IDIOMES,ÀRAB - NIVELL AVANÇAT,1,14,6,8,0,1
2025/2026,2025,ENSENYAMENTS D'IDIOMES,ÀRAB - NIVELL AVANÇAT,2,17,7,10,0,1
2025/2026,2025,ENSENYAMENTS D'IDIOMES,ÀRAB - NIVELL BÀSIC,1,281,163,118,15,5
2025/2026,2025,ENSENYAMENTS D'IDIOMES,ÀRAB - NIVELL BÀSIC,2,129,80,49,11,5
2025/2026,2025,ENSENYAMENTS D'IDIOMES,ÀRAB - NIVELL INTERMEDI,1,64,41,23,6,4
2025/2026,2025,ENSENYAMENTS D'IDIOMES,ÀRAB - NIVELL INTERMEDI,2,33,17,16,3,2
2025/2026,2025,ENSENYAMENTS D'IDIOMES,ÈUSCAR - NIVELL AVANÇAT,1,9,4,5,0,1
2025/2026,2025,ENSENYAMENTS D'IDIOMES,ÈUSCAR - NIVELL AVANÇAT,2,10,5,5,0,1
2025/2026,2025,ENSENYAMENTS D'IDIOMES,ÈUSCAR - NIVELL BÀSIC,1,60,33,27,2,1
2025/2026,2025,ENSENYAMENTS D'IDIOMES,ÈUSCAR - NIVELL BÀSIC,2,26,18,8,1,1
2025/2026,2025,ENSENYAMENTS D'IDIOMES,ÈUSCAR - NIVELL INTERMEDI,1,25,9,16,1,1
2025/2026,2025,FORMACIÓ PROFESSIONAL,CFPB - ACCÉS I CONSERVACIÓ EN INSTAL·LACIONS ESPORTIVES,1,116,15,101,7,7
2025/2026,2025,FORMACIÓ PROFESSIONAL,CFPB - ACCÉS I CONSERVACIÓ EN INSTAL·LACIONS ESPORTIVES,2,35,3,32,3,3
2025/2026,2025,FORMACIÓ PROFESSIONAL,CFPB - ACTIVITATS DOMÈSTIQUES I NETEJA D'EDIFICIS,1,54,15,39,4,4
2025/2026,2025,FORMACIÓ PROFESSIONAL,CFPB - ACTIVITATS DOMÈSTIQUES I NETEJA D'EDIFICIS,2,12,6,6,2,2
2025/2026,2025,FORMACIÓ PROFESSIONAL,CFPB - AGROJARDINERIA I COMPOSICIONS FLORALS,1,23,4,19,2,2
2025/2026,2025,FORMACIÓ PROFESSIONAL,CFPB - AGROJARDINERIA I COMPOSICIONS FLORALS,2,6,3,3,1,1
2025/2026,2025,FORMACIÓ PROFESSIONAL,CFPB - CUINA I RESTAURACIÓ,1,128,52,76,7,7
2025/2026,2025,FORMACIÓ PROFESSIONAL,CFPB - CUINA I RESTAURACIÓ,2,9,2,7,1,1
2025/2026,2025,FORMACIÓ PROFESSIONAL,CFPB - EN ELECTRICITAT I ELECTRÒNICA,1,219,9,210,13,13
2025/2026,2025,FORMACIÓ PROFESSIONAL,CFPB - EN ELECTRICITAT I ELECTRÒNICA,2,41,1,40,4,4
2025/2026,2025,FORMACIÓ PROFESSIONAL,CFPB - EN FABRICACIÓ MECÀNICA,1,96,9,87,6,6
2025/2026,2025,FORMACIÓ PROFESSIONAL,CFPB - EN FABRICACIÓ MECÀNICA,2,33,4,29,3,3
2025/2026,2025,FORMACIÓ PROFESSIONAL,CFPB - EN PERRUQUERIA I ESTÈTICA,1,111,99,12,6,6
2025/2026,2025,FORMACIÓ PROFESSIONAL,CFPB - EN PERRUQUERIA I ESTÈTICA,2,60,49,11,5,5
2025/2026,2025,FORMACIÓ PROFESSIONAL,CFPB - EN SERVEIS ADMINISTRATIUS,1,252,132,120,16,16
2025/2026,2025,FORMACIÓ PROFESSIONAL,CFPB - EN SERVEIS ADMINISTRATIUS,2,86,34,52,8,8
2025/2026,2025,FORMACIÓ PROFESSIONAL,CFPB - FUSTERIA I MOBLE,1,19,0,19,1,1
2025/2026,2025,FORMACIÓ PROFESSIONAL,CFPB - INFORMÀTICA D'OFICINA,1,330,53,277,22,22
2025/2026,2025,FORMACIÓ PROFESSIONAL,CFPB - INFORMÀTICA D'OFICINA,2,152,17,135,15,15
2025/2026,2025,FORMACIÓ PROFESSIONAL,CFPB - MANTENIMENT DE VEHICLES,1,57,0,57,3,3
2025/2026,2025,FORMACIÓ PROFESSIONAL,CFPB - REFORMA I MANTENIMENT D'EDIFICIS,1,25,3,22,2,2
2025/2026,2025,FORMACIÓ PROFESSIONAL,CFPB - REFORMA I MANTENIMENT D'EDIFICIS,2,5,0,5,1,1
2025/2026,2025,FORMACIÓ PROFESSIONAL,CFPB - SERVEIS COMERCIALS,1,158,64,94,11,11
2025/2026,2025,FORMACIÓ PROFESSIONAL,CFPB - SERVEIS COMERCIALS,2,80,29,51,7,7
2025/2026,2025,FORMACIÓ PROFESSIONAL,EFPM - CURS D'ESPECIALITZACIÓ EN FORNERIA I BRIOIXERIA ARTESANAL,1,22,8,14,3,3
2025/2026,2025,FORMACIÓ PROFESSIONAL,EFPM - CURS D'ESPECIALITZACIÓ EN INSTAL·LACIÓ I MANTENIMENT DE SISTEMES CONNECTATS A INTERNET (IOT),1,3,0,3,1,1
2025/2026,2025,FORMACIÓ PROFESSIONAL,EFPM - CURS D'ESPECIALITZACIÓ EN MANTENIMENT DE VEHICLES HÍBRIDS I ELÈCTRICS,1,34,0,34,4,5
2025/2026,2025,FORMACIÓ PROFESSIONAL,EFPM - FLORISTERIA I ART FLORAL,1,4,3,1,1,1
2025/2026,2025,FORMACIÓ PROFESSIONAL,EFPS - CURS D'ESPECIALITZACIÓ EN AERONAUS PILOTADES DE FORMA REMOTA-DRONS,1,12,1,11,3,3
2025/2026,2025,FORMACIÓ PROFESSIONAL,EFPS - CURS D'ESPECIALITZACIÓ EN AUDIODESCRIPCIÓ I SUBTITULACIÓ,1,8,5,3,1,1
2025/2026,2025,FORMACIÓ PROFESSIONAL,EFPS - CURS D'ESPECIALITZACIÓ EN CIBERSEGURETAT EN ENTORNS DE TECNOLOGIES D'OPERACIÓ,1,12,0,12,1,1
2025/2026,2025,FORMACIÓ PROFESSIONAL,EFPS - CURS D'ESPECIALITZACIÓ EN CIBERSEGURETAT EN ENTORNS DE TECNOLOGIES DE LA INFORMACIÓ,1,260,15,245,7,11
2025/2026,2025,FORMACIÓ PROFESSIONAL,EFPS - CURS D'ESPECIALITZACIÓ EN CULTIUS CEL·LULARS,1,59,45,14,4,4
2025/2026,2025,FORMACIÓ PROFESSIONAL,EFPS - CURS D'ESPECIALITZACIÓ EN DESENVOLUPAMENT D'APLICACIONS EN LLENGUATGE PYTHON,1,5,1,4,1,1
2025/2026,2025,FORMACIÓ PROFESSIONAL,EFPS - CURS D'ESPECIALITZACIÓ EN DESENVOLUPAMENT DE VIDEOJOCS I REALITAT VIRTUAL,1,57,6,51,5,6
2025/2026,2025,FORMACIÓ PROFESSIONAL,EFPS - CURS D'ESPECIALITZACIÓ EN DIGITALITZACIÓ DEL MANTENIMENT INDUSTRIAL,1,1,0,1,1,1
2025/2026,2025,FORMACIÓ PROFESSIONAL,EFPS - CURS D'ESPECIALITZACIÓ EN FABRICACIÓ ADDITIVA,1,35,7,28,4,4
2025/2026,2025,FORMACIÓ PROFESSIONAL,EFPS - CURS D'ESPECIALITZACIÓ EN FABRICACIÓ INTEL·LIGENT,1,30,3,27,5,5
2025/2026,2025,FORMACIÓ PROFESSIONAL,EFPS - CURS D'ESPECIALITZACIÓ EN INSPECCIÓ TÈCNICA I PERITATGE DE SINISTRES EN VEHICLES,1,5,1,4,2,2
2025/2026,2025,FORMACIÓ PROFESSIONAL,EFPS - CURS D'ESPECIALITZACIÓ EN INTEL·LIGÈNCIA ARTIFICIAL I BIG DATA,1,130,6,124,3,7
2025/2026,2025,FORMACIÓ PROFESSIONAL,EFPS - CURS D'ESPECIALITZACIÓ EN MANTENIMENT AVANÇAT DE SISTEMES DE MATERIAL RODANT FERROVIARI,1,18,2,16,1,1
2025/2026,2025,FORMACIÓ PROFESSIONAL,EFPS - CURS D'ESPECIALITZACIÓ EN MANTENIMENT I SEGURETAT EN SISTEMES DE VEHICLES HÍBRIDS I ELÈCTRICS,1,21,0,21,2,3
2025/2026,2025,FORMACIÓ PROFESSIONAL,EFPS - CURS D'ESPECIALITZACIÓ EN MODELATGE DE LA INFORMACIÓ EN LA CONSTRUCCIÓ (BIM),1,43,13,30,3,3
2025/2026,2025,FORMACIÓ PROFESSIONAL,EFPS - CURS D'ESPECIALITZACIÓ EN REDACCIÓ DE CONTINGUTS DIGITALS PER A MÀRQUETING I VENDES,1,3,1,2,1,1
2025/2026,2025,FORMACIÓ PROFESSIONAL,EFPS - CURS D'ESPECIALITZACIÓ EN ROBÒTICA COL·LABORATIVA,1,37,3,34,4,4
2025/2026,2025,FORMACIÓ PROFESSIONAL,EFPS - CURS D'ESPECIALITZACIÓ EN SISTEMES DE SENYALITZACIÓ I TELECOMUNICACIONS FERROVIÀRIES,1,1,0,1,1,1
2025/2026,2025,ITINERARIS FORMATIUS ESPECÍFICS,AUXILIAR EN MANTENIMENT D'INSTAL·LACIONS ESPORTIVES,1,151,30,121,0,18
2025/2026,2025,ITINERARIS FORMATIUS ESPECÍFICS,AUXILIAR EN MANTENIMENT D'INSTAL·LACIONS ESPORTIVES,2,111,21,90,0,15
2025/2026,2025,ITINERARIS FORMATIUS ESPECÍFICS,AUXILIAR EN MANTENIMENT D'INSTAL·LACIONS ESPORTIVES,3,93,19,74,0,14
2025/2026,2025,ITINERARIS FORMATIUS ESPECÍFICS,AUXILIAR EN MANTENIMENT D'INSTAL·LACIONS ESPORTIVES,4,101,24,77,0,15
2025/2026,2025,ITINERARIS FORMATIUS ESPECÍFICS,IFE - AUXILIAR EN CURA D'ANIMALS I ESPAIS VERDS,1,139,44,95,0,13
2025/2026,2025,ITINERARIS FORMATIUS ESPECÍFICS,IFE - AUXILIAR EN CURA D'ANIMALS I ESPAIS VERDS,2,106,30,76,0,13
2025/2026,2025,ITINERARIS FORMATIUS ESPECÍFICS,IFE - AUXILIAR EN CURA D'ANIMALS I ESPAIS VERDS,3,95,33,62,0,12
2025/2026,2025,ITINERARIS FORMATIUS ESPECÍFICS,IFE - AUXILIAR EN CURA D'ANIMALS I ESPAIS VERDS,4,88,36,52,0,12
2025/2026,2025,ITINERARIS FORMATIUS ESPECÍFICS,IFE - AUXILIAR EN SERVEIS DE RESTAURACIÓ I ELABORACIÓ D'ÀPATS,1,108,53,55,0,13
2025/2026,2025,ITINERARIS FORMATIUS ESPECÍFICS,IFE - AUXILIAR EN SERVEIS DE RESTAURACIÓ I ELABORACIÓ D'ÀPATS,2,85,31,54,0,9
2025/2026,2025,ITINERARIS FORMATIUS ESPECÍFICS,IFE - AUXILIAR EN SERVEIS DE RESTAURACIÓ I ELABORACIÓ D'ÀPATS,3,55,26,29,0,7
2025/2026,2025,ITINERARIS FORMATIUS ESPECÍFICS,IFE - AUXILIAR EN SERVEIS DE RESTAURACIÓ I ELABORACIÓ D'ÀPATS,4,36,16,20,0,4
2025/2026,2025,ITINERARIS FORMATIUS ESPECÍFICS,IFE - AUXILIAR EN VENDES I ATENCIÓ AL PÚBLIC,1,235,104,131,0,26
2025/2026,2025,ITINERARIS FORMATIUS ESPECÍFICS,IFE - AUXILIAR EN VENDES I ATENCIÓ AL PÚBLIC,2,194,98,96,0,23
2025/2026,2025,ITINERARIS FORMATIUS ESPECÍFICS,IFE - AUXILIAR EN VENDES I ATENCIÓ AL PÚBLIC,3,170,75,95,0,21
2025/2026,2025,ITINERARIS FORMATIUS ESPECÍFICS,IFE - AUXILIAR EN VENDES I ATENCIÓ AL PÚBLIC,4,144,63,81,0,20
2025/2026,2025,PROGRAMA DE FORMACIÓ I INSERCIÓ,AUXILIAR D'ACTIVITATS AGROPECUÀRIES,1,12,2,10,1,1
2025/2026,2025,PROGRAMA DE FORMACIÓ I INSERCIÓ,AUXILIAR D'ACTIVITATS AQÜÍCOLES,1,11,2,9,1,1
2025/2026,2025,PROGRAMA DE FORMACIÓ I INSERCIÓ,AUXILIAR D'ACTIVITATS D'OFICINA I DE SERVEIS ADMINISTRATIUS GENERALS,1,329,148,181,18,23
2025/2026,2025,PROGRAMA DE FORMACIÓ I INSERCIÓ,AUXILIAR D'ACTIVITATS ESPORTIVES,1,283,41,242,15,18
2025/2026,2025,PROGRAMA DE FORMACIÓ I INSERCIÓ,AUXILIAR D'ACTIVITATS FORESTALS,1,60,4,56,4,5
2025/2026,2025,PROGRAMA DE FORMACIÓ I INSERCIÓ,AUXILIAR D'ARTS GRÀFIQUES I SERIGRAFIA,1,79,36,43,3,5
2025/2026,2025,PROGRAMA DE FORMACIÓ I INSERCIÓ,AUXILIAR D'IMATGE PERSONAL: ESTÈTICA,1,26,26,0,2,2
2025/2026,2025,PROGRAMA DE FORMACIÓ I INSERCIÓ,AUXILIAR D'INFORMÀTICA I PRODUCCIÓ DIGITAL,1,28,5,23,2,2
2025/2026,2025,PROGRAMA DE FORMACIÓ I INSERCIÓ,AUXILIAR D'OBRES D'INTERIOR I PINTURA,1,75,3,71,5,5
2025/2026,2025,PROGRAMA DE FORMACIÓ I INSERCIÓ,AUXILIAR D'OPERACIONS EN AEROPORTS,1,16,0,16,1,1
2025/2026,2025,PROGRAMA DE FORMACIÓ I INSERCIÓ,AUXILIAR D'OPERACIONS SOSTENIBLES A LA INDÚSTRIA I AL MEDI AGRARIS,1,6,0,6,1,1
2025/2026,2025,PROGRAMA DE FORMACIÓ I INSERCIÓ,AUXILIAR DE COMERCIALITZACIÓ DE PRODUCTES I LOGÍSTICA,1,97,22,75,7,7
2025/2026,2025,PROGRAMA DE FORMACIÓ I INSERCIÓ,AUXILIAR DE COMERÇ I ATENCIÓ AL PÚBLIC,1,1040,500,537,68,73
2025/2026,2025,PROGRAMA DE FORMACIÓ I INSERCIÓ,AUXILIAR DE CONFECCIÓ EN TÈXTIL I PELL,1,28,18,10,2,2
2025/2026,2025,PROGRAMA DE FORMACIÓ I INSERCIÓ,AUXILIAR DE CONSTRUCCIÓ,1,106,0,106,7,7
2025/2026,2025,PROGRAMA DE FORMACIÓ I INSERCIÓ,AUXILIAR DE CUINA,1,90,36,54,4,6
2025/2026,2025,PROGRAMA DE FORMACIÓ I INSERCIÓ,AUXILIAR DE FABRICACIÓ MECÀNICA,1,302,7,293,18,19
2025/2026,2025,PROGRAMA DE FORMACIÓ I INSERCIÓ,"AUXILIAR DE FONTANERIA, CALEFACCIÓ I CLIMATITZACIÓ",1,153,4,149,9,10
2025/2026,2025,PROGRAMA DE FORMACIÓ I INSERCIÓ,AUXILIAR DE FUSTERIA METÀL·LICA I PVC,1,30,1,25,2,2
2025/2026,2025,PROGRAMA DE FORMACIÓ I INSERCIÓ,AUXILIAR DE MANTENIMENT D'EMBARCACIONS ESPORTIVES I D'ESBARJO,1,41,2,39,3,3
2025/2026,2025,PROGRAMA DE FORMACIÓ I INSERCIÓ,AUXILIAR DE MANTENIMENT I REPARACIÓ DE CARROSSERIA DE VEHICLES,1,48,1,47,3,3
2025/2026,2025,PROGRAMA DE FORMACIÓ I INSERCIÓ,AUXILIAR DE MANTENIMENT I REPARACIÓ DE VEHICLES DE MOBILITAT PERSONAL,1,90,3,87,6,6
2025/2026,2025,PROGRAMA DE FORMACIÓ I INSERCIÓ,AUXILIAR DE MUNTATGE I MANTENIMENT D'EQUIPS INFORMÀTICS,1,430,30,400,27,28
2025/2026,2025,PROGRAMA DE FORMACIÓ I INSERCIÓ,AUXILIAR DE MUNTATGES D'INSTAL·LACIONS ELECTROTÈCNIQUES EN EDIFICIS,1,647,14,632,40,39
2025/2026,2025,PROGRAMA DE FORMACIÓ I INSERCIÓ,AUXILIAR DE PASTISSERIA I FORNERIA,1,134,78,56,8,8
2025/2026,2025,PROGRAMA DE FORMACIÓ I INSERCIÓ,AUXILIAR DE PERRUQUERIA I ESTÈTICA,1,620,528,92,30,27
2025/2026,2025,PROGRAMA DE FORMACIÓ I INSERCIÓ,AUXILIAR DE PINTURA,1,129,13,116,10,10
2025/2026,2025,PROGRAMA DE FORMACIÓ I INSERCIÓ,AUXILIAR DE PREPARACIÓ I COMERCIALITZACIÓ DE PEIX I MARISC,1,40,2,38,3,2
2025/2026,2025,PROGRAMA DE FORMACIÓ I INSERCIÓ,AUXILIAR DE REPARACIÓ I MANTENIMENT DE VEHICLES LLEUGERS,1,309,10,299,12,20
2025/2026,2025,PROGRAMA DE FORMACIÓ I INSERCIÓ,AUXILIAR DE SERRALLERIA I CONSTRUCCIONS METÀL·LIQUES,1,77,0,75,5,5
2025/2026,2025,PROGRAMA DE FORMACIÓ I INSERCIÓ,AUXILIAR DE SERVEIS DE RESTAURACIÓ I CUINA,1,620,233,385,35,38
2025/2026,2025,PROGRAMA DE FORMACIÓ I INSERCIÓ,AUXILIAR DE SUPORT A LES PERSONES EN ACTIVITATS SOCIOESPORTIVES,1,57,14,43,4,4
2025/2026,2025,PROGRAMA DE FORMACIÓ I INSERCIÓ,AUXILIAR DE VIVERS I JARDINS,1,435,63,371,31,31
2025/2026,2025,PROGRAMA DE FORMACIÓ I INSERCIÓ,AUXILIAR EN CENTRES SANITARIS,1,444,319,124,29,24
2025/2026,2025,PROGRAMA DE FORMACIÓ I INSERCIÓ,AUXILIAR EN ESTABLIMENTS DEL SECTOR CARNI,1,27,4,23,2,1
2025/2026,2025,PROGRAMA DE FORMACIÓ I INSERCIÓ,AUXILIAR EN ESTABLIMENTS HOTELERS I DE RESTAURACIÓ,1,17,1,16,0,1
2025/2026,2025,PROGRAMA DE FORMACIÓ I INSERCIÓ,AUXILIAR EN TREBALLS DE FUSTERIA I INSTAL·LACIÓ DE MOBLES,1,126,5,121,9,9
